2025-05-28T02:29:29.435369,38.3670056667,-110.7146586667,0,0
2025-05-28T02:29:29.935337,38.3670056667,-110.7146586667,38.3670353817,-110.7146586333
2025-05-28T02:29:30.435189,38.3670055,-110.7146585,38.36703539,-110.7146586033
2025-05-28T02:29:30.935195,38.3670055,-110.7146585,38.3670354033,-110.7146585917
2025-05-28T02:29:31.435542,38.3670053333,-110.7146585,38.3670354033,-110.7146585917
2025-05-28T02:29:31.935223,38.3670053333,-110.7146585,38.3670354117,-110.714658555
2025-05-28T02:29:32.435464,38.3670053333,-110.7146585,38.3670354217,-110.7146585433
2025-05-28T02:29:32.935301,38.3670053333,-110.7146585,38.3670354383,-110.7146585267
2025-05-28T02:29:33.435201,38.3670051667,-110.7146581667,38.3670354533,-110.7146585133
2025-05-28T02:29:33.935362,38.3670051667,-110.7146581667,38.3670354633,-110.7146585
2025-05-28T02:29:34.435197,38.367005,-110.714658,38.3670354633,-110.7146585
2025-05-28T02:29:34.935222,38.367005,-110.714658,38.3670354733,-110.7146584717
2025-05-28T02:29:35.435215,38.3670048333,-110.7146578333,38.367035475,-110.714658455
2025-05-28T02:29:35.935422,38.3670048333,-110.7146578333,38.3670354867,-110.714658435
2025-05-28T02:29:36.435427,38.3670048333,-110.7146576667,38.3670354983,-110.71465842
2025-05-28T02:29:36.935340,38.3670048333,-110.7146576667,38.3670355117,-110.7146583917
2025-05-28T02:29:37.435340,38.3670046667,-110.7146576667,38.3670355117,-110.7146583917
2025-05-28T02:29:37.935315,38.3670046667,-110.7146576667,38.367035515,-110.71465835
2025-05-28T02:29:38.435416,38.3670045,-110.7146575,38.3670355183,-110.714658325
2025-05-28T02:29:38.935401,38.3670045,-110.7146575,38.367035515,-110.7146582733
2025-05-28T02:29:39.435225,38.3670045,-110.7146573333,38.3670355183,-110.714658245
2025-05-28T02:29:39.935474,38.3670045,-110.7146573333,38.3670355333,-110.7146582183
2025-05-28T02:29:40.435282,38.3670043333,-110.7146571667,38.3670355333,-110.7146582183
2025-05-28T02:29:40.935523,38.3670043333,-110.7146571667,38.3670355517,-110.7146581833
2025-05-28T02:29:41.435183,38.3670043333,-110.714657,38.36703557,-110.71465816
2025-05-28T02:29:41.935304,38.3670043333,-110.714657,38.367035605,-110.7146581283
2025-05-28T02:29:42.435457,38.3670041667,-110.714657,38.3670356417,-110.7146581117
2025-05-28T02:29:42.935341,38.3670041667,-110.714657,38.3670356783,-110.7146580883
2025-05-28T02:29:43.435475,38.3670041667,-110.7146568333,38.3670356783,-110.7146580883
2025-05-28T02:29:43.935532,38.3670041667,-110.7146568333,38.367035745,-110.71465807
2025-05-28T02:29:44.435346,38.367004,-110.7146566667,38.3670357717,-110.7146580517
2025-05-28T02:29:44.935248,38.367004,-110.7146566667,38.3670357983,-110.7146579983
2025-05-28T02:29:45.435324,38.367004,-110.7146566667,38.3670358267,-110.7146579617
2025-05-28T02:29:45.935312,38.367004,-110.7146566667,38.36703585,-110.7146579183
2025-05-28T02:29:46.435658,38.3670038333,-110.7146565,38.36703585,-110.7146579183
2025-05-28T02:29:46.935477,38.3670038333,-110.7146565,38.3670358783,-110.7146578633
2025-05-28T02:29:47.435647,38.3670038333,-110.7146563333,38.367035885,-110.7146578233
2025-05-28T02:29:47.935378,38.3670038333,-110.7146563333,38.3670358917,-110.71465777
2025-05-28T02:29:48.435530,38.3670036667,-110.7146563333,38.3670359,-110.7146577567
2025-05-28T02:29:48.935287,38.3670036667,-110.7146563333,38.3670359167,-110.7146577467
2025-05-28T02:29:49.435585,38.3670036667,-110.7146561667,38.3670359167,-110.7146577467
2025-05-28T02:29:49.935388,38.3670036667,-110.7146561667,38.3670359317,-110.7146577167
2025-05-28T02:29:50.435248,38.3670035,-110.7146561667,38.367035935,-110.7146576983
2025-05-28T02:29:50.935328,38.3670035,-110.7146561667,38.3670359517,-110.71465769
2025-05-28T02:29:51.435425,38.3670035,-110.714656,38.3670359683,-110.7146576933
2025-05-28T02:29:51.935401,38.3670035,-110.714656,38.367035985,-110.7146576933
2025-05-28T02:29:52.435464,38.3670033333,-110.7146558333,38.367035985,-110.7146576933
2025-05-28T02:29:52.935163,38.3670033333,-110.7146558333,38.36703601,-110.7146576783
2025-05-28T02:29:53.435606,38.3670033333,-110.7146556667,38.367036035,-110.7146576783
2025-05-28T02:29:53.935679,38.3670033333,-110.7146556667,38.36703606,-110.7146576667
2025-05-28T02:29:54.435650,38.3670031667,-110.7146555,38.3670360683,-110.71465767
2025-05-28T02:29:54.935362,38.3670031667,-110.7146555,38.3670360733,-110.7146576683
2025-05-28T02:29:55.435723,38.3670031667,-110.7146555,38.3670360733,-110.7146576683
2025-05-28T02:29:55.935740,38.3670031667,-110.7146555,38.3670360767,-110.7146576567
2025-05-28T02:29:56.435520,38.367003,-110.7146553333,38.3670360917,-110.7146576667
2025-05-28T02:29:56.935408,38.367003,-110.7146553333,38.3670361067,-110.7146576633
2025-05-28T02:29:57.435494,38.367003,-110.7146551667,38.3670361083,-110.7146576467
2025-05-28T02:29:57.935251,38.367003,-110.7146551667,38.3670361183,-110.714657635
2025-05-28T02:29:58.435759,38.3670028333,-110.714655,38.3670361183,-110.714657635
2025-05-28T02:29:58.935269,38.3670028333,-110.714655,38.3670361383,-110.71465763
2025-05-28T02:29:59.435263,38.3670028333,-110.714655,38.367036155,-110.7146576283
2025-05-28T02:29:59.935203,38.3670028333,-110.714655,38.36703618,-110.71465763
2025-05-28T02:30:00.435212,38.3670028333,-110.7146548333,38.3670361983,-110.7146576433
2025-05-28T02:30:00.935190,38.3670028333,-110.7146548333,38.3670362083,-110.71465765
2025-05-28T02:30:01.435605,38.3670026667,-110.7146546667,38.3670362083,-110.71465765
2025-05-28T02:30:01.935322,38.3670026667,-110.7146546667,38.367036235,-110.7146576883
2025-05-28T02:30:02.435218,38.3670026667,-110.7146545,38.36703626,-110.7146577283
2025-05-28T02:30:02.935176,38.3670026667,-110.7146545,38.36703629,-110.7146577617
2025-05-28T02:30:03.435334,38.3670025,-110.7146545,38.3670363083,-110.714657775
2025-05-28T02:30:03.935254,38.3670025,-110.7146545,38.3670363233,-110.7146577617
2025-05-28T02:30:04.435194,38.3670025,-110.7146543333,38.3670363233,-110.7146577617
2025-05-28T02:30:04.935205,38.3670025,-110.7146543333,38.3670363533,-110.7146577633
2025-05-28T02:30:05.435205,38.3670023333,-110.7146541667,38.3670363783,-110.7146577617
2025-05-28T02:30:05.935353,38.3670023333,-110.7146541667,38.3670364167,-110.714657725
2025-05-28T02:30:06.435179,38.3670023333,-110.7146541667,38.3670364417,-110.714657705
2025-05-28T02:30:06.935219,38.3670023333,-110.7146541667,38.36703647,-110.714657685
2025-05-28T02:30:07.435226,38.3670021667,-110.714654,38.36703647,-110.714657685
2025-05-28T02:30:07.935164,38.3670021667,-110.714654,38.367036505,-110.714657685
2025-05-28T02:30:08.435226,38.3670021667,-110.714654,38.36703653,-110.7146576967
2025-05-28T02:30:08.935357,38.3670021667,-110.714654,38.3670365667,-110.7146576983
2025-05-28T02:30:09.435209,38.367002,-110.714654,38.3670365967,-110.71465771
2025-05-28T02:30:09.935385,38.367002,-110.714654,38.3670366217,-110.7146576817
2025-05-28T02:30:10.435261,38.367002,-110.714654,38.3670366217,-110.7146576817
2025-05-28T02:30:10.935168,38.367002,-110.714654,38.36703667,-110.7146577
2025-05-28T02:30:11.435200,38.3670018333,-110.7146538333,38.367036705,-110.714657715
2025-05-28T02:30:11.935196,38.3670018333,-110.7146538333,38.3670367367,-110.7146576983
2025-05-28T02:30:12.435177,38.3670018333,-110.7146538333,38.3670367567,-110.7146576933
2025-05-28T02:30:12.935267,38.3670018333,-110.7146538333,38.36703678,-110.7146576833
2025-05-28T02:30:13.435750,38.3670016667,-110.7146538333,38.36703678,-110.7146576833
2025-05-28T02:30:13.935217,38.3670016667,-110.7146538333,38.3670367983,-110.7146576533
2025-05-28T02:30:14.435175,38.3670016667,-110.7146538333,38.3670368133,-110.71465764
2025-05-28T02:30:14.935201,38.3670016667,-110.7146538333,38.36703684,-110.7146576333
2025-05-28T02:30:15.435294,38.3670016667,-110.7146538333,38.3670368533,-110.7146576417
2025-05-28T02:30:15.935179,38.3670016667,-110.7146538333,38.3670368767,-110.71465767
2025-05-28T02:30:16.435261,38.3670015,-110.7146538333,38.3670368767,-110.71465767
2025-05-28T02:30:16.935215,38.3670015,-110.7146538333,38.3670369117,-110.7146577217
2025-05-28T02:30:17.435176,38.3670015,-110.7146538333,38.3670369433,-110.7146577717
2025-05-28T02:30:17.935175,38.3670015,-110.7146538333,38.3670369933,-110.7146578333
2025-05-28T02:30:18.435258,38.3670015,-110.7146538333,38.367037015,-110.7146578683
2025-05-28T02:30:18.935260,38.3670015,-110.7146538333,38.367037035,-110.7146579017
2025-05-28T02:30:19.435233,38.3670015,-110.7146538333,38.367037035,-110.7146579017
2025-05-28T02:30:19.935422,38.3670015,-110.7146538333,38.3670370733,-110.7146579467
2025-05-28T02:30:20.435350,38.3670013333,-110.7146538333,38.36703711,-110.714657985
2025-05-28T02:30:20.935193,38.3670013333,-110.7146538333,38.3670371683,-110.7146580467
2025-05-28T02:30:21.435186,38.3670013333,-110.7146538333,38.3670372033,-110.714658085
2025-05-28T02:30:21.935180,38.3670013333,-110.7146538333,38.36703724,-110.7146581167
2025-05-28T02:30:22.435187,38.3670013333,-110.7146538333,38.36703724,-110.7146581167
2025-05-28T02:30:22.935275,38.3670013333,-110.7146538333,38.3670372967,-110.7146581683
2025-05-28T02:30:23.435468,38.3670013333,-110.7146538333,38.367037335,-110.7146582017
2025-05-28T02:30:23.935543,38.3670013333,-110.7146538333,38.367037385,-110.71465825
2025-05-28T02:30:24.435420,38.3670013333,-110.7146538333,38.3670374217,-110.7146582833
2025-05-28T02:30:24.935448,38.3670013333,-110.7146538333,38.3670374667,-110.71465833
2025-05-28T02:30:25.435273,38.3670013333,-110.7146538333,38.3670374667,-110.71465833
2025-05-28T02:30:25.935343,38.3670013333,-110.7146538333,38.3670375267,-110.7146583967
2025-05-28T02:30:26.435653,38.3670013333,-110.7146538333,38.3670375617,-110.714658425
2025-05-28T02:30:26.935401,38.3670013333,-110.7146538333,38.3670376083,-110.7146584517
2025-05-28T02:30:27.435409,38.3670013333,-110.7146538333,38.3670376333,-110.714658465
2025-05-28T02:30:27.935280,38.3670013333,-110.7146538333,38.367037655,-110.7146584833
2025-05-28T02:30:28.435339,38.3670013333,-110.7146538333,38.367037655,-110.7146584833
2025-05-28T02:30:28.935540,38.3670013333,-110.7146538333,38.3670376867,-110.7146584933
2025-05-28T02:30:29.435419,38.3670013333,-110.7146538333,38.367037705,-110.7146584933
2025-05-28T02:30:29.935261,38.3670013333,-110.7146538333,38.3670377267,-110.71465848
2025-05-28T02:30:30.435305,38.3670013333,-110.7146538333,38.3670377433,-110.7146584767
2025-05-28T02:30:30.935312,38.3670013333,-110.7146538333,38.3670377533,-110.7146584817
2025-05-28T02:30:31.435461,38.3670013333,-110.7146538333,38.3670377533,-110.7146584817
2025-05-28T02:30:31.935583,38.3670013333,-110.7146538333,38.3670377733,-110.7146584833
2025-05-28T02:30:32.435323,38.3670015,-110.7146538333,38.36703779,-110.7146584783
2025-05-28T02:30:32.935766,38.3670015,-110.7146538333,38.3670378333,-110.7146584967
2025-05-28T02:30:33.435251,38.3670015,-110.7146536667,38.3670378583,-110.7146585067
2025-05-28T02:30:33.935351,38.3670015,-110.7146536667,38.3670378867,-110.714658515
2025-05-28T02:30:34.435417,38.3670016667,-110.7146536667,38.3670378867,-110.714658515
2025-05-28T02:30:34.935368,38.3670016667,-110.7146536667,38.3670379233,-110.714658525
2025-05-28T02:30:35.435321,38.3670016667,-110.7146538333,38.3670379533,-110.714658535
2025-05-28T02:30:35.935299,38.3670016667,-110.7146538333,38.367038005,-110.7146585317
2025-05-28T02:30:36.435269,38.3670016667,-110.7146538333,38.36703805,-110.71465854
2025-05-28T02:30:36.935352,38.3670016667,-110.7146538333,38.3670380867,-110.7146585533
2025-05-28T02:30:37.435336,38.3670016667,-110.7146538333,38.3670380867,-110.7146585533
2025-05-28T02:30:37.935417,38.3670016667,-110.7146538333,38.36703814,-110.7146585733
2025-05-28T02:30:38.435265,38.3670016667,-110.7146536667,38.36703818,-110.7146585933
2025-05-28T02:30:38.935386,38.3670016667,-110.7146536667,38.3670382317,-110.7146586267
2025-05-28T02:30:39.435506,38.3670016667,-110.7146536667,38.36703826,-110.7146586433
2025-05-28T02:30:39.935282,38.3670016667,-110.7146536667,38.3670382883,-110.714658655
2025-05-28T02:30:40.435240,38.3670018333,-110.7146536667,38.3670382883,-110.714658655
2025-05-28T02:30:40.935373,38.3670018333,-110.7146536667,38.3670383317,-110.7146586833
2025-05-28T02:30:41.435494,38.3670018333,-110.7146536667,38.367038355,-110.714658695
2025-05-28T02:30:41.935202,38.3670018333,-110.7146536667,38.3670383833,-110.714658675
2025-05-28T02:30:42.435305,38.3670018333,-110.7146536667,38.36703841,-110.714658715
2025-05-28T02:30:42.935218,38.3670018333,-110.7146536667,38.3670384283,-110.7146587333
2025-05-28T02:30:43.435251,38.3670018333,-110.7146536667,38.3670384283,-110.7146587333
2025-05-28T02:30:43.935337,38.3670018333,-110.7146536667,38.367038455,-110.7146587617
2025-05-28T02:30:44.435262,38.3670018333,-110.7146536667,38.3670384683,-110.7146587517
2025-05-28T02:30:44.935386,38.3670018333,-110.7146536667,38.3670385,-110.7146587367
2025-05-28T02:30:45.435454,38.3670018333,-110.7146536667,38.3670385233,-110.7146587583
2025-05-28T02:30:45.935432,38.3670018333,-110.7146536667,38.3670385433,-110.71465879
2025-05-28T02:30:46.435397,38.3670018333,-110.7146536667,38.3670385433,-110.71465879
2025-05-28T02:30:46.935316,38.3670018333,-110.7146536667,38.367038565,-110.7146587967
2025-05-28T02:30:47.435251,38.3670018333,-110.7146535,38.3670385833,-110.7146588417
2025-05-28T02:30:47.935367,38.3670018333,-110.7146535,38.36703861,-110.7146588967
2025-05-28T02:30:48.435373,38.3670018333,-110.7146535,38.3670386333,-110.7146589383
2025-05-28T02:30:48.935191,38.3670018333,-110.7146535,38.3670386533,-110.7146589867
2025-05-28T02:30:49.435382,38.3670018333,-110.7146536667,38.3670386533,-110.7146589867
2025-05-28T02:30:49.935216,38.3670018333,-110.7146536667,38.3670386833,-110.71465904
2025-05-28T02:30:50.435188,38.367002,-110.7146536667,38.3670387117,-110.714659085
2025-05-28T02:30:50.935225,38.367002,-110.7146536667,38.3670387417,-110.714659125
2025-05-28T02:30:51.435344,38.367002,-110.7146535,38.3670387583,-110.7146591467
2025-05-28T02:30:51.935309,38.367002,-110.7146535,38.3670387733,-110.7146591533
2025-05-28T02:30:52.435367,38.367002,-110.7146536667,38.3670387733,-110.7146591533
2025-05-28T02:30:52.935429,38.367002,-110.7146536667,38.3670387917,-110.714659145
2025-05-28T02:30:53.435441,38.367002,-110.7146536667,38.3670387967,-110.7146591283
2025-05-28T02:30:53.935416,38.367002,-110.7146536667,38.3670388083,-110.7146590967
2025-05-28T02:30:54.435224,38.367002,-110.7146536667,38.3670388167,-110.7146590783
2025-05-28T02:30:54.935280,38.367002,-110.7146536667,38.3670388183,-110.7146590583
2025-05-28T02:30:55.435317,38.367002,-110.7146536667,38.3670388183,-110.7146590583
2025-05-28T02:30:55.935412,38.367002,-110.7146536667,38.36703881,-110.7146590167
2025-05-28T02:30:56.435337,38.367002,-110.7146538333,38.3670388017,-110.714658975
2025-05-28T02:30:56.935183,38.367002,-110.7146538333,38.367038795,-110.7146589217
2025-05-28T02:30:57.435402,38.367002,-110.714654,38.3670387933,-110.714658895
2025-05-28T02:30:57.935380,38.367002,-110.714654,38.367038795,-110.7146588883
2025-05-28T02:30:58.435262,38.367002,-110.714654,38.367038795,-110.7146588883
2025-05-28T02:30:58.935269,38.367002,-110.714654,38.367038805,-110.714658895
2025-05-28T02:30:59.435234,38.367002,-110.714654,38.3670388183,-110.714658905
2025-05-28T02:30:59.935226,38.367002,-110.714654,38.367038835,-110.7146589133
2025-05-28T02:31:00.435191,38.367002,-110.7146541667,38.3670388483,-110.7146589133
2025-05-28T02:31:00.935225,38.367002,-110.7146541667,38.3670388667,-110.71465892
2025-05-28T02:31:01.435282,38.367002,-110.7146543333,38.3670388667,-110.71465892
2025-05-28T02:31:01.935172,38.367002,-110.7146543333,38.367038885,-110.7146589267
2025-05-28T02:31:02.435222,38.367002,-110.7146543333,38.367038895,-110.7146589333
2025-05-28T02:31:02.935264,38.367002,-110.7146543333,38.367038905,-110.7146589483
2025-05-28T02:31:03.435267,38.3670021667,-110.7146545,38.36703891,-110.7146589533
2025-05-28T02:31:03.935196,38.3670021667,-110.7146545,38.3670389133,-110.714658945
2025-05-28T02:31:04.435502,38.3670021667,-110.7146545,38.3670389133,-110.714658945
2025-05-28T02:31:04.935139,38.3670021667,-110.7146545,38.367038915,-110.714658915
2025-05-28T02:31:05.435190,38.3670021667,-110.7146545,38.3670389133,-110.71465889
2025-05-28T02:31:05.935387,38.3670021667,-110.7146545,38.3670389133,-110.7146588567
2025-05-28T02:31:06.435269,38.3670021667,-110.7146545,38.367038915,-110.714658835
2025-05-28T02:31:06.935450,38.3670021667,-110.7146545,38.3670389133,-110.7146588083
2025-05-28T02:31:07.435518,38.3670021667,-110.7146545,38.3670389133,-110.7146588083
2025-05-28T02:31:07.935349,38.3670021667,-110.7146545,38.36703891,-110.7146587733
2025-05-28T02:31:08.435314,38.367002,-110.7146546667,38.3670389083,-110.71465875
2025-05-28T02:31:08.935455,38.367002,-110.7146546667,38.3670389033,-110.7146587267
2025-05-28T02:31:09.435392,38.367002,-110.7146546667,38.3670388917,-110.714658715
2025-05-28T02:31:09.935330,38.367002,-110.7146546667,38.3670388833,-110.71465871
2025-05-28T02:31:10.435314,38.367002,-110.7146548333,38.3670388833,-110.71465871
2025-05-28T02:31:10.935366,38.367002,-110.7146548333,38.3670388567,-110.7146587283
2025-05-28T02:31:11.435749,38.367002,-110.7146548333,38.3670388367,-110.7146587483
2025-05-28T02:31:11.935408,38.367002,-110.7146548333,38.367038805,-110.7146587733
2025-05-28T02:31:12.435296,38.367002,-110.7146548333,38.3670387833,-110.714658785
2025-05-28T02:31:12.935350,38.367002,-110.7146548333,38.3670387633,-110.71465879
2025-05-28T02:31:13.435361,38.367002,-110.714655,38.3670387633,-110.71465879
2025-05-28T02:31:13.935413,38.367002,-110.714655,38.367038735,-110.7146587967
2025-05-28T02:31:14.435440,38.367002,-110.714655,38.3670387233,-110.7146588
2025-05-28T02:31:14.935307,38.367002,-110.714655,38.367038705,-110.714658805
2025-05-28T02:31:15.435483,38.367002,-110.714655,38.3670386933,-110.7146588033
2025-05-28T02:31:15.935348,38.367002,-110.714655,38.3670386783,-110.7146587967
2025-05-28T02:31:16.435403,38.367002,-110.7146551667,38.3670386783,-110.7146587967
2025-05-28T02:31:16.935309,38.367002,-110.7146551667,38.3670386667,-110.7146587867
2025-05-28T02:31:17.435620,38.3670021667,-110.7146551667,38.3670386583,-110.7146587833
2025-05-28T02:31:17.935725,38.3670021667,-110.7146551667,38.3670386417,-110.71465878
2025-05-28T02:31:18.435335,38.3670021667,-110.7146551667,38.3670386317,-110.71465878
2025-05-28T02:31:18.936547,38.3670021667,-110.7146551667,38.3670386217,-110.714658775
2025-05-28T02:31:19.442764,38.3670021667,-110.7146553333,38.3670386217,-110.714658775
2025-05-28T02:31:19.935434,38.3670021667,-110.7146553333,38.3670386117,-110.7146587683
2025-05-28T02:31:20.435413,38.3670021667,-110.7146553333,38.3670386083,-110.714658765
2025-05-28T02:31:20.935415,38.3670021667,-110.7146553333,38.3670385983,-110.7146587583
2025-05-28T02:31:21.435485,38.3670021667,-110.7146555,38.3670385883,-110.7146587517
2025-05-28T02:31:21.935598,38.3670021667,-110.7146555,38.3670385817,-110.7146587417
2025-05-28T02:31:22.435417,38.3670021667,-110.7146555,38.3670385817,-110.7146587417
2025-05-28T02:31:22.935416,38.3670021667,-110.7146555,38.36703857,-110.7146587217
2025-05-28T02:31:23.435383,38.3670021667,-110.7146556667,38.36703856,-110.7146587067
2025-05-28T02:31:23.935381,38.3670021667,-110.7146556667,38.3670385567,-110.7146586917
2025-05-28T02:31:24.435375,38.3670021667,-110.7146556667,38.367038555,-110.7146586867
2025-05-28T02:31:24.935375,38.3670021667,-110.7146556667,38.3670385583,-110.7146586817
2025-05-28T02:31:25.436605,38.3670021667,-110.7146556667,38.3670385583,-110.7146586817
2025-05-28T02:31:25.935606,38.3670021667,-110.7146556667,38.3670385633,-110.714658675
2025-05-28T02:31:26.435380,38.3670021667,-110.7146558333,38.3670385633,-110.7146586733
2025-05-28T02:31:26.935387,38.3670021667,-110.7146558333,38.367038535,-110.714658645
2025-05-28T02:31:27.438095,38.3670021667,-110.7146558333,38.3670385267,-110.7146586367
2025-05-28T02:31:27.935469,38.3670021667,-110.7146558333,38.3670385267,-110.7146586367
2025-05-28T02:31:28.435372,38.3670021667,-110.7146558333,38.3670385267,-110.7146586367
2025-05-28T02:31:28.935365,38.3670021667,-110.7146558333,38.3670385117,-110.7146586183
2025-05-28T02:31:29.435381,38.3670021667,-110.714656,38.3670385033,-110.71465861
2025-05-28T02:31:29.935356,38.3670021667,-110.714656,38.367038505,-110.7146586033
2025-05-28T02:31:30.435387,38.3670021667,-110.714656,38.3670384967,-110.71465859
2025-05-28T02:31:30.935441,38.3670021667,-110.714656,38.367038485,-110.7146585767
2025-05-28T02:31:31.435445,38.3670021667,-110.714656,38.367038485,-110.7146585767
2025-05-28T02:31:31.936066,38.3670021667,-110.714656,38.367038475,-110.71465855
2025-05-28T02:31:32.435472,38.3670021667,-110.7146561667,38.367038475,-110.714658545
2025-05-28T02:31:32.935526,38.3670021667,-110.7146561667,38.367038475,-110.714658545
2025-05-28T02:31:33.435620,38.3670021667,-110.7146561667,38.367038475,-110.714658545
2025-05-28T02:31:33.935458,38.3670021667,-110.7146561667,38.3670384617,-110.714658535
2025-05-28T02:31:34.435427,38.3670021667,-110.7146561667,38.3670384617,-110.714658535
2025-05-28T02:31:34.936031,38.3670021667,-110.7146561667,38.3670384617,-110.71465854
2025-05-28T02:31:35.435468,38.367002,-110.7146561667,38.3670384583,-110.7146585483
2025-05-28T02:31:35.935454,38.367002,-110.7146561667,38.3670384633,-110.7146585467
2025-05-28T02:31:36.438886,38.367002,-110.7146561667,38.3670384583,-110.71465854
2025-05-28T02:31:36.935355,38.367002,-110.7146561667,38.3670384517,-110.7146585267
2025-05-28T02:31:37.435523,38.367002,-110.7146563333,38.3670384517,-110.7146585267
2025-05-28T02:31:37.935567,38.367002,-110.7146563333,38.367038455,-110.7146585233
2025-05-28T02:31:38.435414,38.367002,-110.7146563333,38.3670384617,-110.7146585283
2025-05-28T02:31:38.936651,38.367002,-110.7146563333,38.3670384733,-110.7146585383
2025-05-28T02:31:39.435366,38.367002,-110.7146563333,38.3670384683,-110.7146585267
2025-05-28T02:31:39.939005,38.367002,-110.7146563333,38.3670384583,-110.7146585133
2025-05-28T02:31:40.437624,38.367002,-110.7146563333,38.3670384583,-110.7146585133
2025-05-28T02:31:40.935415,38.367002,-110.7146563333,38.3670384633,-110.7146585083
2025-05-28T02:31:41.435681,38.3670018333,-110.7146565,38.3670384633,-110.7146585067
2025-05-28T02:31:41.935368,38.3670018333,-110.7146565,38.3670384533,-110.7146584967
2025-05-28T02:31:42.435487,38.3670018333,-110.7146565,38.3670384533,-110.7146584967
2025-05-28T02:31:42.935771,38.3670018333,-110.7146565,38.3670384533,-110.7146585
2025-05-28T02:31:43.435466,38.3670016667,-110.7146565,38.3670384533,-110.7146585
2025-05-28T02:31:43.935425,38.3670016667,-110.7146565,38.3670384517,-110.7146585133
2025-05-28T02:31:44.435446,38.3670016667,-110.7146566667,38.3670384533,-110.7146585183
2025-05-28T02:31:44.935388,38.3670016667,-110.7146566667,38.367038455,-110.7146585233
2025-05-28T02:31:45.435458,38.3670016667,-110.7146566667,38.36703846,-110.7146585217
2025-05-28T02:31:45.935436,38.3670016667,-110.7146566667,38.36703846,-110.7146585183
2025-05-28T02:31:46.435642,38.3670015,-110.7146566667,38.36703846,-110.7146585183
2025-05-28T02:31:46.935765,38.3670015,-110.7146566667,38.3670384617,-110.71465851
2025-05-28T02:31:47.435430,38.3670015,-110.7146568333,38.3670384633,-110.7146585067
2025-05-28T02:31:47.935446,38.3670015,-110.7146568333,38.3670384583,-110.7146585017
2025-05-28T02:31:48.435521,38.3670013333,-110.7146568333,38.3670384533,-110.7146585033
2025-05-28T02:31:48.935425,38.3670013333,-110.7146568333,38.36703845,-110.71465851
2025-05-28T02:31:49.437568,38.3670013333,-110.7146568333,38.36703845,-110.71465851
2025-05-28T02:31:49.935458,38.3670013333,-110.7146568333,38.3670384367,-110.714658515
2025-05-28T02:31:50.435447,38.3670011667,-110.714657,38.3670384283,-110.71465852
2025-05-28T02:31:50.936724,38.3670011667,-110.714657,38.367038415,-110.7146585383
2025-05-28T02:31:51.435428,38.367001,-110.714657,38.3670384033,-110.7146585417
2025-05-28T02:31:51.935395,38.367001,-110.714657,38.3670383933,-110.714658545
2025-05-28T02:31:52.437490,38.367001,-110.714657,38.3670383933,-110.714658545
2025-05-28T02:31:52.935355,38.367001,-110.714657,38.3670383767,-110.7146585533
2025-05-28T02:31:53.435352,38.3670008333,-110.7146571667,38.36703837,-110.7146585617
2025-05-28T02:31:53.935344,38.3670008333,-110.7146571667,38.3670383667,-110.7146585683
2025-05-28T02:31:54.435529,38.3670008333,-110.7146571667,38.36703836,-110.7146585717
2025-05-28T02:31:54.935378,38.3670008333,-110.7146571667,38.367038355,-110.7146585717
2025-05-28T02:31:55.435433,38.3670006667,-110.7146571667,38.367038355,-110.7146585717
2025-05-28T02:31:55.935455,38.3670006667,-110.7146571667,38.3670383533,-110.7146585783
2025-05-28T02:31:56.435456,38.3670005,-110.7146571667,38.3670383533,-110.71465858
2025-05-28T02:31:56.936083,38.3670005,-110.7146571667,38.3670383533,-110.7146585817
2025-05-28T02:31:57.435404,38.3670005,-110.7146571667,38.367038355,-110.7146585883
2025-05-28T02:31:57.935349,38.3670005,-110.7146571667,38.3670383533,-110.714658585
2025-05-28T02:31:58.435693,38.3670005,-110.7146571667,38.3670383533,-110.714658585
2025-05-28T02:31:58.935356,38.3670003333,-110.7146571667,38.3670383517,-110.7146585817
2025-05-28T02:31:59.435334,38.3670003333,-110.7146571667,38.3670383467,-110.71465858
2025-05-28T02:31:59.935322,38.3670003333,-110.7146571667,38.3670383333,-110.7146585817
2025-05-28T02:32:00.435351,38.3670001667,-110.7146571667,38.3670383267,-110.7146585883
2025-05-28T02:32:00.935350,38.3670001667,-110.7146571667,38.367038325,-110.714658595
2025-05-28T02:32:01.435331,38.3670001667,-110.7146571667,38.367038325,-110.714658595
2025-05-28T02:32:01.935380,38.3670001667,-110.7146571667,38.3670383267,-110.7146585983
2025-05-28T02:32:02.435368,38.367,-110.7146571667,38.3670383267,-110.7146585967
2025-05-28T02:32:02.935429,38.367,-110.7146571667,38.3670383217,-110.7146585883
2025-05-28T02:32:03.435416,38.367,-110.7146571667,38.3670383183,-110.7146585833
2025-05-28T02:32:03.935358,38.367,-110.7146571667,38.36703832,-110.7146585867
2025-05-28T02:32:04.436618,38.3669998333,-110.7146571667,38.36703832,-110.7146585867
2025-05-28T02:32:04.936654,38.3669998333,-110.7146571667,38.3670383183,-110.7146585883
2025-05-28T02:32:05.435611,38.3669998333,-110.7146571667,38.3670383183,-110.7146585933
2025-05-28T02:32:05.935440,38.3669998333,-110.7146571667,38.3670383183,-110.7146585883
2025-05-28T02:32:06.435340,38.3669998333,-110.7146571667,38.3670383167,-110.71465859
2025-05-28T02:32:06.935345,38.3669998333,-110.7146571667,38.3670383167,-110.71465859
2025-05-28T02:32:07.435353,38.3669996667,-110.7146571667,38.3670383167,-110.71465859
2025-05-28T02:32:07.935297,38.3669996667,-110.7146571667,38.3670383083,-110.7146585883
2025-05-28T02:32:08.435666,38.3669996667,-110.7146571667,38.3670383083,-110.7146585917
2025-05-28T02:32:08.935339,38.3669996667,-110.7146571667,38.3670383067,-110.714658595
2025-05-28T02:32:09.435341,38.3669996667,-110.714657,38.36703831,-110.7146586
2025-05-28T02:32:09.935335,38.3669996667,-110.714657,38.3670383083,-110.7146586033
2025-05-28T02:32:10.436622,38.3669995,-110.714657,38.3670383083,-110.7146586033
2025-05-28T02:32:10.935621,38.3669995,-110.714657,38.367038295,-110.7146586033
2025-05-28T02:32:11.435325,38.3669995,-110.714657,38.3670382883,-110.71465861
2025-05-28T02:32:11.935372,38.3669995,-110.714657,38.367038285,-110.714658615
2025-05-28T02:32:12.435439,38.3669993333,-110.7146568333,38.36703828,-110.7146586217
2025-05-28T02:32:12.935345,38.3669993333,-110.7146568333,38.3670382767,-110.7146586217
2025-05-28T02:32:13.435379,38.3669993333,-110.7146568333,38.3670382767,-110.7146586217
2025-05-28T02:32:13.935298,38.3669993333,-110.7146568333,38.367038265,-110.7146586233
2025-05-28T02:32:14.435373,38.3669993333,-110.7146568333,38.36703826,-110.7146586233
2025-05-28T02:32:14.935358,38.3669993333,-110.7146568333,38.3670382433,-110.7146586133
2025-05-28T02:32:15.435594,38.3669991667,-110.7146566667,38.3670382333,-110.7146586067
2025-05-28T02:32:15.935503,38.3669991667,-110.7146566667,38.3670382267,-110.7146585967
2025-05-28T02:32:16.435379,38.3669991667,-110.7146566667,38.3670382267,-110.7146585967
2025-05-28T02:32:16.935375,38.3669991667,-110.7146566667,38.3670382117,-110.714658575
2025-05-28T02:32:17.435398,38.366999,-110.7146566667,38.367038205,-110.714658565
2025-05-28T02:32:17.935331,38.366999,-110.7146566667,38.3670381883,-110.714658555
2025-05-28T02:32:18.435400,38.366999,-110.7146566667,38.36703818,-110.7146585417
2025-05-28T02:32:18.935466,38.366999,-110.7146566667,38.3670381767,-110.7146585333
2025-05-28T02:32:19.435346,38.3669988333,-110.7146565,38.3670381767,-110.7146585333
2025-05-28T02:32:19.935552,38.3669988333,-110.7146565,38.3670381733,-110.714658515
2025-05-28T02:32:20.435331,38.3669988333,-110.7146565,38.3670381733,-110.7146585033
2025-05-28T02:32:20.935358,38.3669988333,-110.7146565,38.36703818,-110.714658485
2025-05-28T02:32:21.435421,38.3669988333,-110.7146565,38.3670381783,-110.7146584767
2025-05-28T02:32:21.935318,38.3669988333,-110.7146565,38.367038185,-110.714658465
2025-05-28T02:32:22.435321,38.3669986667,-110.7146565,38.367038185,-110.714658465
2025-05-28T02:32:22.935374,38.3669986667,-110.7146565,38.36703819,-110.714658435
2025-05-28T02:32:23.435323,38.3669986667,-110.7146565,38.3670381883,-110.7146584217
2025-05-28T02:32:23.935639,38.3669986667,-110.7146565,38.36703819,-110.7146583983
2025-05-28T02:32:24.435402,38.3669986667,-110.7146565,38.367038185,-110.714658375
2025-05-28T02:32:24.935367,38.3669986667,-110.7146565,38.3670381783,-110.7146583517
2025-05-28T02:32:25.435370,38.3669986667,-110.7146565,38.3670381783,-110.7146583517
2025-05-28T02:32:25.935365,38.3669986667,-110.7146565,38.367038165,-110.714658325
2025-05-28T02:32:26.435360,38.3669985,-110.7146565,38.3670381583,-110.7146583033
2025-05-28T02:32:26.935501,38.3669985,-110.7146565,38.3670381483,-110.71465829
2025-05-28T02:32:27.435399,38.3669985,-110.7146563333,38.3670381533,-110.714658275
2025-05-28T02:32:27.935427,38.3669985,-110.7146563333,38.3670381533,-110.71465826
2025-05-28T02:32:28.435305,38.3669985,-110.7146563333,38.3670381533,-110.71465826
2025-05-28T02:32:28.935368,38.3669985,-110.7146563333,38.367038145,-110.7146582267
2025-05-28T02:32:29.435442,38.3669985,-110.7146563333,38.367038145,-110.714658195
2025-05-28T02:32:29.935341,38.3669985,-110.7146563333,38.3670381333,-110.7146581417
2025-05-28T02:32:30.435335,38.3669985,-110.7146563333,38.3670381283,-110.714658105
2025-05-28T02:32:30.935542,38.3669985,-110.7146563333,38.3670381267,-110.7146580667
2025-05-28T02:32:31.435317,38.3669985,-110.7146563333,38.3670381267,-110.7146580667
2025-05-28T02:32:31.935352,38.3669985,-110.7146563333,38.3670381367,-110.7146580117
2025-05-28T02:32:32.435491,38.3669983333,-110.7146563333,38.3670381417,-110.7146579767
2025-05-28T02:32:32.935418,38.3669983333,-110.7146563333,38.36703814,-110.714657925
2025-05-28T02:32:33.435662,38.3669983333,-110.7146563333,38.3670381433,-110.7146578917
2025-05-28T02:32:33.935177,38.3669983333,-110.7146563333,38.3670381417,-110.7146578567
2025-05-28T02:32:34.435153,38.3669983333,-110.7146563333,38.3670381417,-110.7146578567
2025-05-28T02:32:34.935281,38.3669983333,-110.7146563333,38.3670381383,-110.7146578183
2025-05-28T02:32:35.435139,38.3669983333,-110.7146563333,38.367038135,-110.7146577867
2025-05-28T02:32:35.935152,38.3669983333,-110.7146563333,38.367038125,-110.7146577483
2025-05-28T02:32:36.435380,38.3669983333,-110.7146563333,38.3670381183,-110.7146577167
2025-05-28T02:32:36.935675,38.3669983333,-110.7146563333,38.3670381117,-110.7146576967
2025-05-28T02:32:37.435195,38.3669983333,-110.7146563333,38.3670381117,-110.7146576967
2025-05-28T02:32:37.935168,38.3669983333,-110.7146563333,38.3670381083,-110.7146576683
2025-05-28T02:32:38.435309,38.3669983333,-110.7146563333,38.3670381067,-110.71465765
2025-05-28T02:32:38.935177,38.3669983333,-110.7146563333,38.367038105,-110.71465762
2025-05-28T02:32:39.435213,38.3669983333,-110.7146563333,38.3670381033,-110.714657595
2025-05-28T02:32:39.935389,38.3669983333,-110.7146563333,38.3670380983,-110.7146575717
2025-05-28T02:32:40.435131,38.3669983333,-110.7146563333,38.3670380983,-110.7146575717
2025-05-28T02:32:40.935382,38.3669983333,-110.7146563333,38.36703809,-110.7146575367
2025-05-28T02:32:41.435179,38.3669981667,-110.7146563333,38.3670380867,-110.71465752
2025-05-28T02:32:41.935187,38.3669981667,-110.7146563333,38.3670380767,-110.7146574967
2025-05-28T02:32:42.435209,38.3669981667,-110.7146563333,38.3670380667,-110.7146574833
2025-05-28T02:32:42.935344,38.3669981667,-110.7146563333,38.36703806,-110.7146574683
2025-05-28T02:32:43.435181,38.3669981667,-110.7146563333,38.36703806,-110.7146574683
2025-05-28T02:32:43.935361,38.3669981667,-110.7146563333,38.367038055,-110.7146574433
2025-05-28T02:32:44.435277,38.3669981667,-110.7146563333,38.3670380467,-110.7146574317
2025-05-28T02:32:44.935189,38.3669981667,-110.7146563333,38.36703804,-110.7146574083
2025-05-28T02:32:45.435194,38.3669981667,-110.7146563333,38.3670380333,-110.7146573883
2025-05-28T02:32:45.935153,38.3669981667,-110.7146563333,38.3670380267,-110.7146573783
2025-05-28T02:32:46.435186,38.3669981667,-110.7146563333,38.3670380267,-110.7146573783
2025-05-28T02:32:46.935434,38.3669981667,-110.7146563333,38.3670380033,-110.71465736
2025-05-28T02:32:47.435253,38.3669981667,-110.7146565,38.36703799,-110.7146573433
2025-05-28T02:32:47.935191,38.3669981667,-110.7146565,38.3670379717,-110.7146573267
2025-05-28T02:32:48.435417,38.3669981667,-110.7146565,38.36703796,-110.7146573183
2025-05-28T02:32:48.935425,38.3669981667,-110.7146565,38.36703795,-110.7146573067
2025-05-28T02:32:49.435185,38.3669981667,-110.7146565,38.36703795,-110.7146573067
2025-05-28T02:32:49.935299,38.3669981667,-110.7146565,38.3670379317,-110.7146572967
2025-05-28T02:32:50.435187,38.3669981667,-110.7146565,38.367037925,-110.71465729
2025-05-28T02:32:50.935135,38.3669981667,-110.7146565,38.3670379167,-110.714657285
2025-05-28T02:32:51.435218,38.3669981667,-110.7146565,38.3670379083,-110.71465727
2025-05-28T02:32:51.935211,38.3669981667,-110.7146565,38.3670378983,-110.7146572567
2025-05-28T02:32:52.435205,38.3669981667,-110.7146566667,38.3670378983,-110.7146572567
2025-05-28T02:32:52.935287,38.3669981667,-110.7146566667,38.3670378833,-110.7146572367
2025-05-28T02:32:53.435203,38.3669981667,-110.7146566667,38.367037875,-110.7146572267
2025-05-28T02:32:53.935324,38.3669981667,-110.7146566667,38.3670378617,-110.7146572183
2025-05-28T02:32:54.435307,38.3669981667,-110.7146566667,38.36703785,-110.7146572133
2025-05-28T02:32:54.935210,38.3669981667,-110.7146566667,38.3670378367,-110.7146572067
2025-05-28T02:32:55.435326,38.366998,-110.7146566667,38.3670378367,-110.7146572067
2025-05-28T02:32:55.935203,38.366998,-110.7146566667,38.3670378167,-110.7146571967
2025-05-28T02:32:56.435293,38.366998,-110.7146568333,38.367037805,-110.7146571917
2025-05-28T02:32:56.935219,38.366998,-110.7146568333,38.367037785,-110.7146571717
2025-05-28T02:32:57.435446,38.366998,-110.7146568333,38.36703777,-110.7146571617
2025-05-28T02:32:57.935427,38.366998,-110.7146568333,38.3670377517,-110.714657155
2025-05-28T02:32:58.435297,38.366998,-110.7146568333,38.3670377517,-110.714657155
2025-05-28T02:32:58.935204,38.366998,-110.7146568333,38.367037735,-110.71465714
2025-05-28T02:32:59.435377,38.366998,-110.7146568333,38.3670377317,-110.714657135
2025-05-28T02:32:59.935212,38.366998,-110.7146568333,38.3670377283,-110.7146571233
2025-05-28T02:33:00.435348,38.366998,-110.7146568333,38.367037735,-110.71465712
2025-05-28T02:33:00.935224,38.366998,-110.7146568333,38.3670377383,-110.714657115
2025-05-28T02:33:01.435190,38.366998,-110.7146568333,38.3670377383,-110.714657115
2025-05-28T02:33:01.935323,38.366998,-110.7146568333,38.36703774,-110.7146571033
2025-05-28T02:33:02.435174,38.366998,-110.7146568333,38.3670377367,-110.7146570917
2025-05-28T02:33:02.935219,38.366998,-110.7146568333,38.3670377317,-110.71465708
2025-05-28T02:33:03.435391,38.366998,-110.7146568333,38.3670377383,-110.7146570817
2025-05-28T02:33:03.935159,38.366998,-110.7146568333,38.3670377383,-110.7146570817
2025-05-28T02:33:04.435433,38.366998,-110.7146568333,38.3670377383,-110.7146570817
2025-05-28T02:33:04.935325,38.366998,-110.7146568333,38.367037735,-110.7146570717
2025-05-28T02:33:05.435646,38.3669981667,-110.714657,38.3670377333,-110.714657065
2025-05-28T02:33:05.935374,38.3669981667,-110.714657,38.3670377367,-110.7146570583
2025-05-28T02:33:06.435362,38.3669981667,-110.714657,38.3670377367,-110.7146570517
2025-05-28T02:33:06.935401,38.3669981667,-110.714657,38.3670377367,-110.7146570433
2025-05-28T02:33:07.435221,38.3669981667,-110.714657,38.3670377367,-110.7146570433
2025-05-28T02:33:07.935403,38.3669981667,-110.714657,38.3670377367,-110.71465703
2025-05-28T02:33:08.435403,38.3669981667,-110.714657,38.36703773,-110.7146570117
2025-05-28T02:33:08.935242,38.3669981667,-110.714657,38.3670377217,-110.714656985
2025-05-28T02:33:09.435329,38.3669981667,-110.714657,38.3670377183,-110.71465697
2025-05-28T02:33:09.935339,38.3669981667,-110.714657,38.36703772,-110.7146569567
2025-05-28T02:33:10.435379,38.3669981667,-110.7146571667,38.36703772,-110.7146569567
2025-05-28T02:33:10.935544,38.3669981667,-110.7146571667,38.3670377233,-110.7146569333
2025-05-28T02:33:11.435413,38.3669981667,-110.7146571667,38.3670377267,-110.7146569183
2025-05-28T02:33:11.935199,38.3669981667,-110.7146571667,38.36703773,-110.7146568883
2025-05-28T02:33:12.435351,38.3669981667,-110.7146571667,38.3670377317,-110.7146568683
2025-05-28T02:33:12.935145,38.3669981667,-110.7146571667,38.3670377317,-110.7146568483
2025-05-28T02:33:13.435137,38.3669981667,-110.7146573333,38.3670377317,-110.7146568483
2025-05-28T02:33:13.935282,38.3669981667,-110.7146573333,38.3670377267,-110.7146568083
2025-05-28T02:33:14.435220,38.3669983333,-110.7146573333,38.3670377233,-110.7146567867
2025-05-28T02:33:14.935245,38.3669983333,-110.7146573333,38.36703772,-110.7146567367
2025-05-28T02:33:15.435449,38.3669983333,-110.7146573333,38.3670377133,-110.7146567083
2025-05-28T02:33:15.935446,38.3669983333,-110.7146573333,38.3670377083,-110.7146566867
2025-05-28T02:33:16.435150,38.3669983333,-110.7146575,38.3670377083,-110.7146566867
2025-05-28T02:33:16.935194,38.3669983333,-110.7146575,38.3670376917,-110.714656645
2025-05-28T02:33:17.435354,38.3669983333,-110.7146575,38.3670376867,-110.7146566233
2025-05-28T02:33:17.935315,38.3669983333,-110.7146575,38.3670376783,-110.7146565917
2025-05-28T02:33:18.435265,38.3669983333,-110.7146575,38.3670376817,-110.714656575
2025-05-28T02:33:18.935397,38.3669983333,-110.7146575,38.3670376717,-110.71465656
2025-05-28T02:33:19.435153,38.3669983333,-110.7146575,38.3670376717,-110.71465656
2025-05-28T02:33:19.935171,38.3669983333,-110.7146575,38.3670376733,-110.7146565317
2025-05-28T02:33:20.435292,38.3669985,-110.7146575,38.3670376567,-110.714656515
2025-05-28T02:33:20.935200,38.3669985,-110.7146575,38.3670376317,-110.71465648
2025-05-28T02:33:21.435280,38.3669985,-110.7146575,38.3670376133,-110.7146564567
2025-05-28T02:33:21.935215,38.3669985,-110.7146575,38.3670376017,-110.714656425
2025-05-28T02:33:22.435198,38.3669985,-110.7146575,38.3670376017,-110.714656425
2025-05-28T02:33:22.935296,38.3669985,-110.7146575,38.367037585,-110.7146564017
2025-05-28T02:33:23.435167,38.3669985,-110.7146575,38.36703758,-110.7146563833
2025-05-28T02:33:23.935414,38.3669985,-110.7146575,38.36703757,-110.7146563633
2025-05-28T02:33:24.435253,38.3669985,-110.7146575,38.36703757,-110.7146563417
2025-05-28T02:33:24.935252,38.3669985,-110.7146575,38.36703757,-110.714656325
2025-05-28T02:33:25.435148,38.3669986667,-110.7146575,38.36703757,-110.714656325
2025-05-28T02:33:25.935105,38.3669986667,-110.7146575,38.3670375733,-110.714656305
2025-05-28T02:33:26.435208,38.3669986667,-110.7146575,38.3670375833,-110.7146562967
2025-05-28T02:33:26.935392,38.3669986667,-110.7146575,38.3670375983,-110.71465628
2025-05-28T02:33:27.435274,38.3669988333,-110.7146576667,38.367037605,-110.7146562667
2025-05-28T02:33:27.935188,38.3669988333,-110.7146576667,38.3670376117,-110.71465625
2025-05-28T02:33:28.435208,38.3669988333,-110.7146576667,38.3670376117,-110.71465625
2025-05-28T02:33:28.935175,38.3669988333,-110.7146576667,38.3670376183,-110.71465623
2025-05-28T02:33:29.435308,38.3669988333,-110.7146576667,38.3670376233,-110.7146562133
2025-05-28T02:33:29.935398,38.3669988333,-110.7146576667,38.36703762,-110.714656175
2025-05-28T02:33:30.435193,38.3669988333,-110.7146578333,38.3670376183,-110.7146561517
2025-05-28T02:33:30.935183,38.3669988333,-110.7146578333,38.367037625,-110.7146561367
2025-05-28T02:33:31.435304,38.3669988333,-110.7146578333,38.367037625,-110.7146561367
2025-05-28T02:33:31.935262,38.3669988333,-110.7146578333,38.3670376267,-110.7146561167
2025-05-28T02:33:32.435220,38.366999,-110.7146578333,38.3670376217,-110.7146561117
2025-05-28T02:33:32.935108,38.366999,-110.7146578333,38.3670376133,-110.7146561067
2025-05-28T02:33:33.435370,38.3669991667,-110.714658,38.3670376083,-110.7146560967
2025-05-28T02:33:33.935307,38.3669991667,-110.714658,38.3670376017,-110.7146560933
2025-05-28T02:33:34.435200,38.3669991667,-110.714658,38.3670376017,-110.7146560933
2025-05-28T02:33:34.935175,38.3669991667,-110.714658,38.3670375833,-110.714656085
2025-05-28T02:33:35.435171,38.3669993333,-110.7146581667,38.3670375717,-110.714656085
2025-05-28T02:33:35.935378,38.3669993333,-110.7146581667,38.3670375533,-110.7146560883
2025-05-28T02:33:36.435310,38.3669993333,-110.7146581667,38.3670375467,-110.7146560933
2025-05-28T02:33:36.935184,38.3669993333,-110.7146581667,38.3670375417,-110.7146560883
2025-05-28T02:33:37.435158,38.3669995,-110.7146581667,38.3670375417,-110.7146560883
2025-05-28T02:33:37.935183,38.3669995,-110.7146581667,38.367037535,-110.7146560833
2025-05-28T02:33:38.435215,38.3669995,-110.7146583333,38.367037525,-110.7146560817
2025-05-28T02:33:38.935195,38.3669995,-110.7146583333,38.3670375117,-110.7146560667
2025-05-28T02:33:39.435260,38.3669995,-110.7146583333,38.367037505,-110.7146560583
2025-05-28T02:33:39.935198,38.3669995,-110.7146583333,38.3670375,-110.7146560517
2025-05-28T02:33:40.435284,38.3669996667,-110.7146585,38.3670375,-110.7146560517
2025-05-28T02:33:40.935104,38.3669996667,-110.7146585,38.367037495,-110.714656045
2025-05-28T02:33:41.435426,38.3669996667,-110.7146585,38.367037495,-110.7146560467
2025-05-28T02:33:41.935240,38.3669996667,-110.7146585,38.3670374967,-110.7146560517
2025-05-28T02:33:42.435296,38.3669996667,-110.7146586667,38.3670374983,-110.7146560533
2025-05-28T02:33:42.935348,38.3669996667,-110.7146586667,38.3670374967,-110.7146560583
2025-05-28T02:33:43.435189,38.3669996667,-110.7146586667,38.3670374967,-110.7146560583
2025-05-28T02:33:43.935239,38.3669996667,-110.7146586667,38.367037485,-110.71465607
2025-05-28T02:33:44.435108,38.3669998333,-110.7146586667,38.367037475,-110.714656075
2025-05-28T02:33:44.935296,38.3669998333,-110.7146586667,38.367037455,-110.7146560767
2025-05-28T02:33:45.435193,38.3669998333,-110.7146586667,38.3670374417,-110.7146560783
2025-05-28T02:33:45.935157,38.3669998333,-110.7146586667,38.36703743,-110.71465608
2025-05-28T02:33:46.435166,38.3669998333,-110.7146586667,38.36703743,-110.71465608
2025-05-28T02:33:46.935114,38.3669998333,-110.7146586667,38.3670374183,-110.71465608
2025-05-28T02:33:47.435182,38.367,-110.7146588333,38.3670374133,-110.714656075
2025-05-28T02:33:47.935193,38.367,-110.7146588333,38.367037405,-110.7146560717
2025-05-28T02:33:48.435277,38.367,-110.7146588333,38.3670374,-110.714656075
2025-05-28T02:33:48.935316,38.367,-110.7146588333,38.3670373883,-110.7146560783
2025-05-28T02:33:49.435131,38.367,-110.7146588333,38.3670373883,-110.7146560783
2025-05-28T02:33:49.935174,38.367,-110.7146588333,38.3670373783,-110.7146560833
2025-05-28T02:33:50.435145,38.367,-110.7146588333,38.3670373683,-110.7146560867
2025-05-28T02:33:50.935184,38.367,-110.7146588333,38.36703736,-110.714656095
2025-05-28T02:33:51.435239,38.3670001667,-110.7146588333,38.3670373617,-110.7146561033
2025-05-28T02:33:51.935329,38.3670001667,-110.7146588333,38.36703736,-110.7146561067
2025-05-28T02:33:52.435362,38.3670001667,-110.7146588333,38.36703736,-110.7146561067
2025-05-28T02:33:52.935195,38.3670001667,-110.7146588333,38.36703735,-110.7146561183
2025-05-28T02:33:53.435361,38.3670001667,-110.714659,38.36703734,-110.7146561217
2025-05-28T02:33:53.935388,38.3670001667,-110.714659,38.3670373233,-110.71465612
2025-05-28T02:33:54.435265,38.3670001667,-110.714659,38.36703732,-110.7146561133
2025-05-28T02:33:54.935836,38.3670001667,-110.714659,38.367037315,-110.714656105
2025-05-28T02:33:55.435297,38.3670003333,-110.714659,38.367037315,-110.714656105
2025-05-28T02:33:55.935369,38.3670003333,-110.714659,38.3670373117,-110.7146561017
2025-05-28T02:33:56.435237,38.3670003333,-110.714659,38.367037305,-110.7146560917
2025-05-28T02:33:56.935437,38.3670003333,-110.714659,38.3670373033,-110.7146560733
2025-05-28T02:33:57.435354,38.3670003333,-110.714659,38.3670372983,-110.7146560583
2025-05-28T02:33:57.935217,38.3670003333,-110.714659,38.3670372917,-110.7146560433
2025-05-28T02:33:58.435451,38.3670003333,-110.714659,38.3670372917,-110.7146560433
2025-05-28T02:33:58.935287,38.3670003333,-110.714659,38.367037285,-110.7146560167
2025-05-28T02:33:59.435291,38.3670005,-110.714659,38.3670372817,-110.7146559933
2025-05-28T02:33:59.935427,38.3670005,-110.714659,38.3670372767,-110.7146559783
2025-05-28T02:34:00.435179,38.3670005,-110.714659,38.36703728,-110.71465597
2025-05-28T02:34:00.935380,38.3670005,-110.714659,38.3670372833,-110.71465596
2025-05-28T02:34:01.435364,38.3670005,-110.714659,38.3670372833,-110.71465596
2025-05-28T02:34:01.935183,38.3670005,-110.714659,38.3670372817,-110.7146559517
2025-05-28T02:34:02.435199,38.3670005,-110.7146591667,38.3670372783,-110.7146559433
2025-05-28T02:34:02.935353,38.3670005,-110.7146591667,38.3670372767,-110.7146559183
2025-05-28T02:34:03.435260,38.3670005,-110.7146591667,38.3670372717,-110.7146558967
2025-05-28T02:34:03.935345,38.3670005,-110.7146591667,38.367037265,-110.7146558767
2025-05-28T02:34:04.435275,38.3670006667,-110.7146591667,38.367037265,-110.7146558767
2025-05-28T02:34:04.935440,38.3670006667,-110.7146591667,38.36703726,-110.7146558483
2025-05-28T02:34:05.435301,38.3670006667,-110.7146591667,38.3670372633,-110.7146558333
2025-05-28T02:34:05.935433,38.3670006667,-110.7146591667,38.367037265,-110.714655815
2025-05-28T02:34:06.435442,38.3670006667,-110.7146591667,38.3670372683,-110.714655805
2025-05-28T02:34:06.935625,38.3670006667,-110.7146591667,38.3670372683,-110.7146557933
2025-05-28T02:34:07.435587,38.3670006667,-110.7146591667,38.3670372683,-110.7146557933
2025-05-28T02:34:07.935252,38.3670006667,-110.7146591667,38.367037265,-110.7146557767
2025-05-28T02:34:08.435336,38.3670006667,-110.7146591667,38.3670372633,-110.7146557633
2025-05-28T02:34:08.935176,38.3670006667,-110.7146591667,38.3670372617,-110.714655745
2025-05-28T02:34:09.435302,38.3670008333,-110.7146591667,38.367037265,-110.7146557317
2025-05-28T02:34:09.935239,38.3670008333,-110.7146591667,38.3670372683,-110.7146557217
2025-05-28T02:34:10.435237,38.3670008333,-110.7146591667,38.3670372683,-110.7146557217
2025-05-28T02:34:10.935225,38.3670008333,-110.7146591667,38.3670372717,-110.7146557033
2025-05-28T02:34:11.435362,38.3670008333,-110.7146591667,38.3670372717,-110.7146557
2025-05-28T02:34:11.935417,38.3670008333,-110.7146591667,38.3670372667,-110.7146556917
2025-05-28T02:34:12.435193,38.367001,-110.7146591667,38.367037265,-110.71465568
2025-05-28T02:34:12.935486,38.367001,-110.7146591667,38.3670372667,-110.714655665
2025-05-28T02:34:13.435190,38.367001,-110.7146591667,38.3670372667,-110.714655665
2025-05-28T02:34:13.935190,38.367001,-110.7146591667,38.36703728,-110.7146556433
2025-05-28T02:34:14.435718,38.367001,-110.7146591667,38.367037285,-110.7146556317
2025-05-28T02:34:14.935135,38.367001,-110.7146591667,38.367037285,-110.7146556133
2025-05-28T02:34:15.435317,38.3670011667,-110.7146591667,38.3670372917,-110.7146556017
2025-05-28T02:34:15.935262,38.3670011667,-110.7146591667,38.3670372933,-110.7146555933
2025-05-28T02:34:16.435139,38.3670011667,-110.7146591667,38.3670372933,-110.7146555933
2025-05-28T02:34:16.935349,38.3670011667,-110.7146591667,38.3670372983,-110.71465558
2025-05-28T02:34:17.435272,38.3670011667,-110.7146591667,38.3670373017,-110.714655575
2025-05-28T02:34:17.935173,38.3670011667,-110.7146591667,38.36703731,-110.7146555617
2025-05-28T02:34:18.435248,38.3670013333,-110.7146591667,38.367037315,-110.7146555633
2025-05-28T02:34:18.935211,38.3670013333,-110.7146591667,38.36703732,-110.7146555617
2025-05-28T02:34:19.435177,38.3670013333,-110.7146591667,38.36703732,-110.7146555617
2025-05-28T02:34:19.935189,38.3670013333,-110.7146591667,38.3670373283,-110.714655555
2025-05-28T02:34:20.435184,38.3670015,-110.7146591667,38.3670373367,-110.7146555517
2025-05-28T02:34:20.935270,38.3670015,-110.7146591667,38.3670373467,-110.7146555483
2025-05-28T02:34:21.435255,38.3670015,-110.7146593333,38.3670373517,-110.7146555417
2025-05-28T02:34:21.935294,38.3670015,-110.7146593333,38.367037355,-110.7146555367
2025-05-28T02:34:22.435117,38.3670016667,-110.7146593333,38.367037355,-110.7146555367
2025-05-28T02:34:22.935318,38.3670016667,-110.7146593333,38.3670373567,-110.7146555183
2025-05-28T02:34:23.435303,38.3670016667,-110.7146593333,38.3670373617,-110.71465551
2025-05-28T02:34:23.935431,38.3670016667,-110.7146593333,38.3670373683,-110.7146555
2025-05-28T02:34:24.435184,38.3670016667,-110.7146593333,38.3670373683,-110.7146554967
2025-05-28T02:34:24.935194,38.3670016667,-110.7146593333,38.3670373717,-110.7146554967
2025-05-28T02:34:25.435182,38.3670016667,-110.7146593333,38.3670373717,-110.7146554967
2025-05-28T02:34:25.935145,38.3670016667,-110.7146593333,38.36703737,-110.7146554933
2025-05-28T02:34:26.435434,38.3670018333,-110.7146593333,38.36703737,-110.7146554967
2025-05-28T02:34:26.935132,38.3670018333,-110.7146593333,38.367037365,-110.7146555033
2025-05-28T02:34:27.435245,38.3670018333,-110.7146593333,38.3670373667,-110.7146555083
2025-05-28T02:34:27.935140,38.3670018333,-110.7146593333,38.36703737,-110.7146555117
2025-05-28T02:34:28.435292,38.3670018333,-110.7146593333,38.36703737,-110.7146555117
2025-05-28T02:34:28.935152,38.3670018333,-110.7146593333,38.3670373733,-110.714655525
2025-05-28T02:34:29.435185,38.3670018333,-110.7146593333,38.367037375,-110.7146555367
2025-05-28T02:34:29.935083,38.3670018333,-110.7146593333,38.3670373783,-110.71465555
2025-05-28T02:34:30.435334,38.3670018333,-110.7146593333,38.3670373833,-110.7146555583
2025-05-28T02:34:30.935329,38.3670018333,-110.7146593333,38.3670373867,-110.7146555667
2025-05-28T02:34:31.435137,38.3670018333,-110.7146593333,38.3670373867,-110.7146555667
2025-05-28T02:34:31.935099,38.3670018333,-110.7146593333,38.3670373917,-110.7146555817
2025-05-28T02:34:32.435177,38.3670018333,-110.7146595,38.367037395,-110.7146555883
2025-05-28T02:34:32.935481,38.3670018333,-110.7146595,38.3670374,-110.71465559
2025-05-28T02:34:33.435388,38.3670018333,-110.7146595,38.3670374033,-110.71465559
2025-05-28T02:34:33.935067,38.3670018333,-110.7146595,38.3670374083,-110.71465559
2025-05-28T02:34:34.435243,38.3670018333,-110.7146595,38.3670374083,-110.71465559
2025-05-28T02:34:34.935511,38.3670018333,-110.7146595,38.3670374167,-110.71465559
2025-05-28T02:34:35.435444,38.367002,-110.7146595,38.367037425,-110.7146555967
2025-05-28T02:34:35.935562,38.367002,-110.7146595,38.3670374333,-110.7146555967
2025-05-28T02:34:36.435417,38.367002,-110.7146595,38.3670374367,-110.7146555933
2025-05-28T02:34:36.935106,38.367002,-110.7146595,38.36703744,-110.7146555917
2025-05-28T02:34:37.435397,38.367002,-110.7146595,38.36703744,-110.7146555917
2025-05-28T02:34:37.935241,38.367002,-110.7146595,38.3670374467,-110.7146555867
2025-05-28T02:34:38.435206,38.367002,-110.7146595,38.3670374517,-110.714655585
2025-05-28T02:34:38.935153,38.367002,-110.7146595,38.3670374617,-110.7146555833
2025-05-28T02:34:39.435574,38.367002,-110.7146595,38.36703747,-110.71465558
2025-05-28T02:34:39.935306,38.367002,-110.7146595,38.3670374767,-110.7146555783
2025-05-28T02:34:40.435427,38.367002,-110.7146595,38.3670374767,-110.7146555783
2025-05-28T02:34:40.935248,38.367002,-110.7146595,38.3670374833,-110.71465558
2025-05-28T02:34:41.435186,38.367002,-110.7146595,38.3670374883,-110.71465558
2025-05-28T02:34:41.935166,38.367002,-110.7146595,38.3670374917,-110.71465558
2025-05-28T02:34:42.435351,38.367002,-110.7146595,38.367037495,-110.7146555833
2025-05-28T02:34:42.935113,38.367002,-110.7146595,38.3670375017,-110.7146555867
2025-05-28T02:34:43.435376,38.367002,-110.7146595,38.3670375017,-110.7146555867
2025-05-28T02:34:43.935303,38.367002,-110.7146595,38.3670375083,-110.71465559
2025-05-28T02:34:44.435377,38.367002,-110.7146595,38.3670375117,-110.71465559
2025-05-28T02:34:44.935165,38.367002,-110.7146595,38.3670375167,-110.7146555883
2025-05-28T02:34:45.435457,38.367002,-110.7146595,38.367037525,-110.7146555817
2025-05-28T02:34:45.935532,38.367002,-110.7146595,38.367037535,-110.7146555717
2025-05-28T02:34:46.435180,38.367002,-110.7146596667,38.367037535,-110.7146555717
2025-05-28T02:34:46.935236,38.367002,-110.7146596667,38.3670375533,-110.7146555617
2025-05-28T02:34:47.435164,38.367002,-110.7146596667,38.36703756,-110.7146555533
2025-05-28T02:34:47.935247,38.367002,-110.7146596667,38.3670375683,-110.714655545
2025-05-28T02:34:48.435237,38.367002,-110.7146596667,38.3670375633,-110.714655535
2025-05-28T02:34:48.935180,38.367002,-110.7146596667,38.3670375617,-110.7146555283
2025-05-28T02:34:49.435291,38.3670021667,-110.7146596667,38.3670375617,-110.7146555283
2025-05-28T02:34:49.935270,38.3670021667,-110.7146596667,38.3670375533,-110.71465552
2025-05-28T02:34:50.435271,38.3670021667,-110.7146596667,38.3670375467,-110.714655505
2025-05-28T02:34:50.935239,38.3670021667,-110.7146596667,38.367037545,-110.71465549
2025-05-28T02:34:51.435212,38.3670021667,-110.7146595,38.3670375483,-110.7146554833
2025-05-28T02:34:51.935317,38.3670021667,-110.7146595,38.36703755,-110.7146554717
2025-05-28T02:34:52.435137,38.3670021667,-110.7146595,38.36703755,-110.7146554717
2025-05-28T02:34:52.935186,38.3670021667,-110.7146595,38.3670375433,-110.71465545
2025-05-28T02:34:53.435313,38.3670021667,-110.7146596667,38.3670375483,-110.7146554417
2025-05-28T02:34:53.935149,38.3670021667,-110.7146596667,38.367037555,-110.714655425
2025-05-28T02:34:54.435204,38.3670021667,-110.7146596667,38.3670375567,-110.7146554233
2025-05-28T02:34:54.935169,38.3670021667,-110.7146596667,38.3670375617,-110.7146554183
2025-05-28T02:34:55.435171,38.3670021667,-110.7146596667,38.3670375617,-110.7146554183
2025-05-28T02:34:55.935253,38.3670021667,-110.7146596667,38.3670375633,-110.7146554083
2025-05-28T02:34:56.435387,38.3670021667,-110.7146596667,38.367037565,-110.7146554033
2025-05-28T02:34:56.935184,38.3670021667,-110.7146596667,38.3670375717,-110.7146553983
2025-05-28T02:34:57.435369,38.3670021667,-110.7146596667,38.3670375583,-110.7146553833
2025-05-28T02:34:57.935288,38.3670021667,-110.7146596667,38.3670375467,-110.7146553767
2025-05-28T02:34:58.435208,38.3670021667,-110.7146596667,38.3670375467,-110.7146553767
2025-05-28T02:34:58.935367,38.3670021667,-110.7146596667,38.3670375333,-110.714655365
2025-05-28T02:34:59.435604,38.3670021667,-110.7146595,38.36703752,-110.7146553567
2025-05-28T02:34:59.935170,38.3670021667,-110.7146595,38.3670375083,-110.7146553417
2025-05-28T02:35:00.435217,38.3670021667,-110.7146595,38.3670374983,-110.714655335
2025-05-28T02:35:00.935196,38.3670021667,-110.7146595,38.36703749,-110.7146553267
2025-05-28T02:35:01.435238,38.3670021667,-110.7146595,38.36703749,-110.7146553267
2025-05-28T02:35:01.935225,38.3670021667,-110.7146595,38.3670374817,-110.7146553117
2025-05-28T02:35:02.435190,38.3670021667,-110.7146595,38.3670374733,-110.7146553
2025-05-28T02:35:02.935254,38.3670021667,-110.7146595,38.36703747,-110.7146552917
2025-05-28T02:35:03.435273,38.3670021667,-110.7146595,38.36703747,-110.7146552883
2025-05-28T02:35:03.935378,38.3670021667,-110.7146595,38.3670374733,-110.714655285
2025-05-28T02:35:04.435154,38.3670021667,-110.7146595,38.3670374733,-110.714655285
2025-05-28T02:35:04.935137,38.3670021667,-110.7146595,38.36703747,-110.714655275
2025-05-28T02:35:05.435331,38.3670021667,-110.7146595,38.3670374667,-110.71465527
2025-05-28T02:35:05.935291,38.3670021667,-110.7146595,38.3670374617,-110.7146552683
2025-05-28T02:35:06.435193,38.3670021667,-110.7146595,38.3670374583,-110.7146552683
2025-05-28T02:35:06.935273,38.3670021667,-110.7146595,38.3670374583,-110.7146552717
2025-05-28T02:35:07.435377,38.3670023333,-110.7146595,38.3670374583,-110.7146552717
2025-05-28T02:35:07.935261,38.3670023333,-110.7146595,38.3670374583,-110.7146552717
2025-05-28T02:35:08.435417,38.3670023333,-110.7146595,38.3670374583,-110.71465527
2025-05-28T02:35:08.935198,38.3670023333,-110.7146595,38.3670374567,-110.71465527
2025-05-28T02:35:09.435706,38.3670021667,-110.7146595,38.3670374567,-110.71465527
2025-05-28T02:35:09.935384,38.3670021667,-110.7146595,38.3670374583,-110.7146552667
2025-05-28T02:35:10.435221,38.3670021667,-110.7146595,38.3670374583,-110.7146552667
2025-05-28T02:35:10.935430,38.3670021667,-110.7146595,38.36703747,-110.7146552633
2025-05-28T02:35:11.435270,38.3670021667,-110.7146595,38.36703747,-110.714655265
2025-05-28T02:35:11.935279,38.3670021667,-110.7146595,38.3670374733,-110.7146552667
2025-05-28T02:35:12.435380,38.3670021667,-110.7146595,38.3670374717,-110.7146552667
2025-05-28T02:35:12.935240,38.3670021667,-110.7146595,38.3670374633,-110.714655255
2025-05-28T02:35:13.435271,38.3670021667,-110.7146595,38.3670374633,-110.714655255
2025-05-28T02:35:13.935211,38.3670021667,-110.7146595,38.3670374433,-110.7146552417
2025-05-28T02:35:14.435145,38.3670021667,-110.7146595,38.3670374367,-110.7146552233
2025-05-28T02:35:14.935220,38.3670021667,-110.7146595,38.36703743,-110.7146551983
2025-05-28T02:35:15.435208,38.367002,-110.7146596667,38.3670374233,-110.7146551833
2025-05-28T02:35:15.935297,38.367002,-110.7146596667,38.3670374233,-110.7146551717
2025-05-28T02:35:16.435172,38.367002,-110.7146596667,38.3670374233,-110.7146551717
2025-05-28T02:35:16.935278,38.367002,-110.7146596667,38.36703743,-110.7146551517
2025-05-28T02:35:17.435220,38.367002,-110.7146596667,38.3670374367,-110.7146551383
2025-05-28T02:35:17.935213,38.367002,-110.7146596667,38.367037445,-110.714655115
2025-05-28T02:35:18.435349,38.367002,-110.7146596667,38.3670374467,-110.7146550983
2025-05-28T02:35:18.935210,38.367002,-110.7146596667,38.3670374517,-110.7146550817
2025-05-28T02:35:19.435378,38.3670018333,-110.7146596667,38.3670374517,-110.7146550817
2025-05-28T02:35:19.935403,38.3670018333,-110.7146596667,38.3670374567,-110.71465505
2025-05-28T02:35:20.435462,38.3670018333,-110.7146598333,38.367037455,-110.7146550267
2025-05-28T02:35:20.935635,38.3670018333,-110.7146598333,38.3670374633,-110.7146549983
2025-05-28T02:35:21.435314,38.3670018333,-110.7146598333,38.3670374683,-110.7146549783
2025-05-28T02:35:21.935251,38.3670018333,-110.7146598333,38.36703747,-110.71465496
2025-05-28T02:35:22.435416,38.3670018333,-110.7146598333,38.36703747,-110.71465496
2025-05-28T02:35:22.935433,38.3670018333,-110.7146598333,38.3670374733,-110.7146549467
2025-05-28T02:35:23.435261,38.3670016667,-110.7146598333,38.3670374783,-110.71465494
2025-05-28T02:35:23.935136,38.3670016667,-110.7146598333,38.3670374783,-110.7146549267
2025-05-28T02:35:24.435339,38.3670016667,-110.7146598333,38.3670374783,-110.7146549217
2025-05-28T02:35:24.935181,38.3670016667,-110.7146598333,38.367037475,-110.7146549133
2025-05-28T02:35:25.435236,38.3670016667,-110.7146598333,38.367037475,-110.7146549133
2025-05-28T02:35:25.935187,38.3670016667,-110.7146598333,38.36703748,-110.7146549033
2025-05-28T02:35:26.435182,38.3670015,-110.7146598333,38.3670374833,-110.7146548983
2025-05-28T02:35:26.935302,38.3670015,-110.7146598333,38.3670374883,-110.7146548983
2025-05-28T02:35:27.435378,38.3670015,-110.7146598333,38.3670374933,-110.7146549
2025-05-28T02:35:27.935187,38.3670015,-110.7146598333,38.3670374983,-110.7146549017
2025-05-28T02:35:28.435389,38.3670015,-110.71466,38.3670374983,-110.7146549017
2025-05-28T02:35:28.935239,38.3670015,-110.71466,38.3670374967,-110.7146549017
2025-05-28T02:35:29.435251,38.3670015,-110.71466,38.367037495,-110.714654905
2025-05-28T02:35:29.935379,38.3670015,-110.71466,38.367037495,-110.7146549033
2025-05-28T02:35:30.435399,38.3670013333,-110.71466,38.3670374983,-110.7146548983
2025-05-28T02:35:30.935260,38.3670013333,-110.71466,38.3670375017,-110.7146548917
2025-05-28T02:35:31.435303,38.3670013333,-110.71466,38.3670375017,-110.7146548917
2025-05-28T02:35:31.935244,38.3670013333,-110.71466,38.3670375033,-110.714654885
2025-05-28T02:35:32.435133,38.3670011667,-110.71466,38.367037505,-110.7146548833
2025-05-28T02:35:32.935223,38.3670011667,-110.71466,38.367037505,-110.7146548833
2025-05-28T02:35:33.435193,38.3670011667,-110.71466,38.3670375117,-110.7146548883
2025-05-28T02:35:33.935166,38.3670011667,-110.71466,38.3670375133,-110.7146548967
2025-05-28T02:35:34.435213,38.3670011667,-110.7146601667,38.3670375133,-110.7146548967
2025-05-28T02:35:34.935280,38.3670011667,-110.7146601667,38.3670371467,-110.7146550433
2025-05-28T02:35:35.435194,38.3670011667,-110.7146601667,38.3670371483,-110.714655045
2025-05-28T02:35:35.935275,38.3670011667,-110.7146601667,38.3670371467,-110.7146550433
2025-05-28T02:35:36.435165,38.367001,-110.7146601667,38.367037145,-110.7146550433
2025-05-28T02:35:36.935246,38.367001,-110.7146601667,38.367037145,-110.7146550433
2025-05-28T02:35:37.435182,38.367001,-110.7146601667,38.367037145,-110.7146550433
2025-05-28T02:35:37.935274,38.367001,-110.7146601667,38.367037145,-110.71465504
2025-05-28T02:35:38.435185,38.367001,-110.7146601667,38.367037145,-110.7146550367
2025-05-28T02:35:38.935111,38.367001,-110.7146601667,38.3670371467,-110.7146550333
2025-05-28T02:35:39.435207,38.367001,-110.7146601667,38.3670371467,-110.7146550317
2025-05-28T02:35:39.935298,38.367001,-110.7146601667,38.3670371483,-110.71465503
2025-05-28T02:35:40.435216,38.367001,-110.7146601667,38.3670371483,-110.71465503
2025-05-28T02:35:40.935215,38.367001,-110.7146601667,38.36703715,-110.7146550267
2025-05-28T02:35:41.435501,38.3670008333,-110.7146601667,38.3670371517,-110.714655025
2025-05-28T02:35:41.935144,38.3670008333,-110.7146601667,38.3670371533,-110.7146550217
2025-05-28T02:35:42.435294,38.3670008333,-110.7146601667,38.367037155,-110.7146550183
2025-05-28T02:35:42.935239,38.3670008333,-110.7146601667,38.3670371583,-110.7146550167
2025-05-28T02:35:43.435154,38.3670008333,-110.7146601667,38.3670371583,-110.7146550167
2025-05-28T02:35:43.935551,38.3670008333,-110.7146601667,38.3670371617,-110.714655015
2025-05-28T02:35:44.435207,38.3670006667,-110.7146601667,38.3670371617,-110.7146550133
2025-05-28T02:35:44.935170,38.3670006667,-110.7146601667,38.3670371633,-110.7146550117
2025-05-28T02:35:45.435326,38.3670006667,-110.7146601667,38.367037165,-110.7146550117
2025-05-28T02:35:45.935103,38.3670006667,-110.7146601667,38.367037165,-110.7146550117
2025-05-28T02:35:46.435125,38.3670006667,-110.7146601667,38.367037165,-110.7146550117
2025-05-28T02:35:46.935194,38.3670006667,-110.7146601667,38.3670371683,-110.71465501
2025-05-28T02:35:47.435343,38.3670006667,-110.7146601667,38.3670371683,-110.7146550083
2025-05-28T02:35:47.935160,38.3670006667,-110.7146601667,38.3670371717,-110.7146550083
2025-05-28T02:35:48.435281,38.3670006667,-110.7146601667,38.3670371733,-110.7146550067
2025-05-28T02:35:48.935190,38.3670006667,-110.7146601667,38.367037175,-110.714655005
2025-05-28T02:35:49.435287,38.3670006667,-110.7146601667,38.367037175,-110.714655005
2025-05-28T02:35:49.935339,38.3670006667,-110.7146601667,38.3670371833,-110.7146550083
2025-05-28T02:35:50.435251,38.3670006667,-110.7146601667,38.3670372017,-110.7146550033
2025-05-28T02:35:50.935294,38.3670006667,-110.7146601667,38.3670372417,-110.714654985
2025-05-28T02:35:51.435161,38.3670005,-110.7146601667,38.3670372617,-110.7146549667
2025-05-28T02:35:51.935155,38.3670005,-110.7146601667,38.3670372933,-110.7146549667
2025-05-28T02:35:52.435117,38.3670005,-110.7146603333,38.3670372933,-110.7146549667
2025-05-28T02:35:52.935182,38.3670005,-110.7146603333,38.36703732,-110.7146549683
2025-05-28T02:35:53.435223,38.3670005,-110.7146603333,38.3670373283,-110.7146549783
2025-05-28T02:35:53.935235,38.3670005,-110.7146603333,38.3670373383,-110.71465498
2025-05-28T02:35:54.435376,38.3670005,-110.7146603333,38.3670373433,-110.71465499
2025-05-28T02:35:54.935183,38.3670005,-110.7146603333,38.3670373433,-110.7146550017
2025-05-28T02:35:55.435179,38.3670003333,-110.7146603333,38.3670373433,-110.7146550017
2025-05-28T02:35:55.935224,38.3670003333,-110.7146603333,38.36703735,-110.7146550067
2025-05-28T02:35:56.435215,38.3670003333,-110.7146603333,38.36703735,-110.714655005
2025-05-28T02:35:56.935157,38.3670003333,-110.7146603333,38.3670373283,-110.7146550017
2025-05-28T02:35:57.435311,38.3670003333,-110.7146603333,38.3670373217,-110.7146549883
2025-05-28T02:35:57.935184,38.3670003333,-110.7146603333,38.3670373317,-110.71465498
2025-05-28T02:35:58.435280,38.3670003333,-110.7146603333,38.3670373317,-110.71465498
2025-05-28T02:35:58.935112,38.3670003333,-110.7146603333,38.3670373517,-110.714654975
2025-05-28T02:35:59.435210,38.3670003333,-110.7146605,38.3670373533,-110.7146549717
2025-05-28T02:35:59.935222,38.3670003333,-110.7146605,38.3670373633,-110.714654955
2025-05-28T02:36:00.435213,38.3670001667,-110.7146605,38.3670373667,-110.7146549467
2025-05-28T02:36:00.935113,38.3670001667,-110.7146605,38.3670373583,-110.714654945
2025-05-28T02:36:01.435513,38.3670001667,-110.7146603333,38.3670373583,-110.714654945
2025-05-28T02:36:01.935294,38.3670001667,-110.7146603333,38.3670373617,-110.7146549567
2025-05-28T02:36:02.435183,38.3670001667,-110.7146603333,38.3670373717,-110.7146549567
2025-05-28T02:36:02.935277,38.3670001667,-110.7146603333,38.3670373883,-110.7146549517
2025-05-28T02:36:03.435395,38.3670001667,-110.7146605,38.367037405,-110.7146549667
2025-05-28T02:36:03.935492,38.3670001667,-110.7146605,38.3670374217,-110.71465498
2025-05-28T02:36:04.435421,38.367,-110.7146605,38.3670374217,-110.71465498
2025-05-28T02:36:04.935220,38.367,-110.7146605,38.3670374517,-110.7146549883
2025-05-28T02:36:05.435152,38.367,-110.7146605,38.3670374633,-110.7146549933
2025-05-28T02:36:05.935308,38.367,-110.7146605,38.3670374767,-110.7146549933
2025-05-28T02:36:06.435359,38.367,-110.7146605,38.3670374833,-110.7146550033
2025-05-28T02:36:06.935317,38.367,-110.7146605,38.3670374883,-110.7146550033
2025-05-28T02:36:07.435462,38.367,-110.7146605,38.3670374883,-110.7146550033
2025-05-28T02:36:07.935191,38.367,-110.7146605,38.3670374967,-110.7146549917
2025-05-28T02:36:08.435223,38.3669998333,-110.7146605,38.3670374983,-110.7146549867
2025-05-28T02:36:08.935213,38.3669998333,-110.7146605,38.367037495,-110.71465498
2025-05-28T02:36:09.435752,38.3669998333,-110.7146605,38.36703749,-110.7146549717
2025-05-28T02:36:09.935665,38.3669998333,-110.7146605,38.3670374817,-110.7146549633
2025-05-28T02:36:10.435211,38.3669998333,-110.7146605,38.3670374817,-110.7146549633
2025-05-28T02:36:10.935209,38.3669998333,-110.7146605,38.367037455,-110.7146549433
2025-05-28T02:36:11.435191,38.3669996667,-110.7146605,38.36703743,-110.7146549233
2025-05-28T02:36:11.935179,38.3669996667,-110.7146605,38.367037395,-110.7146549033
2025-05-28T02:36:12.435287,38.3669996667,-110.7146605,38.367037375,-110.71465489
2025-05-28T02:36:12.935238,38.3669996667,-110.7146605,38.3670373633,-110.7146548783
2025-05-28T02:36:13.435724,38.3669996667,-110.7146605,38.3670373633,-110.7146548783
2025-05-28T02:36:13.935220,38.3669996667,-110.7146605,38.3670373467,-110.714654875
2025-05-28T02:36:14.435993,38.3669995,-110.7146605,38.36703734,-110.714654875
2025-05-28T02:36:14.935296,38.3669995,-110.7146605,38.367037325,-110.71465487
2025-05-28T02:36:15.435231,38.3669995,-110.7146605,38.367037315,-110.7146548633
2025-05-28T02:36:15.935428,38.3669995,-110.7146605,38.3670373067,-110.714654855
2025-05-28T02:36:16.435751,38.3669995,-110.7146605,38.3670373067,-110.714654855
2025-05-28T02:36:16.935532,38.3669995,-110.7146605,38.3670372933,-110.7146548417
2025-05-28T02:36:17.435125,38.3669993333,-110.7146605,38.3670372867,-110.7146548317
2025-05-28T02:36:17.935325,38.3669993333,-110.7146605,38.3670372883,-110.71465482
2025-05-28T02:36:18.435179,38.3669993333,-110.7146605,38.3670372833,-110.7146548083
2025-05-28T02:36:18.935219,38.3669993333,-110.7146605,38.3670372767,-110.7146547967
2025-05-28T02:36:19.435512,38.3669993333,-110.7146605,38.3670372767,-110.7146547967
2025-05-28T02:36:19.935136,38.3669993333,-110.7146605,38.3670372667,-110.7146547717
2025-05-28T02:36:20.435268,38.3669993333,-110.7146605,38.3670372567,-110.7146547533
2025-05-28T02:36:20.935313,38.3669993333,-110.7146605,38.367037245,-110.714654735
2025-05-28T02:36:21.435477,38.3669993333,-110.7146603333,38.367037235,-110.7146547183
2025-05-28T02:36:21.935648,38.3669993333,-110.7146603333,38.3670372267,-110.7146547033
2025-05-28T02:36:22.435176,38.3669993333,-110.7146603333,38.3670372267,-110.7146547033
2025-05-28T02:36:22.935161,38.3669993333,-110.7146603333,38.3670372183,-110.7146546917
2025-05-28T02:36:23.435143,38.3669993333,-110.7146603333,38.36703721,-110.7146546833
2025-05-28T02:36:23.935262,38.3669993333,-110.7146603333,38.367037195,-110.7146546767
2025-05-28T02:36:24.435270,38.3669993333,-110.7146603333,38.3670371883,-110.714654665
2025-05-28T02:36:24.935134,38.3669993333,-110.7146603333,38.3670371817,-110.7146546483
2025-05-28T02:36:25.435176,38.3669993333,-110.7146603333,38.3670371817,-110.7146546483
2025-05-28T02:36:25.935188,38.3669993333,-110.7146603333,38.3670371733,-110.7146546383
2025-05-28T02:36:26.435511,38.3669993333,-110.7146603333,38.3670371733,-110.71465463
2025-05-28T02:36:26.935201,38.3669993333,-110.7146603333,38.3670371783,-110.7146546233
2025-05-28T02:36:27.435566,38.3669993333,-110.7146603333,38.3670371767,-110.7146546383
2025-05-28T02:36:27.935190,38.3669993333,-110.7146603333,38.3670371733,-110.71465466
2025-05-28T02:36:28.435465,38.3669991667,-110.7146603333,38.3670371733,-110.71465466
2025-05-28T02:36:28.935191,38.3669991667,-110.7146603333,38.3670371667,-110.71465468
2025-05-28T02:36:29.435317,38.3669991667,-110.7146603333,38.36703717,-110.7146546917
2025-05-28T02:36:29.935176,38.3669991667,-110.7146603333,38.3670371767,-110.7146547133
2025-05-28T02:36:30.435192,38.3669993333,-110.7146603333,38.3670371817,-110.7146547233
2025-05-28T02:36:30.935261,38.3669993333,-110.7146603333,38.3670371867,-110.71465473
2025-05-28T02:36:31.435355,38.3669991667,-110.7146603333,38.3670371867,-110.71465473
2025-05-28T02:36:31.935372,38.3669991667,-110.7146603333,38.3670371867,-110.71465474
2025-05-28T02:36:32.435241,38.3669993333,-110.7146603333,38.367037195,-110.7146547433
2025-05-28T02:36:32.935274,38.3669993333,-110.7146603333,38.3670372067,-110.71465474
2025-05-28T02:36:33.435324,38.3669993333,-110.7146603333,38.3670372067,-110.7146547233
2025-05-28T02:36:33.935190,38.3669993333,-110.7146603333,38.3670372033,-110.7146547083
2025-05-28T02:36:34.435182,38.3669993333,-110.7146603333,38.3670372033,-110.7146547083
2025-05-28T02:36:34.935427,38.3669993333,-110.7146603333,38.3670371917,-110.714654685
2025-05-28T02:36:35.435323,38.3669993333,-110.7146603333,38.3670371883,-110.7146546733
2025-05-28T02:36:35.935317,38.3669993333,-110.7146603333,38.3670371883,-110.714654655
2025-05-28T02:36:36.435274,38.3669991667,-110.7146603333,38.3670371867,-110.71465465
2025-05-28T02:36:36.935275,38.3669991667,-110.7146603333,38.3670371933,-110.71465463
2025-05-28T02:36:37.435241,38.3669991667,-110.7146603333,38.3670371933,-110.71465463
2025-05-28T02:36:37.935149,38.3669991667,-110.7146603333,38.3670372033,-110.7146546033
2025-05-28T02:36:38.435270,38.3669991667,-110.7146603333,38.3670372117,-110.7146545883
2025-05-28T02:36:38.935608,38.3669991667,-110.7146603333,38.367037215,-110.714654555
2025-05-28T02:36:39.435249,38.3669991667,-110.7146603333,38.3670372167,-110.7146545333
2025-05-28T02:36:39.935189,38.3669991667,-110.7146603333,38.3670372217,-110.7146545133
2025-05-28T02:36:40.435171,38.3669991667,-110.7146603333,38.3670372217,-110.7146545133
2025-05-28T02:36:40.935356,38.3669991667,-110.7146603333,38.36703722,-110.7146544717
2025-05-28T02:36:41.435251,38.3669993333,-110.7146601667,38.3670372233,-110.714654435
2025-05-28T02:36:41.935358,38.3669993333,-110.7146601667,38.3670372217,-110.7146543917
2025-05-28T02:36:42.435481,38.3669993333,-110.7146601667,38.36703722,-110.714654365
2025-05-28T02:36:42.935377,38.3669993333,-110.7146601667,38.3670372233,-110.7146543383
2025-05-28T02:36:43.435504,38.3669993333,-110.7146601667,38.3670372233,-110.7146543383
2025-05-28T02:36:43.935242,38.3669993333,-110.7146601667,38.3670372267,-110.7146543017
2025-05-28T02:36:44.435327,38.3669993333,-110.71466,38.3670372233,-110.714654275
2025-05-28T02:36:44.935272,38.3669993333,-110.71466,38.3670372133,-110.714654225
2025-05-28T02:36:45.435535,38.3669993333,-110.71466,38.3670372067,-110.7146541867
2025-05-28T02:36:45.935505,38.3669993333,-110.71466,38.3670371983,-110.7146541517
2025-05-28T02:36:46.435118,38.3669993333,-110.71466,38.3670371983,-110.7146541517
2025-05-28T02:36:46.935223,38.3669993333,-110.71466,38.3670371767,-110.7146540983
2025-05-28T02:36:47.435134,38.3669993333,-110.71466,38.3670371617,-110.7146540667
2025-05-28T02:36:47.935173,38.3669993333,-110.71466,38.3670371417,-110.714654025
2025-05-28T02:36:48.435262,38.3669993333,-110.7146598333,38.36703713,-110.7146539917
2025-05-28T02:36:48.935248,38.3669993333,-110.7146598333,38.3670371133,-110.7146539617
2025-05-28T02:36:49.435226,38.3669993333,-110.7146598333,38.3670371133,-110.7146539617
2025-05-28T02:36:49.935283,38.3669993333,-110.7146598333,38.3670371,-110.71465392
2025-05-28T02:36:50.435424,38.3669993333,-110.7146596667,38.3670370833,-110.714653895
2025-05-28T02:36:50.935261,38.3669993333,-110.7146596667,38.3670370617,-110.714653865
2025-05-28T02:36:51.435209,38.3669993333,-110.7146596667,38.3670370433,-110.7146538467
2025-05-28T02:36:51.935459,38.3669993333,-110.7146596667,38.3670370267,-110.7146538117
2025-05-28T02:36:52.435107,38.3669995,-110.7146595,38.3670370267,-110.7146538117
2025-05-28T02:36:52.935119,38.3669995,-110.7146595,38.3670369967,-110.714653765
2025-05-28T02:36:53.435177,38.3669995,-110.7146595,38.3670369783,-110.7146537383
2025-05-28T02:36:53.935236,38.3669995,-110.7146595,38.3670369633,-110.7146537
2025-05-28T02:36:54.435201,38.3669995,-110.7146595,38.3670369583,-110.7146536767
2025-05-28T02:36:54.935190,38.3669995,-110.7146595,38.367036955,-110.7146536617
2025-05-28T02:36:55.435125,38.3669995,-110.7146593333,38.367036955,-110.7146536617
2025-05-28T02:36:55.935188,38.3669995,-110.7146593333,38.3670369483,-110.71465363
2025-05-28T02:36:56.435153,38.3669995,-110.7146593333,38.3670369433,-110.7146536117
2025-05-28T02:36:56.935196,38.3669995,-110.7146593333,38.3670369333,-110.71465359
2025-05-28T02:36:57.435291,38.3669995,-110.7146593333,38.3670369267,-110.7146535733
2025-05-28T02:36:57.935219,38.3669995,-110.7146593333,38.36703692,-110.7146535633
2025-05-28T02:36:58.435377,38.3669995,-110.7146593333,38.36703692,-110.7146535633
2025-05-28T02:36:58.935238,38.3669995,-110.7146593333,38.3670369133,-110.71465354
2025-05-28T02:36:59.435205,38.3669995,-110.7146591667,38.3670369067,-110.7146535333
2025-05-28T02:36:59.935280,38.3669995,-110.7146591667,38.3670368933,-110.714653525
2025-05-28T02:37:00.435221,38.3669995,-110.7146591667,38.3670368883,-110.714653505
2025-05-28T02:37:00.935348,38.3669995,-110.7146591667,38.367036885,-110.71465348
2025-05-28T02:37:01.435208,38.3669995,-110.714659,38.367036885,-110.71465348
2025-05-28T02:37:01.935267,38.3669995,-110.714659,38.3670368767,-110.714653455
2025-05-28T02:37:02.435341,38.3669995,-110.714659,38.367036875,-110.7146534383
2025-05-28T02:37:02.935251,38.3669995,-110.714659,38.3670368817,-110.7146534217
2025-05-28T02:37:03.435312,38.3669995,-110.714659,38.367036885,-110.71465341
2025-05-28T02:37:03.935168,38.3669995,-110.714659,38.3670368883,-110.7146533967
2025-05-28T02:37:04.435316,38.3669995,-110.714659,38.3670368883,-110.7146533967
2025-05-28T02:37:04.935375,38.3669995,-110.714659,38.367036905,-110.7146533733
2025-05-28T02:37:05.435309,38.3669995,-110.7146588333,38.3670369133,-110.7146533567
2025-05-28T02:37:05.935219,38.3669995,-110.7146588333,38.3670369283,-110.7146533317
2025-05-28T02:37:06.435180,38.3669995,-110.7146588333,38.3670369383,-110.714653315
2025-05-28T02:37:06.935364,38.3669995,-110.7146588333,38.3670369433,-110.714653295
2025-05-28T02:37:07.435382,38.3669996667,-110.7146588333,38.3670369433,-110.714653295
2025-05-28T02:37:07.935202,38.3669996667,-110.7146588333,38.3670369367,-110.714653255
2025-05-28T02:37:08.435148,38.3669996667,-110.7146586667,38.3670369233,-110.7146532233
2025-05-28T02:37:08.935408,38.3669996667,-110.7146586667,38.367036915,-110.7146531817
2025-05-28T02:37:09.435214,38.3669996667,-110.7146586667,38.3670369017,-110.7146531667
2025-05-28T02:37:09.935430,38.3669996667,-110.7146586667,38.3670368933,-110.7146531483
2025-05-28T02:37:10.435246,38.3669996667,-110.7146585,38.3670368933,-110.7146531483
2025-05-28T02:37:10.935243,38.3669996667,-110.7146585,38.36703688,-110.7146531217
2025-05-28T02:37:11.435305,38.3669996667,-110.7146585,38.3670368767,-110.7146531
2025-05-28T02:37:11.935218,38.3669996667,-110.7146585,38.36703687,-110.7146530717
2025-05-28T02:37:12.435295,38.3669996667,-110.7146585,38.3670368633,-110.7146530533
2025-05-28T02:37:12.935439,38.3669996667,-110.7146585,38.3670368567,-110.7146530317
2025-05-28T02:37:13.435269,38.3669996667,-110.7146585,38.3670368567,-110.7146530317
2025-05-28T02:37:13.935174,38.3669996667,-110.7146585,38.3670368483,-110.714652995
2025-05-28T02:37:14.435360,38.3669996667,-110.7146585,38.3670368467,-110.7146529717
2025-05-28T02:37:14.935736,38.3669996667,-110.7146585,38.36703684,-110.714652935
2025-05-28T02:37:15.435233,38.3669996667,-110.7146585,38.3670368333,-110.71465291
2025-05-28T02:37:15.935160,38.3669996667,-110.7146585,38.3670368267,-110.7146528867
2025-05-28T02:37:16.435253,38.3669996667,-110.7146585,38.3670368267,-110.7146528867
2025-05-28T02:37:16.935366,38.3669996667,-110.7146585,38.3670368167,-110.7146528517
2025-05-28T02:37:17.435126,38.3669996667,-110.7146585,38.3670368033,-110.7146528283
2025-05-28T02:37:17.935199,38.3669996667,-110.7146585,38.3670367917,-110.7146527933
2025-05-28T02:37:18.435209,38.367,-110.7146583333,38.36703679,-110.71465277
2025-05-28T02:37:18.935524,38.367,-110.7146583333,38.3670367833,-110.7146527433
2025-05-28T02:37:19.435300,38.367,-110.7146583333,38.3670367833,-110.7146527433
2025-05-28T02:37:19.935222,38.367,-110.7146583333,38.36703678,-110.7146527033
2025-05-28T02:37:20.435377,38.367,-110.7146583333,38.3670367733,-110.714652675
2025-05-28T02:37:20.935387,38.367,-110.7146583333,38.3670367633,-110.7146526317
2025-05-28T02:37:21.435416,38.367,-110.7146583333,38.36703676,-110.7146525983
2025-05-28T02:37:21.935468,38.367,-110.7146583333,38.3670367533,-110.71465257
2025-05-28T02:37:22.435296,38.367,-110.7146583333,38.3670367533,-110.71465257
2025-05-28T02:37:22.935338,38.367,-110.7146583333,38.3670367433,-110.7146525317
2025-05-28T02:37:23.435199,38.367,-110.7146583333,38.367036735,-110.7146524983
2025-05-28T02:37:23.935277,38.367,-110.7146583333,38.3670367217,-110.7146524483
2025-05-28T02:37:24.435452,38.367,-110.7146583333,38.3670367183,-110.714652425
2025-05-28T02:37:24.935490,38.367,-110.7146583333,38.3670367133,-110.714652395
2025-05-28T02:37:25.435250,38.3670001667,-110.7146581667,38.3670367133,-110.714652395
2025-05-28T02:37:25.935195,38.3670001667,-110.7146581667,38.3670367067,-110.714652355
2025-05-28T02:37:26.435152,38.3670001667,-110.7146581667,38.3670367033,-110.7146523333
2025-05-28T02:37:26.935166,38.3670001667,-110.7146581667,38.3670367,-110.714652295
2025-05-28T02:37:27.435378,38.3670001667,-110.7146581667,38.3670366933,-110.7146522717
2025-05-28T02:37:27.935184,38.3670001667,-110.7146581667,38.3670366883,-110.7146522483
2025-05-28T02:37:28.435215,38.3670001667,-110.7146581667,38.3670366883,-110.7146522483
2025-05-28T02:37:28.935115,38.3670001667,-110.7146581667,38.3670366833,-110.7146522067
2025-05-28T02:37:29.435283,38.3670001667,-110.7146581667,38.3670366817,-110.71465218
2025-05-28T02:37:29.935338,38.3670001667,-110.7146581667,38.3670366833,-110.7146521517
2025-05-28T02:37:30.435673,38.3670003333,-110.714658,38.36703668,-110.714652125
2025-05-28T02:37:30.935294,38.3670003333,-110.714658,38.3670366783,-110.7146521067
2025-05-28T02:37:31.435247,38.3670003333,-110.714658,38.3670366783,-110.7146521067
2025-05-28T02:37:31.935254,38.3670003333,-110.714658,38.36703668,-110.7146520783
2025-05-28T02:37:32.435293,38.3670003333,-110.714658,38.3670366817,-110.7146520633
2025-05-28T02:37:32.935223,38.3670003333,-110.714658,38.36703668,-110.71465203
2025-05-28T02:37:33.435211,38.3670003333,-110.714658,38.3670366817,-110.714652015
2025-05-28T02:37:33.935194,38.3670003333,-110.714658,38.3670366817,-110.714652005
2025-05-28T02:37:34.435273,38.3670003333,-110.714658,38.3670366817,-110.714652005
2025-05-28T02:37:34.935398,38.3670003333,-110.714658,38.3670366783,-110.714651995
2025-05-28T02:37:35.435272,38.3670003333,-110.714658,38.3670366783,-110.7146519867
2025-05-28T02:37:35.935199,38.3670003333,-110.714658,38.3670366817,-110.7146519783
2025-05-28T02:37:36.435213,38.3670006667,-110.7146578333,38.367036685,-110.7146519717
2025-05-28T02:37:36.935242,38.3670006667,-110.7146578333,38.367036685,-110.71465197
2025-05-28T02:37:37.435158,38.3670006667,-110.7146578333,38.367036685,-110.71465197
2025-05-28T02:37:37.935151,38.3670006667,-110.7146578333,38.36703669,-110.714651965
2025-05-28T02:37:38.435265,38.3670006667,-110.7146578333,38.36703669,-110.714651965
2025-05-28T02:37:38.935165,38.3670006667,-110.7146578333,38.3670366933,-110.7146519567
2025-05-28T02:37:39.435192,38.3670006667,-110.7146578333,38.3670366967,-110.7146519533
2025-05-28T02:37:39.935186,38.3670006667,-110.7146578333,38.3670367,-110.7146519483
2025-05-28T02:37:40.435275,38.3670006667,-110.7146578333,38.3670367,-110.7146519483
2025-05-28T02:37:40.935186,38.3670006667,-110.7146578333,38.3670367,-110.7146519433
2025-05-28T02:37:41.435122,38.3670006667,-110.7146578333,38.3670367017,-110.7146519417
2025-05-28T02:37:41.935097,38.3670006667,-110.7146578333,38.3670367067,-110.7146519317
2025-05-28T02:37:42.435284,38.3670006667,-110.7146578333,38.3670367067,-110.714651925
2025-05-28T02:37:42.935275,38.3670006667,-110.7146578333,38.3670367117,-110.71465192
2025-05-28T02:37:43.435555,38.3670006667,-110.7146578333,38.3670367117,-110.71465192
2025-05-28T02:37:43.935349,38.3670006667,-110.7146578333,38.367036715,-110.7146519033
2025-05-28T02:37:44.435373,38.3670006667,-110.7146578333,38.3670367167,-110.7146518967
2025-05-28T02:37:44.935288,38.3670006667,-110.7146578333,38.36703672,-110.714651875
2025-05-28T02:37:45.435623,38.3670006667,-110.7146578333,38.3670367217,-110.714651865
2025-05-28T02:37:45.936021,38.3670006667,-110.7146578333,38.367036725,-110.7146518517
2025-05-28T02:37:46.435343,38.3670006667,-110.7146578333,38.367036725,-110.7146518517
2025-05-28T02:37:46.935333,38.3670006667,-110.7146578333,38.3670367317,-110.7146518317
2025-05-28T02:37:47.435363,38.3670006667,-110.7146578333,38.3670367333,-110.714651815
2025-05-28T02:37:47.935320,38.3670006667,-110.7146578333,38.3670367333,-110.7146517933
2025-05-28T02:37:48.435481,38.3670006667,-110.7146578333,38.36703674,-110.7146517817
2025-05-28T02:37:48.935249,38.3670006667,-110.7146578333,38.3670367533,-110.71465177
2025-05-28T02:37:49.435269,38.3670006667,-110.7146578333,38.3670367533,-110.71465177
2025-05-28T02:37:49.935330,38.3670006667,-110.7146578333,38.3670367733,-110.7146517633
2025-05-28T02:37:50.435291,38.3670006667,-110.7146578333,38.36703679,-110.7146517617
2025-05-28T02:37:50.935355,38.3670006667,-110.7146578333,38.3670368167,-110.7146517617
2025-05-28T02:37:51.435327,38.3670006667,-110.7146578333,38.367036835,-110.7146517617
2025-05-28T02:37:51.935468,38.3670006667,-110.7146578333,38.3670368567,-110.7146517633
2025-05-28T02:37:52.435445,38.3670006667,-110.7146578333,38.3670368567,-110.7146517633
2025-05-28T02:37:52.935400,38.3670006667,-110.7146578333,38.3670369017,-110.71465176
2025-05-28T02:37:53.437977,38.3670006667,-110.7146578333,38.3670369367,-110.7146517567
2025-05-28T02:37:53.935341,38.3670006667,-110.7146578333,38.3670369833,-110.7146517583
2025-05-28T02:37:54.435546,38.3670005,-110.7146578333,38.3670370233,-110.71465175
2025-05-28T02:37:54.935463,38.3670005,-110.7146578333,38.3670370667,-110.714651745
2025-05-28T02:37:55.435369,38.3670005,-110.7146578333,38.3670370667,-110.714651745
2025-05-28T02:37:55.935344,38.3670005,-110.7146578333,38.3670371167,-110.7146517367
2025-05-28T02:37:56.435572,38.3670005,-110.7146578333,38.3670371183,-110.71465174
2025-05-28T02:37:56.935442,38.3670005,-110.7146578333,38.367037115,-110.71465173
2025-05-28T02:37:57.435700,38.3670005,-110.7146578333,38.3670371233,-110.7146517233
2025-05-28T02:37:57.935463,38.3670005,-110.7146578333,38.3670371333,-110.7146517167
2025-05-28T02:37:58.435341,38.3670005,-110.7146578333,38.3670371333,-110.7146517167
2025-05-28T02:37:58.936756,38.3670005,-110.7146578333,38.3670371617,-110.7146517033
2025-05-28T02:37:59.435364,38.3670005,-110.7146578333,38.367037185,-110.714651695
2025-05-28T02:37:59.935539,38.3670005,-110.7146578333,38.3670371883,-110.714651685
2025-05-28T02:38:00.435531,38.3670005,-110.7146578333,38.3670371767,-110.7146516817
2025-05-28T02:38:00.935361,38.3670005,-110.7146578333,38.3670371683,-110.7146516883
2025-05-28T02:38:01.435365,38.3670005,-110.7146578333,38.3670371683,-110.7146516883
2025-05-28T02:38:01.935427,38.3670005,-110.7146578333,38.36703717,-110.7146516883
2025-05-28T02:38:02.435451,38.3670005,-110.7146578333,38.3670371667,-110.7146516883
2025-05-28T02:38:02.935478,38.3670005,-110.7146578333,38.3670371817,-110.71465168
2025-05-28T02:38:03.438325,38.3670005,-110.7146578333,38.3670371883,-110.7146516717
2025-05-28T02:38:03.935485,38.3670005,-110.7146578333,38.3670371917,-110.71465167
2025-05-28T02:38:04.435673,38.3670005,-110.7146578333,38.3670371917,-110.71465167
2025-05-28T02:38:04.935381,38.3670005,-110.7146578333,38.36703718,-110.7146516683
2025-05-28T02:38:05.436356,38.3670005,-110.7146578333,38.36703718,-110.714651675
2025-05-28T02:38:05.935427,38.3670005,-110.7146578333,38.3670371867,-110.7146516667
2025-05-28T02:38:06.435677,38.3670005,-110.7146578333,38.36703719,-110.7146516567
2025-05-28T02:38:06.939690,38.3670005,-110.7146578333,38.3670371883,-110.714651645
2025-05-28T02:38:07.438739,38.3670005,-110.7146578333,38.3670371883,-110.714651645
2025-05-28T02:38:07.935425,38.3670005,-110.7146578333,38.3670371817,-110.71465162
2025-05-28T02:38:08.435199,38.3670005,-110.7146578333,38.3670371783,-110.7146516017
2025-05-28T02:38:08.935418,38.3670005,-110.7146578333,38.36703717,-110.7146515733
2025-05-28T02:38:09.436425,38.3670005,-110.7146578333,38.36703717,-110.7146515617
2025-05-28T02:38:09.935478,38.3670005,-110.7146578333,38.367037175,-110.71465156
2025-05-28T02:38:10.435396,38.3670005,-110.714658,38.367037175,-110.71465156
2025-05-28T02:38:10.935351,38.3670005,-110.714658,38.3670371833,-110.714651555
2025-05-28T02:38:11.435451,38.3670005,-110.714658,38.3670371933,-110.7146515567
2025-05-28T02:38:11.942743,38.3670005,-110.714658,38.3670372017,-110.7146515517
2025-05-28T02:38:12.440776,38.3670005,-110.714658,38.3670372117,-110.7146515517
2025-05-28T02:38:12.936546,38.3670005,-110.714658,38.3670372233,-110.714651555
2025-05-28T02:38:13.436096,38.3670005,-110.714658,38.3670372233,-110.714651555
2025-05-28T02:38:13.935489,38.3670005,-110.714658,38.3670372333,-110.7146515567
2025-05-28T02:38:14.435515,38.3670005,-110.714658,38.367037245,-110.7146515567
2025-05-28T02:38:14.935253,38.3670005,-110.714658,38.3670372617,-110.714651555
2025-05-28T02:38:15.435501,38.3670005,-110.714658,38.3670372733,-110.71465156
2025-05-28T02:38:15.935453,38.3670005,-110.714658,38.3670372817,-110.7146515617
2025-05-28T02:38:16.435472,38.3670005,-110.714658,38.3670372817,-110.7146515617
2025-05-28T02:38:16.935833,38.3670005,-110.714658,38.367037295,-110.7146515617
2025-05-28T02:38:17.435655,38.3670005,-110.714658,38.36703731,-110.71465156
2025-05-28T02:38:17.935174,38.3670005,-110.714658,38.36703733,-110.71465156
2025-05-28T02:38:18.435400,38.3670005,-110.714658,38.3670373467,-110.7146515617
2025-05-28T02:38:18.935564,38.3670005,-110.714658,38.36703736,-110.7146515733
2025-05-28T02:38:19.435376,38.3670005,-110.7146581667,38.36703736,-110.7146515733
2025-05-28T02:38:19.935375,38.3670005,-110.7146581667,38.3670373733,-110.714651575
2025-05-28T02:38:20.435369,38.3670005,-110.7146581667,38.3670373783,-110.7146515767
2025-05-28T02:38:20.935329,38.3670005,-110.7146581667,38.3670373833,-110.71465158
2025-05-28T02:38:21.435379,38.3670005,-110.7146581667,38.3670373933,-110.71465158
2025-05-28T02:38:21.935299,38.3670005,-110.7146581667,38.3670373983,-110.71465158
2025-05-28T02:38:22.435402,38.3670005,-110.7146581667,38.3670373983,-110.71465158
2025-05-28T02:38:22.935390,38.3670005,-110.7146581667,38.3670374133,-110.7146515783
2025-05-28T02:38:23.435364,38.3670005,-110.7146581667,38.3670374267,-110.7146515767
2025-05-28T02:38:23.935384,38.3670005,-110.7146581667,38.3670374533,-110.7146515783
2025-05-28T02:38:24.435424,38.3670005,-110.7146581667,38.36703747,-110.714651585
2025-05-28T02:38:24.935439,38.3670005,-110.7146581667,38.36703749,-110.7146515917
2025-05-28T02:38:25.435416,38.3670005,-110.7146581667,38.36703749,-110.7146515917
2025-05-28T02:38:25.935758,38.3670005,-110.7146581667,38.36703752,-110.7146515967
2025-05-28T02:38:26.435469,38.3670005,-110.7146581667,38.3670375383,-110.7146516
2025-05-28T02:38:26.935354,38.3670005,-110.7146581667,38.3670375733,-110.7146516
2025-05-28T02:38:27.435318,38.3670005,-110.7146581667,38.3670375983,-110.71465161
2025-05-28T02:38:27.935354,38.3670005,-110.7146581667,38.3670376233,-110.71465162
2025-05-28T02:38:28.435326,38.3670005,-110.7146581667,38.3670376233,-110.71465162
2025-05-28T02:38:28.935339,38.3670005,-110.7146581667,38.367037645,-110.7146516383
2025-05-28T02:38:29.437827,38.3670006667,-110.7146581667,38.3670376583,-110.7146516517
2025-05-28T02:38:29.935298,38.3670006667,-110.7146581667,38.3670376833,-110.7146516733
2025-05-28T02:38:30.440474,38.3670006667,-110.7146581667,38.3670376967,-110.7146516783
2025-05-28T02:38:30.935807,38.3670006667,-110.7146581667,38.367037715,-110.7146516833
2025-05-28T02:38:31.435446,38.3670006667,-110.7146581667,38.367037715,-110.7146516833
2025-05-28T02:38:31.935364,38.3670006667,-110.7146581667,38.3670377483,-110.7146517
2025-05-28T02:38:32.435328,38.3670006667,-110.7146581667,38.3670377767,-110.7146517167
2025-05-28T02:38:32.935369,38.3670006667,-110.7146581667,38.3670378083,-110.7146517267
2025-05-28T02:38:33.435355,38.3670006667,-110.7146581667,38.3670378117,-110.7146517317
2025-05-28T02:38:33.935524,38.3670006667,-110.7146581667,38.3670378133,-110.7146517383
2025-05-28T02:38:34.435153,38.3670008333,-110.714658,38.3670378133,-110.7146517383
2025-05-28T02:38:34.938594,38.3670008333,-110.714658,38.3670378083,-110.7146517467
2025-05-28T02:38:35.435335,38.3670008333,-110.714658,38.3670378133,-110.7146517517
2025-05-28T02:38:35.935387,38.3670008333,-110.714658,38.3670378217,-110.7146517617
2025-05-28T02:38:36.435708,38.3670008333,-110.714658,38.3670378283,-110.7146517683
2025-05-28T02:38:36.935268,38.3670008333,-110.714658,38.36703784,-110.7146517783
2025-05-28T02:38:37.435378,38.3670008333,-110.714658,38.36703784,-110.7146517783
2025-05-28T02:38:37.935187,38.3670008333,-110.714658,38.3670378483,-110.714651785
2025-05-28T02:38:38.435304,38.3670008333,-110.714658,38.36703785,-110.7146517867
2025-05-28T02:38:38.935381,38.3670008333,-110.714658,38.3670378567,-110.7146517917
2025-05-28T02:38:39.435376,38.3670008333,-110.714658,38.3670378617,-110.7146517933
2025-05-28T02:38:39.935349,38.3670008333,-110.714658,38.36703787,-110.7146517983
2025-05-28T02:38:40.435343,38.3670008333,-110.714658,38.36703787,-110.7146517983
2025-05-28T02:38:40.935191,38.3670008333,-110.714658,38.36703787,-110.7146518033
2025-05-28T02:38:41.435391,38.3670008333,-110.714658,38.36703787,-110.71465181
2025-05-28T02:38:41.937582,38.3670008333,-110.714658,38.3670378533,-110.714651805
2025-05-28T02:38:42.435397,38.3670008333,-110.714658,38.3670378383,-110.7146517983
2025-05-28T02:38:42.935354,38.3670008333,-110.714658,38.3670378433,-110.7146517933
2025-05-28T02:38:43.435383,38.3670008333,-110.714658,38.3670378433,-110.7146517933
2025-05-28T02:38:43.937580,38.3670008333,-110.714658,38.3670378417,-110.7146517733
2025-05-28T02:38:44.435350,38.367001,-110.714658,38.3670378483,-110.7146517683
2025-05-28T02:38:44.935399,38.367001,-110.714658,38.3670378733,-110.714651765
2025-05-28T02:38:45.435359,38.367001,-110.714658,38.3670378983,-110.7146517717
2025-05-28T02:38:45.936264,38.367001,-110.714658,38.3670379183,-110.7146517833
2025-05-28T02:38:46.435633,38.367001,-110.714658,38.3670379183,-110.7146517833
2025-05-28T02:38:46.935343,38.367001,-110.714658,38.3670379883,-110.7146517867
2025-05-28T02:38:47.435343,38.367001,-110.714658,38.3670380233,-110.71465179
2025-05-28T02:38:47.935309,38.367001,-110.714658,38.3670380717,-110.71465181
2025-05-28T02:38:48.435337,38.367001,-110.714658,38.3670380983,-110.7146518
2025-05-28T02:38:48.935358,38.367001,-110.714658,38.3670381467,-110.714651785
2025-05-28T02:38:49.435319,38.367001,-110.714658,38.3670381467,-110.714651785
2025-05-28T02:38:49.935626,38.367001,-110.714658,38.3670381917,-110.7146517867
2025-05-28T02:38:50.435366,38.367001,-110.714658,38.3670382217,-110.7146517833
2025-05-28T02:38:50.935292,38.367001,-110.714658,38.3670382583,-110.71465178
2025-05-28T02:38:51.435376,38.367001,-110.714658,38.367038285,-110.71465178
2025-05-28T02:38:51.935353,38.367001,-110.714658,38.367038315,-110.71465178
2025-05-28T02:38:52.435372,38.367001,-110.714658,38.367038315,-110.71465178
2025-05-28T02:38:52.935396,38.367001,-110.714658,38.3670383633,-110.714651785
2025-05-28T02:38:53.435348,38.367001,-110.714658,38.3670384033,-110.7146517967
2025-05-28T02:38:53.935317,38.367001,-110.714658,38.3670384733,-110.7146518067
2025-05-28T02:38:54.435334,38.367001,-110.714658,38.3670385183,-110.7146518083
2025-05-28T02:38:54.935398,38.367001,-110.714658,38.3670385467,-110.7146518133
2025-05-28T02:38:55.435511,38.367001,-110.714658,38.3670385467,-110.7146518133
2025-05-28T02:38:55.935337,38.367001,-110.714658,38.3670385917,-110.7146518283
2025-05-28T02:38:56.435341,38.367001,-110.714658,38.3670386167,-110.7146518383
2025-05-28T02:38:56.935523,38.367001,-110.714658,38.3670386517,-110.7146518483
2025-05-28T02:38:57.435338,38.367001,-110.714658,38.3670386733,-110.7146518533
2025-05-28T02:38:57.935402,38.367001,-110.714658,38.367038715,-110.7146518617
2025-05-28T02:38:58.435364,38.367001,-110.714658,38.367038715,-110.7146518617
2025-05-28T02:38:58.935465,38.367001,-110.714658,38.3670387767,-110.7146518733
2025-05-28T02:38:59.435269,38.367001,-110.714658,38.3670388,-110.71465188
2025-05-28T02:38:59.935583,38.367001,-110.714658,38.3670388367,-110.7146518817
2025-05-28T02:39:00.435366,38.367001,-110.714658,38.3670388633,-110.714651885
2025-05-28T02:39:00.935353,38.367001,-110.714658,38.367038885,-110.714651885
2025-05-28T02:39:01.435343,38.367001,-110.714658,38.367038885,-110.714651885
2025-05-28T02:39:01.935417,38.367001,-110.714658,38.3670389133,-110.714651885
2025-05-28T02:39:02.435428,38.367001,-110.714658,38.3670389317,-110.7146518817
2025-05-28T02:39:02.935342,38.367001,-110.714658,38.3670389617,-110.7146518867
2025-05-28T02:39:03.435330,38.367001,-110.714658,38.3670389883,-110.7146518967
2025-05-28T02:39:03.935603,38.367001,-110.714658,38.367039015,-110.714651905
2025-05-28T02:39:04.435717,38.3670015,-110.714658,38.367039015,-110.714651905
2025-05-28T02:39:04.935380,38.3670015,-110.714658,38.36703906,-110.7146519183
2025-05-28T02:39:05.435557,38.3670015,-110.714658,38.3670390883,-110.7146519317
2025-05-28T02:39:05.935738,38.3670015,-110.714658,38.3670391317,-110.71465194
2025-05-28T02:39:06.437790,38.3670015,-110.714658,38.36703918,-110.7146519583
2025-05-28T02:39:06.936529,38.3670015,-110.714658,38.36703921,-110.7146519717
2025-05-28T02:39:07.435586,38.3670015,-110.714658,38.36703921,-110.7146519717
2025-05-28T02:39:07.935538,38.3670015,-110.714658,38.3670392217,-110.714651975
2025-05-28T02:39:08.435730,38.3670015,-110.714658,38.3670392117,-110.7146519883
2025-05-28T02:39:08.935635,38.3670015,-110.714658,38.3670391983,-110.714652
2025-05-28T02:39:09.435674,38.3670015,-110.714658,38.3670391933,-110.714652005
2025-05-28T02:39:09.935518,38.3670015,-110.714658,38.3670389317,-110.7146528533
2025-05-28T02:39:10.435433,38.3670015,-110.7146576667,38.3670389317,-110.7146528533
2025-05-28T02:39:10.935404,38.3670015,-110.7146576667,38.3670383883,-110.71465604
2025-05-28T02:39:11.435267,38.3670015,-110.7146576667,38.367038305,-110.7146587533
2025-05-28T02:39:11.935503,38.3670015,-110.7146576667,38.3670382783,-110.7146633883
2025-05-28T02:39:12.435421,38.3670013333,-110.7146576667,38.367037985,-110.71466624
2025-05-28T02:39:12.935195,38.3670013333,-110.7146576667,38.367037915,-110.7146696317
2025-05-28T02:39:13.435221,38.3670013333,-110.7146575,38.367037915,-110.7146696317
2025-05-28T02:39:13.935191,38.3670013333,-110.7146575,38.3670374333,-110.7146748867
2025-05-28T02:39:14.435291,38.3670013333,-110.7146575,38.3670374683,-110.7146779067
2025-05-28T02:39:14.935212,38.3670013333,-110.7146575,38.367038275,-110.71468166
2025-05-28T02:39:15.435573,38.3670011667,-110.7146575,38.367039025,-110.7146836433
2025-05-28T02:39:15.935130,38.3670011667,-110.7146575,38.3670397617,-110.7146856983
2025-05-28T02:39:16.435444,38.3670011667,-110.7146575,38.3670397617,-110.7146856983
2025-05-28T02:39:16.935490,38.3670011667,-110.7146575,38.36704074,-110.7146883333
2025-05-28T02:39:17.435527,38.3670011667,-110.7146575,38.36704102,-110.71468918
2025-05-28T02:39:17.935450,38.3670011667,-110.7146575,38.367041015,-110.7146892
2025-05-28T02:39:18.435275,38.3670011667,-110.7146575,38.3670410083,-110.7146892033
2025-05-28T02:39:18.935437,38.3670011667,-110.7146575,38.3670409933,-110.7146892233
2025-05-28T02:39:19.435409,38.367001,-110.7146573333,38.3670409933,-110.7146892233
2025-05-28T02:39:19.935222,38.367001,-110.7146573333,38.3670409967,-110.714689215
2025-05-28T02:39:20.435185,38.3670008333,-110.7146573333,38.3670409983,-110.71468922
2025-05-28T02:39:20.935147,38.3670008333,-110.7146573333,38.3670410033,-110.7146892283
2025-05-28T02:39:21.435352,38.3670008333,-110.7146573333,38.3670410167,-110.71468925
2025-05-28T02:39:21.935583,38.3670008333,-110.7146573333,38.3670410217,-110.7146892633
2025-05-28T02:39:22.435370,38.3670006667,-110.7146573333,38.3670410217,-110.7146892633
2025-05-28T02:39:22.935200,38.3670006667,-110.7146573333,38.3670410333,-110.714689255
2025-05-28T02:39:23.435485,38.3670006667,-110.7146573333,38.3670410383,-110.7146892517
2025-05-28T02:39:23.935284,38.3670006667,-110.7146573333,38.36704104,-110.71468925
2025-05-28T02:39:24.435284,38.3670005,-110.7146573333,38.3670410517,-110.714689245
2025-05-28T02:39:24.935175,38.3670005,-110.7146573333,38.3670410667,-110.7146892233
2025-05-28T02:39:25.435325,38.3670005,-110.7146571667,38.3670410667,-110.7146892233
2025-05-28T02:39:25.935251,38.3670005,-110.7146571667,38.3670410817,-110.7146891817
2025-05-28T02:39:26.435263,38.3670005,-110.7146571667,38.3670410867,-110.7146891567
2025-05-28T02:39:26.935629,38.3670005,-110.7146571667,38.3670410833,-110.7146890917
2025-05-28T02:39:27.435573,38.3670003333,-110.7146573333,38.3670410767,-110.7146890683
2025-05-28T02:39:27.935202,38.3670003333,-110.7146573333,38.367041065,-110.7146890383
2025-05-28T02:39:28.435267,38.3670003333,-110.7146573333,38.367041065,-110.7146890383
2025-05-28T02:39:28.935299,38.3670003333,-110.7146573333,38.3670410483,-110.7146889867
2025-05-28T02:39:29.435197,38.3670003333,-110.7146573333,38.3670410433,-110.7146889517
2025-05-28T02:39:29.935311,38.3670003333,-110.7146573333,38.367041035,-110.7146889067
2025-05-28T02:39:30.435507,38.3670001667,-110.7146573333,38.3670410317,-110.7146888783
2025-05-28T02:39:30.935472,38.3670001667,-110.7146573333,38.36704103,-110.7146888517
2025-05-28T02:39:31.435197,38.3670001667,-110.7146573333,38.36704103,-110.7146888517
2025-05-28T02:39:31.935302,38.3670001667,-110.7146573333,38.3670410267,-110.7146888183
2025-05-28T02:39:32.435398,38.367,-110.7146573333,38.3670409833,-110.7146886583
2025-05-28T02:39:32.935215,38.367,-110.7146573333,38.3670408567,-110.7146884
2025-05-28T02:39:33.435369,38.367,-110.7146571667,38.3670408283,-110.71468828
2025-05-28T02:39:33.935167,38.367,-110.7146571667,38.367040855,-110.7146881883
2025-05-28T02:39:34.435185,38.367,-110.7146571667,38.367040855,-110.7146881883
2025-05-28T02:39:34.935249,38.367,-110.7146571667,38.3670409233,-110.7146879867
2025-05-28T02:39:35.435365,38.3669998333,-110.7146571667,38.3670409667,-110.7146878367
2025-05-28T02:39:35.935373,38.3669998333,-110.7146571667,38.367041035,-110.7146876233
2025-05-28T02:39:36.435186,38.3669998333,-110.7146571667,38.36704109,-110.7146875167
2025-05-28T02:39:36.935418,38.3669998333,-110.7146571667,38.3670411517,-110.71468733
2025-05-28T02:39:37.435096,38.3669998333,-110.7146571667,38.3670411517,-110.71468733
2025-05-28T02:39:37.935112,38.3669998333,-110.7146571667,38.367041185,-110.7146871533
2025-05-28T02:39:38.435224,38.3669996667,-110.7146571667,38.3670412583,-110.7146870383
2025-05-28T02:39:38.935183,38.3669996667,-110.7146571667,38.3670413433,-110.7146868667
2025-05-28T02:39:39.435323,38.3669996667,-110.7146571667,38.3670414333,-110.71468682
2025-05-28T02:39:39.935663,38.3669996667,-110.7146571667,38.3670414983,-110.7146867383
2025-05-28T02:39:40.435311,38.3669996667,-110.7146571667,38.3670414983,-110.7146867383
2025-05-28T02:39:40.935316,38.3669996667,-110.7146571667,38.367041545,-110.7146865933
2025-05-28T02:39:41.435430,38.3669995,-110.7146571667,38.367041565,-110.7146864983
2025-05-28T02:39:41.935202,38.3669995,-110.7146571667,38.3670415933,-110.71468638
2025-05-28T02:39:42.435217,38.3669995,-110.7146571667,38.3670416083,-110.71468635
2025-05-28T02:39:42.935157,38.3669995,-110.7146571667,38.367041625,-110.7146863333
2025-05-28T02:39:43.435150,38.3669995,-110.7146571667,38.367041625,-110.7146863333
2025-05-28T02:39:43.935145,38.3669995,-110.7146571667,38.3670416717,-110.7146862983
2025-05-28T02:39:44.435258,38.3669995,-110.7146571667,38.3670417167,-110.7146862533
2025-05-28T02:39:44.935184,38.3669995,-110.7146571667,38.367041745,-110.7146861817
2025-05-28T02:39:45.435201,38.3669995,-110.7146571667,38.36704179,-110.71468624
2025-05-28T02:39:45.935132,38.3669995,-110.7146571667,38.3670418583,-110.7146862183
2025-05-28T02:39:46.435281,38.3669995,-110.7146571667,38.3670418583,-110.7146862183
2025-05-28T02:39:46.935268,38.3669995,-110.7146571667,38.36704198,-110.7146861917
2025-05-28T02:39:47.435153,38.3669995,-110.7146571667,38.3670419917,-110.7146862133
2025-05-28T02:39:47.935242,38.3669995,-110.7146571667,38.3670421083,-110.7146862383
2025-05-28T02:39:48.435361,38.3669995,-110.7146571667,38.367042185,-110.7146862467
2025-05-28T02:39:48.935214,38.3669995,-110.7146571667,38.3670422333,-110.7146862717
2025-05-28T02:39:49.435174,38.3669995,-110.7146571667,38.3670422333,-110.7146862717
2025-05-28T02:39:49.935296,38.3669995,-110.7146571667,38.3670422417,-110.714686275
2025-05-28T02:39:50.435331,38.3669995,-110.7146571667,38.3670422367,-110.7146863183
2025-05-28T02:39:50.935285,38.3669995,-110.7146571667,38.3670422733,-110.714686315
2025-05-28T02:39:51.435419,38.3669995,-110.7146573333,38.3670423017,-110.7146862683
2025-05-28T02:39:51.935366,38.3669995,-110.7146573333,38.3670423433,-110.7146862117
2025-05-28T02:39:52.435297,38.3669995,-110.7146573333,38.3670423433,-110.7146862117
2025-05-28T02:39:52.935138,38.3669995,-110.7146573333,38.3670423717,-110.7146861617
2025-05-28T02:39:53.435270,38.3669995,-110.7146571667,38.3670423717,-110.714686115
2025-05-28T02:39:53.935254,38.3669995,-110.7146571667,38.3670423833,-110.714686125
2025-05-28T02:39:54.435195,38.3669996667,-110.7146571667,38.3670424267,-110.7146861467
2025-05-28T02:39:54.935467,38.3669996667,-110.7146571667,38.36704241,-110.71468619
2025-05-28T02:39:55.435136,38.3669996667,-110.7146571667,38.36704241,-110.71468619
2025-05-28T02:39:55.935243,38.3669996667,-110.7146571667,38.36704241,-110.714686275
2025-05-28T02:39:56.435117,38.3669996667,-110.7146571667,38.3670423983,-110.7146863317
2025-05-28T02:39:56.935147,38.3669996667,-110.7146571667,38.3670423233,-110.71468636
2025-05-28T02:39:57.435200,38.3669996667,-110.7146571667,38.3670422567,-110.7146863883
2025-05-28T02:39:57.935212,38.3669996667,-110.7146571667,38.3670422433,-110.7146863217
2025-05-28T02:39:58.435371,38.3669996667,-110.7146571667,38.3670422433,-110.7146863217
2025-05-28T02:39:58.935183,38.3669996667,-110.7146571667,38.3670421733,-110.7146863133
2025-05-28T02:39:59.435182,38.3669998333,-110.7146571667,38.36704213,-110.714686335
2025-05-28T02:39:59.935113,38.3669998333,-110.7146571667,38.3670420767,-110.7146862983
2025-05-28T02:40:00.435338,38.3669998333,-110.7146571667,38.3670420433,-110.714686295
2025-05-28T02:40:00.935183,38.3669998333,-110.7146571667,38.367042005,-110.7146862883
2025-05-28T02:40:01.435257,38.367,-110.7146571667,38.367042005,-110.7146862883
2025-05-28T02:40:01.935347,38.367,-110.7146571667,38.367041935,-110.7146863083
2025-05-28T02:40:02.435314,38.367,-110.7146571667,38.3670419033,-110.7146863217
2025-05-28T02:40:02.935482,38.367,-110.7146571667,38.3670418033,-110.7146864117
2025-05-28T02:40:03.435174,38.367,-110.7146571667,38.36704175,-110.7146864617
2025-05-28T02:40:03.935057,38.367,-110.7146571667,38.3670416867,-110.7146865233
2025-05-28T02:40:04.435196,38.3670001667,-110.7146571667,38.3670416867,-110.7146865233
2025-05-28T02:40:04.935137,38.3670001667,-110.7146571667,38.36704159,-110.71468662
2025-05-28T02:40:05.435320,38.3670001667,-110.7146571667,38.3670415567,-110.7146867033
2025-05-28T02:40:05.935174,38.3670001667,-110.7146571667,38.3670414983,-110.7146867967
2025-05-28T02:40:06.435288,38.3670001667,-110.7146571667,38.3670414767,-110.7146868533
2025-05-28T02:40:06.935175,38.3670001667,-110.7146571667,38.367041455,-110.7146869233
2025-05-28T02:40:07.435160,38.3670003333,-110.7146571667,38.367041455,-110.7146869233
2025-05-28T02:40:07.935348,38.3670003333,-110.7146571667,38.36704143,-110.7146870383
2025-05-28T02:40:08.435386,38.3670003333,-110.7146571667,38.3670414117,-110.7146871333
2025-05-28T02:40:08.935374,38.3670003333,-110.7146571667,38.3670413767,-110.7146872933
2025-05-28T02:40:09.435238,38.3670005,-110.7146571667,38.36704136,-110.714687375
2025-05-28T02:40:09.935211,38.3670005,-110.7146571667,38.3670413417,-110.7146874533
2025-05-28T02:40:10.435702,38.3670005,-110.7146571667,38.3670413417,-110.7146874533
2025-05-28T02:40:10.935172,38.3670005,-110.7146571667,38.3670413333,-110.7146875467
2025-05-28T02:40:11.435218,38.3670006667,-110.7146571667,38.3670413067,-110.7146876333
2025-05-28T02:40:11.935195,38.3670006667,-110.7146571667,38.3670412933,-110.7146877017
2025-05-28T02:40:12.435208,38.3670006667,-110.7146571667,38.3670412917,-110.7146877583
2025-05-28T02:40:12.935180,38.3670006667,-110.7146571667,38.3670412983,-110.7146878333
2025-05-28T02:40:13.435456,38.3670006667,-110.7146571667,38.3670412983,-110.7146878333
2025-05-28T02:40:13.935315,38.3670006667,-110.7146571667,38.3670412783,-110.714687965
2025-05-28T02:40:14.435557,38.3670008333,-110.714657,38.3670412717,-110.7146880467
2025-05-28T02:40:14.935159,38.3670008333,-110.714657,38.3670412567,-110.7146881617
2025-05-28T02:40:15.435188,38.3670008333,-110.714657,38.36704126,-110.71468825
2025-05-28T02:40:15.935291,38.3670008333,-110.714657,38.3670412633,-110.71468836
2025-05-28T02:40:16.435451,38.3670008333,-110.714657,38.3670412633,-110.71468836
2025-05-28T02:40:16.935552,38.3670008333,-110.714657,38.3670412617,-110.7146885167
2025-05-28T02:40:17.435135,38.367001,-110.714657,38.3670412817,-110.7146885983
2025-05-28T02:40:17.935475,38.367001,-110.714657,38.3670412817,-110.7146887467
2025-05-28T02:40:18.435294,38.367001,-110.714657,38.367041275,-110.71468885
2025-05-28T02:40:18.935351,38.367001,-110.714657,38.36704127,-110.714688945
2025-05-28T02:40:19.435390,38.367001,-110.714657,38.36704127,-110.714688945
2025-05-28T02:40:19.935208,38.367001,-110.714657,38.3670412633,-110.7146890883
2025-05-28T02:40:20.435403,38.367001,-110.714657,38.3670412583,-110.71468919
2025-05-28T02:40:20.935156,38.367001,-110.714657,38.3670412467,-110.71468933
2025-05-28T02:40:21.435302,38.367001,-110.7146571667,38.367041235,-110.7146894283
2025-05-28T02:40:21.935319,38.367001,-110.7146571667,38.3670412217,-110.7146895167
2025-05-28T02:40:22.435326,38.367001,-110.7146571667,38.3670412217,-110.7146895167
2025-05-28T02:40:22.935112,38.367001,-110.7146571667,38.3670412317,-110.7146895767
2025-05-28T02:40:23.435224,38.367001,-110.7146571667,38.367041265,-110.7146896183
2025-05-28T02:40:23.935290,38.367001,-110.7146571667,38.3670413067,-110.7146896883
2025-05-28T02:40:24.435400,38.367001,-110.7146571667,38.3670412983,-110.71468979
2025-05-28T02:40:24.935163,38.367001,-110.7146571667,38.36704132,-110.7146898383
2025-05-28T02:40:25.435154,38.367001,-110.7146571667,38.36704132,-110.7146898383
2025-05-28T02:40:25.935329,38.367001,-110.7146571667,38.36704131,-110.714689985
2025-05-28T02:40:26.435393,38.367001,-110.7146571667,38.3670413,-110.7146900833
2025-05-28T02:40:26.935098,38.367001,-110.7146571667,38.367041365,-110.7146901417
2025-05-28T02:40:27.435255,38.367001,-110.7146571667,38.36704141,-110.71469019
2025-05-28T02:40:27.935287,38.367001,-110.7146571667,38.3670414533,-110.71469024
2025-05-28T02:40:28.435150,38.367001,-110.7146571667,38.3670414533,-110.71469024
2025-05-28T02:40:28.935319,38.367001,-110.7146571667,38.36704151,-110.7146903267
2025-05-28T02:40:29.435201,38.367001,-110.7146571667,38.367041535,-110.7146903867
2025-05-28T02:40:29.935191,38.367001,-110.7146571667,38.367041545,-110.71469049
2025-05-28T02:40:30.435275,38.367001,-110.7146571667,38.3670415467,-110.714690565
2025-05-28T02:40:30.935370,38.367001,-110.7146571667,38.3670415467,-110.7146906417
2025-05-28T02:40:31.435261,38.3670008333,-110.7146571667,38.3670415467,-110.7146906417
2025-05-28T02:40:31.935246,38.3670008333,-110.7146571667,38.3670415617,-110.7146907267
2025-05-28T02:40:32.435247,38.3670008333,-110.7146571667,38.3670415733,-110.7146907983
2025-05-28T02:40:32.935208,38.3670008333,-110.7146571667,38.3670415167,-110.7146909467
2025-05-28T02:40:33.435425,38.3670008333,-110.7146571667,38.3670415033,-110.7146910167
2025-05-28T02:40:33.935117,38.3670008333,-110.7146571667,38.367041495,-110.714691085
2025-05-28T02:40:34.435185,38.3670008333,-110.7146571667,38.367041495,-110.714691085
2025-05-28T02:40:34.935371,38.3670008333,-110.7146571667,38.3670414983,-110.7146911517
2025-05-28T02:40:35.435240,38.3670006667,-110.714657,38.3670414917,-110.7146912017
2025-05-28T02:40:35.935164,38.3670006667,-110.714657,38.36704147,-110.7146912833
2025-05-28T02:40:36.435357,38.3670006667,-110.714657,38.3670414583,-110.714691335
2025-05-28T02:40:36.935146,38.3670006667,-110.714657,38.3670414417,-110.7146913817
2025-05-28T02:40:37.435146,38.3670006667,-110.714657,38.3670414417,-110.7146913817
2025-05-28T02:40:37.935294,38.3670006667,-110.714657,38.3670414233,-110.7146914483
2025-05-28T02:40:38.435223,38.3670006667,-110.714657,38.3670414083,-110.7146914983
2025-05-28T02:40:38.935172,38.3670006667,-110.714657,38.3670413933,-110.7146915683
2025-05-28T02:40:39.435392,38.3670006667,-110.714657,38.3670413833,-110.714691625
2025-05-28T02:40:39.935769,38.3670006667,-110.714657,38.3670413783,-110.71469167
2025-05-28T02:40:40.435715,38.3670005,-110.714657,38.3670413783,-110.71469167
2025-05-28T02:40:40.935276,38.3670005,-110.714657,38.3670413617,-110.7146917483
2025-05-28T02:40:41.435140,38.3670005,-110.714657,38.3670413517,-110.7146918
2025-05-28T02:40:41.935278,38.3670005,-110.714657,38.36704134,-110.714691865
2025-05-28T02:40:42.435243,38.3670005,-110.714657,38.367041325,-110.714691915
2025-05-28T02:40:42.935327,38.3670005,-110.714657,38.3670413033,-110.71469197
2025-05-28T02:40:43.435341,38.3670005,-110.714657,38.3670413033,-110.71469197
2025-05-28T02:40:43.935144,38.3670005,-110.714657,38.36704126,-110.7146920633
2025-05-28T02:40:44.435159,38.3670005,-110.714657,38.3670412233,-110.7146921283
2025-05-28T02:40:44.935222,38.3670005,-110.714657,38.367041185,-110.7146922333
2025-05-28T02:40:45.435707,38.3670005,-110.714657,38.3670411667,-110.7146923017
2025-05-28T02:40:45.935588,38.3670005,-110.714657,38.36704115,-110.7146923583
2025-05-28T02:40:46.435178,38.3670003333,-110.714657,38.36704115,-110.7146923583
2025-05-28T02:40:46.935193,38.3670003333,-110.714657,38.367041145,-110.714692405
2025-05-28T02:40:47.435353,38.3670003333,-110.714657,38.3670411367,-110.7146924583
2025-05-28T02:40:47.935249,38.3670003333,-110.714657,38.3670411283,-110.7146925167
2025-05-28T02:40:48.435415,38.3670003333,-110.714657,38.3670411167,-110.7146925617
2025-05-28T02:40:48.935209,38.3670003333,-110.714657,38.3670411083,-110.714692605
2025-05-28T02:40:49.435173,38.3670003333,-110.714657,38.3670411083,-110.714692605
2025-05-28T02:40:49.935384,38.3670003333,-110.714657,38.3670410967,-110.7146926717
2025-05-28T02:40:50.435269,38.3670003333,-110.7146571667,38.3670410833,-110.71469272
2025-05-28T02:40:50.935300,38.3670003333,-110.7146571667,38.3670410717,-110.7146927833
2025-05-28T02:40:51.435461,38.3670003333,-110.7146571667,38.3670410617,-110.7146928383
2025-05-28T02:40:51.935130,38.3670003333,-110.7146571667,38.36704106,-110.7146928733
2025-05-28T02:40:52.435209,38.3670003333,-110.7146571667,38.36704106,-110.7146928733
2025-05-28T02:40:52.935161,38.3670003333,-110.7146571667,38.3670410733,-110.7146929083
2025-05-28T02:40:53.435182,38.3670003333,-110.7146571667,38.3670410833,-110.7146929383
2025-05-28T02:40:53.935318,38.3670003333,-110.7146571667,38.3670411017,-110.7146929683
2025-05-28T02:40:54.435481,38.3670003333,-110.7146573333,38.3670411117,-110.7146929883
2025-05-28T02:40:54.935147,38.3670003333,-110.7146573333,38.3670411167,-110.7146930167
2025-05-28T02:40:55.435221,38.3670003333,-110.7146573333,38.3670411167,-110.7146930167
2025-05-28T02:40:55.935542,38.3670003333,-110.7146573333,38.3670411183,-110.7146930767
2025-05-28T02:40:56.435288,38.3670001667,-110.7146573333,38.3670411083,-110.7146931533
2025-05-28T02:40:56.935107,38.3670001667,-110.7146573333,38.36704108,-110.71469329
2025-05-28T02:40:57.435265,38.3670003333,-110.7146573333,38.3670410683,-110.7146933633
2025-05-28T02:40:57.935596,38.3670003333,-110.7146573333,38.3670410517,-110.714693445
2025-05-28T02:40:58.435164,38.3670003333,-110.7146573333,38.3670410517,-110.714693445
2025-05-28T02:40:58.935168,38.3670003333,-110.7146573333,38.367041015,-110.7146935833
2025-05-28T02:40:59.435493,38.3670003333,-110.7146573333,38.367041005,-110.7146936483
2025-05-28T02:40:59.935083,38.3670003333,-110.7146573333,38.3670410183,-110.7146937
2025-05-28T02:41:00.435543,38.3670003333,-110.7146573333,38.3670410117,-110.7146938017
2025-05-28T02:41:00.935433,38.3670003333,-110.7146573333,38.3670410233,-110.71469387
2025-05-28T02:41:01.435246,38.3670003333,-110.7146573333,38.3670410233,-110.71469387
2025-05-28T02:41:01.935251,38.3670003333,-110.7146573333,38.3670410333,-110.714693965
2025-05-28T02:41:02.435460,38.3670003333,-110.7146573333,38.3670410317,-110.7146940067
2025-05-28T02:41:02.935261,38.3670003333,-110.7146573333,38.3670410283,-110.71469405
2025-05-28T02:41:03.435343,38.3670003333,-110.7146573333,38.3670410183,-110.7146940833
2025-05-28T02:41:03.935640,38.3670003333,-110.7146573333,38.3670409933,-110.714694145
2025-05-28T02:41:04.435138,38.3670005,-110.7146573333,38.3670409933,-110.714694145
2025-05-28T02:41:04.935420,38.3670005,-110.7146573333,38.36704096,-110.7146942167
2025-05-28T02:41:05.435287,38.3670005,-110.7146573333,38.36704094,-110.7146942533
2025-05-28T02:41:05.935212,38.3670005,-110.7146573333,38.3670409133,-110.7146943
2025-05-28T02:41:06.435243,38.3670005,-110.7146573333,38.367040895,-110.7146943383
2025-05-28T02:41:06.935183,38.3670005,-110.7146573333,38.36704089,-110.7146943533
2025-05-28T02:41:07.435185,38.3670005,-110.7146573333,38.36704089,-110.7146943533
2025-05-28T02:41:07.935286,38.3670005,-110.7146573333,38.3670408833,-110.7146943733
2025-05-28T02:41:08.435183,38.3670005,-110.7146573333,38.3670408717,-110.7146944067
2025-05-28T02:41:08.935324,38.3670005,-110.7146573333,38.367040855,-110.7146944467
2025-05-28T02:41:09.435206,38.3670006667,-110.7146571667,38.3670408383,-110.7146944883
2025-05-28T02:41:09.935084,38.3670006667,-110.7146571667,38.36704082,-110.7146945167
2025-05-28T02:41:10.435289,38.3670006667,-110.7146571667,38.36704082,-110.7146945167
2025-05-28T02:41:10.935162,38.3670006667,-110.7146571667,38.36704078,-110.7146945667
2025-05-28T02:41:11.435149,38.3670006667,-110.7146571667,38.3670407517,-110.7146946117
2025-05-28T02:41:11.935245,38.3670006667,-110.7146571667,38.3670407167,-110.714694665
2025-05-28T02:41:12.435470,38.3670006667,-110.7146571667,38.3670406867,-110.7146946967
2025-05-28T02:41:12.935285,38.3670006667,-110.7146571667,38.3670406483,-110.71469473
2025-05-28T02:41:13.435188,38.3670006667,-110.7146571667,38.3670406483,-110.71469473
2025-05-28T02:41:13.935305,38.3670006667,-110.7146571667,38.3670406,-110.71469479
2025-05-28T02:41:14.435207,38.3670006667,-110.714657,38.3670405717,-110.7146948367
2025-05-28T02:41:14.935266,38.3670006667,-110.714657,38.3670405217,-110.7146948917
2025-05-28T02:41:15.435496,38.3670008333,-110.714657,38.3670404833,-110.71469494
2025-05-28T02:41:15.935168,38.3670008333,-110.714657,38.3670404483,-110.7146949733
2025-05-28T02:41:16.435281,38.3670008333,-110.714657,38.3670404483,-110.7146949733
2025-05-28T02:41:16.935178,38.3670008333,-110.714657,38.3670404,-110.7146950083
2025-05-28T02:41:17.435235,38.3670008333,-110.714657,38.3670403733,-110.71469503
2025-05-28T02:41:17.935175,38.3670008333,-110.714657,38.3670403283,-110.714695045
2025-05-28T02:41:18.435213,38.3670008333,-110.714657,38.3670403067,-110.7146950667
2025-05-28T02:41:18.935254,38.3670008333,-110.714657,38.3670402867,-110.7146950733
2025-05-28T02:41:19.435202,38.3670008333,-110.7146568333,38.3670402867,-110.7146950733
2025-05-28T02:41:19.935163,38.3670008333,-110.7146568333,38.3670402383,-110.71469507
2025-05-28T02:41:20.435176,38.3670008333,-110.7146568333,38.3670402067,-110.7146950767
2025-05-28T02:41:20.935147,38.3670008333,-110.7146568333,38.36704017,-110.7146950933
2025-05-28T02:41:21.435409,38.3670008333,-110.7146568333,38.3670401317,-110.7146950967
2025-05-28T02:41:21.935225,38.3670008333,-110.7146568333,38.3670400933,-110.7146951333
2025-05-28T02:41:22.435258,38.367001,-110.7146568333,38.3670400933,-110.7146951333
2025-05-28T02:41:22.935199,38.367001,-110.7146568333,38.36704005,-110.714695105
2025-05-28T02:41:23.435127,38.367001,-110.7146568333,38.3670400167,-110.71469511
2025-05-28T02:41:23.935281,38.367001,-110.7146568333,38.3670399717,-110.7146951183
2025-05-28T02:41:24.435211,38.367001,-110.7146568333,38.3670399317,-110.714695125
2025-05-28T02:41:24.935341,38.367001,-110.7146568333,38.3670398867,-110.714695125
2025-05-28T02:41:25.435274,38.367001,-110.7146568333,38.3670398867,-110.714695125
2025-05-28T02:41:25.935249,38.367001,-110.7146568333,38.3670398283,-110.7146951383
2025-05-28T02:41:26.435085,38.367001,-110.7146568333,38.3670397833,-110.71469515
2025-05-28T02:41:26.935171,38.367001,-110.7146568333,38.367039725,-110.714695145
2025-05-28T02:41:27.435325,38.3670011667,-110.7146568333,38.3670396917,-110.7146951617
2025-05-28T02:41:27.935334,38.3670011667,-110.7146568333,38.367039655,-110.7146951817
2025-05-28T02:41:28.435150,38.3670011667,-110.7146568333,38.367039655,-110.7146951817
2025-05-28T02:41:28.935178,38.3670011667,-110.7146568333,38.3670396217,-110.7146951867
2025-05-28T02:41:29.435145,38.3670011667,-110.7146568333,38.3670395933,-110.7146951767
2025-05-28T02:41:29.935168,38.3670011667,-110.7146568333,38.3670395333,-110.71469518
2025-05-28T02:41:30.435267,38.3670011667,-110.7146568333,38.3670395,-110.7146951633
2025-05-28T02:41:30.935134,38.3670011667,-110.7146568333,38.3670394667,-110.7146951317
2025-05-28T02:41:31.435339,38.3670011667,-110.7146568333,38.3670394667,-110.7146951317
2025-05-28T02:41:31.935116,38.3670011667,-110.7146568333,38.3670394017,-110.7146951117
2025-05-28T02:41:32.435344,38.3670011667,-110.7146568333,38.36703936,-110.7146951033
2025-05-28T02:41:32.935101,38.3670011667,-110.7146568333,38.3670393033,-110.7146951067
2025-05-28T02:41:33.435412,38.3670011667,-110.7146568333,38.3670392633,-110.7146951133
2025-05-28T02:41:33.935156,38.3670011667,-110.7146568333,38.3670392233,-110.71469511
2025-05-28T02:41:34.435123,38.3670011667,-110.7146568333,38.3670392233,-110.71469511
2025-05-28T02:41:34.935214,38.3670011667,-110.7146568333,38.3670391733,-110.7146951083
2025-05-28T02:41:35.435114,38.3670011667,-110.7146568333,38.3670391417,-110.7146951167
2025-05-28T02:41:35.935274,38.3670011667,-110.7146568333,38.3670390767,-110.7146951017
2025-05-28T02:41:36.435351,38.367001,-110.7146568333,38.3670390333,-110.71469509
2025-05-28T02:41:36.935194,38.367001,-110.7146568333,38.36703899,-110.7146950933
2025-05-28T02:41:37.435164,38.367001,-110.7146568333,38.36703899,-110.7146950933
2025-05-28T02:41:37.935286,38.367001,-110.7146568333,38.3670389217,-110.7146950983
2025-05-28T02:41:38.435340,38.367001,-110.7146568333,38.3670388933,-110.7146950933
2025-05-28T02:41:38.935132,38.367001,-110.7146568333,38.3670388483,-110.7146950967
2025-05-28T02:41:39.435280,38.367001,-110.7146568333,38.3670388033,-110.71469508
2025-05-28T02:41:39.935159,38.367001,-110.7146568333,38.3670387617,-110.7146950817
2025-05-28T02:41:40.435224,38.367001,-110.714657,38.3670387617,-110.7146950817
2025-05-28T02:41:40.935341,38.367001,-110.714657,38.3670386983,-110.71469505
2025-05-28T02:41:41.435276,38.367001,-110.714657,38.367038655,-110.7146950383
2025-05-28T02:41:41.935394,38.367001,-110.714657,38.3670386033,-110.7146950317
2025-05-28T02:41:42.435173,38.367001,-110.714657,38.3670385767,-110.71469502
2025-05-28T02:41:42.935305,38.367001,-110.714657,38.3670385567,-110.7146949833
2025-05-28T02:41:43.435259,38.3670008333,-110.714657,38.3670385567,-110.7146949833
2025-05-28T02:41:43.935217,38.3670008333,-110.714657,38.367038525,-110.7146949717
2025-05-28T02:41:44.435192,38.3670008333,-110.714657,38.3670384967,-110.7146949633
2025-05-28T02:41:44.935268,38.3670008333,-110.714657,38.3670384483,-110.7146949517
2025-05-28T02:41:45.435257,38.3670008333,-110.714657,38.367038405,-110.71469494
2025-05-28T02:41:45.935278,38.3670008333,-110.714657,38.367038365,-110.71469495
2025-05-28T02:41:46.435327,38.3670008333,-110.714657,38.367038365,-110.71469495
2025-05-28T02:41:46.935510,38.3670008333,-110.714657,38.3670383,-110.7146949233
2025-05-28T02:41:47.435349,38.3670008333,-110.714657,38.3670382617,-110.7146948933
2025-05-28T02:41:47.935440,38.3670008333,-110.714657,38.36703822,-110.71469485
2025-05-28T02:41:48.435275,38.3670006667,-110.714657,38.3670381933,-110.71469482
2025-05-28T02:41:48.935209,38.3670006667,-110.714657,38.367038165,-110.7146948017
2025-05-28T02:41:49.435224,38.3670006667,-110.714657,38.367038165,-110.7146948017
2025-05-28T02:41:49.935401,38.3670006667,-110.714657,38.3670381367,-110.714694795
2025-05-28T02:41:50.435343,38.3670006667,-110.7146571667,38.3670381083,-110.7146947867
2025-05-28T02:41:50.935124,38.3670006667,-110.7146571667,38.3670380733,-110.7146947333
2025-05-28T02:41:51.435333,38.3670006667,-110.7146571667,38.367038045,-110.7146947083
2025-05-28T02:41:51.935226,38.3670006667,-110.7146571667,38.3670380133,-110.7146946867
2025-05-28T02:41:52.435424,38.3670005,-110.7146571667,38.3670380133,-110.7146946867
2025-05-28T02:41:52.935211,38.3670005,-110.7146571667,38.3670379633,-110.7146946633
2025-05-28T02:41:53.435166,38.3670005,-110.7146571667,38.3670379283,-110.7146946533
2025-05-28T02:41:53.935234,38.3670005,-110.7146571667,38.36703788,-110.714694625
2025-05-28T02:41:54.435295,38.3670005,-110.7146571667,38.3670378567,-110.714694615
2025-05-28T02:41:54.935352,38.3670005,-110.7146571667,38.3670378283,-110.714694605
2025-05-28T02:41:55.435169,38.3670005,-110.7146571667,38.3670378283,-110.714694605
2025-05-28T02:41:55.935382,38.3670005,-110.7146571667,38.3670377583,-110.7146945983
