2025-05-28T02:56:28.059248,0,0,38.36702492,-110.71469697
2025-05-28T02:56:28.559033,0,0,38.3670249133,-110.71469698
2025-05-28T02:56:29.059131,0,0,38.367024905,-110.7146969917
2025-05-28T02:56:29.559128,38.3670023333,-110.7146553333,38.3670248667,-110.7146970367
2025-05-28T02:56:30.059103,38.3670023333,-110.7146553333,38.367024825,-110.714697075
2025-05-28T02:56:30.559023,38.3670023333,-110.7146553333,38.367024795,-110.7146970983
2025-05-28T02:56:31.059140,38.3670023333,-110.7146553333,38.3670247683,-110.7146971283
2025-05-28T02:56:31.558984,38.3670025,-110.7146553333,38.367024755,-110.7146971467
2025-05-28T02:56:32.059121,38.3670025,-110.7146553333,38.3670247317,-110.714697175
2025-05-28T02:56:32.559094,38.3670025,-110.7146553333,38.3670247117,-110.714697205
2025-05-28T02:56:33.059081,38.3670025,-110.7146553333,38.36702469,-110.7146972383
2025-05-28T02:56:33.559147,38.3670025,-110.7146553333,38.3670246783,-110.7146972617
2025-05-28T02:56:34.059153,38.3670025,-110.7146553333,38.3670246667,-110.7146972833
2025-05-28T02:56:34.559035,38.3670026667,-110.7146553333,38.3670246633,-110.7146972967
2025-05-28T02:56:35.059153,38.3670026667,-110.7146553333,38.3670246583,-110.71469731
2025-05-28T02:56:35.559081,38.3670026667,-110.7146553333,38.36702465,-110.714697345
2025-05-28T02:56:36.059056,38.3670026667,-110.7146553333,38.3670246467,-110.7146973733
2025-05-28T02:56:36.559169,38.3670026667,-110.7146553333,38.3670246467,-110.7146973833
2025-05-28T02:56:37.059148,38.3670026667,-110.7146553333,38.3670246483,-110.714697395
2025-05-28T02:56:37.559065,38.3670028333,-110.7146553333,38.36702465,-110.7146974017
2025-05-28T02:56:38.059084,38.3670028333,-110.7146553333,38.36702465,-110.71469741
2025-05-28T02:56:38.559185,38.3670028333,-110.7146553333,38.367024655,-110.71469743
2025-05-28T02:56:39.059164,38.3670028333,-110.7146553333,38.3670246583,-110.71469745
2025-05-28T02:56:39.559014,38.367003,-110.7146553333,38.36702466,-110.7146974633
2025-05-28T02:56:40.059209,38.367003,-110.7146553333,38.3670246633,-110.7146974733
2025-05-28T02:56:40.559111,38.367003,-110.7146553333,38.3670246667,-110.7146974767
2025-05-28T02:56:41.059125,38.367003,-110.7146553333,38.3670246633,-110.7146974867
2025-05-28T02:56:41.559202,38.367003,-110.7146553333,38.3670246517,-110.714697515
2025-05-28T02:56:42.059063,38.367003,-110.7146553333,38.3670246383,-110.7146975467
2025-05-28T02:56:42.559013,38.367003,-110.7146553333,38.3670246317,-110.7146975717
2025-05-28T02:56:43.059058,38.367003,-110.7146553333,38.367024625,-110.7146975983
2025-05-28T02:56:43.559028,38.367003,-110.7146553333,38.3670246233,-110.7146976117
2025-05-28T02:56:44.059049,38.367003,-110.7146553333,38.3670246183,-110.7146976383
2025-05-28T02:56:44.559165,38.367003,-110.7146553333,38.367024615,-110.7146976617
2025-05-28T02:56:45.059267,38.367003,-110.7146553333,38.3670246083,-110.714697695
2025-05-28T02:56:45.559200,38.3670031667,-110.7146553333,38.3670246033,-110.71469772
2025-05-28T02:56:46.059124,38.3670031667,-110.7146553333,38.3670245983,-110.714697745
2025-05-28T02:56:46.559104,38.3670031667,-110.7146553333,38.3670245967,-110.7146977583
2025-05-28T02:56:47.059262,38.3670031667,-110.7146553333,38.367024595,-110.7146977717
2025-05-28T02:56:47.559070,38.3670031667,-110.7146553333,38.3670245917,-110.7146978117
2025-05-28T02:56:48.059028,38.3670031667,-110.7146553333,38.3670246017,-110.714697845
2025-05-28T02:56:48.559098,38.3670031667,-110.7146553333,38.3670246067,-110.7146978667
2025-05-28T02:56:49.059204,38.3670031667,-110.7146553333,38.3670246117,-110.71469788
2025-05-28T02:56:49.559183,38.3670031667,-110.7146553333,38.3670246133,-110.7146978817
2025-05-28T02:56:50.059118,38.3670031667,-110.7146553333,38.367024615,-110.714697885
2025-05-28T02:56:50.559037,38.3670031667,-110.7146553333,38.3670246217,-110.7146978833
2025-05-28T02:56:51.059010,38.3670031667,-110.7146553333,38.367024625,-110.7146978867
2025-05-28T02:56:51.559146,38.3670031667,-110.7146555,38.367024625,-110.7146978917
2025-05-28T02:56:52.059169,38.3670031667,-110.7146555,38.3670246233,-110.71469791
2025-05-28T02:56:52.559058,38.3670031667,-110.7146555,38.3670246233,-110.71469792
2025-05-28T02:56:53.059157,38.3670031667,-110.7146555,38.367024625,-110.7146979233
2025-05-28T02:56:53.559121,38.3670031667,-110.7146555,38.36702463,-110.7146979283
2025-05-28T02:56:54.059100,38.3670031667,-110.7146555,38.3670246133,-110.71469796
2025-05-28T02:56:54.559214,38.3670031667,-110.7146555,38.3670246,-110.714697985
2025-05-28T02:56:55.059176,38.3670031667,-110.7146555,38.36702459,-110.714698005
2025-05-28T02:56:55.559161,38.3670031667,-110.7146555,38.367024585,-110.7146980117
2025-05-28T02:56:56.059006,38.3670031667,-110.7146555,38.36702458,-110.7146980117
2025-05-28T02:56:56.559147,38.3670031667,-110.7146556667,38.3670245717,-110.7146980167
2025-05-28T02:56:57.059184,38.3670031667,-110.7146556667,38.367024565,-110.7146980333
2025-05-28T02:56:57.559058,38.3670031667,-110.7146556667,38.367024565,-110.7146980383
2025-05-28T02:56:58.059208,38.3670031667,-110.7146556667,38.3670245617,-110.7146980467
2025-05-28T02:56:58.559206,38.3670031667,-110.7146556667,38.36702456,-110.7146980517
2025-05-28T02:56:59.059106,38.3670031667,-110.7146556667,38.367024555,-110.7146980667
2025-05-28T02:56:59.559034,38.3670031667,-110.7146558333,38.367024555,-110.71469808
2025-05-28T02:57:00.059065,38.3670031667,-110.7146558333,38.3670245617,-110.7146980967
2025-05-28T02:57:00.559103,38.367003,-110.7146558333,38.3670245683,-110.7146981017
2025-05-28T02:57:01.059120,38.367003,-110.7146558333,38.36702458,-110.71469809
2025-05-28T02:57:01.559093,38.367003,-110.7146558333,38.3670245833,-110.7146980917
2025-05-28T02:57:02.059699,38.367003,-110.7146558333,38.367024585,-110.7146981017
2025-05-28T02:57:02.559105,38.367003,-110.7146558333,38.3670245983,-110.7146980933
2025-05-28T02:57:03.059311,38.367003,-110.7146558333,38.3670246017,-110.7146981083
2025-05-28T02:57:03.559105,38.367003,-110.7146558333,38.36702461,-110.714698115
2025-05-28T02:57:04.059383,38.367003,-110.7146558333,38.367024615,-110.7146981183
2025-05-28T02:57:04.559154,38.367003,-110.7146558333,38.3670246183,-110.7146981217
2025-05-28T02:57:05.059274,38.367003,-110.7146558333,38.3670246183,-110.7146981317
2025-05-28T02:57:05.559099,38.367003,-110.714656,38.3670246233,-110.7146981467
2025-05-28T02:57:06.058997,38.367003,-110.714656,38.3670246317,-110.714698165
2025-05-28T02:57:06.559394,38.367003,-110.714656,38.367024635,-110.7146981933
2025-05-28T02:57:07.059260,38.367003,-110.714656,38.36702464,-110.7146982183
2025-05-28T02:57:07.559028,38.367003,-110.714656,38.3670246467,-110.7146982117
2025-05-28T02:57:08.059091,38.367003,-110.714656,38.3670246483,-110.714698225
2025-05-28T02:57:08.559035,38.367003,-110.714656,38.3670246617,-110.7146982583
2025-05-28T02:57:09.059287,38.367003,-110.714656,38.3670246717,-110.71469828
2025-05-28T02:57:09.559002,38.367003,-110.714656,38.36702468,-110.7146982933
2025-05-28T02:57:10.059305,38.367003,-110.714656,38.3670246867,-110.7146983217
2025-05-28T02:57:10.559242,38.367003,-110.714656,38.36702469,-110.714698335
2025-05-28T02:57:11.058997,38.367003,-110.714656,38.3670246967,-110.7146983317
2025-05-28T02:57:11.559284,38.367003,-110.714656,38.3670247133,-110.7146983533
2025-05-28T02:57:12.059055,38.367003,-110.714656,38.3670247333,-110.7146983817
2025-05-28T02:57:12.559106,38.367003,-110.714656,38.367024745,-110.7146984
2025-05-28T02:57:13.059140,38.367003,-110.714656,38.367024755,-110.71469843
2025-05-28T02:57:13.559132,38.3670028333,-110.714656,38.3670247617,-110.7146984383
2025-05-28T02:57:14.059113,38.3670028333,-110.714656,38.3670247667,-110.7146984467
2025-05-28T02:57:14.559164,38.3670028333,-110.714656,38.36702479,-110.7146984617
2025-05-28T02:57:15.059094,38.3670028333,-110.714656,38.36702481,-110.7146984733
2025-05-28T02:57:15.559191,38.3670028333,-110.714656,38.36702482,-110.7146984767
2025-05-28T02:57:16.059162,38.3670028333,-110.714656,38.3670248267,-110.714698485
2025-05-28T02:57:16.559025,38.3670028333,-110.714656,38.3670248283,-110.7146984967
2025-05-28T02:57:17.059174,38.3670028333,-110.714656,38.3670248317,-110.7146984967
2025-05-28T02:57:17.559085,38.3670028333,-110.714656,38.3670248367,-110.7146985133
2025-05-28T02:57:18.059142,38.3670028333,-110.714656,38.36702484,-110.7146985333
2025-05-28T02:57:18.559089,38.3670028333,-110.714656,38.3670248417,-110.7146985417
2025-05-28T02:57:19.059203,38.3670028333,-110.714656,38.3670248367,-110.7146985633
2025-05-28T02:57:19.559257,38.3670028333,-110.714656,38.3670248367,-110.7146985683
2025-05-28T02:57:20.059284,38.3670028333,-110.714656,38.367024835,-110.714698575
2025-05-28T02:57:20.559305,38.367003,-110.714656,38.3670248467,-110.7146985483
2025-05-28T02:57:21.059161,38.367003,-110.714656,38.3670248517,-110.7146985533
2025-05-28T02:57:21.559166,38.367003,-110.7146561667,38.3670248583,-110.7146985433
2025-05-28T02:57:22.059359,38.367003,-110.7146561667,38.3670248683,-110.7146985317
2025-05-28T02:57:22.559319,38.367003,-110.7146561667,38.367024875,-110.7146985217
2025-05-28T02:57:23.059199,38.367003,-110.7146561667,38.36702488,-110.7146985167
2025-05-28T02:57:23.559215,38.367003,-110.7146561667,38.36702489,-110.7146985117
2025-05-28T02:57:24.059169,38.367003,-110.7146561667,38.3670249017,-110.714698495
2025-05-28T02:57:24.559079,38.367003,-110.7146561667,38.3670249067,-110.714698495
2025-05-28T02:57:25.059148,38.367003,-110.7146561667,38.3670249083,-110.714698505
2025-05-28T02:57:25.559045,38.367003,-110.7146563333,38.36702491,-110.7146985083
2025-05-28T02:57:26.059132,38.367003,-110.7146563333,38.3670249117,-110.7146985083
2025-05-28T02:57:26.559195,38.367003,-110.7146563333,38.3670249183,-110.7146985033
2025-05-28T02:57:27.059144,38.367003,-110.7146563333,38.3670249217,-110.714698495
2025-05-28T02:57:27.559251,38.3670031667,-110.7146563333,38.367024935,-110.7146984783
2025-05-28T02:57:28.059092,38.3670031667,-110.7146563333,38.3670249517,-110.71469846
2025-05-28T02:57:28.558976,38.3670031667,-110.7146565,38.3670249633,-110.7146984417
2025-05-28T02:57:29.059310,38.3670031667,-110.7146565,38.3670249783,-110.7146984217
2025-05-28T02:57:29.559114,38.3670031667,-110.7146565,38.3670249833,-110.714698425
2025-05-28T02:57:30.059130,38.3670031667,-110.7146565,38.3670249833,-110.7146984233
2025-05-28T02:57:30.559094,38.3670031667,-110.7146565,38.3670249817,-110.7146984133
2025-05-28T02:57:31.059164,38.3670031667,-110.7146565,38.3670249833,-110.7146984217
2025-05-28T02:57:31.559278,38.3670033333,-110.7146566667,38.3670249817,-110.7146984333
2025-05-28T02:57:32.059199,38.3670033333,-110.7146566667,38.36702498,-110.7146984483
2025-05-28T02:57:32.559009,38.3670033333,-110.7146566667,38.3670249867,-110.714698455
2025-05-28T02:57:33.059090,38.3670033333,-110.7146566667,38.3670249867,-110.7146984717
2025-05-28T02:57:33.559092,38.3670033333,-110.7146566667,38.36702499,-110.7146984667
2025-05-28T02:57:34.059134,38.3670033333,-110.7146566667,38.36702499,-110.7146984817
2025-05-28T02:57:34.559432,38.3670033333,-110.7146566667,38.36702499,-110.714698485
2025-05-28T02:57:35.058986,38.3670033333,-110.7146566667,38.3670249883,-110.7146984917
2025-05-28T02:57:35.559052,38.3670033333,-110.7146566667,38.3670249867,-110.7146985067
2025-05-28T02:57:36.059120,38.3670033333,-110.7146566667,38.3670249817,-110.714698515
2025-05-28T02:57:36.559266,38.3670033333,-110.7146566667,38.367024995,-110.7146984967
2025-05-28T02:57:37.059411,38.3670033333,-110.7146566667,38.3670250083,-110.7146984833
2025-05-28T02:57:37.559067,38.3670033333,-110.7146568333,38.3670250067,-110.7146984883
2025-05-28T02:57:38.059631,38.3670033333,-110.7146568333,38.367025015,-110.714698485
2025-05-28T02:57:38.559119,38.3670035,-110.7146568333,38.3670249933,-110.7146985067
2025-05-28T02:57:39.059193,38.3670035,-110.7146568333,38.3670249683,-110.7146985433
2025-05-28T02:57:39.558983,38.3670035,-110.7146568333,38.367024955,-110.714698565
2025-05-28T02:57:40.059077,38.3670035,-110.7146568333,38.36702494,-110.7146985883
2025-05-28T02:57:40.559261,38.3670035,-110.7146568333,38.3670249333,-110.7146986
2025-05-28T02:57:41.059502,38.3670035,-110.7146568333,38.3670249233,-110.7146986033
2025-05-28T02:57:41.558993,38.3670035,-110.7146568333,38.367024915,-110.7146986167
2025-05-28T02:57:42.059266,38.3670035,-110.7146568333,38.367024905,-110.7146986417
2025-05-28T02:57:42.559346,38.3670036667,-110.7146568333,38.367024895,-110.71469867
2025-05-28T02:57:43.059212,38.3670036667,-110.7146568333,38.3670248917,-110.7146986983
2025-05-28T02:57:43.559041,38.3670036667,-110.714657,38.3670248883,-110.714698715
2025-05-28T02:57:44.059214,38.3670036667,-110.714657,38.3670248883,-110.7146987317
2025-05-28T02:57:44.559192,38.3670036667,-110.714657,38.36702489,-110.7146987733
2025-05-28T02:57:45.059241,38.3670036667,-110.714657,38.3670248833,-110.7146988333
2025-05-28T02:57:45.559264,38.3670036667,-110.714657,38.3670248833,-110.7146988667
2025-05-28T02:57:46.059303,38.3670036667,-110.714657,38.3670248867,-110.7146988983
2025-05-28T02:57:46.559158,38.3670036667,-110.714657,38.3670248883,-110.7146989133
2025-05-28T02:57:47.059252,38.3670036667,-110.714657,38.3670248933,-110.7146989383
2025-05-28T02:57:47.559188,38.3670036667,-110.714657,38.3670248967,-110.7146989683
2025-05-28T02:57:48.059105,38.3670036667,-110.714657,38.3670249017,-110.7146990217
2025-05-28T02:57:48.559154,38.3670036667,-110.7146571667,38.367024905,-110.7146990533
2025-05-28T02:57:49.059072,38.3670036667,-110.7146571667,38.3670249117,-110.7146990783
2025-05-28T02:57:49.559213,38.3670036667,-110.7146571667,38.3670249117,-110.7146990917
2025-05-28T02:57:50.059112,38.3670036667,-110.7146571667,38.367024915,-110.7146991133
2025-05-28T02:57:50.559253,38.3670036667,-110.7146573333,38.3670249167,-110.7146991383
2025-05-28T02:57:51.059256,38.3670036667,-110.7146573333,38.3670249333,-110.71469916
2025-05-28T02:57:51.559050,38.3670036667,-110.7146573333,38.3670249383,-110.7146991633
2025-05-28T02:57:52.059136,38.3670036667,-110.7146573333,38.3670249667,-110.7146991683
2025-05-28T02:57:52.559100,38.3670036667,-110.7146575,38.3670249767,-110.71469917
2025-05-28T02:57:53.059240,38.3670036667,-110.7146575,38.367024985,-110.7146991717
2025-05-28T02:57:53.559211,38.3670036667,-110.7146575,38.3670250217,-110.7146992033
2025-05-28T02:57:54.059492,38.3670036667,-110.7146575,38.3670250617,-110.71469923
2025-05-28T02:57:54.559138,38.3670036667,-110.7146575,38.36702507,-110.714699245
2025-05-28T02:57:55.059117,38.3670036667,-110.7146575,38.3670251,-110.7146992683
2025-05-28T02:57:55.559087,38.3670036667,-110.7146575,38.36702511,-110.7146992717
2025-05-28T02:57:56.059058,38.3670036667,-110.7146575,38.3670251317,-110.7146992767
2025-05-28T02:57:56.559218,38.3670036667,-110.7146575,38.367025145,-110.7146992917
2025-05-28T02:57:57.059292,38.3670036667,-110.7146575,38.367025165,-110.7146993167
2025-05-28T02:57:57.559135,38.3670036667,-110.7146575,38.367025165,-110.7146993167
2025-05-28T02:57:58.059036,38.3670036667,-110.7146575,38.36702517,-110.7146993333
2025-05-28T02:57:58.559133,38.3670036667,-110.7146575,38.3670251817,-110.7146993533
2025-05-28T02:57:59.059154,38.3670036667,-110.7146575,38.3670251817,-110.7146993533
2025-05-28T02:57:59.559004,38.3670036667,-110.7146575,38.36702519,-110.71469935
2025-05-28T02:58:00.059285,38.3670036667,-110.7146575,38.36702519,-110.7146993533
2025-05-28T02:58:00.559262,38.3670036667,-110.7146575,38.3670251917,-110.7146993567
2025-05-28T02:58:01.059160,38.3670036667,-110.7146575,38.3670251983,-110.7146993533
2025-05-28T02:58:01.559083,38.3670035,-110.7146575,38.3670251933,-110.7146993717
2025-05-28T02:58:02.059119,38.3670035,-110.7146575,38.367025195,-110.714699375
2025-05-28T02:58:02.559241,38.3670035,-110.7146575,38.367025195,-110.7146993767
2025-05-28T02:58:03.059274,38.3670035,-110.7146575,38.3670251917,-110.7146993833
2025-05-28T02:58:03.559298,38.3670035,-110.7146575,38.3670251917,-110.7146993833
2025-05-28T02:58:04.059272,38.3670035,-110.7146575,38.3670251917,-110.7146993833
2025-05-28T02:58:04.559030,38.3670035,-110.7146575,38.3670251883,-110.71469939
2025-05-28T02:58:05.059183,38.3670035,-110.7146575,38.3670251917,-110.714699385
2025-05-28T02:58:05.559148,38.3670035,-110.7146576667,38.3670251967,-110.714699375
2025-05-28T02:58:06.059127,38.3670035,-110.7146576667,38.3670251967,-110.714699375
2025-05-28T02:58:06.559050,38.3670035,-110.7146576667,38.3670252017,-110.7146993817
2025-05-28T02:58:07.059241,38.3670035,-110.7146576667,38.3670252033,-110.714699385
2025-05-28T02:58:07.559217,38.3670035,-110.7146576667,38.3670252067,-110.7146993967
2025-05-28T02:58:08.059181,38.3670035,-110.7146576667,38.36702521,-110.71469941
2025-05-28T02:58:08.559153,38.3670035,-110.7146575,38.3670252233,-110.7146994033
2025-05-28T02:58:09.059170,38.3670035,-110.7146575,38.3670252233,-110.7146994033
2025-05-28T02:58:09.559412,38.3670035,-110.7146575,38.3670252283,-110.7146994
2025-05-28T02:58:10.059093,38.3670035,-110.7146575,38.36702523,-110.7146994
2025-05-28T02:58:10.559175,38.3670035,-110.7146575,38.3670252267,-110.7146994133
2025-05-28T02:58:11.059162,38.3670035,-110.7146575,38.3670252267,-110.7146994133
2025-05-28T02:58:11.559294,38.3670035,-110.7146575,38.36702522,-110.7146994033
2025-05-28T02:58:12.059050,38.3670035,-110.7146575,38.36702521,-110.714699405
2025-05-28T02:58:12.559154,38.3670035,-110.7146575,38.367025205,-110.7146994067
2025-05-28T02:58:13.059136,38.3670035,-110.7146575,38.367025205,-110.7146994067
2025-05-28T02:58:13.559346,38.3670035,-110.7146575,38.3670252017,-110.7146994033
2025-05-28T02:58:14.059333,38.3670035,-110.7146575,38.3670251933,-110.71469941
2025-05-28T02:58:14.559133,38.3670033333,-110.7146575,38.3670251933,-110.71469941
2025-05-28T02:58:15.059179,38.3670033333,-110.7146575,38.367025195,-110.714699415
2025-05-28T02:58:15.559172,38.367003,-110.7146576667,38.3670251967,-110.7146994183
2025-05-28T02:58:16.059074,38.367003,-110.7146576667,38.3670252,-110.7146994317
2025-05-28T02:58:16.559280,38.3670035,-110.7146576667,38.3670252,-110.7146994417
2025-05-28T02:58:17.059406,38.3670035,-110.7146576667,38.3670251983,-110.714699445
2025-05-28T02:58:17.559077,38.3670035,-110.7146576667,38.3670251967,-110.7146994483
2025-05-28T02:58:18.059112,38.3670035,-110.7146576667,38.3670251917,-110.7146994567
2025-05-28T02:58:18.559101,38.3670025,-110.7146581667,38.3670251867,-110.7146994633
2025-05-28T02:58:19.058984,38.3670025,-110.7146581667,38.36702518,-110.7146994683
2025-05-28T02:58:19.559249,38.3670025,-110.7146581667,38.36702517,-110.714699485
2025-05-28T02:58:20.059274,38.3670025,-110.7146581667,38.36702517,-110.714699485
2025-05-28T02:58:20.559348,38.3670025,-110.7146583333,38.3670251683,-110.7146994917
2025-05-28T02:58:21.059258,38.3670025,-110.7146583333,38.36702517,-110.7146994983
2025-05-28T02:58:21.559285,38.3670021667,-110.7146585,38.3670251667,-110.7146995167
2025-05-28T02:58:22.059060,38.3670021667,-110.7146585,38.3670251667,-110.7146995167
2025-05-28T02:58:22.559107,38.3670023333,-110.7146585,38.367025165,-110.7146995217
2025-05-28T02:58:23.059129,38.3670023333,-110.7146585,38.3670251633,-110.7146995217
2025-05-28T02:58:23.559137,38.3670035,-110.7146581667,38.3670251633,-110.7146995217
2025-05-28T02:58:24.059208,38.3670035,-110.7146581667,38.367025165,-110.7146995067
2025-05-28T02:58:24.559283,38.3670028333,-110.7146583333,38.3670251583,-110.7146995083
2025-05-28T02:58:25.059109,38.3670028333,-110.7146583333,38.367025145,-110.7146995033
2025-05-28T02:58:25.559081,38.3670033333,-110.7146583333,38.3670251383,-110.7146994967
2025-05-28T02:58:26.059224,38.3670033333,-110.7146583333,38.3670251367,-110.71469949
2025-05-28T02:58:26.559047,38.367002,-110.7146588333,38.3670251367,-110.71469949
2025-05-28T02:58:27.059088,38.367002,-110.7146588333,38.3670251267,-110.7146994633
2025-05-28T02:58:27.559119,38.3670031667,-110.7146585,38.36702512,-110.71469945
2025-05-28T02:58:28.059090,38.3670031667,-110.7146585,38.367025115,-110.714699435
2025-05-28T02:58:28.559075,38.3670043333,-110.7146573333,38.3670251083,-110.7146994117
2025-05-28T02:58:29.059156,38.3670043333,-110.7146573333,38.3670251083,-110.7146994117
2025-05-28T02:58:29.558991,38.3670026667,-110.714659,38.3670251017,-110.714699405
2025-05-28T02:58:30.059128,38.3670026667,-110.714659,38.3670250983,-110.7146994017
2025-05-28T02:58:30.559127,38.3670021667,-110.7146588333,38.3670250967,-110.7146994033
2025-05-28T02:58:31.059070,38.3670021667,-110.7146588333,38.3670250967,-110.7146994083
2025-05-28T02:58:31.559104,38.3670036667,-110.714658,38.3670250983,-110.7146994083
2025-05-28T02:58:32.059162,38.3670036667,-110.714658,38.3670250983,-110.7146994083
2025-05-28T02:58:32.559505,38.3670036667,-110.7146586667,38.3670250983,-110.7146994167
2025-05-28T02:58:33.059331,38.3670036667,-110.7146586667,38.3670251,-110.71469942
2025-05-28T02:58:33.559088,38.3670036667,-110.7146586667,38.3670257617,-110.7146994617
2025-05-28T02:58:34.059202,38.3670036667,-110.7146586667,38.3670277083,-110.7147000767
2025-05-28T02:58:34.559095,38.3670041667,-110.7146575,38.3670277083,-110.7147000767
2025-05-28T02:58:35.059102,38.3670041667,-110.7146575,38.3670277083,-110.714700075
2025-05-28T02:58:35.559178,38.3670045,-110.7146573333,38.36702771,-110.7147000733
2025-05-28T02:58:36.059082,38.3670045,-110.7146573333,38.3670277117,-110.7147000717
2025-05-28T02:58:36.559046,38.3670046667,-110.714657,38.367027715,-110.7147000717
2025-05-28T02:58:37.059128,38.3670046667,-110.714657,38.3670277167,-110.7147000717
2025-05-28T02:58:37.558998,38.3670045,-110.7146576667,38.3670277167,-110.71470007
2025-05-28T02:58:38.059018,38.3670045,-110.7146576667,38.3670277167,-110.71470007
2025-05-28T02:58:38.559342,38.3670033333,-110.7146583333,38.367027715,-110.7147000717
2025-05-28T02:58:39.059113,38.3670033333,-110.7146583333,38.3670277133,-110.714700075
2025-05-28T02:58:39.559268,38.3670026667,-110.714659,38.3670277117,-110.7147000783
2025-05-28T02:58:40.059161,38.3670026667,-110.714659,38.36702771,-110.71470008
2025-05-28T02:58:40.559077,38.3670035,-110.7146581667,38.36702697,-110.7147005633
2025-05-28T02:58:41.059139,38.3670035,-110.7146581667,38.3670252667,-110.7147017017
2025-05-28T02:58:41.559128,38.3670021667,-110.714659,38.3670236533,-110.7147028333
2025-05-28T02:58:42.059134,38.3670021667,-110.714659,38.3670213983,-110.71470459
2025-05-28T02:58:42.559089,38.3670025,-110.7146588333,38.3670202783,-110.714705645
2025-05-28T02:58:43.059118,38.3670025,-110.7146588333,38.36701979,-110.7147061433
2025-05-28T02:58:43.559631,38.367003,-110.7146586667,38.3670197867,-110.7147061417
2025-05-28T02:58:44.059164,38.367003,-110.7146586667,38.36701978,-110.714706145
2025-05-28T02:58:44.559255,38.367003,-110.7146588333,38.367019775,-110.71470615
2025-05-28T02:58:45.059190,38.367003,-110.7146588333,38.367019765,-110.7147061583
2025-05-28T02:58:45.559255,38.3670031667,-110.7146591667,38.3670197517,-110.714706165
2025-05-28T02:58:46.059330,38.3670031667,-110.7146591667,38.3670191467,-110.7147061067
2025-05-28T02:58:46.559028,38.3670025,-110.7146591667,38.3670191417,-110.7147061067
2025-05-28T02:58:47.059388,38.3670025,-110.7146591667,38.3670191333,-110.7147061017
2025-05-28T02:58:47.559100,38.3670031667,-110.7146588333,38.36701913,-110.714706095
2025-05-28T02:58:48.059207,38.3670031667,-110.7146588333,38.367018915,-110.7147049917
2025-05-28T02:58:48.559088,38.367003,-110.714659,38.3670187667,-110.7147025233
2025-05-28T02:58:49.059202,38.367003,-110.714659,38.3670186617,-110.7147016183
2025-05-28T02:58:49.559057,38.3670043333,-110.714658,38.36701866,-110.7147016167
2025-05-28T02:58:50.059557,38.3670043333,-110.714658,38.3670186583,-110.71470161
2025-05-28T02:58:50.559086,38.3670041667,-110.714658,38.3670188967,-110.71469964
2025-05-28T02:58:51.059074,38.3670041667,-110.714658,38.3670193533,-110.7146963533
2025-05-28T02:58:51.559161,38.367004,-110.714658,38.3670197817,-110.7146939833
2025-05-28T02:58:52.059123,38.367004,-110.714658,38.3670202117,-110.7146913417
2025-05-28T02:58:52.559144,38.3670036667,-110.7146581667,38.3670204433,-110.7146899517
2025-05-28T02:58:53.059184,38.3670036667,-110.7146581667,38.3670209017,-110.71468709
2025-05-28T02:58:53.559161,38.3670036667,-110.7146581667,38.3670214533,-110.71468433
2025-05-28T02:58:54.059137,38.3670036667,-110.7146581667,38.3670221133,-110.71468017
2025-05-28T02:58:54.559157,38.3670036667,-110.7146581667,38.3670227317,-110.7146773317
2025-05-28T02:58:55.059216,38.3670036667,-110.7146581667,38.367023375,-110.7146747333
2025-05-28T02:58:55.559415,38.3670036667,-110.7146581667,38.36702358,-110.714673365
2025-05-28T02:58:56.059208,38.3670036667,-110.7146581667,38.3670237833,-110.714671915
2025-05-28T02:58:56.559111,38.3670036667,-110.7146581667,38.367024495,-110.7146678667
2025-05-28T02:58:57.059254,38.3670036667,-110.7146581667,38.3670254633,-110.714664435
2025-05-28T02:58:57.559120,38.3670036667,-110.7146581667,38.3670259883,-110.7146618633
2025-05-28T02:58:58.059125,38.3670036667,-110.7146581667,38.3670258183,-110.7146589217
2025-05-28T02:58:58.559556,38.3670036667,-110.7146581667,38.3670256783,-110.7146575083
2025-05-28T02:58:59.059147,38.3670036667,-110.7146581667,38.3670255533,-110.7146559683
2025-05-28T02:58:59.559207,38.3670036667,-110.7146581667,38.36702521,-110.71464952
2025-05-28T02:59:00.059181,38.3670036667,-110.7146581667,38.3670247367,-110.7146429133
2025-05-28T02:59:00.559143,38.3670036667,-110.7146581667,38.36702468,-110.7146381217
2025-05-28T02:59:01.059151,38.3670036667,-110.7146581667,38.3670244833,-110.7146334633
2025-05-28T02:59:01.559129,38.3670038333,-110.7146581667,38.367024475,-110.7146311267
2025-05-28T02:59:02.059670,38.3670038333,-110.7146581667,38.367024465,-110.7146288683
2025-05-28T02:59:02.559123,38.3670038333,-110.7146581667,38.3670244467,-110.7146216933
2025-05-28T02:59:03.059332,38.3670038333,-110.7146581667,38.3670244867,-110.7146145667
2025-05-28T02:59:03.559250,38.3670038333,-110.7146581667,38.3670244933,-110.7146099333
2025-05-28T02:59:04.059419,38.3670038333,-110.7146581667,38.3670246567,-110.7146053267
2025-05-28T02:59:04.559049,38.3670038333,-110.714658,38.3670247817,-110.7146030083
2025-05-28T02:59:05.059568,38.3670038333,-110.714658,38.3670249083,-110.7146007883
2025-05-28T02:59:05.559149,38.3670038333,-110.714658,38.367025545,-110.7145938383
2025-05-28T02:59:06.059119,38.3670038333,-110.714658,38.3670259833,-110.714585905
2025-05-28T02:59:06.559141,38.3670038333,-110.7146581667,38.367026465,-110.7145804967
2025-05-28T02:59:07.059135,38.3670038333,-110.7146581667,38.3670270683,-110.7145750533
2025-05-28T02:59:07.559029,38.3670038333,-110.714658,38.3670273717,-110.7145722567
2025-05-28T02:59:08.059208,38.3670038333,-110.714658,38.3670280617,-110.7145668633
2025-05-28T02:59:08.559033,38.3670038333,-110.714658,38.367028685,-110.7145612567
2025-05-28T02:59:09.059106,38.3670038333,-110.714658,38.3670295633,-110.714552915
2025-05-28T02:59:09.559217,38.367004,-110.714658,38.3670298183,-110.7145474867
2025-05-28T02:59:10.059120,38.367004,-110.714658,38.36702989,-110.7145455383
2025-05-28T02:59:10.559043,38.367004,-110.714658,38.3670298883,-110.7145455367
2025-05-28T02:59:11.059378,38.367004,-110.714658,38.3670298833,-110.714545535
2025-05-28T02:59:11.559337,38.367004,-110.714658,38.3670298883,-110.7145455233
2025-05-28T02:59:12.059219,38.367004,-110.714658,38.3670298883,-110.7145455083
2025-05-28T02:59:12.559312,38.367004,-110.714658,38.3670298883,-110.7145455017
2025-05-28T02:59:13.059132,38.367004,-110.714658,38.3670298967,-110.7145454833
2025-05-28T02:59:13.559101,38.367004,-110.7146578333,38.3670299033,-110.7145454783
2025-05-28T02:59:14.059200,38.367004,-110.7146578333,38.36702991,-110.7145454667
2025-05-28T02:59:14.559088,38.367004,-110.7146578333,38.3670299233,-110.71454546
2025-05-28T02:59:15.059295,38.367004,-110.7146578333,38.3670299333,-110.7145454467
2025-05-28T02:59:15.559091,38.367004,-110.7146578333,38.36702994,-110.7145454333
2025-05-28T02:59:16.059505,38.367004,-110.7146578333,38.36702995,-110.7145454267
2025-05-28T02:59:16.559387,38.367004,-110.7146578333,38.3670299517,-110.7145454233
2025-05-28T02:59:17.059301,38.367004,-110.7146578333,38.367029955,-110.7145454167
2025-05-28T02:59:17.559011,38.367004,-110.7146578333,38.3670299683,-110.7145454033
2025-05-28T02:59:18.059199,38.367004,-110.7146578333,38.3670299817,-110.7145453933
2025-05-28T02:59:18.559166,38.367004,-110.7146578333,38.3670299833,-110.7145453933
2025-05-28T02:59:19.059202,38.367004,-110.7146578333,38.3670299833,-110.7145453867
2025-05-28T02:59:19.558997,38.367004,-110.7146578333,38.3670299817,-110.71454538
2025-05-28T02:59:20.059546,38.367004,-110.7146578333,38.3670299817,-110.714545375
2025-05-28T02:59:20.559097,38.367004,-110.7146578333,38.3670299733,-110.7145453633
2025-05-28T02:59:21.059269,38.367004,-110.7146578333,38.3670299717,-110.7145453383
2025-05-28T02:59:21.559106,38.3670038333,-110.7146578333,38.3670299717,-110.7145453267
2025-05-28T02:59:22.059300,38.3670038333,-110.7146578333,38.3670299717,-110.714545315
2025-05-28T02:59:22.559038,38.3670038333,-110.7146578333,38.3670299717,-110.7145453067
2025-05-28T02:59:23.059260,38.3670038333,-110.7146578333,38.3670299683,-110.7145453
2025-05-28T02:59:23.559009,38.3670038333,-110.7146578333,38.36702997,-110.7145452883
2025-05-28T02:59:24.059213,38.3670038333,-110.7146578333,38.3670299717,-110.7145452733
2025-05-28T02:59:24.559119,38.3670038333,-110.7146578333,38.3670299767,-110.714545265
2025-05-28T02:59:25.059247,38.3670038333,-110.7146578333,38.3670299567,-110.7145452283
2025-05-28T02:59:25.559025,38.367004,-110.7146578333,38.3670299567,-110.7145451817
2025-05-28T02:59:26.059804,38.367004,-110.7146578333,38.367029925,-110.7145450983
2025-05-28T02:59:26.559244,38.367004,-110.7146578333,38.3670299017,-110.7145450083
2025-05-28T02:59:27.059122,38.367004,-110.7146578333,38.3670298167,-110.7145449
2025-05-28T02:59:27.559253,38.367004,-110.7146578333,38.3670298033,-110.714544845
2025-05-28T02:59:28.059161,38.367004,-110.7146578333,38.367029745,-110.7145448217
2025-05-28T02:59:28.559224,38.3670038333,-110.7146578333,38.3670297233,-110.7145448033
2025-05-28T02:59:29.059169,38.3670038333,-110.7146578333,38.3670296933,-110.7145447917
2025-05-28T02:59:29.559057,38.3670038333,-110.714658,38.3670296083,-110.7145447383
2025-05-28T02:59:30.059353,38.3670038333,-110.714658,38.3670295733,-110.71454469
2025-05-28T02:59:30.559508,38.3670038333,-110.714658,38.3670295167,-110.7145446583
2025-05-28T02:59:31.059076,38.3670038333,-110.714658,38.3670294883,-110.71454461
2025-05-28T02:59:31.559270,38.367004,-110.714658,38.3670295083,-110.7145445717
2025-05-28T02:59:32.059110,38.367004,-110.714658,38.3670295117,-110.714544555
2025-05-28T02:59:32.559125,38.367004,-110.714658,38.3670294967,-110.7145445333
2025-05-28T02:59:33.059610,38.367004,-110.714658,38.3670294467,-110.7145444783
2025-05-28T02:59:33.559270,38.367004,-110.714658,38.3670293517,-110.7145444633
2025-05-28T02:59:34.059414,38.367004,-110.714658,38.36702929,-110.714544425
2025-05-28T02:59:34.559068,38.367004,-110.714658,38.367029265,-110.71454439
2025-05-28T02:59:35.059498,38.367004,-110.714658,38.3670292533,-110.7145443483
2025-05-28T02:59:35.559123,38.367004,-110.7146581667,38.3670291733,-110.7145442583
2025-05-28T02:59:36.059304,38.367004,-110.7146581667,38.36702907,-110.7145442567
2025-05-28T02:59:36.559134,38.367004,-110.7146581667,38.3670289667,-110.7145442567
2025-05-28T02:59:37.059539,38.367004,-110.7146581667,38.3670289183,-110.7145442433
2025-05-28T02:59:37.559560,38.3670041667,-110.7146581667,38.367028895,-110.7145442333
2025-05-28T02:59:38.059215,38.3670041667,-110.7146581667,38.36702889,-110.7145442533
2025-05-28T02:59:38.559096,38.3670041667,-110.7146581667,38.3670289033,-110.71454429
2025-05-28T02:59:39.059104,38.3670041667,-110.7146581667,38.367028915,-110.71454435
2025-05-28T02:59:39.559056,38.3670041667,-110.7146581667,38.3670289283,-110.71454437
2025-05-28T02:59:40.059148,38.3670041667,-110.7146581667,38.3670289317,-110.7145444267
2025-05-28T02:59:40.559112,38.3670041667,-110.7146581667,38.3670289333,-110.71454445
2025-05-28T02:59:41.059623,38.3670041667,-110.7146581667,38.3670289417,-110.7145444967
2025-05-28T02:59:41.559338,38.3670041667,-110.7146581667,38.3670289717,-110.71454455
2025-05-28T02:59:42.059139,38.3670041667,-110.7146581667,38.3670289817,-110.7145446017
2025-05-28T02:59:42.559133,38.3670043333,-110.7146581667,38.3670289683,-110.71454465
2025-05-28T02:59:43.059280,38.3670043333,-110.7146581667,38.3670289683,-110.7145446917
2025-05-28T02:59:43.559118,38.3670025,-110.7146598333,38.3670289633,-110.714544695
2025-05-28T02:59:44.059105,38.3670025,-110.7146598333,38.3670289967,-110.7145446933
2025-05-28T02:59:44.559148,38.3670018333,-110.7146596667,38.36702901,-110.7145446917
2025-05-28T02:59:45.059328,38.3670018333,-110.7146596667,38.3670290333,-110.7145446767
2025-05-28T02:59:45.559173,38.367002,-110.7146598333,38.367029025,-110.71454467
2025-05-28T02:59:46.059208,38.367002,-110.7146598333,38.3670289767,-110.7145446683
2025-05-28T02:59:46.559182,38.367002,-110.7146598333,38.36702895,-110.7145446733
2025-05-28T02:59:47.059143,38.367002,-110.7146598333,38.3670289317,-110.7145446717
2025-05-28T02:59:47.559101,38.3670018333,-110.71466,38.3670288717,-110.7145446933
2025-05-28T02:59:48.059134,38.3670018333,-110.71466,38.3670288567,-110.7145446817
2025-05-28T02:59:48.559258,38.3670018333,-110.71466,38.3670288333,-110.71454469
2025-05-28T02:59:49.059678,38.3670018333,-110.71466,38.3670287933,-110.7145446833
2025-05-28T02:59:49.559259,38.3670018333,-110.71466,38.3670287767,-110.7145446817
2025-05-28T02:59:50.059162,38.3670018333,-110.71466,38.36702875,-110.7145446783
2025-05-28T02:59:50.559138,38.3670016667,-110.7146601667,38.3670287233,-110.7145446783
2025-05-28T02:59:51.059643,38.3670016667,-110.7146601667,38.36702867,-110.7145446733
2025-05-28T02:59:51.559026,38.3670016667,-110.7146601667,38.3670286483,-110.7145446617
2025-05-28T02:59:52.059145,38.3670016667,-110.7146601667,38.3670286433,-110.714544655
2025-05-28T02:59:52.559244,38.3670016667,-110.7146603333,38.3670286533,-110.714544645
2025-05-28T02:59:53.059450,38.3670016667,-110.7146603333,38.367028655,-110.7145446267
2025-05-28T02:59:53.559168,38.3670015,-110.7146603333,38.367028665,-110.714544605
2025-05-28T02:59:54.059540,38.3670015,-110.7146603333,38.3670287033,-110.71454458
2025-05-28T02:59:54.559250,38.3670015,-110.7146603333,38.3670287317,-110.71454456
2025-05-28T02:59:55.059135,38.3670015,-110.7146603333,38.36702877,-110.7145445333
2025-05-28T02:59:55.559193,38.3670015,-110.7146605,38.36702878,-110.71454453
2025-05-28T02:59:56.059222,38.3670015,-110.7146605,38.36702881,-110.7145445233
2025-05-28T02:59:56.559121,38.3670013333,-110.7146605,38.3670288333,-110.714544525
2025-05-28T02:59:57.059748,38.3670013333,-110.7146605,38.3670288783,-110.714544535
2025-05-28T02:59:57.559189,38.3670023333,-110.7146601667,38.3670289267,-110.71454453
2025-05-28T02:59:58.059160,38.3670023333,-110.7146601667,38.3670289717,-110.71454453
2025-05-28T02:59:58.559633,38.3670028333,-110.7146596667,38.367028995,-110.71454453
2025-05-28T02:59:59.059063,38.3670028333,-110.7146596667,38.367029045,-110.714544535
2025-05-28T02:59:59.559181,38.3670043333,-110.7146583333,38.3670290833,-110.7145445333
2025-05-28T03:00:00.059114,38.3670043333,-110.7146583333,38.367029145,-110.71454452
2025-05-28T03:00:00.559187,38.3670056667,-110.7146573333,38.3670291883,-110.714544515
2025-05-28T03:00:01.059133,38.3670056667,-110.7146573333,38.3670292217,-110.71454452
2025-05-28T03:00:01.559141,38.3670061667,-110.7146568333,38.3670292417,-110.7145445217
2025-05-28T03:00:02.059371,38.3670061667,-110.7146568333,38.367029285,-110.7145445167
2025-05-28T03:00:02.559159,38.367006,-110.7146568333,38.3670293067,-110.7145445283
2025-05-28T03:00:03.059185,38.367006,-110.7146568333,38.367029365,-110.7145445283
2025-05-28T03:00:03.559118,38.3670061667,-110.7146568333,38.3670294033,-110.71454454
2025-05-28T03:00:04.059391,38.3670061667,-110.7146568333,38.3670294433,-110.7145445517
2025-05-28T03:00:04.559213,38.3670063333,-110.7146566667,38.3670294617,-110.71454456
2025-05-28T03:00:05.059468,38.3670063333,-110.7146566667,38.3670294867,-110.71454459
2025-05-28T03:00:05.559151,38.3670065,-110.7146566667,38.3670295217,-110.7145446133
2025-05-28T03:00:06.059170,38.3670065,-110.7146566667,38.3670295717,-110.7145446567
2025-05-28T03:00:06.559462,38.3670065,-110.7146568333,38.3670296,-110.714544685
2025-05-28T03:00:07.059210,38.3670065,-110.7146568333,38.3670296333,-110.714544705
2025-05-28T03:00:07.559174,38.3670065,-110.7146566667,38.3670296467,-110.7145447233
2025-05-28T03:00:08.059065,38.3670065,-110.7146566667,38.36702966,-110.71454474
2025-05-28T03:00:08.559283,38.3670066667,-110.7146566667,38.3670296983,-110.7145448067
2025-05-28T03:00:09.059226,38.3670066667,-110.7146566667,38.3670297167,-110.7145448783
2025-05-28T03:00:09.559128,38.3670068333,-110.7146566667,38.3670297267,-110.7145449183
2025-05-28T03:00:10.059132,38.3670068333,-110.7146566667,38.3670297367,-110.7145449483
2025-05-28T03:00:10.559336,38.3670068333,-110.7146566667,38.3670297417,-110.7145449617
2025-05-28T03:00:11.059509,38.3670068333,-110.7146566667,38.3670297433,-110.7145449683
2025-05-28T03:00:11.559154,38.3670068333,-110.7146566667,38.3670297467,-110.7145449917
2025-05-28T03:00:12.059267,38.3670068333,-110.7146566667,38.3670297583,-110.7145450083
2025-05-28T03:00:12.559098,38.3670068333,-110.7146566667,38.3670297667,-110.7145450183
2025-05-28T03:00:13.059223,38.3670068333,-110.7146566667,38.36702979,-110.7145450267
2025-05-28T03:00:13.559114,38.3670068333,-110.7146568333,38.3670297967,-110.7145450283
2025-05-28T03:00:14.059204,38.3670068333,-110.7146568333,38.3670298117,-110.7145450217
2025-05-28T03:00:14.559223,38.3670068333,-110.714657,38.3670298283,-110.7145450133
2025-05-28T03:00:15.059215,38.3670068333,-110.714657,38.3670298333,-110.7145450283
2025-05-28T03:00:15.559137,38.3670056667,-110.7146578333,38.367029815,-110.71454504
2025-05-28T03:00:16.059212,38.3670056667,-110.7146578333,38.3670297967,-110.7145450433
2025-05-28T03:00:16.559111,38.3670043333,-110.714659,38.36702979,-110.7145450383
2025-05-28T03:00:17.059164,38.3670043333,-110.714659,38.36702979,-110.7145450333
2025-05-28T03:00:17.559115,38.367004,-110.7146595,38.36702978,-110.7145450283
2025-05-28T03:00:18.059253,38.367004,-110.7146595,38.36702977,-110.7145450267
2025-05-28T03:00:18.559137,38.3670031667,-110.71466,38.3670297567,-110.7145450217
2025-05-28T03:00:19.059128,38.3670031667,-110.71466,38.3670297467,-110.714545005
2025-05-28T03:00:19.559204,38.3670033333,-110.71466,38.3670297383,-110.714545
2025-05-28T03:00:20.059140,38.3670033333,-110.71466,38.367029735,-110.7145449717
2025-05-28T03:00:20.559165,38.367003,-110.7146601667,38.3670297117,-110.714544965
2025-05-28T03:00:21.059167,38.367003,-110.7146601667,38.3670297083,-110.7145449367
2025-05-28T03:00:21.559069,38.3670028333,-110.7146603333,38.3670297017,-110.7145449233
2025-05-28T03:00:22.059135,38.3670028333,-110.7146603333,38.36702969,-110.7145449067
2025-05-28T03:00:22.559102,38.3670028333,-110.7146601667,38.3670296817,-110.7145449083
2025-05-28T03:00:23.059191,38.3670028333,-110.7146601667,38.3670296783,-110.714544905
2025-05-28T03:00:23.559099,38.3670031667,-110.7146601667,38.3670296717,-110.7145448817
2025-05-28T03:00:24.059094,38.3670031667,-110.7146601667,38.3670296517,-110.7145448633
2025-05-28T03:00:24.559315,38.3670026667,-110.7146603333,38.3670296333,-110.7145448533
2025-05-28T03:00:25.059158,38.3670026667,-110.7146603333,38.36702962,-110.714544845
2025-05-28T03:00:25.559310,38.3670025,-110.7146603333,38.367029615,-110.7145448417
2025-05-28T03:00:26.059194,38.3670025,-110.7146603333,38.3670296067,-110.7145448317
2025-05-28T03:00:26.559119,38.3670025,-110.7146603333,38.3670296,-110.7145448267
2025-05-28T03:00:27.059307,38.3670025,-110.7146603333,38.3670295783,-110.7145448317
2025-05-28T03:00:27.559107,38.3670023333,-110.7146603333,38.3670295583,-110.7145448367
2025-05-28T03:00:28.059109,38.3670023333,-110.7146603333,38.3670295267,-110.7145448333
2025-05-28T03:00:28.559211,38.3670023333,-110.7146603333,38.3670295117,-110.7145448317
2025-05-28T03:00:29.059122,38.3670023333,-110.7146603333,38.3670294933,-110.71454482
2025-05-28T03:00:29.559200,38.3670021667,-110.7146603333,38.3670294733,-110.7145448167
2025-05-28T03:00:30.059090,38.3670021667,-110.7146603333,38.3670294467,-110.7145448017
2025-05-28T03:00:30.559115,38.3670028333,-110.7146601667,38.3670294317,-110.7145448017
2025-05-28T03:00:31.059107,38.3670028333,-110.7146601667,38.367029415,-110.714544795
2025-05-28T03:00:31.559045,38.3670025,-110.7146601667,38.3670294117,-110.7145447867
2025-05-28T03:00:32.059026,38.3670025,-110.7146601667,38.3670293983,-110.7145447917
2025-05-28T03:00:32.559086,38.367002,-110.7146603333,38.3670293783,-110.7145447833
2025-05-28T03:00:33.059142,38.367002,-110.7146603333,38.3670293517,-110.71454478
2025-05-28T03:00:33.559241,38.3670025,-110.7146601667,38.3670293267,-110.7145447783
2025-05-28T03:00:34.059109,38.3670025,-110.7146601667,38.3670293033,-110.71454477
2025-05-28T03:00:34.559088,38.3670018333,-110.7146601667,38.3670292933,-110.7145447667
2025-05-28T03:00:35.059588,38.3670018333,-110.7146601667,38.3670292817,-110.71454475
2025-05-28T03:00:35.559144,38.3670018333,-110.7146601667,38.3670292683,-110.7145447433
2025-05-28T03:00:36.059158,38.3670018333,-110.7146601667,38.36702926,-110.7145447483
2025-05-28T03:00:36.559103,38.3670016667,-110.7146601667,38.3670292633,-110.714544755
2025-05-28T03:00:37.059154,38.3670016667,-110.7146601667,38.3670292617,-110.714544765
2025-05-28T03:00:37.559077,38.3670015,-110.7146603333,38.3670292617,-110.7145447717
2025-05-28T03:00:38.059136,38.3670015,-110.7146603333,38.3670292633,-110.7145447767
2025-05-28T03:00:38.559021,38.3670015,-110.7146603333,38.3670292433,-110.7145447967
2025-05-28T03:00:39.059166,38.3670015,-110.7146603333,38.36702923,-110.7145448033
2025-05-28T03:00:39.559091,38.3670015,-110.7146603333,38.3670292233,-110.7145448067
2025-05-28T03:00:40.059154,38.3670015,-110.7146603333,38.367029215,-110.7145448117
2025-05-28T03:00:40.559187,38.3670013333,-110.7146603333,38.36702921,-110.714544815
2025-05-28T03:00:41.059160,38.3670013333,-110.7146603333,38.3670292067,-110.7145448133
2025-05-28T03:00:41.559175,38.3670013333,-110.7146603333,38.367029195,-110.7145448183
2025-05-28T03:00:42.059266,38.3670013333,-110.7146603333,38.367029165,-110.7145448117
2025-05-28T03:00:42.559273,38.3670011667,-110.7146603333,38.3670291483,-110.7145448083
2025-05-28T03:00:43.059182,38.3670011667,-110.7146603333,38.3670291317,-110.7145448017
2025-05-28T03:00:43.559107,38.3670011667,-110.7146603333,38.36702912,-110.7145448
2025-05-28T03:00:44.059105,38.3670011667,-110.7146603333,38.3670291067,-110.714544795
2025-05-28T03:00:44.559074,38.3670011667,-110.7146603333,38.3670290967,-110.7145447833
2025-05-28T03:00:45.059136,38.3670011667,-110.7146603333,38.36702908,-110.7145447767
2025-05-28T03:00:45.559127,38.367001,-110.7146605,38.367029075,-110.7145447733
2025-05-28T03:00:46.059126,38.367001,-110.7146605,38.367029065,-110.714544775
2025-05-28T03:00:46.559100,38.367001,-110.7146605,38.3670290617,-110.714544775
2025-05-28T03:00:47.059140,38.367001,-110.7146605,38.3670290583,-110.7145447683
2025-05-28T03:00:47.559098,38.367001,-110.7146605,38.3670290517,-110.7145447683
2025-05-28T03:00:48.059183,38.367001,-110.7146605,38.3670290517,-110.7145447683
2025-05-28T03:00:48.559118,38.367001,-110.7146605,38.3670290583,-110.71454477
2025-05-28T03:00:49.059177,38.367001,-110.7146605,38.3670290733,-110.7145447733
2025-05-28T03:00:49.559044,38.3670006667,-110.7146605,38.36702908,-110.714544775
2025-05-28T03:00:50.059029,38.3670006667,-110.7146605,38.3670290883,-110.71454478
2025-05-28T03:00:50.559069,38.3670006667,-110.7146605,38.36702909,-110.7145447817
2025-05-28T03:00:51.059226,38.3670006667,-110.7146605,38.3670291,-110.7145447883
2025-05-28T03:00:51.559133,38.3670006667,-110.7146605,38.367029105,-110.7145448017
2025-05-28T03:00:52.059295,38.3670006667,-110.7146605,38.3670291067,-110.71454481
2025-05-28T03:00:52.559033,38.3670006667,-110.7146605,38.3670291083,-110.7145448133
2025-05-28T03:00:53.059078,38.3670006667,-110.7146605,38.36702911,-110.7145448233
2025-05-28T03:00:53.559025,38.3670006667,-110.7146605,38.3670291167,-110.7145448217
2025-05-28T03:00:54.059189,38.3670006667,-110.7146605,38.367029125,-110.7145448133
2025-05-28T03:00:54.559091,38.3670006667,-110.7146605,38.36702913,-110.7145448133
2025-05-28T03:00:55.059109,38.3670006667,-110.7146605,38.3670291433,-110.71454481
2025-05-28T03:00:55.558981,38.3670006667,-110.7146606667,38.36702915,-110.7145448083
2025-05-28T03:00:56.059131,38.3670006667,-110.7146606667,38.36702916,-110.7145448067
2025-05-28T03:00:56.559131,38.367001,-110.7146605,38.3670291717,-110.7145448017
2025-05-28T03:00:57.059189,38.367001,-110.7146605,38.3670291917,-110.7145447933
2025-05-28T03:00:57.559129,38.367001,-110.7146605,38.367029195,-110.7145447883
2025-05-28T03:00:58.059089,38.367001,-110.7146605,38.36702921,-110.7145447883
2025-05-28T03:00:58.559132,38.3670006667,-110.7146605,38.3670292217,-110.714544785
2025-05-28T03:00:59.059097,38.3670006667,-110.7146605,38.367029235,-110.714544785
2025-05-28T03:00:59.559155,38.3670008333,-110.7146605,38.3670292783,-110.7145447883
2025-05-28T03:01:00.059268,38.3670008333,-110.7146605,38.3670293067,-110.7145447917
2025-05-28T03:01:00.559032,38.3670008333,-110.7146605,38.367029315,-110.7145447883
2025-05-28T03:01:01.059249,38.3670008333,-110.7146605,38.3670293217,-110.7145447783
2025-05-28T03:01:01.559100,38.3670011667,-110.7146603333,38.3670293183,-110.7145447767
2025-05-28T03:01:02.059084,38.3670011667,-110.7146603333,38.36702931,-110.71454477
2025-05-28T03:01:02.559133,38.3670011667,-110.7146601667,38.367029295,-110.7145447433
2025-05-28T03:01:03.059145,38.3670011667,-110.7146601667,38.3670292833,-110.7145447367
2025-05-28T03:01:03.559199,38.3670011667,-110.7146601667,38.3670292817,-110.7145447383
2025-05-28T03:01:04.059184,38.3670011667,-110.7146601667,38.3670292817,-110.714544735
2025-05-28T03:01:04.559126,38.3670011667,-110.71466,38.36702928,-110.714544735
2025-05-28T03:01:05.059130,38.3670011667,-110.71466,38.36702928,-110.7145447317
2025-05-28T03:01:05.559149,38.3670011667,-110.71466,38.36702928,-110.7145447383
2025-05-28T03:01:06.059345,38.3670011667,-110.71466,38.3670292783,-110.7145447517
2025-05-28T03:01:06.559135,38.3670011667,-110.7146598333,38.36702929,-110.71454476
2025-05-28T03:01:07.059123,38.3670011667,-110.7146598333,38.367029295,-110.7145447733
2025-05-28T03:01:07.559180,38.3670011667,-110.7146598333,38.367029295,-110.714544775
2025-05-28T03:01:08.059286,38.3670011667,-110.7146598333,38.36702929,-110.7145447717
2025-05-28T03:01:08.559088,38.3670011667,-110.7146598333,38.36702929,-110.71454476
2025-05-28T03:01:09.059204,38.3670011667,-110.7146598333,38.367029285,-110.7145447467
2025-05-28T03:01:09.559061,38.367001,-110.7146596667,38.3670292867,-110.71454473
2025-05-28T03:01:10.059105,38.367001,-110.7146596667,38.3670292667,-110.7145446917
2025-05-28T03:01:10.559218,38.367001,-110.7146595,38.3670292683,-110.7145446883
2025-05-28T03:01:11.059032,38.367001,-110.7146595,38.3670292683,-110.71454469
2025-05-28T03:01:11.559097,38.367001,-110.7146595,38.3670292567,-110.7145446933
2025-05-28T03:01:12.059257,38.367001,-110.7146595,38.3670292533,-110.714544695
2025-05-28T03:01:12.559178,38.367001,-110.7146593333,38.36702925,-110.7145447117
2025-05-28T03:01:13.059172,38.367001,-110.7146593333,38.3670292467,-110.7145447233
2025-05-28T03:01:13.559112,38.3670011667,-110.7146593333,38.3670292433,-110.71454473
2025-05-28T03:01:14.059163,38.3670011667,-110.7146593333,38.36702924,-110.7145447367
2025-05-28T03:01:14.558992,38.3670011667,-110.7146593333,38.36702924,-110.7145447467
2025-05-28T03:01:15.059412,38.3670011667,-110.7146593333,38.3670292367,-110.7145447717
2025-05-28T03:01:15.559112,38.3670011667,-110.714659,38.3670292317,-110.7145447817
2025-05-28T03:01:16.059094,38.3670011667,-110.714659,38.3670292217,-110.7145447967
2025-05-28T03:01:16.559080,38.3670011667,-110.714659,38.3670292133,-110.714544805
2025-05-28T03:01:17.059165,38.3670011667,-110.714659,38.3670292033,-110.7145448233
2025-05-28T03:01:17.559094,38.3670011667,-110.7146588333,38.367029195,-110.7145448383
2025-05-28T03:01:18.059172,38.3670011667,-110.7146588333,38.3670291867,-110.7145448717
2025-05-28T03:01:18.559116,38.3670011667,-110.7146588333,38.3670291917,-110.7145448833
2025-05-28T03:01:19.059196,38.3670011667,-110.7146588333,38.3670291883,-110.7145448967
2025-05-28T03:01:19.559150,38.3670011667,-110.7146586667,38.3670291867,-110.7145449067
2025-05-28T03:01:20.059198,38.3670011667,-110.7146586667,38.3670291917,-110.7145449283
2025-05-28T03:01:20.559013,38.3670011667,-110.7146585,38.3670291983,-110.7145449433
2025-05-28T03:01:21.059151,38.3670011667,-110.7146585,38.3670291883,-110.7145449633
2025-05-28T03:01:21.559096,38.3670011667,-110.7146585,38.3670291883,-110.7145449783
2025-05-28T03:01:22.059147,38.3670011667,-110.7146585,38.367029195,-110.714544985
2025-05-28T03:01:22.559016,38.3670011667,-110.7146583333,38.3670291983,-110.7145449917
2025-05-28T03:01:23.059092,38.3670011667,-110.7146583333,38.3670291967,-110.7145449983
2025-05-28T03:01:23.559261,38.3670011667,-110.7146583333,38.367029195,-110.7145450033
2025-05-28T03:01:24.059074,38.3670011667,-110.7146583333,38.36702919,-110.7145450083
2025-05-28T03:01:24.559041,38.3670011667,-110.7146581667,38.3670292017,-110.714545025
2025-05-28T03:01:25.059346,38.3670011667,-110.7146581667,38.3670292133,-110.71454505
2025-05-28T03:01:25.559134,38.3670011667,-110.7146581667,38.36702922,-110.7145450567
2025-05-28T03:01:26.059097,38.3670011667,-110.7146581667,38.3670292283,-110.7145450683
2025-05-28T03:01:26.559101,38.3670013333,-110.714658,38.3670292333,-110.7145450783
2025-05-28T03:01:27.059175,38.3670013333,-110.714658,38.3670292333,-110.7145450933
2025-05-28T03:01:27.559137,38.3670013333,-110.7146578333,38.367029235,-110.7145451017
2025-05-28T03:01:28.059115,38.3670013333,-110.7146578333,38.3670292333,-110.714545105
2025-05-28T03:01:28.559143,38.3670013333,-110.7146578333,38.3670292333,-110.714545105
2025-05-28T03:01:29.059125,38.3670013333,-110.7146578333,38.3670292383,-110.7145451083
2025-05-28T03:01:29.559096,38.3670013333,-110.7146576667,38.3670292383,-110.7145451067
2025-05-28T03:01:30.059064,38.3670013333,-110.7146576667,38.3670292283,-110.7145450817
2025-05-28T03:01:30.559112,38.3670013333,-110.7146576667,38.3670292283,-110.7145450733
2025-05-28T03:01:31.059122,38.3670013333,-110.7146576667,38.36702923,-110.714545065
2025-05-28T03:01:31.559195,38.3670013333,-110.7146575,38.3670292283,-110.71454506
2025-05-28T03:01:32.059031,38.3670013333,-110.7146575,38.367029225,-110.7145450567
2025-05-28T03:01:32.559117,38.3670013333,-110.7146575,38.3670292117,-110.7145450517
2025-05-28T03:01:33.059147,38.3670013333,-110.7146575,38.3670291967,-110.7145450517
2025-05-28T03:01:33.559250,38.367001,-110.7146575,38.3670291967,-110.7145450317
2025-05-28T03:01:34.059136,38.367001,-110.7146575,38.3670291967,-110.7145450067
2025-05-28T03:01:34.559047,38.367001,-110.7146575,38.3670291933,-110.7145450017
2025-05-28T03:01:35.059122,38.367001,-110.7146575,38.36702919,-110.714544995
2025-05-28T03:01:35.559161,38.3670016667,-110.7146571667,38.3670291867,-110.7145449917
2025-05-28T03:01:36.059145,38.3670016667,-110.7146571667,38.3670291867,-110.7145449833
2025-05-28T03:01:36.559123,38.3670016667,-110.7146571667,38.3670291817,-110.7145449783
2025-05-28T03:01:37.059185,38.3670016667,-110.7146571667,38.3670291817,-110.7145449733
2025-05-28T03:01:37.559207,38.3670018333,-110.714657,38.3670291833,-110.7145449717
2025-05-28T03:01:38.059260,38.3670018333,-110.714657,38.367029185,-110.7145449717
2025-05-28T03:01:38.559056,38.3670018333,-110.7146568333,38.36702919,-110.7145449683
2025-05-28T03:01:39.059348,38.3670018333,-110.7146568333,38.3670291967,-110.7145449567
2025-05-28T03:01:39.559045,38.3670018333,-110.714657,38.3670292,-110.7145449533
2025-05-28T03:01:40.059196,38.3670018333,-110.714657,38.3670291983,-110.7145449517
2025-05-28T03:01:40.559122,38.3670018333,-110.7146568333,38.3670291983,-110.714544945
2025-05-28T03:01:41.059200,38.3670018333,-110.7146568333,38.3670291983,-110.7145449317
2025-05-28T03:01:41.559115,38.3670018333,-110.7146568333,38.367029195,-110.7145449233
2025-05-28T03:01:42.059147,38.3670018333,-110.7146568333,38.3670291883,-110.714544915
2025-05-28T03:01:42.559485,38.3670018333,-110.7146568333,38.3670291817,-110.714544905
2025-05-28T03:01:43.059124,38.3670018333,-110.7146568333,38.367029175,-110.7145449033
2025-05-28T03:01:43.559348,38.3670018333,-110.7146568333,38.367029175,-110.7145448983
2025-05-28T03:01:44.059152,38.3670018333,-110.7146568333,38.367029175,-110.714544895
2025-05-28T03:01:44.559085,38.367002,-110.7146566667,38.3670291733,-110.7145448867
2025-05-28T03:01:45.059107,38.367002,-110.7146566667,38.3670291667,-110.714544885
2025-05-28T03:01:45.559259,38.367002,-110.7146566667,38.3670291633,-110.7145448883
2025-05-28T03:01:46.059103,38.367002,-110.7146566667,38.36702916,-110.714544895
2025-05-28T03:01:46.559094,38.367002,-110.7146566667,38.3670291583,-110.7145448983
2025-05-28T03:01:47.059263,38.367002,-110.7146566667,38.36702917,-110.7145448817
2025-05-28T03:01:47.559069,38.367002,-110.7146566667,38.3670291833,-110.71454488
2025-05-28T03:01:48.059138,38.367002,-110.7146566667,38.367029195,-110.7145449017
2025-05-28T03:01:48.559189,38.367002,-110.7146566667,38.3670292,-110.7145449317
2025-05-28T03:01:49.059291,38.367002,-110.7146566667,38.3670291933,-110.7145449767
2025-05-28T03:01:49.559178,38.367002,-110.7146566667,38.3670291917,-110.7145450017
2025-05-28T03:01:50.059187,38.367002,-110.7146566667,38.36702919,-110.7145450217
2025-05-28T03:01:50.559276,38.367002,-110.7146566667,38.367029185,-110.7145450733
2025-05-28T03:01:51.059204,38.367002,-110.7146566667,38.367029185,-110.714545105
2025-05-28T03:01:51.559137,38.367002,-110.7146566667,38.3670291867,-110.7145451283
2025-05-28T03:01:52.059209,38.367002,-110.7146566667,38.3670291867,-110.71454515
2025-05-28T03:01:52.559145,38.367002,-110.7146566667,38.367029185,-110.71454516
2025-05-28T03:01:53.059140,38.367002,-110.7146566667,38.3670291833,-110.71454517
2025-05-28T03:01:53.559198,38.367002,-110.7146566667,38.3670291717,-110.7145452033
2025-05-28T03:01:54.058968,38.367002,-110.7146566667,38.36702917,-110.7145452283
2025-05-28T03:01:54.559124,38.367002,-110.7146565,38.36702917,-110.71454524
2025-05-28T03:01:55.059613,38.367002,-110.7146565,38.3670291733,-110.71454526
2025-05-28T03:01:55.559237,38.367002,-110.7146565,38.367029175,-110.71454527
2025-05-28T03:01:56.059167,38.367002,-110.7146565,38.3670291783,-110.7145452783
2025-05-28T03:01:56.559238,38.367002,-110.7146565,38.3670291817,-110.7145453083
2025-05-28T03:01:57.059131,38.367002,-110.7146565,38.3670291867,-110.7145453483
2025-05-28T03:01:57.559185,38.3670018333,-110.7146563333,38.3670291967,-110.7145453717
2025-05-28T03:01:58.059147,38.3670018333,-110.7146563333,38.367029205,-110.7145453883
2025-05-28T03:01:58.559055,38.367002,-110.7146563333,38.36702921,-110.7145453983
2025-05-28T03:01:59.059197,38.367002,-110.7146563333,38.3670292133,-110.7145454033
2025-05-28T03:01:59.559025,38.367002,-110.7146563333,38.367029225,-110.7145454267
2025-05-28T03:02:00.059058,38.367002,-110.7146563333,38.3670292283,-110.71454546
2025-05-28T03:02:00.559097,38.3670018333,-110.7146563333,38.3670292317,-110.7145454783
2025-05-28T03:02:01.059323,38.3670018333,-110.7146563333,38.3670292383,-110.7145454933
2025-05-28T03:02:01.559179,38.3670018333,-110.7146561667,38.3670292417,-110.7145455017
2025-05-28T03:02:02.059117,38.3670018333,-110.7146561667,38.367029245,-110.71454551
2025-05-28T03:02:02.559121,38.3670018333,-110.7146561667,38.36702925,-110.7145455333
2025-05-28T03:02:03.059111,38.3670018333,-110.7146561667,38.3670292517,-110.7145455633
2025-05-28T03:02:03.559145,38.3670013333,-110.7146563333,38.3670292567,-110.7145455783
2025-05-28T03:02:04.059180,38.3670013333,-110.7146563333,38.3670292633,-110.7145455917
2025-05-28T03:02:04.558902,38.3670011667,-110.7146565,38.367029265,-110.7145455983
2025-05-28T03:02:05.059119,38.3670011667,-110.7146565,38.36702927,-110.7145456083
2025-05-28T03:02:05.559213,38.3670011667,-110.7146565,38.3670292733,-110.714545625
2025-05-28T03:02:06.059107,38.3670011667,-110.7146565,38.3670292783,-110.7145456483
2025-05-28T03:02:06.559364,38.3670008333,-110.7146566667,38.367029285,-110.7145456617
2025-05-28T03:02:07.059162,38.3670008333,-110.7146566667,38.367029295,-110.71454567
2025-05-28T03:02:07.559054,38.3670023333,-110.7146556667,38.3670292967,-110.7145456733
2025-05-28T03:02:08.059509,38.3670023333,-110.7146556667,38.3670292983,-110.7145456783
2025-05-28T03:02:08.559014,38.3670026667,-110.7146553333,38.3670293083,-110.71454568
2025-05-28T03:02:09.059135,38.3670026667,-110.7146553333,38.3670293217,-110.7145456817
2025-05-28T03:02:09.559153,38.3670026667,-110.7146553333,38.367029325,-110.7145456833
2025-05-28T03:02:10.059168,38.3670026667,-110.7146553333,38.367029335,-110.7145456833
2025-05-28T03:02:10.559203,38.3670026667,-110.7146555,38.3670293383,-110.7145456833
2025-05-28T03:02:11.059439,38.3670026667,-110.7146555,38.3670293417,-110.7145456867
2025-05-28T03:02:11.559018,38.3670018333,-110.7146561667,38.3670293533,-110.7145456917
2025-05-28T03:02:12.059657,38.3670018333,-110.7146561667,38.3670293583,-110.7145456967
2025-05-28T03:02:12.559331,38.3670016667,-110.7146563333,38.3670293567,-110.7145456967
2025-05-28T03:02:13.059417,38.3670016667,-110.7146563333,38.3670293617,-110.7145457017
2025-05-28T03:02:13.559169,38.3670016667,-110.7146563333,38.3670293633,-110.714545705
2025-05-28T03:02:14.059085,38.3670016667,-110.7146563333,38.3670293633,-110.7145457117
2025-05-28T03:02:14.559115,38.3670016667,-110.7146563333,38.3670293667,-110.7145457167
2025-05-28T03:02:15.059190,38.3670016667,-110.7146563333,38.3670293733,-110.71454572
2025-05-28T03:02:15.559205,38.3670016667,-110.7146563333,38.3670293783,-110.7145457183
2025-05-28T03:02:16.059201,38.3670016667,-110.7146563333,38.3670293833,-110.7145457167
2025-05-28T03:02:16.559103,38.3670016667,-110.7146563333,38.3670293883,-110.714545715
2025-05-28T03:02:17.059117,38.3670016667,-110.7146563333,38.3670293917,-110.7145457167
2025-05-28T03:02:17.559327,38.3670008333,-110.7146566667,38.36702941,-110.7145457133
2025-05-28T03:02:18.059273,38.3670008333,-110.7146566667,38.3670294233,-110.7145457083
2025-05-28T03:02:18.559188,38.3670015,-110.7146563333,38.3670294283,-110.7145457017
2025-05-28T03:02:19.059143,38.3670015,-110.7146563333,38.3670294367,-110.7145457
2025-05-28T03:02:19.559173,38.3670036667,-110.7146541667,38.36702944,-110.7145457017
2025-05-28T03:02:20.059076,38.3670036667,-110.7146541667,38.3670294467,-110.714545705
2025-05-28T03:02:20.559133,38.3670033333,-110.7146546667,38.3670294517,-110.7145457083
2025-05-28T03:02:21.059131,38.3670033333,-110.7146546667,38.36702946,-110.7145457267
2025-05-28T03:02:21.559118,38.3670033333,-110.7146546667,38.3670294667,-110.71454574
2025-05-28T03:02:22.059282,38.3670033333,-110.7146546667,38.36702948,-110.7145457517
2025-05-28T03:02:22.559066,38.3670033333,-110.7146546667,38.36702949,-110.714545765
2025-05-28T03:02:23.059598,38.3670033333,-110.7146546667,38.3670295133,-110.71454578
2025-05-28T03:02:23.559152,38.3670035,-110.7146545,38.3670295233,-110.71454579
2025-05-28T03:02:24.059093,38.3670035,-110.7146545,38.3670295433,-110.7145458133
2025-05-28T03:02:24.559396,38.3670035,-110.7146545,38.36702954,-110.71454582
2025-05-28T03:02:25.059224,38.3670035,-110.7146545,38.3670295433,-110.714545825
2025-05-28T03:02:25.559122,38.3670035,-110.7146545,38.3670295517,-110.7145458267
2025-05-28T03:02:26.059081,38.3670035,-110.7146545,38.3670295517,-110.714545825
2025-05-28T03:02:26.559070,38.3670038333,-110.7146541667,38.3670295533,-110.714545825
2025-05-28T03:02:27.059087,38.3670038333,-110.7146541667,38.367029565,-110.7145458233
2025-05-28T03:02:27.559110,38.3670038333,-110.7146541667,38.36702956,-110.714545815
2025-05-28T03:02:28.059266,38.3670038333,-110.7146541667,38.3670295617,-110.7145458067
2025-05-28T03:02:28.559161,38.3670038333,-110.7146541667,38.3670295683,-110.7145458067
2025-05-28T03:02:29.059226,38.3670038333,-110.7146541667,38.3670295633,-110.7145458017
2025-05-28T03:02:29.559036,38.3670038333,-110.7146541667,38.367029555,-110.71454579
2025-05-28T03:02:30.059192,38.3670038333,-110.7146541667,38.3670295533,-110.7145457883
2025-05-28T03:02:30.559165,38.3670036667,-110.7146543333,38.3670295483,-110.714545785
2025-05-28T03:02:31.059250,38.3670036667,-110.7146543333,38.3670295383,-110.714545785
2025-05-28T03:02:31.559120,38.3670038333,-110.7146541667,38.3670295267,-110.71454578
2025-05-28T03:02:32.059076,38.3670038333,-110.7146541667,38.3670295317,-110.714545785
2025-05-28T03:02:32.559160,38.3670038333,-110.7146541667,38.3670295283,-110.7145457933
2025-05-28T03:02:33.059106,38.3670038333,-110.7146541667,38.3670295233,-110.7145458033
2025-05-28T03:02:33.559266,38.3670038333,-110.7146541667,38.3670295183,-110.71454581
2025-05-28T03:02:34.059307,38.3670038333,-110.7146541667,38.3670295067,-110.7145458117
2025-05-28T03:02:34.559090,38.3670038333,-110.7146541667,38.3670295067,-110.7145458167
2025-05-28T03:02:35.059225,38.3670038333,-110.7146541667,38.3670295067,-110.7145458217
2025-05-28T03:02:35.559068,38.3670038333,-110.7146541667,38.367029495,-110.7145458283
2025-05-28T03:02:36.059105,38.3670038333,-110.7146541667,38.3670295,-110.71454584
2025-05-28T03:02:36.559192,38.3670038333,-110.7146541667,38.3670294967,-110.7145458433
2025-05-28T03:02:37.059566,38.3670038333,-110.7146541667,38.3670294883,-110.7145458417
2025-05-28T03:02:37.559408,38.3670038333,-110.7146541667,38.3670294867,-110.7145458433
2025-05-28T03:02:38.059355,38.3670038333,-110.7146541667,38.3670294867,-110.714545845
2025-05-28T03:02:38.559135,38.3670038333,-110.714654,38.3670294983,-110.71454585
2025-05-28T03:02:39.059137,38.3670038333,-110.714654,38.367029505,-110.7145458467
2025-05-28T03:02:39.559098,38.367004,-110.714654,38.36702951,-110.7145458433
2025-05-28T03:02:40.059096,38.367004,-110.714654,38.3670295167,-110.7145458417
2025-05-28T03:02:40.559140,38.367004,-110.714654,38.3670295183,-110.71454584
2025-05-28T03:02:41.059170,38.367004,-110.714654,38.36702952,-110.71454584
2025-05-28T03:02:41.559103,38.367004,-110.714654,38.3670295283,-110.7145458483
2025-05-28T03:02:42.059252,38.367004,-110.714654,38.367029535,-110.7145458633
2025-05-28T03:02:42.559116,38.3670038333,-110.714654,38.367029535,-110.7145458717
2025-05-28T03:02:43.059197,38.3670038333,-110.714654,38.367029535,-110.7145458783
2025-05-28T03:02:43.559264,38.367004,-110.714654,38.3670295383,-110.7145458817
2025-05-28T03:02:44.059210,38.367004,-110.714654,38.3670295433,-110.714545885
2025-05-28T03:02:44.559133,38.367004,-110.714654,38.3670295617,-110.7145458917
2025-05-28T03:02:45.059168,38.367004,-110.714654,38.3670295633,-110.714545895
2025-05-28T03:02:45.559066,38.367004,-110.714654,38.3670295583,-110.7145458983
2025-05-28T03:02:46.059266,38.367004,-110.714654,38.3670295617,-110.7145459017
2025-05-28T03:02:46.559404,38.367004,-110.7146541667,38.3670295617,-110.7145459033
2025-05-28T03:02:47.059492,38.367004,-110.7146541667,38.3670295517,-110.7145459017
2025-05-28T03:02:47.559550,38.367004,-110.7146538333,38.3670295467,-110.714545905
2025-05-28T03:02:48.059219,38.367004,-110.7146538333,38.3670295433,-110.7145459083
2025-05-28T03:02:48.559176,38.3670043333,-110.7146536667,38.3670295417,-110.7145459133
2025-05-28T03:02:49.059130,38.3670043333,-110.7146536667,38.367029535,-110.714545915
2025-05-28T03:02:49.559221,38.367004,-110.7146538333,38.36702953,-110.7145459167
2025-05-28T03:02:50.059346,38.367004,-110.7146538333,38.3670295217,-110.7145459167
2025-05-28T03:02:50.559303,38.367004,-110.714654,38.3670295167,-110.7145459183
2025-05-28T03:02:51.059156,38.367004,-110.714654,38.3670295083,-110.7145459183
2025-05-28T03:02:51.559628,38.367004,-110.714654,38.3670295017,-110.7145459167
2025-05-28T03:02:52.059147,38.367004,-110.714654,38.3670294967,-110.7145459167
2025-05-28T03:02:52.559225,38.367004,-110.714654,38.367029495,-110.7145459167
2025-05-28T03:02:53.059090,38.367004,-110.714654,38.3670294967,-110.7145459183
2025-05-28T03:02:53.559288,38.367004,-110.714654,38.3670294917,-110.71454592
2025-05-28T03:02:54.059370,38.367004,-110.714654,38.3670294767,-110.7145459167
2025-05-28T03:02:54.559127,38.367004,-110.7146541667,38.3670294683,-110.7145459133
2025-05-28T03:02:55.059102,38.367004,-110.7146541667,38.3670294667,-110.7145459117
2025-05-28T03:02:55.559279,38.367004,-110.7146541667,38.3670294633,-110.71454591
2025-05-28T03:02:56.059102,38.367004,-110.7146541667,38.367029465,-110.7145459117
2025-05-28T03:02:56.559258,38.367004,-110.7146541667,38.36702946,-110.71454591
2025-05-28T03:02:57.059149,38.367004,-110.7146541667,38.3670294567,-110.7145459133
2025-05-28T03:02:57.559130,38.3670038333,-110.7146541667,38.3670294517,-110.7145459167
2025-05-28T03:02:58.059137,38.3670038333,-110.7146541667,38.3670294467,-110.7145459233
2025-05-28T03:02:58.559226,38.3670038333,-110.7146543333,38.36702945,-110.7145459283
2025-05-28T03:02:59.059258,38.3670038333,-110.7146543333,38.367029455,-110.714545935
2025-05-28T03:02:59.559056,38.3670038333,-110.7146543333,38.367029455,-110.7145459383
2025-05-28T03:03:00.059369,38.3670038333,-110.7146543333,38.3670294633,-110.71454594
2025-05-28T03:03:00.559110,38.3670038333,-110.7146543333,38.36702947,-110.71454594
2025-05-28T03:03:01.059542,38.3670038333,-110.7146543333,38.3670294767,-110.7145459367
2025-05-28T03:03:01.559406,38.3670038333,-110.7146543333,38.3670294767,-110.714545935
2025-05-28T03:03:02.059148,38.3670038333,-110.7146543333,38.3670294733,-110.7145459283
2025-05-28T03:03:02.559612,38.367004,-110.7146545,38.3670294783,-110.7145459233
2025-05-28T03:03:03.059400,38.367004,-110.7146545,38.3670294933,-110.7145459167
2025-05-28T03:03:03.559123,38.367004,-110.7146543333,38.367029495,-110.7145459117
2025-05-28T03:03:04.059143,38.367004,-110.7146543333,38.3670294933,-110.714545905
2025-05-28T03:03:04.559194,38.367004,-110.7146543333,38.3670294967,-110.7145459017
2025-05-28T03:03:05.059106,38.367004,-110.7146543333,38.3670294983,-110.7145458983
2025-05-28T03:03:05.559394,38.367004,-110.7146545,38.3670295067,-110.7145458817
2025-05-28T03:03:06.059269,38.367004,-110.7146545,38.3670295133,-110.7145458667
2025-05-28T03:03:06.559195,38.367004,-110.7146545,38.3670295083,-110.7145458533
2025-05-28T03:03:07.059365,38.367004,-110.7146545,38.3670295117,-110.7145458467
2025-05-28T03:03:07.559138,38.367004,-110.7146545,38.36702951,-110.7145458417
2025-05-28T03:03:08.059193,38.367004,-110.7146545,38.3670295083,-110.7145458367
2025-05-28T03:03:08.559038,38.367004,-110.7146545,38.3670295033,-110.714545815
2025-05-28T03:03:09.059186,38.367004,-110.7146545,38.3670295083,-110.714545785
2025-05-28T03:03:09.559176,38.3670038333,-110.7146545,38.3670295117,-110.7145457667
2025-05-28T03:03:10.059260,38.3670038333,-110.7146545,38.367029515,-110.7145457517
2025-05-28T03:03:10.559086,38.367003,-110.7146556667,38.3670295167,-110.7145457433
2025-05-28T03:03:11.059181,38.367003,-110.7146556667,38.3670295167,-110.7145457333
2025-05-28T03:03:11.559296,38.3670043333,-110.7146543333,38.36702952,-110.7145457083
2025-05-28T03:03:12.059131,38.3670043333,-110.7146543333,38.367029525,-110.71454569
2025-05-28T03:03:12.559105,38.3670041667,-110.7146545,38.3670295333,-110.7145456817
2025-05-28T03:03:13.059190,38.3670041667,-110.7146545,38.36702954,-110.714545675
2025-05-28T03:03:13.559318,38.3670043333,-110.7146545,38.367029545,-110.7145456733
2025-05-28T03:03:14.059433,38.3670043333,-110.7146545,38.36702955,-110.7145456717
2025-05-28T03:03:14.558960,38.3670041667,-110.7146545,38.3670295733,-110.7145456717
2025-05-28T03:03:15.059510,38.3670041667,-110.7146545,38.367029585,-110.7145456483
2025-05-28T03:03:15.559148,38.367004,-110.7146548333,38.36702959,-110.71454563
2025-05-28T03:03:16.059220,38.367004,-110.7146548333,38.367029585,-110.7145456133
2025-05-28T03:03:16.559191,38.3670041667,-110.7146546667,38.3670295833,-110.714545605
2025-05-28T03:03:17.059189,38.3670041667,-110.7146546667,38.3670295817,-110.7145456
2025-05-28T03:03:17.559239,38.3670041667,-110.7146546667,38.36702957,-110.7145455833
2025-05-28T03:03:18.059310,38.3670041667,-110.7146546667,38.3670295917,-110.7145455783
2025-05-28T03:03:18.559128,38.3670041667,-110.7146546667,38.3670296017,-110.71454558
2025-05-28T03:03:19.059168,38.3670041667,-110.7146546667,38.3670296183,-110.714545585
2025-05-28T03:03:19.559100,38.3670041667,-110.7146546667,38.36702962,-110.7145455833
2025-05-28T03:03:20.059193,38.3670041667,-110.7146546667,38.3670296233,-110.714545585
2025-05-28T03:03:20.559166,38.367004,-110.7146546667,38.3670296417,-110.714545585
2025-05-28T03:03:21.059137,38.367004,-110.7146546667,38.3670296683,-110.7145455817
2025-05-28T03:03:21.559252,38.367004,-110.7146546667,38.3670296817,-110.7145455783
2025-05-28T03:03:22.059508,38.367004,-110.7146546667,38.3670296933,-110.7145455683
2025-05-28T03:03:22.559295,38.367004,-110.7146546667,38.3670296983,-110.7145455633
2025-05-28T03:03:23.059225,38.367004,-110.7146546667,38.36702971,-110.7145455533
2025-05-28T03:03:23.559126,38.367004,-110.7146546667,38.3670297267,-110.7145455517
2025-05-28T03:03:24.059235,38.367004,-110.7146546667,38.36702974,-110.71454555
2025-05-28T03:03:24.559046,38.367004,-110.7146546667,38.36702974,-110.7145455433
2025-05-28T03:03:25.059277,38.367004,-110.7146546667,38.3670297333,-110.7145455367
2025-05-28T03:03:25.559106,38.367004,-110.7146546667,38.3670297317,-110.714545535
2025-05-28T03:03:26.059120,38.367004,-110.7146546667,38.36702973,-110.7145455317
2025-05-28T03:03:26.559146,38.367004,-110.7146546667,38.3670297317,-110.7145455217
2025-05-28T03:03:27.059164,38.367004,-110.7146546667,38.3670297267,-110.7145455083
2025-05-28T03:03:27.559120,38.367004,-110.7146546667,38.3670297233,-110.7145455067
2025-05-28T03:03:28.059125,38.367004,-110.7146546667,38.3670297233,-110.7145455067
2025-05-28T03:03:28.559009,38.367004,-110.7146546667,38.3670297233,-110.7145455067
2025-05-28T03:03:29.059208,38.367004,-110.7146546667,38.367029725,-110.714545505
2025-05-28T03:03:29.559081,38.3670041667,-110.7146545,38.3670297283,-110.7145455067
2025-05-28T03:03:30.059222,38.3670041667,-110.7146545,38.36702974,-110.7145454883
2025-05-28T03:03:30.559126,38.3670041667,-110.7146545,38.3670297433,-110.7145454667
2025-05-28T03:03:31.059137,38.3670041667,-110.7146545,38.3670297567,-110.7145454717
2025-05-28T03:03:31.559167,38.3670041667,-110.7146545,38.367029755,-110.7145454667
2025-05-28T03:03:32.059005,38.3670041667,-110.7146545,38.3670297617,-110.714545465
2025-05-28T03:03:32.559343,38.3670041667,-110.7146545,38.3670297833,-110.7145454667
2025-05-28T03:03:33.059185,38.3670041667,-110.7146545,38.3670298117,-110.7145454733
2025-05-28T03:03:33.559192,38.3670041667,-110.7146545,38.3670298317,-110.7145454817
2025-05-28T03:03:34.059161,38.3670041667,-110.7146545,38.3670298517,-110.7145454883
2025-05-28T03:03:34.559105,38.3670041667,-110.7146545,38.36702986,-110.7145454933
2025-05-28T03:03:35.059077,38.3670041667,-110.7146545,38.3670298667,-110.714545495
2025-05-28T03:03:35.559138,38.3670041667,-110.7146545,38.367029885,-110.714545505
2025-05-28T03:03:36.058991,38.3670041667,-110.7146545,38.3670299133,-110.7145455217
2025-05-28T03:03:36.559139,38.3670041667,-110.7146545,38.3670299333,-110.7145455317
2025-05-28T03:03:37.059086,38.3670041667,-110.7146545,38.3670299483,-110.71454554
2025-05-28T03:03:37.559115,38.3670043333,-110.7146545,38.367029955,-110.7145455433
2025-05-28T03:03:38.059206,38.3670043333,-110.7146545,38.3670299667,-110.71454555
2025-05-28T03:03:38.559094,38.3670041667,-110.7146546667,38.36702999,-110.71454556
2025-05-28T03:03:39.059069,38.3670041667,-110.7146546667,38.3670299983,-110.71454557
2025-05-28T03:03:39.559135,38.3670041667,-110.7146546667,38.3670300017,-110.714545575
2025-05-28T03:03:40.059145,38.3670041667,-110.7146546667,38.3670300133,-110.7145455833
2025-05-28T03:03:40.559047,38.3670041667,-110.7146546667,38.36703002,-110.714545585
2025-05-28T03:03:41.059142,38.3670041667,-110.7146546667,38.367030025,-110.71454559
2025-05-28T03:03:41.559108,38.3670041667,-110.7146546667,38.3670300317,-110.714545605
2025-05-28T03:03:42.059122,38.3670041667,-110.7146546667,38.36703005,-110.714545625
2025-05-28T03:03:42.559127,38.3670041667,-110.7146546667,38.367030055,-110.7145456367
2025-05-28T03:03:43.059126,38.3670041667,-110.7146546667,38.367030055,-110.71454565
2025-05-28T03:03:43.559125,38.3670041667,-110.7146546667,38.3670300533,-110.714545655
2025-05-28T03:03:44.059161,38.3670041667,-110.7146546667,38.3670300583,-110.71454566
2025-05-28T03:03:44.559146,38.3670043333,-110.7146546667,38.3670300733,-110.7145456767
2025-05-28T03:03:45.059269,38.3670043333,-110.7146546667,38.3670300867,-110.7145456817
2025-05-28T03:03:45.559194,38.3670043333,-110.7146545,38.3670300967,-110.7145456967
2025-05-28T03:03:46.059312,38.3670043333,-110.7146545,38.3670301117,-110.71454571
2025-05-28T03:03:46.559336,38.3670043333,-110.7146545,38.3670301167,-110.7145457133
2025-05-28T03:03:47.059143,38.3670043333,-110.7146545,38.3670301217,-110.7145457183
2025-05-28T03:03:47.559433,38.3670043333,-110.7146545,38.3670301317,-110.7145457333
2025-05-28T03:03:48.059184,38.3670043333,-110.7146545,38.36703014,-110.7145457483
2025-05-28T03:03:48.559223,38.3670043333,-110.7146545,38.3670301517,-110.7145457583
2025-05-28T03:03:49.059145,38.3670043333,-110.7146545,38.3670301683,-110.7145457667
2025-05-28T03:03:49.559544,38.3670043333,-110.7146543333,38.3670301733,-110.71454577
2025-05-28T03:03:50.059044,38.3670043333,-110.7146543333,38.3670301817,-110.7145457717
2025-05-28T03:03:50.559159,38.3670041667,-110.7146545,38.3670301917,-110.7145457833
2025-05-28T03:03:51.059108,38.3670041667,-110.7146545,38.3670302167,-110.71454579
2025-05-28T03:03:51.559052,38.3670041667,-110.7146545,38.367030235,-110.7145457967
2025-05-28T03:03:52.059343,38.3670041667,-110.7146545,38.3670302483,-110.7145458033
2025-05-28T03:03:52.559064,38.3670041667,-110.7146545,38.3670302567,-110.714545805
2025-05-28T03:03:53.059041,38.3670041667,-110.7146545,38.3670302633,-110.7145458117
2025-05-28T03:03:53.559065,38.3670041667,-110.7146543333,38.367030275,-110.714545815
2025-05-28T03:03:54.059132,38.3670041667,-110.7146543333,38.3670302817,-110.7145458167
2025-05-28T03:03:54.559070,38.3670041667,-110.7146543333,38.367030295,-110.7145458283
2025-05-28T03:03:55.059246,38.3670041667,-110.7146543333,38.3670303017,-110.7145458317
2025-05-28T03:03:55.559138,38.3670041667,-110.7146543333,38.3670303083,-110.714545835
2025-05-28T03:03:56.059134,38.3670041667,-110.7146543333,38.3670303167,-110.71454584
2025-05-28T03:03:56.559100,38.3670041667,-110.7146541667,38.3670303233,-110.7145458417
2025-05-28T03:03:57.059156,38.3670041667,-110.7146541667,38.3670303317,-110.7145458517
2025-05-28T03:03:57.559126,38.3670041667,-110.7146541667,38.3670303383,-110.7145458583
2025-05-28T03:03:58.059179,38.3670041667,-110.7146541667,38.3670303367,-110.714545865
2025-05-28T03:03:58.559118,38.367004,-110.7146541667,38.3670303367,-110.71454587
2025-05-28T03:03:59.059146,38.367004,-110.7146541667,38.3670303317,-110.7145458717
2025-05-28T03:03:59.559213,38.367004,-110.7146541667,38.3670303267,-110.7145458783
2025-05-28T03:04:00.059135,38.367004,-110.7146541667,38.367030315,-110.7145458867
2025-05-28T03:04:00.559268,38.367004,-110.714654,38.367030305,-110.7145458917
2025-05-28T03:04:01.059249,38.367004,-110.714654,38.3670302933,-110.7145459017
2025-05-28T03:04:01.559109,38.367004,-110.714654,38.3670302933,-110.7145459
2025-05-28T03:04:02.059125,38.367004,-110.714654,38.3670302917,-110.7145459
2025-05-28T03:04:02.559266,38.3670038333,-110.714654,38.367030285,-110.714545905
2025-05-28T03:04:03.059026,38.3670038333,-110.714654,38.3670302817,-110.714545915
2025-05-28T03:04:03.559160,38.3670038333,-110.714654,38.3670302783,-110.7145459217
2025-05-28T03:04:04.059264,38.3670038333,-110.714654,38.3670302733,-110.7145459267
2025-05-28T03:04:04.559307,38.3670038333,-110.714654,38.3670302733,-110.7145459283
2025-05-28T03:04:05.059138,38.3670038333,-110.714654,38.3670302717,-110.7145459317
2025-05-28T03:04:05.559240,38.3670038333,-110.714654,38.367030285,-110.71454594
2025-05-28T03:04:06.059135,38.3670038333,-110.714654,38.3670302917,-110.7145459483
2025-05-28T03:04:06.559185,38.3670038333,-110.714654,38.367030295,-110.71454595
2025-05-28T03:04:07.059226,38.3670038333,-110.714654,38.367030295,-110.714545955
2025-05-28T03:04:07.559179,38.3670038333,-110.714654,38.3670302967,-110.7145459533
2025-05-28T03:04:08.059223,38.3670038333,-110.714654,38.3670302967,-110.71454595
2025-05-28T03:04:08.559293,38.3670036667,-110.714654,38.3670302883,-110.7145459533
2025-05-28T03:04:09.059157,38.3670036667,-110.714654,38.3670302867,-110.7145459567
2025-05-28T03:04:09.559092,38.3670036667,-110.7146538333,38.3670302867,-110.7145459633
2025-05-28T03:04:10.059261,38.3670036667,-110.7146538333,38.3670302883,-110.714545965
2025-05-28T03:04:10.559123,38.3670036667,-110.7146538333,38.367030285,-110.7145459667
2025-05-28T03:04:11.059216,38.3670036667,-110.7146538333,38.3670302867,-110.7145459683
2025-05-28T03:04:11.559464,38.3670036667,-110.7146538333,38.3670302867,-110.71454597
2025-05-28T03:04:12.059326,38.3670036667,-110.7146538333,38.36703028,-110.7145459683
2025-05-28T03:04:12.559169,38.3670036667,-110.7146538333,38.3670302783,-110.7145459733
2025-05-28T03:04:13.059221,38.3670036667,-110.7146538333,38.36703028,-110.7145459717
2025-05-28T03:04:13.559049,38.3670036667,-110.7146538333,38.36703028,-110.7145459717
2025-05-28T03:04:14.059107,38.3670036667,-110.7146538333,38.3670302767,-110.71454598
2025-05-28T03:04:14.559104,38.3670036667,-110.7146536667,38.3670302783,-110.7145459833
2025-05-28T03:04:15.059150,38.3670036667,-110.7146536667,38.3670302667,-110.7145459733
2025-05-28T03:04:15.559191,38.3670038333,-110.7146536667,38.3670302633,-110.7145459617
2025-05-28T03:04:16.059203,38.3670038333,-110.7146536667,38.3670302583,-110.714545955
2025-05-28T03:04:16.559180,38.3670038333,-110.7146536667,38.3670302533,-110.7145459517
2025-05-28T03:04:17.059332,38.3670038333,-110.7146536667,38.367030245,-110.71454595
2025-05-28T03:04:17.559128,38.3670038333,-110.7146536667,38.3670302433,-110.7145459433
2025-05-28T03:04:18.059137,38.3670038333,-110.7146536667,38.3670302367,-110.7145459367
2025-05-28T03:04:18.559270,38.3670038333,-110.7146536667,38.367030245,-110.714545945
2025-05-28T03:04:19.059205,38.3670038333,-110.7146536667,38.3670302567,-110.71454595
2025-05-28T03:04:19.559198,38.3670038333,-110.7146536667,38.3670302617,-110.7145459517
2025-05-28T03:04:20.059220,38.3670038333,-110.7146536667,38.3670302633,-110.7145459583
2025-05-28T03:04:20.559202,38.3670038333,-110.7146535,38.36703028,-110.7145459667
2025-05-28T03:04:21.059280,38.3670038333,-110.7146535,38.3670302967,-110.7145459767
2025-05-28T03:04:21.559113,38.367004,-110.7146535,38.3670303083,-110.714545985
2025-05-28T03:04:22.059259,38.367004,-110.7146535,38.36703031,-110.7145459933
2025-05-28T03:04:22.559385,38.367004,-110.7146535,38.3670303083,-110.7145460017
2025-05-28T03:04:23.059101,38.367004,-110.7146535,38.367030305,-110.7145460083
2025-05-28T03:04:23.559338,38.367004,-110.7146535,38.367030305,-110.7145460133
2025-05-28T03:04:24.059151,38.367004,-110.7146535,38.3670303067,-110.7145460217
2025-05-28T03:04:24.559158,38.367004,-110.7146535,38.36703031,-110.7145460167
2025-05-28T03:04:25.059146,38.367004,-110.7146535,38.36703032,-110.7145460183
2025-05-28T03:04:25.559313,38.367004,-110.7146535,38.367030325,-110.7145460167
2025-05-28T03:04:26.059213,38.367004,-110.7146535,38.3670303283,-110.714546015
2025-05-28T03:04:26.559101,38.367004,-110.7146535,38.367030325,-110.7145460117
2025-05-28T03:04:27.059161,38.367004,-110.7146535,38.367030325,-110.7145460167
2025-05-28T03:04:27.559193,38.367004,-110.7146533333,38.3670303283,-110.714546025
2025-05-28T03:04:28.059685,38.367004,-110.7146533333,38.3670303217,-110.714546035
2025-05-28T03:04:28.559191,38.367004,-110.7146533333,38.3670303233,-110.7145460367
2025-05-28T03:04:29.059175,38.367004,-110.7146533333,38.367030325,-110.7145460367
2025-05-28T03:04:29.559146,38.3670041667,-110.7146533333,38.367030315,-110.7145460333
2025-05-28T03:04:30.059477,38.3670041667,-110.7146533333,38.3670303117,-110.7145460317
2025-05-28T03:04:30.559238,38.3670041667,-110.7146533333,38.3670303083,-110.714546035
2025-05-28T03:04:31.059137,38.3670041667,-110.7146533333,38.3670303117,-110.7145460383
2025-05-28T03:04:31.559246,38.3670041667,-110.7146535,38.36703031,-110.7145460367
2025-05-28T03:04:32.059136,38.3670041667,-110.7146535,38.3670303067,-110.7145460383
2025-05-28T03:04:32.559110,38.3670041667,-110.7146535,38.367030305,-110.7145460483
2025-05-28T03:04:33.059123,38.3670041667,-110.7146535,38.3670303,-110.7145460517
2025-05-28T03:04:33.559246,38.3670041667,-110.7146535,38.3670302983,-110.7145460583
2025-05-28T03:04:34.059101,38.3670041667,-110.7146535,38.367030295,-110.71454606
2025-05-28T03:04:34.559042,38.3670041667,-110.7146535,38.367030295,-110.7145460633
2025-05-28T03:04:35.059141,38.3670041667,-110.7146535,38.3670302933,-110.714546065
2025-05-28T03:04:35.559184,38.367004,-110.7146536667,38.3670303017,-110.7145460683
2025-05-28T03:04:36.059136,38.367004,-110.7146536667,38.367030305,-110.7145460783
2025-05-28T03:04:36.559425,38.3670038333,-110.7146536667,38.367030305,-110.71454608
2025-05-28T03:04:37.059380,38.3670038333,-110.7146536667,38.3670303033,-110.7145460833
2025-05-28T03:04:37.559086,38.3670038333,-110.7146538333,38.367030305,-110.714546085
2025-05-28T03:04:38.059302,38.3670038333,-110.7146538333,38.3670303083,-110.7145460867
2025-05-28T03:04:38.559144,38.367004,-110.7146538333,38.3670303217,-110.7145460883
2025-05-28T03:04:39.059167,38.367004,-110.7146538333,38.3670303317,-110.71454609
2025-05-28T03:04:39.559322,38.367004,-110.7146538333,38.3670303367,-110.7145460917
2025-05-28T03:04:40.059141,38.367004,-110.7146538333,38.3670303433,-110.7145460883
2025-05-28T03:04:40.559156,38.3670041667,-110.714654,38.3670303467,-110.7145460867
2025-05-28T03:04:41.059133,38.3670041667,-110.714654,38.367030345,-110.7145460867
2025-05-28T03:04:41.559446,38.367004,-110.714654,38.367030345,-110.71454608
2025-05-28T03:04:42.059162,38.367004,-110.714654,38.3670303433,-110.7145460767
2025-05-28T03:04:42.559119,38.3670038333,-110.7146541667,38.3670303483,-110.7145460767
2025-05-28T03:04:43.059242,38.3670038333,-110.7146541667,38.3670303533,-110.7145460733
2025-05-28T03:04:43.559168,38.3670038333,-110.7146541667,38.36703036,-110.71454607
2025-05-28T03:04:44.059163,38.3670038333,-110.7146541667,38.3670303583,-110.7145460683
2025-05-28T03:04:44.559173,38.3670038333,-110.7146541667,38.3670303617,-110.71454606
2025-05-28T03:04:45.059144,38.3670038333,-110.7146541667,38.3670303617,-110.71454605
2025-05-28T03:04:45.559196,38.3670038333,-110.7146543333,38.3670303617,-110.7145460433
2025-05-28T03:04:46.059312,38.3670038333,-110.7146543333,38.3670303633,-110.7145460383
2025-05-28T03:04:46.559978,38.3670038333,-110.7146543333,38.36703036,-110.714546035
2025-05-28T03:04:47.059162,38.3670038333,-110.7146543333,38.367030355,-110.714546035
2025-05-28T03:04:47.559127,38.3670038333,-110.7146543333,38.367030355,-110.7145460333
2025-05-28T03:04:48.059240,38.3670038333,-110.7146543333,38.3670303483,-110.7145460333
2025-05-28T03:04:48.559295,38.3670038333,-110.7146543333,38.3670303517,-110.7145460367
2025-05-28T03:04:49.059204,38.3670038333,-110.7146543333,38.3670303633,-110.7145460383
2025-05-28T03:04:49.559156,38.3670038333,-110.7146543333,38.367030365,-110.714546035
2025-05-28T03:04:50.059319,38.3670038333,-110.7146543333,38.36703036,-110.7145460383
2025-05-28T03:04:50.559194,38.3670038333,-110.7146541667,38.3670303533,-110.714546045
2025-05-28T03:04:51.059294,38.3670038333,-110.7146541667,38.3670303483,-110.7145460467
2025-05-28T03:04:51.559159,38.3670038333,-110.7146541667,38.3670303367,-110.71454605
2025-05-28T03:04:52.059157,38.3670038333,-110.7146541667,38.367030325,-110.71454605
2025-05-28T03:04:52.559177,38.3670038333,-110.7146541667,38.3670303233,-110.71454605
2025-05-28T03:04:53.059154,38.3670038333,-110.7146541667,38.3670303183,-110.7145460517
2025-05-28T03:04:53.559107,38.3670038333,-110.7146541667,38.3670303017,-110.7145460467
2025-05-28T03:04:54.059148,38.3670038333,-110.7146541667,38.3670302967,-110.7145460483
2025-05-28T03:04:54.559102,38.3670038333,-110.7146541667,38.3670302867,-110.7145460433
2025-05-28T03:04:55.059106,38.3670038333,-110.7146541667,38.367030285,-110.7145460417
2025-05-28T03:04:55.559130,38.3670038333,-110.7146541667,38.367030285,-110.7145460433
2025-05-28T03:04:56.059166,38.3670038333,-110.7146541667,38.3670302833,-110.7145460417
2025-05-28T03:04:56.559177,38.3670038333,-110.7146541667,38.3670302733,-110.7145460367
2025-05-28T03:04:57.059092,38.3670038333,-110.7146541667,38.3670302767,-110.7145460267
2025-05-28T03:04:57.559197,38.3670038333,-110.7146541667,38.3670302733,-110.7145460267
2025-05-28T03:04:58.059134,38.3670038333,-110.7146541667,38.367030265,-110.714546015
2025-05-28T03:04:58.559098,38.3670038333,-110.714654,38.367030265,-110.7145460117
2025-05-28T03:04:59.059122,38.3670038333,-110.714654,38.367030265,-110.71454601
2025-05-28T03:04:59.559144,38.3670038333,-110.714654,38.367030265,-110.714546005
2025-05-28T03:05:00.059090,38.3670038333,-110.714654,38.3670302617,-110.714546
2025-05-28T03:05:00.559195,38.3670036667,-110.714654,38.367030255,-110.7145459933
2025-05-28T03:05:01.059157,38.3670036667,-110.714654,38.367030255,-110.71454599
2025-05-28T03:05:01.559120,38.3670036667,-110.714654,38.3670302567,-110.7145459883
2025-05-28T03:05:02.059270,38.3670036667,-110.714654,38.3670302567,-110.7145459883
2025-05-28T03:05:02.559104,38.3670036667,-110.714654,38.36703026,-110.7145459767
2025-05-28T03:05:03.059190,38.3670036667,-110.714654,38.3670302617,-110.714545965
2025-05-28T03:05:03.559158,38.3670036667,-110.714654,38.3670302683,-110.7145459567
2025-05-28T03:05:04.059106,38.3670036667,-110.714654,38.3670302733,-110.71454595
2025-05-28T03:05:04.559126,38.3670036667,-110.714654,38.36703027,-110.714545945
2025-05-28T03:05:05.059108,38.3670036667,-110.714654,38.3670302717,-110.7145459417
2025-05-28T03:05:05.559105,38.3670036667,-110.7146538333,38.3670302783,-110.7145459267
2025-05-28T03:05:06.059106,38.3670036667,-110.7146538333,38.3670302833,-110.7145459217
2025-05-28T03:05:06.559046,38.3670036667,-110.7146538333,38.3670302767,-110.7145459167
2025-05-28T03:05:07.059206,38.3670036667,-110.7146538333,38.3670302717,-110.7145459117
2025-05-28T03:05:07.559164,38.3670036667,-110.7146536667,38.3670302667,-110.7145459067
2025-05-28T03:05:08.059095,38.3670036667,-110.7146536667,38.3670302667,-110.7145459
2025-05-28T03:05:08.559139,38.3670038333,-110.7146536667,38.367030265,-110.7145458983
2025-05-28T03:05:09.059091,38.3670038333,-110.7146536667,38.367030265,-110.714545895
2025-05-28T03:05:09.559107,38.3670038333,-110.7146536667,38.3670302667,-110.7145458933
2025-05-28T03:05:10.059208,38.3670038333,-110.7146536667,38.3670302617,-110.71454589
2025-05-28T03:05:10.559045,38.3670036667,-110.7146538333,38.36703026,-110.7145458883
2025-05-28T03:05:11.059042,38.3670036667,-110.7146538333,38.36703026,-110.714545885
2025-05-28T03:05:11.559282,38.3670036667,-110.7146538333,38.3670302633,-110.71454588
2025-05-28T03:05:12.059152,38.3670036667,-110.7146538333,38.3670302683,-110.7145458733
2025-05-28T03:05:12.559161,38.3670038333,-110.7146538333,38.367030265,-110.7145458783
2025-05-28T03:05:13.059298,38.3670038333,-110.7146538333,38.367030265,-110.71454588
2025-05-28T03:05:13.559168,38.3670038333,-110.7146536667,38.3670302633,-110.7145458817
2025-05-28T03:05:14.059044,38.3670038333,-110.7146536667,38.3670302633,-110.714545885
2025-05-28T03:05:14.559330,38.3670038333,-110.7146536667,38.3670302617,-110.7145458883
2025-05-28T03:05:15.059081,38.3670038333,-110.7146536667,38.36703026,-110.71454589
2025-05-28T03:05:15.559060,38.3670038333,-110.7146536667,38.3670302617,-110.71454589
2025-05-28T03:05:16.059090,38.3670038333,-110.7146536667,38.3670302633,-110.7145458917
2025-05-28T03:05:16.559095,38.3670038333,-110.7146536667,38.3670302633,-110.7145458933
2025-05-28T03:05:17.059005,38.3670038333,-110.7146536667,38.3670302683,-110.7145458967
2025-05-28T03:05:17.559623,38.367004,-110.7146536667,38.36703028,-110.7145459017
2025-05-28T03:05:18.059128,38.367004,-110.7146536667,38.3670302933,-110.7145459083
2025-05-28T03:05:18.559112,38.367004,-110.7146536667,38.3670303033,-110.71454591
2025-05-28T03:05:19.059205,38.367004,-110.7146536667,38.3670303083,-110.7145459133
2025-05-28T03:05:19.559124,38.367004,-110.7146536667,38.36703031,-110.7145459133
2025-05-28T03:05:20.059172,38.367004,-110.7146536667,38.3670303167,-110.714545915
2025-05-28T03:05:20.559077,38.367004,-110.7146536667,38.367030325,-110.7145459133
2025-05-28T03:05:21.059500,38.367004,-110.7146536667,38.3670303367,-110.714545905
2025-05-28T03:05:21.559185,38.367004,-110.7146535,38.36703034,-110.7145459017
2025-05-28T03:05:22.059200,38.367004,-110.7146535,38.36703034,-110.7145458967
2025-05-28T03:05:22.559093,38.367004,-110.7146535,38.3670303417,-110.714545895
2025-05-28T03:05:23.059097,38.367004,-110.7146535,38.3670303433,-110.714545895
2025-05-28T03:05:23.559115,38.3670041667,-110.7146535,38.3670303467,-110.714545895
2025-05-28T03:05:24.059211,38.3670041667,-110.7146535,38.3670303533,-110.7145458883
2025-05-28T03:05:24.559120,38.3670041667,-110.7146535,38.3670303633,-110.7145458817
2025-05-28T03:05:25.059112,38.3670041667,-110.7146535,38.36703037,-110.714545875
2025-05-28T03:05:25.559081,38.3670041667,-110.7146535,38.3670303717,-110.7145458733
2025-05-28T03:05:26.059166,38.3670041667,-110.7146535,38.3670303733,-110.7145458717
2025-05-28T03:05:26.559140,38.3670041667,-110.7146533333,38.36703038,-110.714545865
2025-05-28T03:05:27.059380,38.3670041667,-110.7146533333,38.36703039,-110.7145458517
2025-05-28T03:05:27.559143,38.3670041667,-110.7146533333,38.367030395,-110.71454584
2025-05-28T03:05:28.059212,38.3670041667,-110.7146533333,38.3670303933,-110.7145458367
2025-05-28T03:05:28.559378,38.3670041667,-110.7146533333,38.3670303933,-110.7145458333
2025-05-28T03:05:29.059198,38.3670041667,-110.7146533333,38.3670303983,-110.71454583
2025-05-28T03:05:29.559190,38.3670043333,-110.7146533333,38.3670304,-110.71454582
2025-05-28T03:05:30.059220,38.3670043333,-110.7146533333,38.3670304017,-110.7145458033
2025-05-28T03:05:30.559274,38.3670043333,-110.7146533333,38.3670304017,-110.7145457983
2025-05-28T03:05:31.059253,38.3670043333,-110.7146533333,38.3670304133,-110.7145457933
2025-05-28T03:05:31.559014,38.3670043333,-110.7146531667,38.3670304183,-110.7145457917
2025-05-28T03:05:32.059065,38.3670043333,-110.7146531667,38.3670304167,-110.7145457867
2025-05-28T03:05:32.559264,38.3670043333,-110.7146531667,38.3670304017,-110.714545755
2025-05-28T03:05:33.059091,38.3670043333,-110.7146531667,38.3670303767,-110.71454574
2025-05-28T03:05:33.559225,38.3670043333,-110.7146531667,38.367030365,-110.7145457217
2025-05-28T03:05:34.059203,38.3670043333,-110.7146531667,38.3670303533,-110.7145457117
2025-05-28T03:05:34.559026,38.3670045,-110.7146531667,38.3670303517,-110.7145457033
2025-05-28T03:05:35.059135,38.3670045,-110.7146531667,38.3670303467,-110.714545695
2025-05-28T03:05:35.559079,38.3670045,-110.7146531667,38.367030355,-110.71454568
2025-05-28T03:05:36.059017,38.3670045,-110.7146531667,38.367030355,-110.7145456683
2025-05-28T03:05:36.559080,38.3670045,-110.7146531667,38.3670303517,-110.71454566
2025-05-28T03:05:37.059166,38.3670045,-110.7146531667,38.36703035,-110.714545655
2025-05-28T03:05:37.559020,38.3670045,-110.7146531667,38.3670303483,-110.7145456533
2025-05-28T03:05:38.059215,38.3670045,-110.7146531667,38.3670303467,-110.7145456433
2025-05-28T03:05:38.559088,38.3670045,-110.7146531667,38.3670303483,-110.71454564
2025-05-28T03:05:39.059170,38.3670045,-110.7146531667,38.36703035,-110.7145456267
2025-05-28T03:05:39.559150,38.3670045,-110.7146531667,38.3670303517,-110.7145456217
2025-05-28T03:05:40.059120,38.3670045,-110.7146531667,38.3670303567,-110.71454562
2025-05-28T03:05:40.559117,38.3670045,-110.714653,38.36703036,-110.71454562
2025-05-28T03:05:41.059144,38.3670045,-110.714653,38.3670303617,-110.7145456183
2025-05-28T03:05:41.559083,38.3670045,-110.714653,38.3670303683,-110.7145456233
2025-05-28T03:05:42.059190,38.3670045,-110.714653,38.3670303767,-110.7145456233
2025-05-28T03:05:42.559104,38.3670045,-110.714653,38.3670303733,-110.7145456317
2025-05-28T03:05:43.059140,38.3670045,-110.714653,38.3670303817,-110.7145456333
2025-05-28T03:05:43.559106,38.3670045,-110.714653,38.367030385,-110.7145456333
2025-05-28T03:05:44.059209,38.3670045,-110.714653,38.36703039,-110.7145456333
2025-05-28T03:05:44.559140,38.3670045,-110.714653,38.367030395,-110.7145456317
2025-05-28T03:05:45.059112,38.3670045,-110.714653,38.3670304017,-110.7145456217
2025-05-28T03:05:45.559107,38.3670045,-110.714653,38.3670304017,-110.7145456167
2025-05-28T03:05:46.059200,38.3670045,-110.714653,38.367030405,-110.7145456233
2025-05-28T03:05:46.559109,38.3670045,-110.714653,38.3670304083,-110.7145456267
2025-05-28T03:05:47.059130,38.3670045,-110.714653,38.3670304117,-110.71454563
2025-05-28T03:05:47.559008,38.3670045,-110.714653,38.36703041,-110.7145456317
2025-05-28T03:05:48.059312,38.3670045,-110.714653,38.3670304017,-110.7145456283
2025-05-28T03:05:48.559168,38.3670045,-110.714653,38.36703039,-110.7145456367
2025-05-28T03:05:49.059163,38.3670045,-110.714653,38.3670303883,-110.71454564
2025-05-28T03:05:49.559117,38.3670045,-110.714653,38.367030385,-110.7145456417
2025-05-28T03:05:50.059149,38.3670045,-110.714653,38.3670303817,-110.714545645
2025-05-28T03:05:50.559223,38.3670045,-110.714653,38.3670303783,-110.714545645
2025-05-28T03:05:51.059120,38.3670045,-110.714653,38.3670303683,-110.7145456483
2025-05-28T03:05:51.559155,38.3670045,-110.714653,38.36703036,-110.7145456517
2025-05-28T03:05:52.059164,38.3670045,-110.714653,38.36703036,-110.71454565
2025-05-28T03:05:52.559238,38.3670045,-110.714653,38.36703036,-110.7145456483
2025-05-28T03:05:53.059102,38.3670045,-110.714653,38.3670303633,-110.7145456533
2025-05-28T03:05:53.559259,38.3670043333,-110.714653,38.3670303633,-110.7145456517
2025-05-28T03:05:54.059195,38.3670043333,-110.714653,38.36703036,-110.7145456517
2025-05-28T03:05:54.559130,38.3670043333,-110.714653,38.3670303533,-110.714545645
2025-05-28T03:05:55.059127,38.3670043333,-110.714653,38.3670303433,-110.7145456433
2025-05-28T03:05:55.559236,38.3670043333,-110.714653,38.3670303433,-110.7145456433
2025-05-28T03:05:56.059124,38.3670043333,-110.714653,38.36703034,-110.7145456417
2025-05-28T03:05:56.559184,38.3670043333,-110.714653,38.3670303217,-110.7145456383
2025-05-28T03:05:57.059171,38.3670043333,-110.714653,38.3670303117,-110.7145456383
2025-05-28T03:05:57.559283,38.3670041667,-110.714653,38.3670303067,-110.71454564
2025-05-28T03:05:58.059171,38.3670041667,-110.714653,38.3670303,-110.7145456433
2025-05-28T03:05:58.559141,38.3670041667,-110.714653,38.3670302983,-110.714545645
2025-05-28T03:05:59.059175,38.3670041667,-110.714653,38.3670302933,-110.7145456483
2025-05-28T03:05:59.559068,38.3670033333,-110.7146535,38.36703028,-110.7145456583
2025-05-28T03:06:00.059131,38.3670033333,-110.7146535,38.367030275,-110.7145456667
2025-05-28T03:06:00.559103,38.3670031667,-110.7146536667,38.3670302717,-110.71454567
2025-05-28T03:06:01.059164,38.3670031667,-110.7146536667,38.36703027,-110.714545675
2025-05-28T03:06:01.559254,38.3670031667,-110.7146536667,38.3670302667,-110.7145456783
2025-05-28T03:06:02.059061,38.3670031667,-110.7146536667,38.3670302667,-110.7145456783
2025-05-28T03:06:02.559373,38.367003,-110.7146536667,38.3670302583,-110.714545685
2025-05-28T03:06:03.059133,38.367003,-110.7146536667,38.36703026,-110.7145456933
2025-05-28T03:06:03.559364,38.367003,-110.7146536667,38.3670302633,-110.714545705
2025-05-28T03:06:04.059143,38.367003,-110.7146536667,38.3670302683,-110.71454571
2025-05-28T03:06:04.559174,38.3670028333,-110.7146538333,38.3670302717,-110.7145457133
2025-05-28T03:06:05.059131,38.3670028333,-110.7146538333,38.3670302717,-110.7145457183
2025-05-28T03:06:05.559189,38.3670026667,-110.7146538333,38.3670302667,-110.7145457267
2025-05-28T03:06:06.059205,38.3670026667,-110.7146538333,38.36703027,-110.7145457383
2025-05-28T03:06:06.559047,38.3670026667,-110.7146538333,38.3670302733,-110.7145457433
2025-05-28T03:06:07.059165,38.3670026667,-110.7146538333,38.3670302717,-110.7145457517
2025-05-28T03:06:07.559131,38.3670026667,-110.714654,38.3670302733,-110.714545755
2025-05-28T03:06:08.059102,38.3670026667,-110.714654,38.3670302717,-110.71454576
2025-05-28T03:06:08.559214,38.3670025,-110.714654,38.36703026,-110.7145457633
2025-05-28T03:06:09.059286,38.3670025,-110.714654,38.3670302467,-110.7145457667
2025-05-28T03:06:09.559145,38.3670025,-110.714654,38.36703024,-110.71454577
2025-05-28T03:06:10.059137,38.3670025,-110.714654,38.3670302333,-110.7145457733
2025-05-28T03:06:10.559040,38.3670025,-110.714654,38.36703023,-110.714545775
2025-05-28T03:06:11.059215,38.3670025,-110.714654,38.3670302183,-110.714545785
2025-05-28T03:06:11.559098,38.3670025,-110.7146541667,38.3670302067,-110.7145457917
2025-05-28T03:06:12.059108,38.3670025,-110.7146541667,38.3670301983,-110.7145458017
2025-05-28T03:06:12.559135,38.3670026667,-110.714654,38.3670301917,-110.7145458067
2025-05-28T03:06:13.059300,38.3670026667,-110.714654,38.367030185,-110.71454581
2025-05-28T03:06:13.559086,38.367003,-110.7146535,38.3670301817,-110.71454581
2025-05-28T03:06:14.059031,38.367003,-110.7146535,38.3670301733,-110.7145458083
2025-05-28T03:06:14.559148,38.3670028333,-110.7146536667,38.36703017,-110.7145458067
2025-05-28T03:06:15.059132,38.3670028333,-110.7146536667,38.3670301617,-110.714545795
2025-05-28T03:06:15.559112,38.367003,-110.7146536667,38.3670301417,-110.714545775
2025-05-28T03:06:16.059049,38.367003,-110.7146536667,38.367030125,-110.7145457567
2025-05-28T03:06:16.559259,38.367003,-110.7146536667,38.367030125,-110.7145457567
2025-05-28T03:06:17.059376,38.367003,-110.7146536667,38.3670301167,-110.7145457483
2025-05-28T03:06:17.559136,38.3670028333,-110.7146538333,38.3670300983,-110.7145457167
2025-05-28T03:06:18.059175,38.3670028333,-110.7146538333,38.3670300817,-110.7145456817
2025-05-28T03:06:18.559245,38.3670026667,-110.7146538333,38.3670300667,-110.7145456717
2025-05-28T03:06:19.059049,38.3670026667,-110.7146538333,38.3670300467,-110.7145456517
2025-05-28T03:06:19.559111,38.3670026667,-110.714654,38.3670300467,-110.7145456517
2025-05-28T03:06:20.059103,38.3670026667,-110.714654,38.367030035,-110.7145456367
2025-05-28T03:06:20.559204,38.3670025,-110.714654,38.3670300183,-110.714545625
2025-05-28T03:06:21.059179,38.3670025,-110.714654,38.3670300017,-110.7145456017
2025-05-28T03:06:21.559108,38.3670023333,-110.7146541667,38.3670299817,-110.714545585
2025-05-28T03:06:22.059135,38.3670023333,-110.7146541667,38.367029965,-110.7145455683
2025-05-28T03:06:22.559253,38.3670023333,-110.7146541667,38.3670299483,-110.71454556
2025-05-28T03:06:23.059127,38.3670023333,-110.7146541667,38.36702994,-110.7145455517
2025-05-28T03:06:23.559204,38.3670023333,-110.7146541667,38.367029925,-110.7145455367
2025-05-28T03:06:24.059081,38.3670023333,-110.7146541667,38.3670299017,-110.7145455283
2025-05-28T03:06:24.559203,38.3670018333,-110.7146543333,38.3670298867,-110.7145455233
2025-05-28T03:06:25.059125,38.3670018333,-110.7146543333,38.3670298633,-110.7145455133
2025-05-28T03:06:25.559142,38.3670016667,-110.7146545,38.36702985,-110.71454551
2025-05-28T03:06:26.059114,38.3670016667,-110.7146545,38.36702982,-110.7145454917
2025-05-28T03:06:26.559316,38.3670016667,-110.7146545,38.3670297983,-110.7145454833
2025-05-28T03:06:27.059100,38.3670016667,-110.7146545,38.367029775,-110.71454546
2025-05-28T03:06:27.559195,38.3670015,-110.7146546667,38.3670297517,-110.7145454517
2025-05-28T03:06:28.059371,38.3670015,-110.7146546667,38.3670297333,-110.7145454483
2025-05-28T03:06:28.559140,38.3670013333,-110.7146548333,38.3670297333,-110.7145454483
2025-05-28T03:06:29.059146,38.3670013333,-110.7146548333,38.367029725,-110.7145454467
2025-05-28T03:06:29.559038,38.3670011667,-110.7146548333,38.3670297033,-110.7145454167
2025-05-28T03:06:30.059120,38.3670011667,-110.7146548333,38.3670296917,-110.7145453933
2025-05-28T03:06:30.559202,38.3670011667,-110.714655,38.3670296883,-110.7145453933
2025-05-28T03:06:31.059181,38.3670011667,-110.714655,38.3670296833,-110.71454539
2025-05-28T03:06:31.559172,38.367001,-110.714655,38.36702968,-110.7145453883
2025-05-28T03:06:32.059114,38.367001,-110.714655,38.3670296817,-110.7145453967
2025-05-28T03:06:32.559016,38.367001,-110.7146551667,38.3670296783,-110.7145454033
2025-05-28T03:06:33.059153,38.367001,-110.7146551667,38.36702967,-110.7145454267
2025-05-28T03:06:33.559067,38.3670008333,-110.7146551667,38.367029665,-110.714545435
2025-05-28T03:06:34.059267,38.3670008333,-110.7146551667,38.367029665,-110.7145454333
2025-05-28T03:06:34.559023,38.3670008333,-110.7146551667,38.3670296617,-110.714545435
2025-05-28T03:06:35.059010,38.3670008333,-110.7146551667,38.3670296617,-110.71454543
2025-05-28T03:06:35.559025,38.3670006667,-110.7146553333,38.36702966,-110.714545425
2025-05-28T03:06:36.059162,38.3670006667,-110.7146553333,38.3670296567,-110.7145454267
2025-05-28T03:06:36.559141,38.3670008333,-110.7146553333,38.3670296483,-110.7145454283
2025-05-28T03:06:37.059251,38.3670008333,-110.7146553333,38.36702964,-110.7145454317
2025-05-28T03:06:37.559286,38.3670006667,-110.7146553333,38.3670296367,-110.7145454283
2025-05-28T03:06:38.059123,38.3670006667,-110.7146553333,38.367029635,-110.7145454267
2025-05-28T03:06:38.559140,38.3670006667,-110.7146553333,38.3670296283,-110.7145454317
2025-05-28T03:06:39.059053,38.3670006667,-110.7146553333,38.3670296133,-110.714545435
2025-05-28T03:06:39.559182,38.3670006667,-110.7146553333,38.36702961,-110.71454543
2025-05-28T03:06:40.059163,38.3670006667,-110.7146553333,38.3670296017,-110.7145454333
2025-05-28T03:06:40.559205,38.3670006667,-110.7146555,38.3670296,-110.7145454417
2025-05-28T03:06:41.059166,38.3670006667,-110.7146555,38.3670295933,-110.71454545
2025-05-28T03:06:41.559159,38.3670005,-110.7146555,38.367029585,-110.7145454517
2025-05-28T03:06:42.059095,38.3670005,-110.7146555,38.3670295817,-110.7145454667
2025-05-28T03:06:42.559125,38.3670005,-110.7146555,38.3670295783,-110.7145454683
2025-05-28T03:06:43.059299,38.3670005,-110.7146555,38.3670295583,-110.7145454783
2025-05-28T03:06:43.559090,38.3670005,-110.7146556667,38.3670295533,-110.7145454817
2025-05-28T03:06:44.059053,38.3670005,-110.7146556667,38.3670295433,-110.714545485
2025-05-28T03:06:44.559243,38.3670003333,-110.7146558333,38.3670295433,-110.71454549
2025-05-28T03:06:45.059030,38.3670003333,-110.7146558333,38.3670295333,-110.71454551
2025-05-28T03:06:45.559170,38.3670003333,-110.7146558333,38.3670295317,-110.7145455233
2025-05-28T03:06:46.059087,38.3670003333,-110.7146558333,38.3670295317,-110.7145455417
2025-05-28T03:06:46.559122,38.3670001667,-110.7146561667,38.3670295317,-110.7145455417
2025-05-28T03:06:47.059147,38.3670001667,-110.7146561667,38.367029535,-110.7145455483
2025-05-28T03:06:47.559127,38.3670003333,-110.7146561667,38.3670295333,-110.7145455617
2025-05-28T03:06:48.059445,38.3670003333,-110.7146561667,38.367029525,-110.7145455883
2025-05-28T03:06:48.559071,38.3670003333,-110.7146563333,38.3670295317,-110.714545605
2025-05-28T03:06:49.059065,38.3670003333,-110.7146563333,38.36702954,-110.714545625
2025-05-28T03:06:49.559131,38.3670005,-110.7146561667,38.36702954,-110.714545625
2025-05-28T03:06:50.059185,38.3670005,-110.7146561667,38.3670295417,-110.7145456383
2025-05-28T03:06:50.559081,38.3670003333,-110.7146561667,38.3670295483,-110.7145456483
2025-05-28T03:06:51.059140,38.3670003333,-110.7146561667,38.3670295467,-110.7145456683
2025-05-28T03:06:51.559063,38.3670005,-110.7146561667,38.3670295483,-110.7145456833
2025-05-28T03:06:52.059132,38.3670005,-110.7146561667,38.3670295467,-110.7145456933
2025-05-28T03:06:52.559102,38.3670006667,-110.714656,38.3670295467,-110.7145457
2025-05-28T03:06:53.059094,38.3670006667,-110.714656,38.367029535,-110.7145457117
2025-05-28T03:06:53.559050,38.367001,-110.7146556667,38.3670295183,-110.7145457267
2025-05-28T03:06:54.059221,38.367001,-110.7146556667,38.3670295117,-110.7145457383
2025-05-28T03:06:54.559036,38.367001,-110.7146555,38.3670295067,-110.714545765
2025-05-28T03:06:55.059085,38.367001,-110.7146555,38.3670295067,-110.7145457767
2025-05-28T03:06:55.559334,38.367001,-110.7146556667,38.367029515,-110.7145457817
2025-05-28T03:06:56.059125,38.367001,-110.7146556667,38.367029525,-110.7145457967
2025-05-28T03:06:56.559300,38.367001,-110.7146555,38.3670295267,-110.7145458117
2025-05-28T03:06:57.059173,38.367001,-110.7146555,38.36702956,-110.714545805
2025-05-28T03:06:57.559062,38.367001,-110.7146555,38.3670295967,-110.7145458067
2025-05-28T03:06:58.059092,38.367001,-110.7146555,38.3670296267,-110.7145458
2025-05-28T03:06:58.559171,38.367001,-110.7146555,38.3670296267,-110.7145458
2025-05-28T03:06:59.059109,38.367001,-110.7146555,38.367029645,-110.7145458083
2025-05-28T03:06:59.559133,38.367001,-110.7146555,38.3670296717,-110.7145458217
2025-05-28T03:07:00.059239,38.367001,-110.7146555,38.36702969,-110.7145458183
2025-05-28T03:07:00.559142,38.3670011667,-110.7146551667,38.3670296933,-110.71454582
2025-05-28T03:07:01.059097,38.3670011667,-110.7146551667,38.3670296933,-110.71454582
2025-05-28T03:07:01.559249,38.3670011667,-110.714655,38.3670297267,-110.714545835
2025-05-28T03:07:02.059102,38.3670011667,-110.714655,38.3670297533,-110.714545845
2025-05-28T03:07:02.559083,38.3670011667,-110.714655,38.3670297667,-110.7145458483
2025-05-28T03:07:03.059158,38.3670011667,-110.714655,38.36702979,-110.71454586
2025-05-28T03:07:03.559112,38.3670013333,-110.7146548333,38.36702981,-110.7145458617
2025-05-28T03:07:04.059125,38.3670013333,-110.7146548333,38.367029825,-110.7145458717
2025-05-28T03:07:04.559119,38.3670013333,-110.7146548333,38.3670298333,-110.71454588
2025-05-28T03:07:05.059070,38.3670013333,-110.7146548333,38.3670298483,-110.7145459
2025-05-28T03:07:05.559045,38.3670013333,-110.7146548333,38.3670298683,-110.71454592
2025-05-28T03:07:06.059009,38.3670013333,-110.7146548333,38.3670299,-110.7145459433
2025-05-28T03:07:06.559101,38.3670013333,-110.7146546667,38.3670299033,-110.71454598
2025-05-28T03:07:07.058992,38.3670013333,-110.7146546667,38.3670299233,-110.7145460183
2025-05-28T03:07:07.559054,38.3670015,-110.7146546667,38.3670299233,-110.7145460183
2025-05-28T03:07:08.059062,38.3670015,-110.7146546667,38.36702995,-110.71454605
2025-05-28T03:07:08.559359,38.3670015,-110.7146546667,38.3670299717,-110.7145460733
2025-05-28T03:07:09.059216,38.3670015,-110.7146546667,38.3670300083,-110.7145461183
2025-05-28T03:07:09.559104,38.3670015,-110.7146545,38.3670300283,-110.7145461483
2025-05-28T03:07:10.059247,38.3670015,-110.7146545,38.3670300467,-110.7145461833
2025-05-28T03:07:10.559174,38.3670015,-110.7146545,38.3670300583,-110.7145461983
2025-05-28T03:07:11.059100,38.3670015,-110.7146545,38.3670300833,-110.7145462167
2025-05-28T03:07:11.559059,38.3670015,-110.7146543333,38.367030095,-110.71454625
2025-05-28T03:07:12.059125,38.3670015,-110.7146543333,38.3670301117,-110.7145462933
2025-05-28T03:07:12.559198,38.3670015,-110.7146543333,38.36703012,-110.714546315
2025-05-28T03:07:13.059095,38.3670015,-110.7146543333,38.3670301233,-110.7145463433
2025-05-28T03:07:13.559146,38.3670015,-110.7146541667,38.3670301267,-110.7145463567
2025-05-28T03:07:14.059107,38.3670015,-110.7146541667,38.367030125,-110.7145463683
2025-05-28T03:07:14.559015,38.3670015,-110.7146541667,38.36703012,-110.7145463783
2025-05-28T03:07:15.059287,38.3670015,-110.7146541667,38.3670301133,-110.71454639
2025-05-28T03:07:15.559082,38.3670015,-110.7146541667,38.3670301083,-110.7145463917
2025-05-28T03:07:16.059246,38.3670015,-110.7146541667,38.3670301017,-110.7145463933
2025-05-28T03:07:16.559149,38.3670015,-110.7146541667,38.3670301017,-110.7145464
2025-05-28T03:07:17.059187,38.3670015,-110.7146541667,38.3670300967,-110.7145464117
2025-05-28T03:07:17.559145,38.3670015,-110.7146541667,38.3670300917,-110.7145464283
2025-05-28T03:07:18.059016,38.3670015,-110.7146541667,38.367030095,-110.7145464667
2025-05-28T03:07:18.559150,38.3670015,-110.7146541667,38.3670300933,-110.714546475
2025-05-28T03:07:19.059148,38.3670015,-110.7146541667,38.367030095,-110.7145465017
2025-05-28T03:07:19.559054,38.3670015,-110.7146543333,38.3670300983,-110.7145465067
2025-05-28T03:07:20.059046,38.3670015,-110.7146543333,38.367030105,-110.714546525
2025-05-28T03:07:20.559150,38.3670015,-110.7146541667,38.3670301083,-110.7145465417
2025-05-28T03:07:21.059216,38.3670015,-110.7146541667,38.3670301117,-110.7145465767
2025-05-28T03:07:21.559153,38.3670015,-110.714654,38.3670301183,-110.7145465967
2025-05-28T03:07:22.059133,38.3670015,-110.714654,38.3670301133,-110.714546615
2025-05-28T03:07:22.559192,38.3670011667,-110.7146546667,38.3670301167,-110.7145466133
2025-05-28T03:07:23.059034,38.3670011667,-110.7146546667,38.3670301167,-110.7145466167
2025-05-28T03:07:23.559212,38.3670016667,-110.7146543333,38.3670301233,-110.7145466383
2025-05-28T03:07:24.059096,38.3670016667,-110.7146543333,38.3670301283,-110.7145466683
2025-05-28T03:07:24.559141,38.3670013333,-110.7146546667,38.36703013,-110.7145466933
2025-05-28T03:07:25.059146,38.3670013333,-110.7146546667,38.3670301367,-110.7145467167
2025-05-28T03:07:25.559071,38.3670016667,-110.7146543333,38.3670301417,-110.7145467217
2025-05-28T03:07:26.059163,38.3670016667,-110.7146543333,38.3670301433,-110.7145467333
2025-05-28T03:07:26.559274,38.367002,-110.7146545,38.367030145,-110.71454675
2025-05-28T03:07:27.059069,38.367002,-110.7146545,38.367030145,-110.71454676
2025-05-28T03:07:27.559095,38.367002,-110.7146533333,38.3670301467,-110.7145467633
2025-05-28T03:07:28.059132,38.367002,-110.7146533333,38.3670301667,-110.71454679
2025-05-28T03:07:28.559216,38.3670023333,-110.7146523333,38.3670301717,-110.7145468033
2025-05-28T03:07:29.059175,38.3670023333,-110.7146523333,38.3670301783,-110.7145468167
2025-05-28T03:07:29.559137,38.3670025,-110.7146523333,38.3670301833,-110.71454686
2025-05-28T03:07:30.059182,38.3670025,-110.7146523333,38.367030205,-110.7145469217
2025-05-28T03:07:30.559180,38.367003,-110.7146528333,38.3670302067,-110.7145469767
2025-05-28T03:07:31.059261,38.367003,-110.7146528333,38.3670302317,-110.714547005
2025-05-28T03:07:31.559015,38.3670038333,-110.7146555,38.3670302467,-110.7145470283
2025-05-28T03:07:32.059071,38.3670038333,-110.7146555,38.3670302683,-110.7145470617
2025-05-28T03:07:32.559394,38.3670043333,-110.7146568333,38.3670302833,-110.7145470933
2025-05-28T03:07:33.059103,38.3670043333,-110.7146568333,38.3670303067,-110.7145471333
2025-05-28T03:07:33.559136,38.3670045,-110.7146568333,38.3670303183,-110.714547155
2025-05-28T03:07:34.059181,38.3670045,-110.7146568333,38.36703034,-110.7145471817
2025-05-28T03:07:34.559125,38.3670045,-110.7146575,38.3670303483,-110.71454719
2025-05-28T03:07:35.059007,38.3670045,-110.7146575,38.367030365,-110.7145472083
2025-05-28T03:07:35.559128,38.3670045,-110.7146573333,38.367030385,-110.71454721
2025-05-28T03:07:36.059042,38.3670045,-110.7146573333,38.3670304033,-110.7145472333
2025-05-28T03:07:36.559129,38.3670046667,-110.7146575,38.367030415,-110.7145472517
2025-05-28T03:07:37.059356,38.3670046667,-110.7146575,38.3670304233,-110.714547275
2025-05-28T03:07:37.559430,38.3670048333,-110.7146575,38.367030425,-110.7145472867
2025-05-28T03:07:38.059123,38.3670048333,-110.7146575,38.3670304317,-110.7145473083
2025-05-28T03:07:38.559131,38.3670048333,-110.7146576667,38.3670304367,-110.7145473267
2025-05-28T03:07:39.059164,38.3670048333,-110.7146576667,38.36703044,-110.7145473533
2025-05-28T03:07:39.559114,38.3670048333,-110.7146576667,38.3670304383,-110.7145473667
2025-05-28T03:07:40.059120,38.3670048333,-110.7146576667,38.3670304367,-110.7145473783
2025-05-28T03:07:40.559095,38.367005,-110.7146578333,38.3670304283,-110.7145473967
2025-05-28T03:07:41.059384,38.367005,-110.7146578333,38.367030425,-110.7145474083
2025-05-28T03:07:41.559330,38.367005,-110.7146578333,38.3670304,-110.7145474483
2025-05-28T03:07:42.059018,38.367005,-110.7146578333,38.36703038,-110.71454749
2025-05-28T03:07:42.559266,38.367005,-110.714658,38.367030365,-110.7145475233
2025-05-28T03:07:43.059665,38.367005,-110.714658,38.3670303517,-110.7145475533
2025-05-28T03:07:43.559219,38.3670051667,-110.7146581667,38.36703035,-110.714547565
2025-05-28T03:07:44.059136,38.3670051667,-110.7146581667,38.3670303483,-110.7145475733
2025-05-28T03:07:44.559152,38.367005,-110.7146583333,38.3670303383,-110.7145476033
2025-05-28T03:07:45.059126,38.367005,-110.7146583333,38.367030335,-110.7145476383
2025-05-28T03:07:45.559219,38.3670051667,-110.7146583333,38.36703033,-110.7145476567
2025-05-28T03:07:46.059098,38.3670051667,-110.7146583333,38.3670303233,-110.7145476767
2025-05-28T03:07:46.559198,38.3670051667,-110.7146586667,38.3670303183,-110.7145476933
2025-05-28T03:07:47.059303,38.3670051667,-110.7146586667,38.3670303167,-110.7145477067
2025-05-28T03:07:47.559110,38.3670051667,-110.7146588333,38.3670303117,-110.7145477367
2025-05-28T03:07:48.059143,38.3670051667,-110.7146588333,38.3670303033,-110.71454777
2025-05-28T03:07:48.559153,38.3670055,-110.714659,38.3670302933,-110.7145477883
2025-05-28T03:07:49.059117,38.3670055,-110.714659,38.367030285,-110.7145478083
2025-05-28T03:07:49.559001,38.3670053333,-110.714659,38.3670302817,-110.71454782
2025-05-28T03:07:50.059245,38.3670053333,-110.714659,38.3670302733,-110.7145478317
2025-05-28T03:07:50.559081,38.3670048333,-110.7146591667,38.36703027,-110.714547845
2025-05-28T03:07:51.059117,38.3670048333,-110.7146591667,38.367030265,-110.7145478617
2025-05-28T03:07:51.559159,38.3670046667,-110.7146593333,38.3670302633,-110.7145478733
2025-05-28T03:07:52.059136,38.3670046667,-110.7146593333,38.3670302617,-110.714547885
2025-05-28T03:07:52.559124,38.3670046667,-110.7146593333,38.3670302617,-110.7145478883
2025-05-28T03:07:53.059257,38.3670046667,-110.7146593333,38.3670302617,-110.714547895
2025-05-28T03:07:53.559205,38.3670048333,-110.7146595,38.3670302617,-110.714547905
2025-05-28T03:07:54.059202,38.3670048333,-110.7146595,38.3670302683,-110.7145479133
2025-05-28T03:07:54.559095,38.3670051667,-110.7146593333,38.3670302717,-110.7145479167
2025-05-28T03:07:55.059139,38.3670051667,-110.7146593333,38.36703027,-110.7145479183
2025-05-28T03:07:55.559101,38.367005,-110.7146595,38.36703027,-110.7145479217
2025-05-28T03:07:56.059146,38.367005,-110.7146595,38.36703027,-110.714547925
2025-05-28T03:07:56.559190,38.3670051667,-110.7146596667,38.36703027,-110.714547925
2025-05-28T03:07:57.059101,38.3670051667,-110.7146596667,38.3670302683,-110.7145479383
2025-05-28T03:07:57.559084,38.3670051667,-110.7146598333,38.367030265,-110.7145479433
2025-05-28T03:07:58.059078,38.3670051667,-110.7146598333,38.36703026,-110.7145479533
2025-05-28T03:07:58.559166,38.3670056667,-110.71466,38.3670302617,-110.7145479533
2025-05-28T03:07:59.059035,38.3670056667,-110.71466,38.36703026,-110.71454796
2025-05-28T03:07:59.559163,38.3670058333,-110.7146596667,38.3670302633,-110.71454797
2025-05-28T03:08:00.059108,38.3670058333,-110.7146596667,38.3670302667,-110.7145479833
2025-05-28T03:08:00.559147,38.3670061667,-110.7146595,38.3670302667,-110.7145479983
2025-05-28T03:08:01.059214,38.3670061667,-110.7146595,38.3670302583,-110.71454802
2025-05-28T03:08:01.559139,38.3670061667,-110.71466,38.36703026,-110.7145480333
2025-05-28T03:08:02.059036,38.3670061667,-110.71466,38.36703026,-110.7145480567
2025-05-28T03:08:02.559125,38.3670061667,-110.71466,38.367030265,-110.7145480667
2025-05-28T03:08:03.059158,38.3670061667,-110.71466,38.367030275,-110.714548065
2025-05-28T03:08:03.559046,38.3670065,-110.7146598333,38.3670302783,-110.7145480717
2025-05-28T03:08:04.059209,38.3670065,-110.7146598333,38.3670302917,-110.7145480767
2025-05-28T03:08:04.559121,38.3670065,-110.7146598333,38.3670302933,-110.7145480833
2025-05-28T03:08:05.059508,38.3670065,-110.7146598333,38.3670302983,-110.71454809
2025-05-28T03:08:05.559251,38.3670065,-110.7146593333,38.3670303117,-110.7145480867
2025-05-28T03:08:06.059104,38.3670065,-110.7146593333,38.36703033,-110.7145480867
2025-05-28T03:08:06.559122,38.3670066667,-110.7146596667,38.3670303483,-110.7145480883
2025-05-28T03:08:07.059136,38.3670066667,-110.7146596667,38.3670303533,-110.71454808
2025-05-28T03:08:07.559176,38.3670066667,-110.71466,38.3670303617,-110.7145480783
2025-05-28T03:08:08.059118,38.3670066667,-110.71466,38.3670303633,-110.7145480767
2025-05-28T03:08:08.559204,38.3670066667,-110.71466,38.3670303733,-110.7145480667
2025-05-28T03:08:09.059123,38.3670066667,-110.71466,38.36703039,-110.7145480567
2025-05-28T03:08:09.559099,38.3670066667,-110.71466,38.3670303983,-110.7145480567
2025-05-28T03:08:10.059160,38.3670066667,-110.71466,38.36703041,-110.714548055
2025-05-28T03:08:10.559161,38.3670066667,-110.7146601667,38.3670304183,-110.714548055
2025-05-28T03:08:11.059110,38.3670066667,-110.7146601667,38.3670304417,-110.7145480483
2025-05-28T03:08:11.559286,38.367007,-110.7146603333,38.367030455,-110.7145480433
2025-05-28T03:08:12.059277,38.367007,-110.7146603333,38.3670304767,-110.7145480283
2025-05-28T03:08:12.559395,38.3670055,-110.7146598333,38.3670304883,-110.7145480283
2025-05-28T03:08:13.059188,38.3670055,-110.7146598333,38.3670305067,-110.7145480267
2025-05-28T03:08:13.559068,38.3670066667,-110.714661,38.3670305067,-110.7145480267
2025-05-28T03:08:14.059127,38.3670066667,-110.714661,38.3670305117,-110.7145480267
2025-05-28T03:08:14.559186,38.3670066667,-110.7146615,38.3670305267,-110.71454803
2025-05-28T03:08:15.059004,38.3670066667,-110.7146615,38.36703054,-110.7145480417
2025-05-28T03:08:15.559263,38.3670066667,-110.7146615,38.3670305533,-110.714548045
2025-05-28T03:08:16.059647,38.3670066667,-110.7146615,38.3670305633,-110.714548045
2025-05-28T03:08:16.559190,38.3670066667,-110.7146615,38.367030565,-110.7145480467
2025-05-28T03:08:17.059213,38.3670066667,-110.7146615,38.3670305667,-110.7145480483
2025-05-28T03:08:17.559080,38.3670068333,-110.7146616667,38.367030575,-110.71454805
2025-05-28T03:08:18.059311,38.3670068333,-110.7146616667,38.3670305833,-110.7145480433
2025-05-28T03:08:18.559489,38.3670068333,-110.7146616667,38.367030585,-110.714548045
2025-05-28T03:08:19.059196,38.3670068333,-110.7146616667,38.367030585,-110.7145480417
2025-05-28T03:08:19.559136,38.3670068333,-110.7146616667,38.3670305817,-110.71454804
2025-05-28T03:08:20.059187,38.3670068333,-110.7146616667,38.36703058,-110.7145480367
2025-05-28T03:08:20.559142,38.367007,-110.7146616667,38.36703058,-110.7145480417
2025-05-28T03:08:21.059052,38.367007,-110.7146616667,38.3670305817,-110.71454804
2025-05-28T03:08:21.559100,38.3670071667,-110.714662,38.367030585,-110.7145480383
2025-05-28T03:08:22.059121,38.3670071667,-110.714662,38.36703059,-110.71454804
2025-05-28T03:08:22.559390,38.367007,-110.7146621667,38.36703059,-110.7145480417
2025-05-28T03:08:23.059384,38.367007,-110.7146621667,38.3670305917,-110.7145480367
2025-05-28T03:08:23.559183,38.3670071667,-110.7146621667,38.3670305917,-110.7145480333
2025-05-28T03:08:24.059111,38.3670071667,-110.7146621667,38.36703059,-110.71454803
2025-05-28T03:08:24.559115,38.367007,-110.7146618333,38.3670305933,-110.7145480317
2025-05-28T03:08:25.059137,38.367007,-110.7146618333,38.3670305933,-110.7145480333
2025-05-28T03:08:25.559123,38.3670071667,-110.7146621667,38.36703059,-110.7145480317
2025-05-28T03:08:26.059676,38.3670071667,-110.7146621667,38.3670305883,-110.714548035
2025-05-28T03:08:26.559083,38.3670071667,-110.7146621667,38.36703058,-110.7145480383
2025-05-28T03:08:27.059379,38.3670071667,-110.7146621667,38.3670305767,-110.7145480483
2025-05-28T03:08:27.559265,38.3670071667,-110.7146621667,38.3670305683,-110.7145480483
2025-05-28T03:08:28.059139,38.3670071667,-110.7146621667,38.36703056,-110.7145480567
2025-05-28T03:08:28.559141,38.3670071667,-110.7146623333,38.3670305583,-110.7145480567
2025-05-28T03:08:29.059503,38.3670071667,-110.7146623333,38.3670305583,-110.7145480583
2025-05-28T03:08:29.559195,38.3670071667,-110.7146623333,38.3670305583,-110.7145480517
2025-05-28T03:08:30.059413,38.3670071667,-110.7146623333,38.3670305533,-110.7145480483
2025-05-28T03:08:30.559175,38.3670071667,-110.7146625,38.3670305517,-110.7145480483
2025-05-28T03:08:31.059183,38.3670071667,-110.7146625,38.36703055,-110.7145480483
2025-05-28T03:08:31.559156,38.3670071667,-110.7146625,38.3670305483,-110.7145480483
2025-05-28T03:08:32.059241,38.3670071667,-110.7146625,38.3670305467,-110.7145480467
2025-05-28T03:08:32.559213,38.3670071667,-110.7146625,38.3670305367,-110.7145480467
2025-05-28T03:08:33.059580,38.3670071667,-110.7146625,38.367030535,-110.71454805
2025-05-28T03:08:33.559161,38.3670071667,-110.7146621667,38.3670305317,-110.7145480583
2025-05-28T03:08:34.059376,38.3670071667,-110.7146621667,38.3670305317,-110.71454806
2025-05-28T03:08:34.559108,38.3670073333,-110.7146625,38.3670305283,-110.7145480633
2025-05-28T03:08:35.059115,38.3670073333,-110.7146625,38.3670305267,-110.7145480633
2025-05-28T03:08:35.559223,38.3670073333,-110.7146623333,38.3670305267,-110.714548065
2025-05-28T03:08:36.059126,38.3670073333,-110.7146623333,38.3670305333,-110.7145480667
2025-05-28T03:08:36.559111,38.3670073333,-110.7146625,38.3670305367,-110.7145480617
2025-05-28T03:08:37.059133,38.3670073333,-110.7146625,38.36703054,-110.714548055
2025-05-28T03:08:37.559163,38.3670073333,-110.7146625,38.36703054,-110.714548055
2025-05-28T03:08:38.059108,38.3670073333,-110.7146625,38.36703054,-110.7145480467
2025-05-28T03:08:38.559336,38.3670071667,-110.7146625,38.3670305367,-110.7145480383
2025-05-28T03:08:39.059075,38.3670071667,-110.7146625,38.3670305417,-110.7145480283
2025-05-28T03:08:39.559145,38.3670073333,-110.7146625,38.3670305467,-110.7145480267
2025-05-28T03:08:40.059212,38.3670073333,-110.7146625,38.367030545,-110.714548025
2025-05-28T03:08:40.559118,38.3670073333,-110.7146625,38.367030545,-110.7145480267
2025-05-28T03:08:41.059156,38.3670073333,-110.7146625,38.3670305483,-110.7145480283
2025-05-28T03:08:41.559212,38.3670071667,-110.7146625,38.367030545,-110.7145480283
2025-05-28T03:08:42.059304,38.3670071667,-110.7146625,38.3670305433,-110.7145480283
2025-05-28T03:08:42.559153,38.3670076667,-110.7146616667,38.3670305433,-110.7145480283
2025-05-28T03:08:43.059201,38.3670076667,-110.7146616667,38.3670305433,-110.7145480267
2025-05-28T03:08:43.559106,38.3670075,-110.7146623333,38.3670305417,-110.7145480217
2025-05-28T03:08:44.059149,38.3670075,-110.7146623333,38.3670305383,-110.71454802
2025-05-28T03:08:44.559067,38.3670073333,-110.7146628333,38.367030535,-110.71454802
2025-05-28T03:08:45.059148,38.3670073333,-110.7146628333,38.367030535,-110.71454801
2025-05-28T03:08:45.559194,38.3670061667,-110.7146651667,38.3670305317,-110.71454801
2025-05-28T03:08:46.059112,38.3670061667,-110.7146651667,38.3670305267,-110.7145480117
2025-05-28T03:08:46.559105,38.3670063333,-110.7146656667,38.3670305267,-110.7145480117
2025-05-28T03:08:47.059090,38.3670063333,-110.7146656667,38.3670305267,-110.7145480083
2025-05-28T03:08:47.559109,38.3670061667,-110.714666,38.36703053,-110.7145479917
2025-05-28T03:08:48.059190,38.3670061667,-110.714666,38.3670305167,-110.7145479933
2025-05-28T03:08:48.559073,38.367006,-110.7146663333,38.367030515,-110.7145479867
2025-05-28T03:08:49.059157,38.367006,-110.7146663333,38.367030515,-110.7145479783
2025-05-28T03:08:49.559127,38.3670053333,-110.714667,38.3670305133,-110.714547975
2025-05-28T03:08:50.059240,38.3670053333,-110.714667,38.367030515,-110.714547965
2025-05-28T03:08:50.559177,38.367006,-110.7146681667,38.367030515,-110.7145479483
2025-05-28T03:08:51.059181,38.367006,-110.7146681667,38.3670305183,-110.7145479283
2025-05-28T03:08:51.559377,38.367006,-110.7146681667,38.3670305167,-110.7145479133
2025-05-28T03:08:52.059182,38.367006,-110.7146681667,38.3670305217,-110.7145478967
2025-05-28T03:08:52.559226,38.3670151667,-110.7146725,38.3670305267,-110.71454789
2025-05-28T03:08:53.059117,38.3670151667,-110.7146725,38.3670305283,-110.714547885
2025-05-28T03:08:53.559095,38.3670206667,-110.714679,38.3670305333,-110.7145478717
2025-05-28T03:08:54.058968,38.3670206667,-110.714679,38.3670305367,-110.71454785
2025-05-28T03:08:54.559102,38.3670216667,-110.7146813333,38.3670305367,-110.7145478383
2025-05-28T03:08:55.059088,38.3670216667,-110.7146813333,38.3670305417,-110.714547825
2025-05-28T03:08:55.559114,38.3670223333,-110.7146815,38.367030545,-110.71454782
2025-05-28T03:08:56.059148,38.3670223333,-110.7146815,38.3670305467,-110.7145478067
2025-05-28T03:08:56.559109,38.367023,-110.7146826667,38.3670305467,-110.7145477967
2025-05-28T03:08:57.059037,38.367023,-110.7146826667,38.367030555,-110.7145477733
2025-05-28T03:08:57.559105,38.3670236667,-110.7146828333,38.3670305583,-110.7145477683
2025-05-28T03:08:58.059089,38.3670236667,-110.7146828333,38.3670305633,-110.7145477483
2025-05-28T03:08:58.559072,38.3670236667,-110.7146831667,38.367030565,-110.7145477417
2025-05-28T03:08:59.059084,38.3670236667,-110.7146831667,38.3670305667,-110.71454773
2025-05-28T03:08:59.559175,38.3670233333,-110.7146788333,38.3670305767,-110.7145477167
2025-05-28T03:09:00.059406,38.3670233333,-110.7146788333,38.3670305917,-110.7145476883
2025-05-28T03:09:00.559143,38.3670216667,-110.7146736667,38.36702999,-110.7145442517
2025-05-28T03:09:01.059160,38.3670216667,-110.7146736667,38.3670294267,-110.71454054
2025-05-28T03:09:01.559155,38.3670208333,-110.7146723333,38.3670292283,-110.7145387983
2025-05-28T03:09:02.059131,38.3670208333,-110.7146723333,38.3670288883,-110.7145350617
2025-05-28T03:09:02.558965,38.3670203333,-110.7146698333,38.3670283033,-110.7145308417
2025-05-28T03:09:03.059303,38.3670203333,-110.7146698333,38.367027495,-110.7145226733
2025-05-28T03:09:03.559302,38.367018,-110.7146691667,38.3670270533,-110.7145169817
2025-05-28T03:09:04.059156,38.367018,-110.7146691667,38.3670265017,-110.7145116567
2025-05-28T03:09:04.559061,38.3670168333,-110.7146695,38.367026385,-110.7145089867
2025-05-28T03:09:05.059074,38.3670168333,-110.7146695,38.3670263167,-110.714506225
2025-05-28T03:09:05.559085,38.3670156667,-110.7146686667,38.3670262667,-110.7144979567
2025-05-28T03:09:06.058973,38.3670156667,-110.7146686667,38.3670264933,-110.714489995
2025-05-28T03:09:06.558995,38.3670141667,-110.714666,38.3670265467,-110.7144861017
2025-05-28T03:09:07.059115,38.3670141667,-110.714666,38.367026495,-110.7144822817
2025-05-28T03:09:07.559118,38.3670143333,-110.7146653333,38.3670266233,-110.7144804717
2025-05-28T03:09:08.059177,38.3670143333,-110.7146653333,38.3670267433,-110.7144786817
2025-05-28T03:09:08.559163,38.3670141667,-110.7146651667,38.3670265967,-110.7144724733
2025-05-28T03:09:09.059091,38.3670141667,-110.7146651667,38.36702661,-110.7144658233
2025-05-28T03:09:09.559206,38.3670145,-110.7146653333,38.3670268583,-110.7144616183
2025-05-28T03:09:10.059332,38.3670145,-110.7146653333,38.3670268283,-110.7144574633
2025-05-28T03:09:10.559008,38.3670148333,-110.714665,38.367026585,-110.7144553883
2025-05-28T03:09:11.059180,38.3670148333,-110.714665,38.3670261967,-110.7144534217
2025-05-28T03:09:11.559096,38.3670148333,-110.714665,38.3670231467,-110.7144477433
2025-05-28T03:09:12.059189,38.3670148333,-110.714665,38.367019715,-110.7144427733
2025-05-28T03:09:12.559246,38.3670146667,-110.7146646667,38.3670176167,-110.714439725
2025-05-28T03:09:13.059381,38.3670146667,-110.7146646667,38.3670165167,-110.7144374133
2025-05-28T03:09:13.559006,38.3670145,-110.7146643333,38.3670161717,-110.714436255
2025-05-28T03:09:14.059342,38.3670145,-110.7146643333,38.36701588,-110.7144352417
2025-05-28T03:09:14.559123,38.3670145,-110.7146643333,38.3670134917,-110.71443292
2025-05-28T03:09:15.059352,38.3670145,-110.7146643333,38.3670095667,-110.7144323617
2025-05-28T03:09:15.559143,38.3670143333,-110.7146641667,38.36700532,-110.7144320133
2025-05-28T03:09:16.059252,38.3670143333,-110.7146641667,38.3670011333,-110.71443127
2025-05-28T03:09:16.559056,38.3670143333,-110.714664,38.3669989533,-110.714431245
2025-05-28T03:09:17.059161,38.3670143333,-110.714664,38.3669967183,-110.7144313617
2025-05-28T03:09:17.559177,38.3670143333,-110.714664,38.36699002,-110.7144313417
2025-05-28T03:09:18.059207,38.3670143333,-110.714664,38.366983525,-110.7144312867
2025-05-28T03:09:18.559246,38.3670143333,-110.714663,38.366979155,-110.7144314183
2025-05-28T03:09:19.059245,38.3670143333,-110.714663,38.3669747167,-110.7144315333
2025-05-28T03:09:19.559261,38.3670141667,-110.7146626667,38.3669725417,-110.714431565
2025-05-28T03:09:20.059116,38.3670141667,-110.7146626667,38.3669703617,-110.7144315983
2025-05-28T03:09:20.559076,38.367014,-110.7146628333,38.3669637517,-110.7144316783
2025-05-28T03:09:21.059143,38.367014,-110.7146628333,38.366956485,-110.7144316883
2025-05-28T03:09:21.559064,38.3670143333,-110.7146633333,38.3669514367,-110.7144314633
2025-05-28T03:09:22.059087,38.3670143333,-110.7146633333,38.3669440817,-110.714431055
2025-05-28T03:09:22.559051,38.3670138333,-110.714663,38.3669440817,-110.714431055
2025-05-28T03:09:23.059251,38.3670138333,-110.714663,38.3669416517,-110.7144311333
2025-05-28T03:09:23.559117,38.3670135,-110.7146628333,38.36693391,-110.71443122
2025-05-28T03:09:24.059155,38.3670135,-110.7146628333,38.3669265383,-110.7144308133
2025-05-28T03:09:24.559112,38.3670138333,-110.714663,38.3669216117,-110.7144316517
2025-05-28T03:09:25.059134,38.3670138333,-110.714663,38.366916585,-110.7144332317
2025-05-28T03:09:25.559175,38.3670138333,-110.7146631667,38.3669141633,-110.714433865
2025-05-28T03:09:26.059100,38.3670138333,-110.7146631667,38.366911745,-110.7144345083
2025-05-28T03:09:26.559055,38.3670136667,-110.7146628333,38.366904315,-110.7144365567
2025-05-28T03:09:27.059103,38.3670136667,-110.7146628333,38.36689693,-110.7144383233
2025-05-28T03:09:27.559056,38.3670136667,-110.7146628333,38.3668919683,-110.7144393583
2025-05-28T03:09:28.059187,38.3670136667,-110.7146628333,38.366886965,-110.7144403067
2025-05-28T03:09:28.559110,38.3670136667,-110.7146623333,38.3668844217,-110.7144407
2025-05-28T03:09:29.059260,38.3670136667,-110.7146623333,38.3668818517,-110.7144411083
2025-05-28T03:09:29.559174,38.3670136667,-110.714663,38.3668742167,-110.714442375
2025-05-28T03:09:30.059202,38.3670136667,-110.714663,38.3668667833,-110.7144433867
2025-05-28T03:09:30.559132,38.3670135,-110.7146626667,38.3668616933,-110.7144438767
2025-05-28T03:09:31.059086,38.3670135,-110.7146626667,38.36685671,-110.7144443417
2025-05-28T03:09:31.559134,38.3670135,-110.7146626667,38.3668541767,-110.714444585
2025-05-28T03:09:32.059031,38.3670135,-110.7146626667,38.3668491517,-110.71444502
2025-05-28T03:09:32.559153,38.3670133333,-110.7146625,38.36684395,-110.7144454333
2025-05-28T03:09:33.059282,38.3670133333,-110.7146625,38.3668363617,-110.7144458567
2025-05-28T03:09:33.559214,38.3670133333,-110.7146626667,38.3668312267,-110.7144461717
2025-05-28T03:09:34.059143,38.3670133333,-110.7146626667,38.366826115,-110.7144464183
2025-05-28T03:09:34.559097,38.3670133333,-110.7146625,38.3668235417,-110.7144464717
2025-05-28T03:09:35.059208,38.3670133333,-110.7146625,38.366821005,-110.7144466183
2025-05-28T03:09:35.559222,38.3670131667,-110.7146625,38.3668132,-110.714447345
2025-05-28T03:09:36.059027,38.3670131667,-110.7146625,38.3668055317,-110.7144483033
2025-05-28T03:09:36.559039,38.3670131667,-110.7146621667,38.366800415,-110.714448755
2025-05-28T03:09:37.059327,38.3670131667,-110.7146621667,38.3667952383,-110.7144490967
2025-05-28T03:09:37.559254,38.3670131667,-110.7146616667,38.3667926733,-110.7144494183
2025-05-28T03:09:38.059092,38.3670131667,-110.7146616667,38.3667875933,-110.7144500333
2025-05-28T03:09:38.559376,38.3670133333,-110.7146618333,38.3667823867,-110.7144505967
2025-05-28T03:09:39.059113,38.3670133333,-110.7146618333,38.36677451,-110.7144513333
2025-05-28T03:09:39.559246,38.3670133333,-110.7146626667,38.3667719317,-110.714451685
2025-05-28T03:09:40.059092,38.3670133333,-110.7146626667,38.3667642117,-110.71445249
2025-05-28T03:09:40.559256,38.3670133333,-110.7146628333,38.3667616,-110.71445273
2025-05-28T03:09:41.059091,38.3670133333,-110.7146628333,38.3667563483,-110.7144531583
2025-05-28T03:09:41.559393,38.3670133333,-110.7146626667,38.366751195,-110.7144536033
2025-05-28T03:09:42.059159,38.3670133333,-110.7146626667,38.3667435683,-110.714454705
2025-05-28T03:09:42.559098,38.3670133333,-110.7146628333,38.3667384933,-110.71445552
2025-05-28T03:09:43.059159,38.3670133333,-110.7146628333,38.3667334517,-110.7144561567
2025-05-28T03:09:43.559072,38.3670133333,-110.7146628333,38.3667310067,-110.7144566683
2025-05-28T03:09:44.059206,38.3670133333,-110.7146628333,38.3667261167,-110.7144579567
2025-05-28T03:09:44.559446,38.3670133333,-110.7146626667,38.3667212233,-110.714459725
2025-05-28T03:09:45.059094,38.3670133333,-110.7146626667,38.3667138467,-110.714462635
2025-05-28T03:09:45.559318,38.3670133333,-110.7146626667,38.3667089217,-110.7144643933
2025-05-28T03:09:46.059271,38.3670133333,-110.7146626667,38.3667040517,-110.714466245
2025-05-28T03:09:46.559165,38.3670133333,-110.7146625,38.3667015867,-110.7144670517
2025-05-28T03:09:47.059254,38.3670133333,-110.7146625,38.366696535,-110.7144687633
2025-05-28T03:09:47.559093,38.3670133333,-110.7146625,38.3666914767,-110.7144703667
2025-05-28T03:09:48.059095,38.3670133333,-110.7146625,38.36668408,-110.7144724583
2025-05-28T03:09:48.559106,38.367013,-110.7146625,38.3666791283,-110.7144736867
2025-05-28T03:09:49.059210,38.367013,-110.7146625,38.3666741167,-110.71447491
2025-05-28T03:09:49.559144,38.3670135,-110.7146621667,38.3666716067,-110.714475435
2025-05-28T03:09:50.059169,38.3670135,-110.7146621667,38.366669095,-110.714475975
2025-05-28T03:09:50.559221,38.3670135,-110.714662,38.3666616233,-110.714477555
2025-05-28T03:09:51.059208,38.3670135,-110.714662,38.36665405,-110.7144789817
2025-05-28T03:09:51.559223,38.3670135,-110.7146621667,38.366648995,-110.7144798033
2025-05-28T03:09:52.059177,38.3670135,-110.7146621667,38.3666439133,-110.71448044
2025-05-28T03:09:52.559083,38.3670133333,-110.7146621667,38.3666413883,-110.71448063
2025-05-28T03:09:53.059211,38.3670133333,-110.7146621667,38.3666389167,-110.7144807983
2025-05-28T03:09:53.559070,38.3670133333,-110.7146621667,38.3666315067,-110.7144821683
2025-05-28T03:09:54.059180,38.3670133333,-110.7146621667,38.3666241783,-110.714483515
2025-05-28T03:09:54.559142,38.3670131667,-110.714662,38.3666194167,-110.7144842317
2025-05-28T03:09:55.059147,38.3670131667,-110.714662,38.3666144667,-110.7144851383
2025-05-28T03:09:55.559144,38.3670131667,-110.7146618333,38.3666120317,-110.7144856133
2025-05-28T03:09:56.059100,38.3670131667,-110.7146618333,38.3666069983,-110.7144863333
2025-05-28T03:09:56.559157,38.3670133333,-110.7146625,38.3666017917,-110.7144870633
2025-05-28T03:09:57.059126,38.3670133333,-110.7146625,38.36659421,-110.7144880633
2025-05-28T03:09:57.559037,38.3670131667,-110.7146623333,38.3665890367,-110.7144884933
2025-05-28T03:09:58.059174,38.3670131667,-110.7146623333,38.36658405,-110.7144889983
2025-05-28T03:09:58.559161,38.3670131667,-110.714662,38.3665815633,-110.714489105
2025-05-28T03:09:59.059147,38.3670131667,-110.714662,38.3665790183,-110.7144891983
2025-05-28T03:09:59.559353,38.3670131667,-110.7146618333,38.3665714333,-110.7144896417
2025-05-28T03:10:00.059301,38.3670131667,-110.7146618333,38.366563585,-110.714489585
2025-05-28T03:10:00.559243,38.3670131667,-110.7146618333,38.3665582467,-110.7144896317
2025-05-28T03:10:01.059181,38.3670131667,-110.7146618333,38.366553165,-110.7144896667
2025-05-28T03:10:01.559509,38.3670131667,-110.714662,38.3665506567,-110.7144897017
2025-05-28T03:10:02.059241,38.3670131667,-110.714662,38.3665481983,-110.7144898867
2025-05-28T03:10:02.559131,38.3670131667,-110.7146618333,38.3665406217,-110.7144908017
2025-05-28T03:10:03.059092,38.3670131667,-110.7146618333,38.3665331,-110.71449132
2025-05-28T03:10:03.559058,38.367013,-110.7146618333,38.3665280717,-110.7144917583
2025-05-28T03:10:04.059154,38.367013,-110.7146618333,38.36652299,-110.7144926017
2025-05-28T03:10:04.559135,38.367013,-110.7146615,38.3665205683,-110.7144930933
2025-05-28T03:10:05.059125,38.367013,-110.7146615,38.3665181117,-110.7144935717
2025-05-28T03:10:05.559167,38.367013,-110.7146613333,38.3665107567,-110.7144947167
2025-05-28T03:10:06.059262,38.367013,-110.7146613333,38.3665035833,-110.714497265
2025-05-28T03:10:06.559139,38.367013,-110.7146615,38.3664988617,-110.714499815
2025-05-28T03:10:07.059155,38.367013,-110.7146615,38.3664942133,-110.7145021217
2025-05-28T03:10:07.559479,38.3670128333,-110.7146615,38.3664919533,-110.7145032017
2025-05-28T03:10:08.059179,38.3670128333,-110.7146615,38.3664873117,-110.7145052967
2025-05-28T03:10:08.559081,38.3670128333,-110.7146615,38.366482545,-110.7145071683
2025-05-28T03:10:09.059137,38.3670128333,-110.7146615,38.3664752867,-110.7145097583
2025-05-28T03:10:09.559081,38.3670128333,-110.7146615,38.3664703067,-110.7145113767
2025-05-28T03:10:10.059067,38.3670128333,-110.7146615,38.3664629483,-110.7145136833
2025-05-28T03:10:10.559050,38.3670126667,-110.7146615,38.3664629483,-110.7145136833
2025-05-28T03:10:11.059112,38.3670126667,-110.7146615,38.36646024,-110.714514455
2025-05-28T03:10:11.559177,38.3670126667,-110.7146615,38.366451755,-110.7145165567
2025-05-28T03:10:12.059078,38.3670126667,-110.7146615,38.3664433217,-110.7145183083
2025-05-28T03:10:12.559119,38.3670125,-110.7146615,38.3664376183,-110.7145193367
2025-05-28T03:10:13.059125,38.3670125,-110.7146615,38.3664318483,-110.71452012
2025-05-28T03:10:13.559127,38.3670125,-110.7146615,38.3664289433,-110.714520495
2025-05-28T03:10:14.058976,38.3670125,-110.7146615,38.366426075,-110.714520865
2025-05-28T03:10:14.559056,38.3670125,-110.7146615,38.3664174733,-110.71452177
2025-05-28T03:10:15.059082,38.3670125,-110.7146615,38.36640892,-110.7145223933
2025-05-28T03:10:15.559090,38.3670123333,-110.7146616667,38.3664031017,-110.7145226917
2025-05-28T03:10:16.059046,38.3670123333,-110.7146616667,38.3663943483,-110.714522895
2025-05-28T03:10:16.559343,38.3670123333,-110.7146616667,38.3663943483,-110.714522895
2025-05-28T03:10:17.059685,38.3670123333,-110.7146616667,38.36639143,-110.7145227817
2025-05-28T03:10:17.559060,38.3670121667,-110.7146615,38.3663827667,-110.7145222417
2025-05-28T03:10:18.059192,38.3670121667,-110.7146615,38.366374015,-110.7145214867
2025-05-28T03:10:18.559058,38.3670121667,-110.7146611667,38.3663681117,-110.7145210467
2025-05-28T03:10:19.059203,38.3670121667,-110.7146611667,38.3663624917,-110.714520345
2025-05-28T03:10:19.559215,38.3670121667,-110.7146611667,38.366359575,-110.71452013
2025-05-28T03:10:20.059199,38.3670121667,-110.7146611667,38.3663566067,-110.7145200867
2025-05-28T03:10:20.559236,38.3670121667,-110.714661,38.3663478883,-110.7145196233
2025-05-28T03:10:21.059139,38.3670121667,-110.714661,38.3663392083,-110.7145195333
2025-05-28T03:10:21.559199,38.367012,-110.714661,38.366333425,-110.7145197533
2025-05-28T03:10:22.059249,38.367012,-110.714661,38.3663278133,-110.7145195983
2025-05-28T03:10:22.559171,38.3670118333,-110.7146608333,38.3663250383,-110.7145198083
2025-05-28T03:10:23.059358,38.3670118333,-110.7146608333,38.366322255,-110.7145202817
2025-05-28T03:10:23.559133,38.367012,-110.7146606667,38.36631386,-110.7145229967
2025-05-28T03:10:24.059141,38.367012,-110.7146606667,38.3663055,-110.7145254517
2025-05-28T03:10:24.559595,38.3670118333,-110.7146606667,38.366299915,-110.7145267967
2025-05-28T03:10:25.059160,38.3670118333,-110.7146606667,38.366294275,-110.71452814
2025-05-28T03:10:25.559178,38.3670118333,-110.7146606667,38.3662914217,-110.7145287417
2025-05-28T03:10:26.059327,38.3670118333,-110.7146606667,38.366288545,-110.7145292667
2025-05-28T03:10:26.559171,38.3670118333,-110.7146606667,38.366279735,-110.7145305433
2025-05-28T03:10:27.059267,38.3670118333,-110.7146606667,38.3662711417,-110.714531745
2025-05-28T03:10:27.559280,38.3670116667,-110.7146605,38.366265445,-110.71453252
2025-05-28T03:10:28.059137,38.3670116667,-110.7146605,38.366259675,-110.7145335283
2025-05-28T03:10:28.559124,38.3670116667,-110.7146605,38.36625678,-110.714533925
2025-05-28T03:10:29.059039,38.3670116667,-110.7146605,38.3662538817,-110.7145342367
2025-05-28T03:10:29.559105,38.3670116667,-110.7146605,38.3662452967,-110.7145352583
2025-05-28T03:10:30.059025,38.3670116667,-110.7146605,38.36623668,-110.7145366567
2025-05-28T03:10:30.559108,38.3670115,-110.7146603333,38.3662309533,-110.7145373083
2025-05-28T03:10:31.059104,38.3670115,-110.7146603333,38.3662223067,-110.714538545
2025-05-28T03:10:31.559076,38.3670115,-110.7146603333,38.3662223067,-110.714538545
2025-05-28T03:10:32.059056,38.3670115,-110.7146603333,38.3662164583,-110.7145392667
2025-05-28T03:10:32.559024,38.3670113333,-110.7146601667,38.3662105867,-110.714539735
2025-05-28T03:10:33.059201,38.3670113333,-110.7146601667,38.3662017433,-110.71454047
2025-05-28T03:10:33.559055,38.3670111667,-110.7146603333,38.3661988,-110.7145405383
2025-05-28T03:10:34.059215,38.3670111667,-110.7146603333,38.3661900483,-110.714540445
2025-05-28T03:10:34.559199,38.3670115,-110.7146605,38.36618715,-110.714540335
2025-05-28T03:10:35.059171,38.3670115,-110.7146605,38.366181455,-110.7145399717
2025-05-28T03:10:35.559106,38.3670115,-110.7146605,38.366176395,-110.71453879
2025-05-28T03:10:36.059000,38.3670115,-110.7146605,38.36616956,-110.7145408317
2025-05-28T03:10:36.559365,38.3670115,-110.7146603333,38.3661673967,-110.7145466483
2025-05-28T03:10:37.059295,38.3670115,-110.7146603333,38.3661673317,-110.7145480883
2025-05-28T03:10:37.559032,38.3670113333,-110.7146603333,38.366167335,-110.714548095
2025-05-28T03:10:38.059045,38.3670113333,-110.7146603333,38.3661673383,-110.7145481067
2025-05-28T03:10:38.559080,38.3670111667,-110.7146605,38.3661673083,-110.7145515217
2025-05-28T03:10:39.059084,38.3670111667,-110.7146605,38.3661677083,-110.7145558967
2025-05-28T03:10:39.559208,38.3670113333,-110.7146608333,38.3661675967,-110.714558455
2025-05-28T03:10:40.059125,38.3670113333,-110.7146608333,38.366167575,-110.7145605883
2025-05-28T03:10:40.559103,38.3670116667,-110.7146606667,38.366167095,-110.7145616883
2025-05-28T03:10:41.059141,38.3670116667,-110.7146606667,38.36616499,-110.7145637033
2025-05-28T03:10:41.559056,38.3670118333,-110.7146613333,38.3661614417,-110.71456578
2025-05-28T03:10:42.059024,38.3670118333,-110.7146613333,38.3661547217,-110.714569875
2025-05-28T03:10:42.559115,38.3670116667,-110.714661,38.3661492267,-110.7145715033
2025-05-28T03:10:43.059102,38.3670116667,-110.714661,38.36614375,-110.7145729983
2025-05-28T03:10:43.559081,38.367011,-110.7146611667,38.3661411183,-110.7145736967
2025-05-28T03:10:44.059059,38.367011,-110.7146611667,38.366135485,-110.7145744817
2025-05-28T03:10:44.559505,38.367011,-110.7146606667,38.366129795,-110.7145752417
2025-05-28T03:10:45.059014,38.367011,-110.7146606667,38.3661270533,-110.7145755783
2025-05-28T03:10:45.559239,38.3670108333,-110.7146606667,38.3661155517,-110.71457551
2025-05-28T03:10:46.059364,38.3670108333,-110.7146606667,38.3661097167,-110.7145753933
2025-05-28T03:10:46.559145,38.3670108333,-110.7146605,38.366106885,-110.7145752333
2025-05-28T03:10:47.059106,38.3670108333,-110.7146605,38.3661042133,-110.714574975
2025-05-28T03:10:47.559159,38.3670108333,-110.7146605,38.3660959667,-110.7145751733
2025-05-28T03:10:48.059086,38.3670108333,-110.7146605,38.366087415,-110.7145754033
2025-05-28T03:10:48.559064,38.3670106667,-110.7146603333,38.3660817267,-110.71457552
2025-05-28T03:10:49.059388,38.3670106667,-110.7146603333,38.366076085,-110.71457561
2025-05-28T03:10:49.559094,38.3670101667,-110.7146598333,38.3660734417,-110.7145753967
2025-05-28T03:10:50.059390,38.3670101667,-110.7146598333,38.3660708567,-110.7145752367
2025-05-28T03:10:50.559031,38.3670105,-110.7146601667,38.366062425,-110.7145764517
2025-05-28T03:10:51.059097,38.3670105,-110.7146601667,38.366053845,-110.71457769
2025-05-28T03:10:51.559161,38.3670101667,-110.7146598333,38.366048105,-110.7145784267
2025-05-28T03:10:52.059161,38.3670101667,-110.7146598333,38.3660425133,-110.7145788
2025-05-28T03:10:52.559160,38.36701,-110.7146598333,38.366039715,-110.714579035
2025-05-28T03:10:53.059164,38.36701,-110.7146598333,38.3660339567,-110.714579355
2025-05-28T03:10:53.559055,38.3670098333,-110.7146598333,38.36602814,-110.714579525
2025-05-28T03:10:54.059063,38.3670098333,-110.7146598333,38.3660195517,-110.71457966
2025-05-28T03:10:54.559108,38.3670096667,-110.7146596667,38.3660138117,-110.7145798533
2025-05-28T03:10:55.059261,38.3670096667,-110.7146596667,38.3660081033,-110.7145800883
2025-05-28T03:10:55.559054,38.36701,-110.7146595,38.3660052283,-110.714580405
2025-05-28T03:10:56.059070,38.36701,-110.7146595,38.3659996117,-110.714580605
2025-05-28T03:10:56.559133,38.3670098333,-110.7146595,38.365993935,-110.7145811433
2025-05-28T03:10:57.059149,38.3670098333,-110.7146595,38.3659854033,-110.7145821683
2025-05-28T03:10:57.559104,38.3670098333,-110.7146595,38.3659797167,-110.7145831683
2025-05-28T03:10:58.059164,38.3670098333,-110.7146595,38.3659740017,-110.7145841583
2025-05-28T03:10:58.559121,38.3670096667,-110.7146593333,38.3659712517,-110.714584665
2025-05-28T03:10:59.059020,38.3670096667,-110.7146593333,38.365965635,-110.71458602
2025-05-28T03:10:59.559068,38.36701,-110.7146593333,38.36596004,-110.7145878567
2025-05-28T03:11:00.059042,38.36701,-110.7146593333,38.3659515967,-110.7145904467
2025-05-28T03:11:00.559030,38.3670101667,-110.7146591667,38.3659459767,-110.71459214
2025-05-28T03:11:01.059220,38.3670101667,-110.7146591667,38.3659403333,-110.7145937767
2025-05-28T03:11:01.559165,38.3670105,-110.7146593333,38.3659375683,-110.714594655
2025-05-28T03:11:02.059137,38.3670105,-110.7146593333,38.3659347933,-110.7145954817
2025-05-28T03:11:02.559122,38.367011,-110.7146595,38.36592622,-110.7145976817
2025-05-28T03:11:03.059172,38.367011,-110.7146595,38.365917695,-110.7145999633
2025-05-28T03:11:03.559091,38.367011,-110.71466,38.3659119617,-110.7146014333
2025-05-28T03:11:04.059132,38.367011,-110.71466,38.3659061367,-110.714602825
2025-05-28T03:11:04.559101,38.367011,-110.7146598333,38.3659032317,-110.7146034983
2025-05-28T03:11:05.059255,38.367011,-110.7146598333,38.3659003667,-110.7146042283
2025-05-28T03:11:05.559047,38.367011,-110.71466,38.3658917183,-110.714606375
2025-05-28T03:11:06.059075,38.367011,-110.71466,38.3658830683,-110.7146085533
2025-05-28T03:11:06.559086,38.367011,-110.7146601667,38.3658774317,-110.7146099117
2025-05-28T03:11:07.059107,38.367011,-110.7146601667,38.36587164,-110.714611175
2025-05-28T03:11:07.559252,38.3670103333,-110.7146596667,38.3658688033,-110.7146118
2025-05-28T03:11:08.059176,38.3670103333,-110.7146596667,38.3658630883,-110.7146131167
2025-05-28T03:11:08.559210,38.3670106667,-110.7146596667,38.3658572467,-110.7146141583
2025-05-28T03:11:09.059434,38.3670106667,-110.7146596667,38.3658485333,-110.7146156667
2025-05-28T03:11:09.559128,38.3670108333,-110.7146601667,38.3658427667,-110.7146166983
2025-05-28T03:11:10.059225,38.3670108333,-110.7146601667,38.3658369017,-110.7146177133
2025-05-28T03:11:10.559128,38.3670106667,-110.7146603333,38.3658340167,-110.7146180367
2025-05-28T03:11:11.059694,38.3670106667,-110.7146603333,38.3658310733,-110.7146182967
2025-05-28T03:11:11.559207,38.3670108333,-110.7146608333,38.3658224167,-110.7146190833
2025-05-28T03:11:12.059111,38.3670108333,-110.7146608333,38.3658136217,-110.714619475
2025-05-28T03:11:12.559028,38.367011,-110.7146608333,38.365810705,-110.7146195267
2025-05-28T03:11:13.059125,38.367011,-110.7146608333,38.3658021017,-110.7146195567
2025-05-28T03:11:13.559140,38.367011,-110.714661,38.3657992683,-110.714619735
2025-05-28T03:11:14.059088,38.367011,-110.714661,38.36579343,-110.714619905
2025-05-28T03:11:14.559076,38.367011,-110.714661,38.36578808,-110.7146200483
2025-05-28T03:11:15.059270,38.367011,-110.714661,38.365780155,-110.714619665
2025-05-28T03:11:15.559151,38.3670108333,-110.7146611667,38.365774785,-110.7146198883
2025-05-28T03:11:16.059390,38.3670108333,-110.7146611667,38.3657667133,-110.7146201717
2025-05-28T03:11:16.559058,38.3670108333,-110.7146613333,38.3657667133,-110.7146201717
2025-05-28T03:11:17.059132,38.3670108333,-110.7146613333,38.3657615417,-110.71462013
2025-05-28T03:11:17.559066,38.3670108333,-110.714661,38.3657562183,-110.7146212133
2025-05-28T03:11:18.059260,38.3670108333,-110.714661,38.3657483183,-110.7146227667
2025-05-28T03:11:18.559193,38.3670105,-110.7146608333,38.3657434483,-110.7146230317
2025-05-28T03:11:19.059188,38.3670105,-110.7146608333,38.3657357667,-110.7146265267
2025-05-28T03:11:19.559102,38.3670105,-110.714661,38.3657357667,-110.7146265267
2025-05-28T03:11:20.059075,38.3670105,-110.714661,38.3657302667,-110.7146287967
2025-05-28T03:11:20.559091,38.3670106667,-110.7146608333,38.3657247733,-110.7146308917
2025-05-28T03:11:21.059070,38.3670106667,-110.7146608333,38.3657164783,-110.7146339683
2025-05-28T03:11:21.559185,38.3670106667,-110.7146608333,38.3657109817,-110.7146357283
2025-05-28T03:11:22.059242,38.3670106667,-110.7146608333,38.3657053783,-110.7146370683
2025-05-28T03:11:22.559092,38.3670103333,-110.7146616667,38.3657025217,-110.7146377383
2025-05-28T03:11:23.059216,38.3670103333,-110.7146616667,38.3656969183,-110.71463933
2025-05-28T03:11:23.559094,38.3670105,-110.7146618333,38.3656913283,-110.7146408967
2025-05-28T03:11:24.059096,38.3670105,-110.7146618333,38.3656830517,-110.71464292
2025-05-28T03:11:24.559341,38.3670105,-110.7146618333,38.36567741,-110.714644655
2025-05-28T03:11:25.059241,38.3670105,-110.7146618333,38.36567166,-110.7146463867
2025-05-28T03:11:25.559098,38.3670105,-110.714662,38.3656687733,-110.7146472017
2025-05-28T03:11:26.059079,38.3670105,-110.714662,38.365663025,-110.714648825
2025-05-28T03:11:26.559130,38.3670105,-110.714662,38.3656573967,-110.71465026
2025-05-28T03:11:27.059072,38.3670105,-110.714662,38.3656486917,-110.7146520417
2025-05-28T03:11:27.559270,38.3670105,-110.7146621667,38.3656428017,-110.7146528333
2025-05-28T03:11:28.059189,38.3670105,-110.7146621667,38.3656370383,-110.71465374
2025-05-28T03:11:28.559146,38.3670105,-110.7146621667,38.365634285,-110.7146540267
2025-05-28T03:11:29.059064,38.3670105,-110.7146621667,38.365631465,-110.7146543067
2025-05-28T03:11:29.559103,38.3670105,-110.7146621667,38.3656226867,-110.71465557
2025-05-28T03:11:30.059050,38.3670105,-110.7146621667,38.3656140983,-110.7146564767
2025-05-28T03:11:30.559073,38.3670101667,-110.7146623333,38.36560831,-110.7146569217
2025-05-28T03:11:31.059122,38.3670101667,-110.7146623333,38.3656026117,-110.7146573217
2025-05-28T03:11:31.559188,38.3670103333,-110.7146623333,38.365599735,-110.71465736
2025-05-28T03:11:32.059080,38.3670103333,-110.7146623333,38.3655939717,-110.7146576883
2025-05-28T03:11:32.559111,38.3670103333,-110.7146625,38.365588265,-110.714657785
2025-05-28T03:11:33.059089,38.3670103333,-110.7146625,38.365579445,-110.714657795
2025-05-28T03:11:33.559559,38.3670103333,-110.7146625,38.36557368,-110.7146575983
2025-05-28T03:11:34.059344,38.3670103333,-110.7146625,38.3655679517,-110.7146573033
2025-05-28T03:11:34.559029,38.3670103333,-110.7146628333,38.3655650483,-110.7146573583
2025-05-28T03:11:35.059177,38.3670103333,-110.7146628333,38.36555921,-110.714657195
2025-05-28T03:11:35.559024,38.3670103333,-110.7146628333,38.3655534167,-110.7146568917
2025-05-28T03:11:36.059515,38.3670103333,-110.7146628333,38.365544655,-110.714656415
2025-05-28T03:11:36.559152,38.3670103333,-110.7146628333,38.3655388783,-110.7146559517
2025-05-28T03:11:37.059017,38.3670103333,-110.7146628333,38.3655303933,-110.714655015
2025-05-28T03:11:37.559252,38.3670105,-110.714663,38.3655303933,-110.714655015
2025-05-28T03:11:38.059103,38.3670105,-110.714663,38.3655274617,-110.7146548
2025-05-28T03:11:38.559211,38.3670103333,-110.714663,38.3655189867,-110.71465424
2025-05-28T03:11:39.059325,38.3670103333,-110.714663,38.3655101167,-110.714655355
2025-05-28T03:11:39.559096,38.3670101667,-110.7146631667,38.3655044233,-110.7146559017
2025-05-28T03:11:40.059123,38.3670101667,-110.7146631667,38.36549856,-110.714656735
2025-05-28T03:11:40.559140,38.3670101667,-110.7146626667,38.3654956783,-110.71465715
2025-05-28T03:11:41.059057,38.3670101667,-110.7146626667,38.3654899983,-110.714658005
2025-05-28T03:11:41.559111,38.3670101667,-110.7146631667,38.3654842267,-110.7146587767
2025-05-28T03:11:42.059080,38.3670101667,-110.7146631667,38.3654756317,-110.714659425
2025-05-28T03:11:42.559047,38.3670101667,-110.714663,38.3654699783,-110.71466004
2025-05-28T03:11:43.059161,38.3670101667,-110.714663,38.3654641483,-110.7146610817
2025-05-28T03:11:43.559184,38.3670101667,-110.714663,38.3654612167,-110.7146614433
2025-05-28T03:11:44.059062,38.3670101667,-110.714663,38.3654545217,-110.7146623233
2025-05-28T03:11:44.559102,38.3670101667,-110.7146633333,38.36544727,-110.7146626667
2025-05-28T03:11:45.059364,38.3670101667,-110.7146633333,38.36543663,-110.7146649
2025-05-28T03:11:45.559017,38.36701,-110.7146631667,38.365429475,-110.71466724
2025-05-28T03:11:46.059387,38.36701,-110.7146631667,38.3654224217,-110.7146692017
2025-05-28T03:11:46.559207,38.36701,-110.7146635,38.3654189583,-110.7146698783
2025-05-28T03:11:47.059181,38.36701,-110.7146635,38.3654156067,-110.7146702967
2025-05-28T03:11:47.559046,38.36701,-110.7146636667,38.3654066417,-110.71467434
2025-05-28T03:11:48.059216,38.36701,-110.7146636667,38.365402565,-110.7146772333
2025-05-28T03:11:48.559189,38.3670098333,-110.7146633333,38.365402565,-110.7146772233
2025-05-28T03:11:49.059150,38.3670098333,-110.7146633333,38.3653992267,-110.7146796983
2025-05-28T03:11:49.559168,38.3670098333,-110.7146633333,38.36539762,-110.7146808733
2025-05-28T03:11:50.059246,38.3670098333,-110.7146633333,38.3653961383,-110.7146818967
2025-05-28T03:11:50.559480,38.3670096667,-110.7146636667,38.3653918017,-110.71468484
2025-05-28T03:11:51.059105,38.3670096667,-110.7146636667,38.3653873767,-110.7146877383
2025-05-28T03:11:51.559163,38.3670095,-110.7146635,38.365384425,-110.7146899
2025-05-28T03:11:52.059133,38.3670095,-110.7146635,38.3653831833,-110.7146922083
2025-05-28T03:11:52.559153,38.3670095,-110.7146633333,38.3653826517,-110.714693155
2025-05-28T03:11:53.059185,38.3670095,-110.7146633333,38.36538149,-110.71469367
2025-05-28T03:11:53.559082,38.3670096667,-110.7146635,38.365376185,-110.7146919
2025-05-28T03:11:54.059163,38.3670096667,-110.7146635,38.36537106,-110.7146896083
2025-05-28T03:11:54.559182,38.3670095,-110.7146638333,38.36536797,-110.714688365
2025-05-28T03:11:55.059262,38.3670095,-110.7146638333,38.36536474,-110.71468672
2025-05-28T03:11:55.559044,38.3670095,-110.7146636667,38.3653632467,-110.7146857883
2025-05-28T03:11:56.059159,38.3670095,-110.7146636667,38.3653632467,-110.7146857883
2025-05-28T03:11:56.559030,38.3670093333,-110.7146636667,38.3653568167,-110.7146822233
2025-05-28T03:11:57.059119,38.3670093333,-110.7146636667,38.36534991,-110.7146778967
2025-05-28T03:11:57.559337,38.3670095,-110.714664,38.36534676,-110.7146758783
2025-05-28T03:11:58.059223,38.3670095,-110.714664,38.365345415,-110.7146750417
2025-05-28T03:11:58.559300,38.3670093333,-110.7146641667,38.3653442167,-110.71467431
2025-05-28T03:11:59.059343,38.3670093333,-110.7146641667,38.3653430883,-110.7146735367
2025-05-28T03:11:59.559147,38.3670093333,-110.7146638333,38.3653396817,-110.71467114
2025-05-28T03:12:00.059646,38.3670093333,-110.7146638333,38.36533532,-110.7146680333
2025-05-28T03:12:00.559153,38.3670091667,-110.7146635,38.3653326517,-110.7146656833
2025-05-28T03:12:01.059102,38.3670091667,-110.7146635,38.3653297483,-110.714663585
2025-05-28T03:12:01.559146,38.3670091667,-110.7146635,38.36532851,-110.7146625233
2025-05-28T03:12:02.059317,38.3670091667,-110.7146635,38.3653268933,-110.7146608767
2025-05-28T03:12:02.559043,38.3670091667,-110.7146636667,38.365326885,-110.7146608783
2025-05-28T03:12:03.059211,38.3670091667,-110.7146636667,38.36532688,-110.7146608733
2025-05-28T03:12:03.559263,38.3670093333,-110.7146635,38.3653268733,-110.7146608733
2025-05-28T03:12:04.059126,38.3670093333,-110.7146635,38.36532687,-110.7146608683
2025-05-28T03:12:04.559336,38.3670091667,-110.7146636667,38.3653268717,-110.7146608683
2025-05-28T03:12:05.059130,38.3670091667,-110.7146636667,38.3653268867,-110.7146608683
2025-05-28T03:12:05.559297,38.3670091667,-110.7146638333,38.365326895,-110.714660865
2025-05-28T03:12:06.059219,38.3670091667,-110.7146638333,38.3653269133,-110.7146608467
2025-05-28T03:12:06.559291,38.3670091667,-110.714664,38.36532486,-110.714661465
2025-05-28T03:12:07.059325,38.3670091667,-110.714664,38.3653217917,-110.7146625417
2025-05-28T03:12:07.559295,38.3670091667,-110.714664,38.3653217917,-110.7146625417
2025-05-28T03:12:08.059131,38.3670091667,-110.714664,38.3653195383,-110.7146631217
2025-05-28T03:12:08.559166,38.367009,-110.714664,38.365317445,-110.71466373
2025-05-28T03:12:09.059141,38.367009,-110.714664,38.3653141033,-110.7146645367
2025-05-28T03:12:09.559054,38.367009,-110.7146641667,38.3653119633,-110.714665105
2025-05-28T03:12:10.059038,38.367009,-110.7146641667,38.3653098017,-110.71466539
2025-05-28T03:12:10.559082,38.367009,-110.7146641667,38.3653098017,-110.71466539
2025-05-28T03:12:11.059051,38.367009,-110.7146641667,38.3653098017,-110.71466539
2025-05-28T03:12:11.559048,38.367009,-110.7146643333,38.3653097967,-110.714665375
2025-05-28T03:12:12.059111,38.367009,-110.7146643333,38.3653070583,-110.714666045
2025-05-28T03:12:12.559057,38.367009,-110.7146643333,38.3653049533,-110.7146664683
2025-05-28T03:12:13.059038,38.367009,-110.7146643333,38.365302905,-110.71466693
2025-05-28T03:12:13.559086,38.3670088333,-110.7146643333,38.3653018,-110.7146671233
2025-05-28T03:12:14.059176,38.3670088333,-110.7146643333,38.365299635,-110.714667405
2025-05-28T03:12:14.559208,38.3670088333,-110.7146643333,38.36529745,-110.7146676783
2025-05-28T03:12:15.059183,38.3670088333,-110.7146643333,38.3652940067,-110.7146681417
2025-05-28T03:12:15.559112,38.367009,-110.7146643333,38.3652913633,-110.7146683733
2025-05-28T03:12:16.059021,38.367009,-110.7146643333,38.3652865317,-110.714668905
2025-05-28T03:12:16.559119,38.3670088333,-110.7146645,38.3652831583,-110.71466901
2025-05-28T03:12:17.059155,38.3670088333,-110.7146645,38.3652763767,-110.7146705967
2025-05-28T03:12:17.559103,38.3670088333,-110.7146646667,38.3652701583,-110.7146741633
2025-05-28T03:12:18.059174,38.3670088333,-110.7146646667,38.365264565,-110.7146770933
2025-05-28T03:12:18.559391,38.367009,-110.7146648333,38.36526208,-110.71467784
2025-05-28T03:12:19.059016,38.367009,-110.7146648333,38.3652532533,-110.7146790917
2025-05-28T03:12:19.559177,38.367009,-110.714665,38.3652532533,-110.7146790917
2025-05-28T03:12:20.059076,38.367009,-110.714665,38.3652471383,-110.7146805717
2025-05-28T03:12:20.559132,38.367009,-110.7146648333,38.3652416967,-110.7146817983
2025-05-28T03:12:21.059073,38.367009,-110.7146648333,38.3652398067,-110.7146820667
2025-05-28T03:12:21.559215,38.367009,-110.7146651667,38.3652398033,-110.71468206
2025-05-28T03:12:22.059108,38.367009,-110.7146651667,38.3652398,-110.7146820583
2025-05-28T03:12:22.559066,38.367009,-110.7146651667,38.3652398017,-110.7146820533
2025-05-28T03:12:23.059462,38.367009,-110.7146651667,38.3652398,-110.7146820483
2025-05-28T03:12:23.559186,38.3670091667,-110.7146651667,38.3652398033,-110.714682045
2025-05-28T03:12:24.059114,38.3670091667,-110.7146651667,38.3652397967,-110.7146820583
2025-05-28T03:12:24.559125,38.3670091667,-110.7146653333,38.3652397933,-110.71468207
2025-05-28T03:12:25.059262,38.3670091667,-110.7146653333,38.3652397933,-110.71468208
2025-05-28T03:12:25.559122,38.3670091667,-110.7146651667,38.3652397983,-110.7146820867
2025-05-28T03:12:26.059331,38.3670091667,-110.7146651667,38.3652398,-110.714682095
2025-05-28T03:12:26.559304,38.3670091667,-110.7146651667,38.365239805,-110.71468209
2025-05-28T03:12:27.059119,38.3670091667,-110.7146651667,38.3652398017,-110.714682085
2025-05-28T03:12:27.559337,38.3670091667,-110.7146655,38.3652398067,-110.7146820817
2025-05-28T03:12:28.059304,38.3670091667,-110.7146655,38.3652398067,-110.7146820733
2025-05-28T03:12:28.559147,38.3670091667,-110.7146653333,38.3652398083,-110.71468207
2025-05-28T03:12:29.059176,38.3670091667,-110.7146653333,38.3652398,-110.7146820617
2025-05-28T03:12:29.559179,38.367009,-110.7146656667,38.3652397983,-110.7146820617
2025-05-28T03:12:30.059423,38.367009,-110.7146656667,38.3652397867,-110.7146820633
2025-05-28T03:12:30.559009,38.367009,-110.7146658333,38.3652397833,-110.714682065
2025-05-28T03:12:31.059204,38.367009,-110.7146658333,38.36523978,-110.71468206
2025-05-28T03:12:31.559097,38.367009,-110.7146658333,38.36523978,-110.71468206
2025-05-28T03:12:32.059017,38.367009,-110.7146658333,38.3652397733,-110.7146820567
2025-05-28T03:12:32.559136,38.367009,-110.714666,38.3652397667,-110.7146820533
2025-05-28T03:12:33.059214,38.367009,-110.714666,38.3652397517,-110.7146820417
2025-05-28T03:12:33.559191,38.367009,-110.714666,38.36523974,-110.7146820267
2025-05-28T03:12:34.059179,38.367009,-110.714666,38.3652397317,-110.7146820183
2025-05-28T03:12:34.559260,38.367009,-110.7146658333,38.365239725,-110.7146820117
2025-05-28T03:12:35.059161,38.367009,-110.7146658333,38.3652397167,-110.714682
2025-05-28T03:12:35.559014,38.3670088333,-110.7146658333,38.36523971,-110.7146819833
2025-05-28T03:12:36.059157,38.3670088333,-110.7146658333,38.3652396333,-110.7146817083
2025-05-28T03:12:36.559110,38.3670091667,-110.7146658333,38.365234255,-110.7146826467
2025-05-28T03:12:37.059049,38.3670091667,-110.7146658333,38.36522321,-110.7146840467
2025-05-28T03:12:37.559131,38.3670091667,-110.714666,38.36522321,-110.7146840467
2025-05-28T03:12:38.059094,38.3670091667,-110.714666,38.3652158883,-110.7146844783
2025-05-28T03:12:38.559177,38.3670091667,-110.714666,38.3652091533,-110.71468448
2025-05-28T03:12:39.059112,38.3670091667,-110.714666,38.36519893,-110.7146898967
2025-05-28T03:12:39.559082,38.3670091667,-110.7146663333,38.3651920883,-110.7146931617
2025-05-28T03:12:40.059097,38.3670091667,-110.7146663333,38.3651852067,-110.7146964633
2025-05-28T03:12:40.559095,38.367009,-110.7146665,38.3651817517,-110.7146980417
2025-05-28T03:12:41.059403,38.367009,-110.7146665,38.3651783417,-110.7146995267
2025-05-28T03:12:41.559350,38.367009,-110.7146665,38.365167825,-110.7147035083
2025-05-28T03:12:42.059026,38.367009,-110.7146665,38.3651570517,-110.714706845
2025-05-28T03:12:42.559093,38.3670091667,-110.7146663333,38.3651497433,-110.7147087017
2025-05-28T03:12:43.059163,38.3670091667,-110.7146663333,38.36513877,-110.7147110967
2025-05-28T03:12:43.559069,38.3670091667,-110.7146666667,38.36513877,-110.7147110967
2025-05-28T03:12:44.059192,38.3670091667,-110.7146666667,38.3651314233,-110.7147123667
2025-05-28T03:12:44.559294,38.3670091667,-110.7146666667,38.36512409,-110.7147133067
2025-05-28T03:12:45.058983,38.3670091667,-110.7146666667,38.3651131817,-110.7147149967
2025-05-28T03:12:45.559107,38.3670091667,-110.7146663333,38.3651058267,-110.7147158233
2025-05-28T03:12:46.059156,38.3670091667,-110.7146663333,38.3650984983,-110.7147170833
2025-05-28T03:12:46.559165,38.3670091667,-110.7146666667,38.36509487,-110.7147176817
2025-05-28T03:12:47.059091,38.3670091667,-110.7146666667,38.3650912067,-110.7147181767
2025-05-28T03:12:47.559066,38.3670093333,-110.7146668333,38.3650802817,-110.7147191333
2025-05-28T03:12:48.059134,38.3670093333,-110.7146668333,38.3650692867,-110.71471972
2025-05-28T03:12:48.559073,38.3670091667,-110.7146666667,38.3650618967,-110.7147197583
2025-05-28T03:12:49.059198,38.3670091667,-110.7146666667,38.3650544583,-110.7147201717
2025-05-28T03:12:49.558988,38.367009,-110.7146665,38.3650508967,-110.7147202
2025-05-28T03:12:50.059075,38.367009,-110.7146665,38.3650474117,-110.7147202283
2025-05-28T03:12:50.559173,38.367009,-110.714667,38.3650369583,-110.7147237033
2025-05-28T03:12:51.059034,38.367009,-110.714667,38.36502643,-110.714728015
2025-05-28T03:12:51.559201,38.3670091667,-110.7146666667,38.365019455,-110.7147306733
2025-05-28T03:12:52.059257,38.3670091667,-110.7146666667,38.3650124317,-110.7147332233
2025-05-28T03:12:52.559302,38.3670091667,-110.7146668333,38.3650088733,-110.7147343983
2025-05-28T03:12:53.059194,38.3670091667,-110.7146668333,38.3650015833,-110.7147363883
2025-05-28T03:12:53.559108,38.3670093333,-110.7146666667,38.3649943667,-110.7147377667
2025-05-28T03:12:54.059339,38.3670093333,-110.7146666667,38.3649835217,-110.7147400433
2025-05-28T03:12:54.559118,38.3670091667,-110.7146668333,38.3649762967,-110.7147411483
2025-05-28T03:12:55.059208,38.3670091667,-110.7146668333,38.3649689617,-110.71474242
2025-05-28T03:12:55.559128,38.3670096667,-110.714667,38.3649653567,-110.7147429783
2025-05-28T03:12:56.059113,38.3670096667,-110.714667,38.364961685,-110.71474347
2025-05-28T03:12:56.559210,38.3670098333,-110.7146668333,38.3649506133,-110.7147443667
2025-05-28T03:12:57.059127,38.3670098333,-110.7146668333,38.36493974,-110.7147446833
2025-05-28T03:12:57.559160,38.3670096667,-110.7146668333,38.3649326567,-110.7147444983
2025-05-28T03:12:58.059163,38.3670096667,-110.7146668333,38.3649254617,-110.71474459
2025-05-28T03:12:58.559027,38.3670096667,-110.7146668333,38.36492184,-110.71474462
2025-05-28T03:12:59.059026,38.3670096667,-110.7146668333,38.3649147733,-110.7147448333
2025-05-28T03:12:59.559295,38.3670098333,-110.7146671667,38.3649075567,-110.7147462633
2025-05-28T03:13:00.059377,38.3670098333,-110.7146671667,38.3648968383,-110.7147476383
2025-05-28T03:13:00.559094,38.3670098333,-110.7146671667,38.3648897133,-110.7147492817
2025-05-28T03:13:01.059142,38.3670098333,-110.7146671667,38.3648789067,-110.714751565
2025-05-28T03:13:01.559223,38.3670096667,-110.7146666667,38.3648789067,-110.714751565
2025-05-28T03:13:02.059030,38.3670096667,-110.7146666667,38.3648753217,-110.7147520983
2025-05-28T03:13:02.559387,38.3670096667,-110.7146666667,38.36486436,-110.7147538683
2025-05-28T03:13:03.059045,38.3670096667,-110.7146666667,38.3648540017,-110.71475539
2025-05-28T03:13:03.559127,38.3670095,-110.714667,38.3648469117,-110.7147571033
2025-05-28T03:13:04.059131,38.3670095,-110.714667,38.3648396717,-110.7147584517
2025-05-28T03:13:04.559056,38.3670096667,-110.7146673333,38.36483604,-110.7147590817
2025-05-28T03:13:05.059158,38.3670096667,-110.7146673333,38.364832395,-110.7147596817
2025-05-28T03:13:05.559170,38.3670096667,-110.7146671667,38.3648215417,-110.7147609533
2025-05-28T03:13:06.059141,38.3670096667,-110.7146671667,38.3648108617,-110.714762285
2025-05-28T03:13:06.559214,38.3670095,-110.7146673333,38.364803595,-110.71476371
2025-05-28T03:13:07.059378,38.3670095,-110.7146673333,38.3647964883,-110.7147648817
2025-05-28T03:13:07.559357,38.3670095,-110.7146676667,38.3647928817,-110.714765475
2025-05-28T03:13:08.059148,38.3670095,-110.7146676667,38.3647928817,-110.714765475
2025-05-28T03:13:08.559054,38.3670093333,-110.7146673333,38.3647821583,-110.7147673233
2025-05-28T03:13:09.059075,38.3670093333,-110.7146673333,38.3647677867,-110.7147690367
2025-05-28T03:13:09.559083,38.3670095,-110.7146675,38.3647605417,-110.714769645
2025-05-28T03:13:10.059036,38.3670095,-110.7146675,38.36474999,-110.71476975
2025-05-28T03:13:10.559037,38.3670096667,-110.7146676667,38.36474999,-110.71476975
2025-05-28T03:13:11.059193,38.3670096667,-110.7146676667,38.36474999,-110.71476975
2025-05-28T03:13:11.559091,38.3670096667,-110.7146675,38.3647355333,-110.7147720617
2025-05-28T03:13:12.059134,38.3670096667,-110.7146675,38.3647211483,-110.714773725
2025-05-28T03:13:12.559087,38.3670095,-110.7146678333,38.3647140517,-110.7147740617
2025-05-28T03:13:13.059040,38.3670095,-110.7146678333,38.36470692,-110.7147747733
2025-05-28T03:13:13.559244,38.3670095,-110.7146678333,38.36470692,-110.7147747733
2025-05-28T03:13:14.059289,38.3670095,-110.7146678333,38.3646999467,-110.7147755517
2025-05-28T03:13:14.559109,38.3670096667,-110.7146678333,38.3646927767,-110.7147775667
2025-05-28T03:13:15.059104,38.3670096667,-110.7146678333,38.3646825067,-110.71478071
2025-05-28T03:13:15.559270,38.36701,-110.7146675,38.3646755517,-110.71478354
2025-05-28T03:13:16.059029,38.36701,-110.7146675,38.3646652633,-110.71478698
2025-05-28T03:13:16.559082,38.3670106667,-110.7146663333,38.3646652633,-110.71478698
2025-05-28T03:13:17.059008,38.3670106667,-110.7146663333,38.3646582233,-110.7147895633
2025-05-28T03:13:17.559384,38.367011,-110.7146678333,38.3646513533,-110.7147917117
2025-05-28T03:13:18.059165,38.367011,-110.7146678333,38.3646408517,-110.7147948017
2025-05-28T03:13:18.559100,38.3670115,-110.7146675,38.3646340083,-110.7147968333
2025-05-28T03:13:19.059215,38.3670115,-110.7146675,38.3646269417,-110.7147986517
2025-05-28T03:13:19.559156,38.3670116667,-110.7146673333,38.36462336,-110.7147994617
2025-05-28T03:13:20.059002,38.3670116667,-110.7146673333,38.3646163217,-110.71480102
2025-05-28T03:13:20.559038,38.3670118333,-110.7146676667,38.3646091883,-110.7148022467
2025-05-28T03:13:21.059199,38.3670118333,-110.7146676667,38.3645985417,-110.71480412
2025-05-28T03:13:21.559092,38.3670118333,-110.7146671667,38.3645915383,-110.7148046767
2025-05-28T03:13:22.059124,38.3670118333,-110.7146671667,38.364585275,-110.714805695
2025-05-28T03:13:22.559115,38.3670118333,-110.7146673333,38.3645820033,-110.7148061317
2025-05-28T03:13:23.059087,38.3670118333,-110.7146673333,38.364578485,-110.71480641
2025-05-28T03:13:23.559146,38.3670118333,-110.7146675,38.364571565,-110.7148068933
2025-05-28T03:13:24.059176,38.3670118333,-110.7146675,38.36455745,-110.714811385
2025-05-28T03:13:24.559177,38.367012,-110.7146678333,38.3645504333,-110.7148132117
2025-05-28T03:13:25.059135,38.367012,-110.7146678333,38.3645433633,-110.71481494
2025-05-28T03:13:25.559015,38.3670116667,-110.7146676667,38.3645398033,-110.71481563
2025-05-28T03:13:26.059088,38.3670116667,-110.7146676667,38.36453282,-110.7148167833
2025-05-28T03:13:26.559171,38.3670116667,-110.7146676667,38.3645258133,-110.7148182933
2025-05-28T03:13:27.059124,38.3670116667,-110.7146676667,38.3645156233,-110.7148229733
2025-05-28T03:13:27.559281,38.3670121667,-110.714667,38.36450884,-110.7148260533
2025-05-28T03:13:28.059046,38.3670121667,-110.714667,38.364498555,-110.7148304633
2025-05-28T03:13:28.559219,38.3670118333,-110.7146665,38.364498555,-110.7148304633
2025-05-28T03:13:29.059210,38.3670118333,-110.7146665,38.364491745,-110.7148331667
2025-05-28T03:13:29.559335,38.367011,-110.7146666667,38.364484695,-110.714835435
2025-05-28T03:13:30.059127,38.367011,-110.7146666667,38.3644740983,-110.7148383817
2025-05-28T03:13:30.559190,38.3670103333,-110.7146666667,38.3644669983,-110.7148401867
2025-05-28T03:13:31.059103,38.3670103333,-110.7146666667,38.3644597767,-110.7148418617
2025-05-28T03:13:31.559161,38.3670103333,-110.7146666667,38.3644562083,-110.7148426617
2025-05-28T03:13:32.059416,38.3670103333,-110.7146666667,38.3644489683,-110.7148441117
2025-05-28T03:13:32.559265,38.36701,-110.7146668333,38.3644418517,-110.71484535
2025-05-28T03:13:33.059142,38.36701,-110.7146668333,38.3644311833,-110.7148467583
2025-05-28T03:13:33.559115,38.3670108333,-110.7146663333,38.364427605,-110.7148473717
2025-05-28T03:13:34.059126,38.3670108333,-110.7146663333,38.3644169617,-110.7148493383
2025-05-28T03:13:34.559146,38.3670108333,-110.7146663333,38.364413355,-110.714850155
2025-05-28T03:13:35.059214,38.3670108333,-110.7146663333,38.36440978,-110.7148508
2025-05-28T03:13:35.559000,38.3670116667,-110.7146646667,38.3643990067,-110.714852375
2025-05-28T03:13:36.059123,38.3670116667,-110.7146646667,38.364388195,-110.7148541817
2025-05-28T03:13:36.559158,38.3670115,-110.7146646667,38.3643809267,-110.7148550417
2025-05-28T03:13:37.059085,38.3670115,-110.7146646667,38.3643702583,-110.7148564633
2025-05-28T03:13:37.559122,38.3670113333,-110.7146641667,38.3643702583,-110.7148564633
2025-05-28T03:13:38.059267,38.3670113333,-110.7146641667,38.3643667033,-110.71485702
2025-05-28T03:13:38.559163,38.3670111667,-110.714664,38.3643560767,-110.7148581267
2025-05-28T03:13:39.059169,38.3670111667,-110.714664,38.3643524683,-110.714858805
2025-05-28T03:13:39.559028,38.3670113333,-110.7146645,38.3643380633,-110.7148604983
2025-05-28T03:13:40.059193,38.3670113333,-110.7146645,38.3643307833,-110.7148613167
2025-05-28T03:13:40.559155,38.3670113333,-110.714665,38.3643271933,-110.7148616767
2025-05-28T03:13:41.059188,38.3670113333,-110.714665,38.3643199617,-110.714862265
2025-05-28T03:13:41.559192,38.367011,-110.714665,38.364312805,-110.7148624433
2025-05-28T03:13:42.059224,38.367011,-110.714665,38.3643020483,-110.7148621117
2025-05-28T03:13:42.559162,38.367011,-110.714665,38.36429525,-110.7148622733
2025-05-28T03:13:43.059162,38.367011,-110.714665,38.3642847017,-110.7148648933
2025-05-28T03:13:43.559014,38.367011,-110.714665,38.3642847017,-110.7148648933
2025-05-28T03:13:44.059103,38.367011,-110.714665,38.3642811517,-110.714865495
2025-05-28T03:13:44.559183,38.367011,-110.7146656667,38.3642707133,-110.7148671417
2025-05-28T03:13:45.059097,38.367011,-110.7146656667,38.3642671867,-110.71486816
2025-05-28T03:13:45.559128,38.3670113333,-110.7146658333,38.3642531133,-110.7148719217
2025-05-28T03:13:46.059216,38.3670113333,-110.7146658333,38.3642459617,-110.714873285
2025-05-28T03:13:46.559218,38.3670113333,-110.7146655,38.3642423433,-110.7148741833
2025-05-28T03:13:47.059143,38.3670113333,-110.7146655,38.3642388033,-110.71487512
2025-05-28T03:13:47.559586,38.3670115,-110.7146658333,38.364232115,-110.7148766833
2025-05-28T03:13:48.059323,38.3670115,-110.7146658333,38.3642314983,-110.7148767867
2025-05-28T03:13:48.559281,38.3670111667,-110.7146655,38.3642315,-110.7148767883
2025-05-28T03:13:49.059041,38.3670111667,-110.7146655,38.3642315017,-110.7148767917
2025-05-28T03:13:49.559160,38.3670113333,-110.7146653333,38.3642315017,-110.7148767917
2025-05-28T03:13:50.059215,38.3670113333,-110.7146653333,38.3642315017,-110.7148767933
2025-05-28T03:13:50.559236,38.3670113333,-110.7146656667,38.3642315,-110.7148767883
2025-05-28T03:13:51.059172,38.3670113333,-110.7146656667,38.3642314983,-110.7148767717
2025-05-28T03:13:51.559178,38.3670113333,-110.7146623333,38.3642315017,-110.7148767667
2025-05-28T03:13:52.059355,38.3670113333,-110.7146623333,38.3642315083,-110.7148767617
2025-05-28T03:13:52.559079,38.3670106667,-110.714661,38.3642315083,-110.7148767617
2025-05-28T03:13:53.059444,38.3670106667,-110.714661,38.36423151,-110.7148767483
2025-05-28T03:13:53.559190,38.3670108333,-110.7146611667,38.36423152,-110.7148767383
2025-05-28T03:13:54.059111,38.3670108333,-110.7146611667,38.3642315383,-110.7148767067
2025-05-28T03:13:54.559185,38.3670095,-110.7146603333,38.3642315433,-110.7148767
2025-05-28T03:13:55.059053,38.3670095,-110.7146603333,38.36423155,-110.7148766817
2025-05-28T03:13:55.559091,38.3670088333,-110.7146603333,38.36423155,-110.7148766817
2025-05-28T03:13:56.059092,38.3670088333,-110.7146603333,38.3642315483,-110.7148766733
2025-05-28T03:13:56.559173,38.367009,-110.71466,38.3642315483,-110.7148766717
2025-05-28T03:13:57.059083,38.367009,-110.71466,38.364231545,-110.7148766783
2025-05-28T03:13:57.559106,38.3670088333,-110.7146596667,38.3642315433,-110.7148766867
2025-05-28T03:13:58.059125,38.3670088333,-110.7146596667,38.3642315433,-110.7148766933
2025-05-28T03:13:58.559172,38.3670085,-110.71466,38.3642315417,-110.714876695
2025-05-28T03:13:59.059415,38.3670085,-110.71466,38.3642293533,-110.7148771033
2025-05-28T03:13:59.559111,38.3670086667,-110.71466,38.3642273383,-110.71487728
2025-05-28T03:14:00.059154,38.3670086667,-110.71466,38.3642239233,-110.7148779933
2025-05-28T03:14:00.559158,38.3670086667,-110.7146601667,38.3642216767,-110.71487848
2025-05-28T03:14:01.059041,38.3670086667,-110.7146601667,38.3642169267,-110.7148793
2025-05-28T03:14:01.559158,38.3670086667,-110.7146603333,38.3642169267,-110.7148793
2025-05-28T03:14:02.059329,38.3670086667,-110.7146603333,38.3642120533,-110.7148802933
2025-05-28T03:14:02.559178,38.3670088333,-110.7146605,38.3642057683,-110.71488128
2025-05-28T03:14:03.059130,38.3670088333,-110.7146605,38.364195315,-110.7148830533
2025-05-28T03:14:03.559158,38.3670088333,-110.7146605,38.364188165,-110.714884485
2025-05-28T03:14:04.059019,38.3670088333,-110.7146605,38.3641773217,-110.7148863817
2025-05-28T03:14:04.559183,38.3670088333,-110.7146605,38.3641773217,-110.7148863817
2025-05-28T03:14:05.059485,38.3670088333,-110.7146605,38.3641700383,-110.7148874467
2025-05-28T03:14:05.559217,38.3670081667,-110.7146603333,38.364162855,-110.714888125
2025-05-28T03:14:06.059418,38.3670081667,-110.7146603333,38.364152015,-110.71488891
2025-05-28T03:14:06.559216,38.3670085,-110.7146605,38.3641451417,-110.714888765
2025-05-28T03:14:07.059246,38.3670085,-110.7146605,38.3641380633,-110.7148901317
2025-05-28T03:14:07.559224,38.367008,-110.714661,38.3641344467,-110.7148907117
2025-05-28T03:14:08.059105,38.367008,-110.714661,38.364127175,-110.7148918517
2025-05-28T03:14:08.559215,38.367008,-110.7146611667,38.364119965,-110.7148926967
2025-05-28T03:14:09.059019,38.367008,-110.7146611667,38.364109135,-110.71489395
2025-05-28T03:14:09.559179,38.3670083333,-110.7146608333,38.3641019583,-110.7148943633
2025-05-28T03:14:10.059082,38.3670083333,-110.7146608333,38.3640949167,-110.7148942467
2025-05-28T03:14:10.559061,38.3670076667,-110.7146615,38.3640914867,-110.71489438
2025-05-28T03:14:11.059188,38.3670076667,-110.7146615,38.3640843583,-110.7148954467
2025-05-28T03:14:11.559114,38.3670075,-110.7146615,38.3640773283,-110.7148961467
2025-05-28T03:14:12.059106,38.3670075,-110.7146615,38.3640666433,-110.7148978633
2025-05-28T03:14:12.559441,38.3670076667,-110.7146611667,38.3640595533,-110.714898585
2025-05-28T03:14:13.059334,38.3670076667,-110.7146611667,38.36405247,-110.714899495
2025-05-28T03:14:13.559193,38.367008,-110.714661,38.3640489433,-110.7148998533
2025-05-28T03:14:14.059181,38.367008,-110.714661,38.3640455467,-110.714900035
2025-05-28T03:14:14.559004,38.3670083333,-110.714661,38.3640352967,-110.714902015
2025-05-28T03:14:15.059156,38.3670083333,-110.714661,38.3640253817,-110.7149060917
2025-05-28T03:14:15.559082,38.3670081667,-110.714661,38.3640191,-110.7149103367
2025-05-28T03:14:16.059288,38.3670081667,-110.714661,38.364012795,-110.7149142633
2025-05-28T03:14:16.559136,38.3670081667,-110.7146608333,38.3640094817,-110.714916085
2025-05-28T03:14:17.059696,38.3670081667,-110.7146608333,38.3640027633,-110.7149197183
2025-05-28T03:14:17.559200,38.367008,-110.714661,38.3639961683,-110.7149233333
2025-05-28T03:14:18.059437,38.367008,-110.714661,38.3639859433,-110.7149279683
2025-05-28T03:14:18.559217,38.367008,-110.7146606667,38.3639789633,-110.7149309833
2025-05-28T03:14:19.059140,38.367008,-110.7146606667,38.3639721067,-110.714933785
2025-05-28T03:14:19.559193,38.367008,-110.7146606667,38.3639686483,-110.7149351433
2025-05-28T03:14:20.059095,38.367008,-110.7146606667,38.36396519,-110.7149364367
2025-05-28T03:14:20.559020,38.367008,-110.7146606667,38.3639546267,-110.71493981
2025-05-28T03:14:21.059200,38.367008,-110.7146606667,38.363943905,-110.7149426083
2025-05-28T03:14:21.559106,38.3670076667,-110.7146615,38.363936635,-110.7149441967
2025-05-28T03:14:22.059961,38.3670076667,-110.7146615,38.3639293233,-110.7149455333
2025-05-28T03:14:22.559193,38.367008,-110.7146615,38.3639256283,-110.71494609
2025-05-28T03:14:23.059578,38.367008,-110.7146615,38.3639219883,-110.7149466333
2025-05-28T03:14:23.559165,38.3670078333,-110.7146613333,38.3639109933,-110.7149488017
2025-05-28T03:14:24.059206,38.3670078333,-110.7146613333,38.3639000417,-110.7149504517
2025-05-28T03:14:24.559358,38.3670078333,-110.7146613333,38.36389272,-110.7149512167
2025-05-28T03:14:25.059193,38.3670078333,-110.7146613333,38.363881685,-110.71495177
2025-05-28T03:14:25.559107,38.3670078333,-110.7146613333,38.363881685,-110.71495177
2025-05-28T03:14:26.059015,38.3670078333,-110.7146613333,38.3638743733,-110.7149519983
2025-05-28T03:14:26.559094,38.3670078333,-110.7146613333,38.3638670133,-110.71495233
2025-05-28T03:14:27.059479,38.3670078333,-110.7146613333,38.36385619,-110.7149525817
2025-05-28T03:14:27.559188,38.3670076667,-110.7146613333,38.36384878,-110.7149534817
2025-05-28T03:14:28.059215,38.3670076667,-110.7146613333,38.3638413667,-110.7149539417
2025-05-28T03:14:28.559330,38.3670076667,-110.7146613333,38.3638376783,-110.7149541433
2025-05-28T03:14:29.059027,38.3670076667,-110.7146613333,38.3638304033,-110.7149542733
2025-05-28T03:14:29.559356,38.3670075,-110.7146615,38.36382298,-110.7149548167
2025-05-28T03:14:30.059071,38.3670075,-110.7146615,38.363812045,-110.7149548383
2025-05-28T03:14:30.559151,38.3670075,-110.7146613333,38.36380475,-110.7149549283
2025-05-28T03:14:31.059073,38.3670075,-110.7146613333,38.3637941117,-110.7149553
2025-05-28T03:14:31.559136,38.3670068333,-110.7146615,38.3637941117,-110.7149553
2025-05-28T03:14:32.059159,38.3670068333,-110.7146615,38.36379056,-110.714955885
2025-05-28T03:14:32.559109,38.3670071667,-110.714661,38.3637797317,-110.7149577833
2025-05-28T03:14:33.059134,38.3670071667,-110.714661,38.3637688483,-110.71495908
2025-05-28T03:14:33.559156,38.367007,-110.714661,38.3637617767,-110.7149595083
2025-05-28T03:14:34.059225,38.367007,-110.714661,38.3637546767,-110.7149610167
2025-05-28T03:14:34.559020,38.3670066667,-110.7146613333,38.363751055,-110.71496198
2025-05-28T03:14:35.059125,38.3670066667,-110.7146613333,38.3637438133,-110.714963495
2025-05-28T03:14:35.559039,38.3670063333,-110.7146611667,38.3637364917,-110.7149647983
2025-05-28T03:14:36.059139,38.3670063333,-110.7146611667,38.363725525,-110.7149665667
2025-05-28T03:14:36.559094,38.3670066667,-110.714661,38.3637217883,-110.71496699
2025-05-28T03:14:37.059198,38.3670066667,-110.714661,38.3637108067,-110.7149677183
2025-05-28T03:14:37.559187,38.367007,-110.714661,38.3637071567,-110.7149678117
2025-05-28T03:14:38.059177,38.367007,-110.714661,38.363699755,-110.7149679983
2025-05-28T03:14:38.559118,38.367007,-110.7146606667,38.36369249,-110.714967875
2025-05-28T03:14:39.059414,38.367007,-110.7146606667,38.3636818417,-110.7149679733
2025-05-28T03:14:39.559314,38.367007,-110.7146606667,38.3636781967,-110.7149684117
2025-05-28T03:14:40.059221,38.367007,-110.7146606667,38.363667285,-110.71496931
2025-05-28T03:14:40.559092,38.3670068333,-110.7146606667,38.3636636733,-110.7149694883
2025-05-28T03:14:41.059076,38.3670068333,-110.7146606667,38.3636563767,-110.7149695883
2025-05-28T03:14:41.559211,38.367007,-110.7146605,38.3636495267,-110.7149693433
2025-05-28T03:14:42.058959,38.367007,-110.7146605,38.36363849,-110.7149707317
2025-05-28T03:14:42.559181,38.367007,-110.7146603333,38.3636312967,-110.7149714283
2025-05-28T03:14:43.059495,38.367007,-110.7146603333,38.3636204683,-110.714972805
2025-05-28T03:14:43.559207,38.3670068333,-110.7146605,38.3636204683,-110.714972805
2025-05-28T03:14:44.059306,38.3670068333,-110.7146605,38.36361312,-110.71497394
2025-05-28T03:14:44.559070,38.3670066667,-110.7146603333,38.3636060317,-110.7149745517
2025-05-28T03:14:45.059211,38.3670066667,-110.7146603333,38.3635956133,-110.7149779867
2025-05-28T03:14:45.559221,38.3670065,-110.7146601667,38.3635884167,-110.7149802217
2025-05-28T03:14:46.059030,38.3670065,-110.7146601667,38.36357927,-110.7149827667
2025-05-28T03:14:46.559072,38.3670063333,-110.7146601667,38.36357927,-110.7149827667
2025-05-28T03:14:47.059134,38.3670063333,-110.7146601667,38.3635757933,-110.7149834667
2025-05-28T03:14:47.559351,38.3670063333,-110.71466,38.3635757783,-110.7149834717
2025-05-28T03:14:48.059130,38.3670063333,-110.71466,38.363575755,-110.7149834717
2025-05-28T03:14:48.559200,38.3670061667,-110.71466,38.363575745,-110.7149834683
2025-05-28T03:14:49.059170,38.3670061667,-110.71466,38.3635757383,-110.7149834583
2025-05-28T03:14:49.559141,38.3670063333,-110.71466,38.3635757333,-110.7149834517
2025-05-28T03:14:50.059142,38.3670063333,-110.71466,38.3635757283,-110.714983445
2025-05-28T03:14:50.559238,38.3670063333,-110.71466,38.3635730167,-110.714983975
2025-05-28T03:14:51.059107,38.3670063333,-110.71466,38.3635668783,-110.7149849717
2025-05-28T03:14:51.559111,38.3670068333,-110.7146603333,38.3635619633,-110.7149856167
2025-05-28T03:14:52.059138,38.3670068333,-110.7146603333,38.3635567133,-110.7149862417
2025-05-28T03:14:52.559199,38.367007,-110.7146601667,38.3635540133,-110.7149866117
2025-05-28T03:14:53.059178,38.367007,-110.7146601667,38.3635487983,-110.7149871717
2025-05-28T03:14:53.559195,38.3670071667,-110.71466,38.3635437967,-110.7149874583
2025-05-28T03:14:54.059195,38.3670071667,-110.71466,38.3635381083,-110.7149880667
2025-05-28T03:14:54.559093,38.3670068333,-110.71466,38.3635376333,-110.7149881517
2025-05-28T03:14:55.059213,38.3670068333,-110.71466,38.363537625,-110.71498815
2025-05-28T03:14:55.559075,38.3670071667,-110.7146596667,38.3635376217,-110.7149881517
2025-05-28T03:14:56.059361,38.3670071667,-110.7146596667,38.3635376167,-110.714988145
2025-05-28T03:14:56.559222,38.3670073333,-110.71466,38.3635376183,-110.7149881433
2025-05-28T03:14:57.059088,38.3670073333,-110.71466,38.3635376083,-110.7149881483
2025-05-28T03:14:57.559132,38.367007,-110.7146596667,38.3635376167,-110.714988145
2025-05-28T03:14:58.059164,38.367007,-110.7146596667,38.3635376133,-110.7149881333
2025-05-28T03:14:58.559197,38.3670063333,-110.7146598333,38.3635376117,-110.714988135
2025-05-28T03:14:59.059041,38.3670063333,-110.7146598333,38.363537615,-110.7149881367
2025-05-28T03:14:59.559235,38.3670065,-110.7146596667,38.3635376233,-110.714988135
2025-05-28T03:15:00.059141,38.3670065,-110.7146596667,38.3635376333,-110.7149881417
2025-05-28T03:15:00.559072,38.3670066667,-110.7146596667,38.3635376367,-110.7149881383
2025-05-28T03:15:01.059179,38.3670066667,-110.7146596667,38.3635376383,-110.7149881333
2025-05-28T03:15:01.559257,38.3670066667,-110.7146596667,38.36353764,-110.7149881317
2025-05-28T03:15:02.059117,38.3670066667,-110.7146596667,38.3635359767,-110.714988195
2025-05-28T03:15:02.559182,38.3670063333,-110.7146596667,38.3635322133,-110.7149881333
2025-05-28T03:15:03.059024,38.3670063333,-110.7146596667,38.3635263617,-110.71498923
2025-05-28T03:15:03.559084,38.367006,-110.7146595,38.3635224,-110.71498989
2025-05-28T03:15:04.059198,38.367006,-110.7146595,38.36351324,-110.71499131
2025-05-28T03:15:04.559045,38.3670061667,-110.7146595,38.36351324,-110.71499131
2025-05-28T03:15:05.059112,38.3670061667,-110.7146595,38.36350596,-110.7149922
2025-05-28T03:15:05.559083,38.3670061667,-110.7146595,38.363499375,-110.7149926617
2025-05-28T03:15:06.059114,38.3670061667,-110.7146595,38.3634915333,-110.7149943967
2025-05-28T03:15:06.559179,38.3670073333,-110.7146593333,38.36348715,-110.7149950867
2025-05-28T03:15:07.059057,38.3670073333,-110.7146593333,38.3634816,-110.7149959783
2025-05-28T03:15:07.559079,38.3670071667,-110.7146593333,38.3634816,-110.7149959783
2025-05-28T03:15:08.059147,38.3670071667,-110.7146593333,38.3634797267,-110.71499625
2025-05-28T03:15:08.559141,38.3670071667,-110.7146595,38.3634710983,-110.7149970867
2025-05-28T03:15:09.059088,38.3670071667,-110.7146595,38.36346019,-110.7149975767
2025-05-28T03:15:09.559175,38.3670068333,-110.7146595,38.3634530967,-110.7149977217
2025-05-28T03:15:10.059144,38.3670068333,-110.7146595,38.3634460533,-110.7149974733
2025-05-28T03:15:10.559168,38.3670066667,-110.7146593333,38.363442625,-110.714997145
2025-05-28T03:15:11.059160,38.3670066667,-110.7146593333,38.3634361167,-110.7149961367
2025-05-28T03:15:11.559317,38.367007,-110.7146593333,38.3634299283,-110.7149941733
2025-05-28T03:15:12.059117,38.367007,-110.7146593333,38.3634210583,-110.7149880833
2025-05-28T03:15:12.559019,38.3670073333,-110.7146593333,38.3634155633,-110.7149830933
2025-05-28T03:15:13.059113,38.3670073333,-110.7146593333,38.3634103033,-110.7149774733
2025-05-28T03:15:13.559118,38.3670071667,-110.7146593333,38.3634079617,-110.7149745967
2025-05-28T03:15:14.059090,38.3670071667,-110.7146593333,38.3634038717,-110.7149680667
2025-05-28T03:15:14.559024,38.367007,-110.7146593333,38.36340054,-110.7149599733
2025-05-28T03:15:15.059252,38.367007,-110.7146593333,38.36339595,-110.71494726
2025-05-28T03:15:15.559040,38.367007,-110.714659,38.3633931683,-110.71493914
2025-05-28T03:15:16.059157,38.367007,-110.714659,38.363391135,-110.7149307083
2025-05-28T03:15:16.559114,38.3670065,-110.7146588333,38.3633902633,-110.71492646
2025-05-28T03:15:17.059065,38.3670065,-110.7146588333,38.3633892733,-110.7149174917
2025-05-28T03:15:17.559261,38.367006,-110.7146588333,38.3633886933,-110.7149082433
2025-05-28T03:15:18.059201,38.367006,-110.7146588333,38.363388295,-110.71489443
2025-05-28T03:15:18.559025,38.3670065,-110.7146585,38.3633883617,-110.7148804783
2025-05-28T03:15:19.059308,38.3670065,-110.7146585,38.3633885017,-110.7148758533
2025-05-28T03:15:19.559129,38.3670068333,-110.7146586667,38.3633888567,-110.7148712417
2025-05-28T03:15:20.059394,38.3670068333,-110.7146586667,38.3633890833,-110.7148666133
2025-05-28T03:15:20.559109,38.367007,-110.7146585,38.36338977,-110.7148539233
2025-05-28T03:15:21.059018,38.367007,-110.7146585,38.3633899583,-110.7148511333
2025-05-28T03:15:21.559101,38.367007,-110.7146583333,38.3633899533,-110.7148511317
2025-05-28T03:15:22.059195,38.367007,-110.7146583333,38.3633899633,-110.7148511133
2025-05-28T03:15:22.559186,38.367007,-110.7146583333,38.3633899667,-110.71485111
2025-05-28T03:15:23.059157,38.367007,-110.7146583333,38.3633899683,-110.714851105
2025-05-28T03:15:23.559047,38.3670068333,-110.7146583333,38.3633899667,-110.7148511017
2025-05-28T03:15:24.059023,38.3670068333,-110.7146583333,38.3633899733,-110.7148510967
2025-05-28T03:15:24.559104,38.3670066667,-110.7146581667,38.363389975,-110.71485109
2025-05-28T03:15:25.059135,38.3670066667,-110.7146581667,38.3633899733,-110.71485108
2025-05-28T03:15:25.559159,38.367007,-110.714658,38.3633899767,-110.714851075
2025-05-28T03:15:26.059065,38.367007,-110.714658,38.3633899767,-110.7148510717
2025-05-28T03:15:26.558961,38.367007,-110.7146578333,38.363389975,-110.7148510533
2025-05-28T03:15:27.059215,38.367007,-110.7146578333,38.36338998,-110.7148510617
2025-05-28T03:15:27.559065,38.3670071667,-110.7146576667,38.36338999,-110.7148510733
2025-05-28T03:15:28.059114,38.3670071667,-110.7146576667,38.36338999,-110.71485108
2025-05-28T03:15:28.559039,38.3670071667,-110.7146576667,38.3633899917,-110.7148510833
2025-05-28T03:15:29.059354,38.3670071667,-110.7146576667,38.3633899933,-110.7148510817
2025-05-28T03:15:29.559282,38.3670071667,-110.7146576667,38.3633900067,-110.71485108
2025-05-28T03:15:30.059172,38.3670071667,-110.7146576667,38.363390035,-110.714851075
2025-05-28T03:15:30.559103,38.3670071667,-110.7146576667,38.36339005,-110.7148510633
2025-05-28T03:15:31.059185,38.3670071667,-110.7146576667,38.363390065,-110.71485106
2025-05-28T03:15:31.559066,38.3670071667,-110.7146576667,38.363390075,-110.71485106
2025-05-28T03:15:32.059025,38.3670071667,-110.7146576667,38.3633900917,-110.714851055
2025-05-28T03:15:32.559356,38.367007,-110.7146575,38.3633900983,-110.7148510567
2025-05-28T03:15:33.059114,38.367007,-110.7146575,38.3633901033,-110.714851065
2025-05-28T03:15:33.559291,38.3670065,-110.7146573333,38.3633901,-110.71485107
2025-05-28T03:15:34.059327,38.3670065,-110.7146573333,38.36339011,-110.714851075
2025-05-28T03:15:34.559161,38.367007,-110.714658,38.36339011,-110.71485108
2025-05-28T03:15:35.059382,38.367007,-110.714658,38.3633901167,-110.7148510817
2025-05-28T03:15:35.559091,38.3670071667,-110.714658,38.3633901167,-110.7148510717
2025-05-28T03:15:36.059086,38.3670071667,-110.714658,38.3633900017,-110.714851005
2025-05-28T03:15:36.559177,38.3670075,-110.7146581667,38.3633899633,-110.7148510533
2025-05-28T03:15:37.059133,38.3670075,-110.7146581667,38.3633898217,-110.7148510783
2025-05-28T03:15:37.559294,38.3670076667,-110.714658,38.3633897617,-110.7148510883
2025-05-28T03:15:38.059190,38.3670076667,-110.714658,38.3633897183,-110.7148511433
2025-05-28T03:15:38.559107,38.3670071667,-110.7146583333,38.3633896667,-110.7148511183
2025-05-28T03:15:39.059121,38.3670071667,-110.7146583333,38.363389605,-110.714851105
2025-05-28T03:15:39.559097,38.3670071667,-110.7146583333,38.3633895617,-110.714851055
2025-05-28T03:15:40.059214,38.3670071667,-110.7146583333,38.3633894767,-110.71485096
2025-05-28T03:15:40.559038,38.3670073333,-110.714658,38.3633894383,-110.714850935
2025-05-28T03:15:41.059196,38.3670073333,-110.714658,38.3633893867,-110.714850865
2025-05-28T03:15:41.559138,38.367007,-110.7146581667,38.36338938,-110.7148508217
2025-05-28T03:15:42.059012,38.367007,-110.7146581667,38.3633893433,-110.71485073
2025-05-28T03:15:42.559241,38.367007,-110.7146578333,38.36338928,-110.71485069
2025-05-28T03:15:43.059036,38.367007,-110.7146578333,38.363389295,-110.71485071
2025-05-28T03:15:43.559125,38.3670071667,-110.714658,38.363389295,-110.71485071
2025-05-28T03:15:44.059102,38.3670071667,-110.714658,38.3633893267,-110.7148507367
2025-05-28T03:15:44.559165,38.3670071667,-110.7146578333,38.3633893417,-110.714850705
2025-05-28T03:15:45.059147,38.3670071667,-110.7146578333,38.3633893617,-110.7148506817
2025-05-28T03:15:45.559294,38.3670071667,-110.7146578333,38.3633894017,-110.7148507117
2025-05-28T03:15:46.059176,38.3670071667,-110.7146578333,38.36338943,-110.7148507183
2025-05-28T03:15:46.559032,38.367007,-110.7146576667,38.3633894483,-110.7148507083
2025-05-28T03:15:47.059102,38.367007,-110.7146576667,38.3633895033,-110.7148506467
2025-05-28T03:15:47.559047,38.367007,-110.7146576667,38.3633895633,-110.714850645
2025-05-28T03:15:48.059277,38.367007,-110.7146576667,38.3633896133,-110.7148506267
2025-05-28T03:15:48.559051,38.367007,-110.7146576667,38.363389635,-110.71485062
2025-05-28T03:15:49.059153,38.367007,-110.7146576667,38.3633896683,-110.7148506267
2025-05-28T03:15:49.559079,38.367007,-110.7146576667,38.3633896667,-110.7148506367
2025-05-28T03:15:50.059125,38.367007,-110.7146576667,38.363389665,-110.714850645
2025-05-28T03:15:50.559092,38.3670071667,-110.7146578333,38.3633870617,-110.7148500933
2025-05-28T03:15:51.059027,38.3670071667,-110.7146578333,38.3633851883,-110.7148475233
2025-05-28T03:15:51.559155,38.3670071667,-110.7146576667,38.3633852567,-110.7148448583
2025-05-28T03:15:52.059168,38.3670071667,-110.7146576667,38.36338625,-110.7148423
2025-05-28T03:15:52.559122,38.367007,-110.7146576667,38.3633870567,-110.714841425
2025-05-28T03:15:53.059588,38.367007,-110.7146576667,38.3633879133,-110.7148411967
2025-05-28T03:15:53.559126,38.367007,-110.7146576667,38.3633877117,-110.7148471633
2025-05-28T03:15:54.059014,38.367007,-110.7146576667,38.3633839467,-110.7148576267
2025-05-28T03:15:54.559149,38.3670071667,-110.7146576667,38.36338785,-110.7148637167
2025-05-28T03:15:55.059096,38.3670071667,-110.7146576667,38.363394265,-110.7148665167
2025-05-28T03:15:55.559054,38.3670071667,-110.7146576667,38.3633966633,-110.7148672867
2025-05-28T03:15:56.059017,38.3670071667,-110.7146576667,38.3633986183,-110.7148675333
2025-05-28T03:15:56.559218,38.367007,-110.7146575,38.363400145,-110.7148667417
2025-05-28T03:15:57.059085,38.367007,-110.7146575,38.3634024833,-110.7148666967
2025-05-28T03:15:57.559204,38.367007,-110.7146575,38.3634038717,-110.7148709233
2025-05-28T03:15:58.059115,38.367007,-110.7146575,38.3634048317,-110.7148777167
2025-05-28T03:15:58.559015,38.367007,-110.7146575,38.36340534,-110.7148817683
2025-05-28T03:15:59.059086,38.367007,-110.7146575,38.3634058583,-110.714885935
2025-05-28T03:15:59.559465,38.367007,-110.7146576667,38.3634067767,-110.7148998567
2025-05-28T03:16:00.059105,38.367007,-110.7146576667,38.36340754,-110.714913495
2025-05-28T03:16:00.559160,38.3670068333,-110.7146575,38.3634074567,-110.7149225633
2025-05-28T03:16:01.059264,38.3670068333,-110.7146575,38.3634071867,-110.7149318183
2025-05-28T03:16:01.559210,38.3670068333,-110.7146573333,38.3634071117,-110.7149363533
2025-05-28T03:16:02.059041,38.3670068333,-110.7146573333,38.3634064017,-110.7149454383
2025-05-28T03:16:02.559417,38.3670071667,-110.7146575,38.363405605,-110.7149547267
2025-05-28T03:16:03.059067,38.3670071667,-110.7146575,38.3634041117,-110.714968225
2025-05-28T03:16:03.559091,38.367007,-110.7146575,38.3634030017,-110.7149774233
2025-05-28T03:16:04.059204,38.367007,-110.7146575,38.363401655,-110.7149865183
2025-05-28T03:16:04.559271,38.367007,-110.7146573333,38.363400845,-110.7149911183
2025-05-28T03:16:05.059252,38.367007,-110.7146573333,38.363399965,-110.7149957267
2025-05-28T03:16:05.559216,38.3670075,-110.7146575,38.36339738,-110.71500858
2025-05-28T03:16:06.059218,38.3670075,-110.7146575,38.3633972883,-110.715022135
2025-05-28T03:16:06.559239,38.3670075,-110.7146576667,38.363397155,-110.7150312983
2025-05-28T03:16:07.059113,38.3670075,-110.7146576667,38.36339661,-110.7150444317
2025-05-28T03:16:07.559068,38.3670075,-110.7146576667,38.36339661,-110.7150444317
2025-05-28T03:16:08.059148,38.3670075,-110.7146576667,38.36339631,-110.715049335
2025-05-28T03:16:08.559102,38.3670075,-110.7146575,38.36339625,-110.715049845
2025-05-28T03:16:09.059028,38.3670075,-110.7146575,38.3633962417,-110.7150498333
2025-05-28T03:16:09.559205,38.3670073333,-110.7146576667,38.363396245,-110.71504982
2025-05-28T03:16:10.059281,38.3670073333,-110.7146576667,38.3633962567,-110.7150497967
2025-05-28T03:16:10.559402,38.367007,-110.7146576667,38.363396175,-110.7150511433
2025-05-28T03:16:11.058984,38.367007,-110.7146576667,38.36339599,-110.71505469
2025-05-28T03:16:11.559657,38.3670071667,-110.7146576667,38.3633955833,-110.7150598517
2025-05-28T03:16:12.059058,38.3670071667,-110.7146576667,38.3633950367,-110.7150734067
2025-05-28T03:16:12.559262,38.3670071667,-110.7146576667,38.36339437,-110.715082175
2025-05-28T03:16:13.059508,38.3670071667,-110.7146576667,38.3633942367,-110.7150869017
2025-05-28T03:16:13.559098,38.367007,-110.7146576667,38.363393995,-110.7150916117
2025-05-28T03:16:14.059113,38.367007,-110.7146576667,38.3633936817,-110.7150960483
2025-05-28T03:16:14.559109,38.367007,-110.7146578333,38.3633931983,-110.7151097733
2025-05-28T03:16:15.059151,38.367007,-110.7146578333,38.3633922167,-110.7151235783
2025-05-28T03:16:15.559055,38.3670068333,-110.7146578333,38.3633920817,-110.71513297
2025-05-28T03:16:16.059148,38.3670068333,-110.7146578333,38.363391455,-110.71514222
2025-05-28T03:16:16.559129,38.3670071667,-110.7146578333,38.3633911367,-110.71514659
2025-05-28T03:16:17.058956,38.3670073333,-110.7146578333,38.3633910267,-110.7151511067
2025-05-28T03:16:17.559101,38.3670073333,-110.7146578333,38.3633912233,-110.715165245
2025-05-28T03:16:18.059051,38.3670073333,-110.7146578333,38.3633910367,-110.7151792383
2025-05-28T03:16:18.559150,38.3670073333,-110.7146578333,38.36339087,-110.71518836
2025-05-28T03:16:19.059123,38.3670073333,-110.7146578333,38.3633905083,-110.7151975783
2025-05-28T03:16:19.559008,38.3670073333,-110.7146578333,38.3633901783,-110.715202005
2025-05-28T03:16:20.059163,38.3670073333,-110.7146578333,38.3633903183,-110.715206545
2025-05-28T03:16:20.559099,38.3670071667,-110.7146578333,38.3633909167,-110.715220485
2025-05-28T03:16:21.059142,38.3670071667,-110.7146578333,38.363391075,-110.7152296783
2025-05-28T03:16:21.559079,38.3670071667,-110.7146578333,38.3633910667,-110.715243765
2025-05-28T03:16:22.059081,38.3670071667,-110.7146578333,38.36339082,-110.7152574267
2025-05-28T03:16:22.559033,38.3670071667,-110.7146578333,38.36339082,-110.7152574267
2025-05-28T03:16:23.059059,38.3670071667,-110.7146578333,38.3633904933,-110.7152666033
2025-05-28T03:16:23.559092,38.3670071667,-110.7146578333,38.36338982,-110.7152758983
2025-05-28T03:16:24.059191,38.3670071667,-110.7146578333,38.3633889117,-110.7152894667
2025-05-28T03:16:24.559280,38.367007,-110.7146576667,38.3633880867,-110.7152986233
2025-05-28T03:16:25.059156,38.367007,-110.7146576667,38.36338741,-110.7153124433
2025-05-28T03:16:25.559027,38.3670068333,-110.7146576667,38.36338741,-110.7153124433
2025-05-28T03:16:26.059040,38.3670068333,-110.7146576667,38.3633867217,-110.7153211167
2025-05-28T03:16:26.559006,38.3670068333,-110.7146576667,38.3633873433,-110.715330235
2025-05-28T03:16:27.059100,38.3670068333,-110.7146576667,38.3633881133,-110.7153394517
2025-05-28T03:16:27.559272,38.367007,-110.7146576667,38.3633888433,-110.7153532033
2025-05-28T03:16:28.059137,38.367007,-110.7146576667,38.3633891483,-110.7153623583
2025-05-28T03:16:28.559019,38.3670071667,-110.7146576667,38.3633891567,-110.7153669617
2025-05-28T03:16:29.059042,38.3670071667,-110.7146576667,38.3633890633,-110.71537642
2025-05-28T03:16:29.559066,38.3670071667,-110.7146576667,38.3633889033,-110.7153855683
2025-05-28T03:16:30.059109,38.3670071667,-110.7146576667,38.3633883833,-110.7153994117
2025-05-28T03:16:30.559578,38.3670071667,-110.7146578333,38.3633877333,-110.71541314
2025-05-28T03:16:31.059307,38.3670071667,-110.7146578333,38.363387495,-110.7154176233
2025-05-28T03:16:31.559145,38.3670071667,-110.7146578333,38.363387255,-110.71542216
2025-05-28T03:16:32.059174,38.3670071667,-110.7146578333,38.3633867717,-110.7154313833
2025-05-28T03:16:32.558969,38.3670073333,-110.7146578333,38.3633859033,-110.7154403083
2025-05-28T03:16:33.059128,38.3670073333,-110.7146578333,38.3633855267,-110.7154588383
2025-05-28T03:16:33.559030,38.3670073333,-110.7146578333,38.3633853183,-110.715468185
2025-05-28T03:16:34.059255,38.3670073333,-110.7146578333,38.3633849917,-110.7154774067
2025-05-28T03:16:34.559081,38.3670073333,-110.7146578333,38.3633849917,-110.7154774067
2025-05-28T03:16:35.059037,38.3670073333,-110.7146578333,38.3633847617,-110.7154865133
2025-05-28T03:16:35.559091,38.3670073333,-110.7146578333,38.363385065,-110.7154957917
2025-05-28T03:16:36.059103,38.3670073333,-110.7146578333,38.3633852433,-110.7155093217
2025-05-28T03:16:36.559349,38.3670073333,-110.7146576667,38.3633858683,-110.7155183467
2025-05-28T03:16:37.059286,38.3670073333,-110.7146576667,38.363387285,-110.715527405
2025-05-28T03:16:37.559310,38.3670073333,-110.7146576667,38.3633879217,-110.7155319233
2025-05-28T03:16:38.059061,38.3670073333,-110.7146576667,38.3633890033,-110.71554104
2025-05-28T03:16:38.559078,38.3670073333,-110.7146576667,38.36339009,-110.7155501283
2025-05-28T03:16:39.059201,38.3670073333,-110.7146576667,38.3633912733,-110.7155640017
2025-05-28T03:16:39.559462,38.3670076667,-110.7146573333,38.3633919967,-110.7155778667
2025-05-28T03:16:40.059252,38.3670073333,-110.7146575,38.363392095,-110.7155823683
2025-05-28T03:16:40.559107,38.3670073333,-110.7146575,38.3633922283,-110.7155868883
2025-05-28T03:16:41.059071,38.3670073333,-110.7146575,38.3633927867,-110.715596305
2025-05-28T03:16:41.559099,38.3670073333,-110.7146576667,38.36339318,-110.7156054117
2025-05-28T03:16:42.059078,38.3670073333,-110.7146576667,38.3633936483,-110.7156192367
2025-05-28T03:16:42.559307,38.3670073333,-110.7146576667,38.3633936167,-110.715628405
2025-05-28T03:16:43.059205,38.3670073333,-110.7146576667,38.3633934233,-110.7156375833
2025-05-28T03:16:43.559239,38.3670071667,-110.7146578333,38.3633933517,-110.7156421617
2025-05-28T03:16:44.059034,38.3670071667,-110.7146578333,38.3633930317,-110.7156513567
2025-05-28T03:16:44.559109,38.3670073333,-110.7146578333,38.3633923133,-110.7156605867
2025-05-28T03:16:45.059078,38.3670073333,-110.7146578333,38.363391085,-110.7156744617
2025-05-28T03:16:45.559258,38.3670071667,-110.7146578333,38.3633901333,-110.7156836433
2025-05-28T03:16:46.059156,38.3670071667,-110.7146578333,38.3633889083,-110.7156929033
2025-05-28T03:16:46.559304,38.3670075,-110.7146576667,38.3633882217,-110.715697435
2025-05-28T03:16:47.059060,38.3670075,-110.7146576667,38.3633867267,-110.7157063333
2025-05-28T03:16:47.559043,38.3670073333,-110.7146576667,38.3633850667,-110.7157151517
2025-05-28T03:16:48.059304,38.3670073333,-110.7146576667,38.363382485,-110.7157283533
2025-05-28T03:16:48.559104,38.3670073333,-110.7146576667,38.3633803967,-110.7157371233
2025-05-28T03:16:49.059152,38.3670073333,-110.7146576667,38.36337806,-110.715745895
2025-05-28T03:16:49.559108,38.3670075,-110.7146576667,38.3633768167,-110.715750225
2025-05-28T03:16:50.059153,38.3670075,-110.7146576667,38.3633754917,-110.7157546017
2025-05-28T03:16:50.559246,38.3670073333,-110.7146578333,38.36337142,-110.7157676733
2025-05-28T03:16:51.059346,38.3670073333,-110.7146578333,38.363366995,-110.7157805183
2025-05-28T03:16:51.559269,38.3670073333,-110.7146578333,38.3633642583,-110.7157880733
2025-05-28T03:16:52.059189,38.3670073333,-110.7146578333,38.363360725,-110.7157953567
2025-05-28T03:16:52.559267,38.3670073333,-110.7146578333,38.363358705,-110.7157990067
2025-05-28T03:16:53.059183,38.3670073333,-110.7146578333,38.36335689,-110.7158024817
2025-05-28T03:16:53.559031,38.3670073333,-110.7146578333,38.3633500983,-110.7158120667
2025-05-28T03:16:54.059138,38.3670073333,-110.7146578333,38.3633418667,-110.7158209067
2025-05-28T03:16:54.559207,38.3670073333,-110.7146578333,38.3633361833,-110.7158264833
2025-05-28T03:16:55.059272,38.3670073333,-110.7146578333,38.3633302267,-110.71583163
2025-05-28T03:16:55.559171,38.367007,-110.7146578333,38.3633272183,-110.7158340333
2025-05-28T03:16:56.059302,38.367007,-110.7146578333,38.363324165,-110.71583637
2025-05-28T03:16:56.559147,38.3670071667,-110.7146578333,38.3633142933,-110.71584269
2025-05-28T03:16:57.059522,38.3670071667,-110.7146578333,38.363304465,-110.7158479283
2025-05-28T03:16:57.559517,38.3670073333,-110.7146578333,38.3632975717,-110.7158509233
2025-05-28T03:16:58.059219,38.3670073333,-110.7146578333,38.3632906617,-110.7158532417
2025-05-28T03:16:58.559163,38.3670075,-110.7146575,38.363287015,-110.7158544233
2025-05-28T03:16:59.059067,38.3670075,-110.7146575,38.3632833917,-110.7158557083
2025-05-28T03:16:59.559554,38.3670075,-110.7146575,38.3632731783,-110.715858445
2025-05-28T03:17:00.059177,38.3670075,-110.7146575,38.3632641983,-110.7158599467
2025-05-28T03:17:00.559462,38.3670075,-110.7146575,38.363258205,-110.7158613267
2025-05-28T03:17:01.059109,38.3670075,-110.7146575,38.36325243,-110.7158625417
2025-05-28T03:17:01.559203,38.3670076667,-110.7146575,38.3632494617,-110.7158631583
2025-05-28T03:17:02.059078,38.3670076667,-110.7146575,38.363243635,-110.7158639233
2025-05-28T03:17:02.558965,38.3670071667,-110.7146575,38.363237825,-110.7158646117
2025-05-28T03:17:03.059118,38.3670071667,-110.7146575,38.3632289417,-110.7158658683
2025-05-28T03:17:03.559601,38.3670076667,-110.7146575,38.3632228067,-110.7158669733
2025-05-28T03:17:04.059222,38.3670076667,-110.7146575,38.363216145,-110.7158678867
2025-05-28T03:17:04.559108,38.3670073333,-110.7146573333,38.3632126067,-110.715868355
2025-05-28T03:17:05.059566,38.3670073333,-110.7146573333,38.363208965,-110.715869045
2025-05-28T03:17:05.559081,38.3670073333,-110.7146571667,38.363197925,-110.7158707017
2025-05-28T03:17:06.058997,38.3670073333,-110.7146571667,38.363188435,-110.715871865
2025-05-28T03:17:06.559196,38.367008,-110.7146571667,38.3631826,-110.71587227
2025-05-28T03:17:07.059281,38.367008,-110.7146571667,38.3631768,-110.7158726667
2025-05-28T03:17:07.559296,38.3670078333,-110.7146568333,38.3631737683,-110.71587305
2025-05-28T03:17:08.058962,38.3670078333,-110.7146568333,38.36317071,-110.7158734383
2025-05-28T03:17:08.559196,38.3670078333,-110.7146568333,38.363161655,-110.715874165
2025-05-28T03:17:09.058984,38.3670078333,-110.7146568333,38.3631527133,-110.7158744267
2025-05-28T03:17:09.559075,38.3670076667,-110.7146568333,38.3631467133,-110.71587455
2025-05-28T03:17:10.059401,38.3670076667,-110.7146568333,38.3631407617,-110.7158742017
2025-05-28T03:17:10.559042,38.3670078333,-110.7146565,38.3631378033,-110.715874025
2025-05-28T03:17:11.059052,38.3670076667,-110.7146566667,38.363134865,-110.7158737733
2025-05-28T03:17:11.559076,38.3670076667,-110.7146566667,38.3631265683,-110.7158727517
2025-05-28T03:17:12.059042,38.3670076667,-110.7146566667,38.3631197367,-110.715871715
2025-05-28T03:17:12.559562,38.3670076667,-110.7146566667,38.3631153717,-110.715870805
2025-05-28T03:17:13.059075,38.3670076667,-110.7146568333,38.36311092,-110.715870075
2025-05-28T03:17:13.559040,38.3670076667,-110.7146568333,38.36310853,-110.7158699333
2025-05-28T03:17:14.059370,38.3670076667,-110.7146568333,38.3631062383,-110.7158698117
2025-05-28T03:17:14.559091,38.3670078333,-110.7146566667,38.363099565,-110.7158687883
2025-05-28T03:17:15.059116,38.3670078333,-110.7146566667,38.3630934833,-110.7158688533
2025-05-28T03:17:15.559105,38.367008,-110.7146566667,38.3630928317,-110.7158689283
2025-05-28T03:17:16.060453,38.367008,-110.7146566667,38.3630914467,-110.7158688817
2025-05-28T03:17:16.559135,38.367008,-110.7146566667,38.3630900467,-110.7158689433
2025-05-28T03:17:17.058944,38.3670083333,-110.7146566667,38.3630883067,-110.7158689267
2025-05-28T03:17:17.559063,38.3670083333,-110.7146566667,38.36308248,-110.7158685767
2025-05-28T03:17:18.059027,38.3670083333,-110.7146566667,38.36307656,-110.7158683717
2025-05-28T03:17:18.559117,38.3670081667,-110.7146566667,38.3630730367,-110.715868195
2025-05-28T03:17:19.058990,38.367008,-110.7146566667,38.363069435,-110.7158680383
2025-05-28T03:17:19.559098,38.367008,-110.7146566667,38.3630673917,-110.71586781
2025-05-28T03:17:20.059023,38.367008,-110.7146566667,38.3630630967,-110.71586745
2025-05-28T03:17:20.559102,38.367008,-110.7146566667,38.3630586017,-110.7158670983
2025-05-28T03:17:21.059069,38.367008,-110.7146566667,38.363052025,-110.715866415
2025-05-28T03:17:21.559137,38.3670081667,-110.7146566667,38.3630479217,-110.7158656417
2025-05-28T03:17:22.059056,38.3670081667,-110.7146566667,38.363045055,-110.71586525
2025-05-28T03:17:22.559145,38.3670081667,-110.7146566667,38.3630446083,-110.7158652367
2025-05-28T03:17:23.059862,38.3670081667,-110.7146565,38.3630446183,-110.715865235
2025-05-28T03:17:23.559200,38.3670081667,-110.7146565,38.3630446317,-110.7158652417
2025-05-28T03:17:24.059631,38.3670081667,-110.7146563333,38.3630446467,-110.7158652433
2025-05-28T03:17:24.559101,38.3670081667,-110.7146563333,38.36304466,-110.7158652383
2025-05-28T03:17:25.059540,38.367008,-110.7146563333,38.3630446667,-110.715865235
2025-05-28T03:17:25.559394,38.367008,-110.7146563333,38.3630446717,-110.7158652317
2025-05-28T03:17:26.059358,38.367008,-110.7146563333,38.3630446783,-110.7158652283
2025-05-28T03:17:26.559218,38.367008,-110.7146563333,38.3630446867,-110.71586523
2025-05-28T03:17:27.059363,38.367008,-110.7146563333,38.3630446967,-110.7158652217
2025-05-28T03:17:27.559353,38.3670076667,-110.7146563333,38.3630447017,-110.7158652117
2025-05-28T03:17:28.059218,38.3670076667,-110.7146563333,38.3630447067,-110.715865195
2025-05-28T03:17:28.559048,38.3670076667,-110.7146563333,38.3630447067,-110.715865195
2025-05-28T03:17:29.059001,38.3670076667,-110.7146563333,38.3630447117,-110.7158651933
2025-05-28T03:17:29.559046,38.3670076667,-110.7146563333,38.363044715,-110.71586518
2025-05-28T03:17:30.059134,38.3670075,-110.7146558333,38.3630447133,-110.715865175
2025-05-28T03:17:30.559055,38.3670075,-110.7146558333,38.3630447117,-110.7158651783
2025-05-28T03:17:31.059270,38.3670075,-110.7146558333,38.363044715,-110.7158651783
2025-05-28T03:17:31.559161,38.3670073333,-110.7146558333,38.36304471,-110.7158651833
2025-05-28T03:17:32.060339,38.3670075,-110.714656,38.363044715,-110.715865185
2025-05-28T03:17:32.559636,38.3670075,-110.714656,38.3630447217,-110.7158651933
2025-05-28T03:17:33.059038,38.3670075,-110.7146565,38.363044735,-110.7158651883
2025-05-28T03:17:33.559197,38.3670075,-110.7146565,38.3630447417,-110.7158651817
2025-05-28T03:17:34.059046,38.3670071667,-110.7146565,38.3630447533,-110.71586518
2025-05-28T03:17:34.559178,38.3670071667,-110.7146565,38.3630447533,-110.71586518
2025-05-28T03:17:35.059515,38.3670073333,-110.7146563333,38.3630447617,-110.715865185
2025-05-28T03:17:35.559313,38.3670073333,-110.7146563333,38.363044775,-110.715865185
2025-05-28T03:17:36.059435,38.3670073333,-110.7146563333,38.3630447883,-110.7158651833
2025-05-28T03:17:36.559204,38.3670073333,-110.7146563333,38.3630447967,-110.71586518
2025-05-28T03:17:37.059247,38.3670073333,-110.7146565,38.3630447733,-110.7158651833
2025-05-28T03:17:37.559111,38.3670073333,-110.7146565,38.3630447733,-110.7158651833
2025-05-28T03:17:38.059015,38.3670075,-110.7146565,38.3630447483,-110.7158651933
2025-05-28T03:17:38.559051,38.3670075,-110.7146565,38.3630449017,-110.7158652
2025-05-28T03:17:39.059086,38.3670075,-110.7146565,38.3630449533,-110.7158652633
2025-05-28T03:17:39.559147,38.3670076667,-110.7146566667,38.3630449733,-110.71586526
2025-05-28T03:17:40.059026,38.3670076667,-110.7146566667,38.3630450233,-110.7158652617
2025-05-28T03:17:40.559069,38.3670076667,-110.7146566667,38.3630450233,-110.7158652617
2025-05-28T03:17:41.059087,38.3670075,-110.7146568333,38.363045005,-110.715865275
2025-05-28T03:17:41.559179,38.3670075,-110.7146568333,38.363045045,-110.7158652817
2025-05-28T03:17:42.059013,38.3670073333,-110.714657,38.3630450383,-110.7158653067
2025-05-28T03:17:42.559036,38.3670073333,-110.714657,38.3630450517,-110.7158653233
2025-05-28T03:17:43.059043,38.3670073333,-110.714657,38.3630387583,-110.7158642217
2025-05-28T03:17:43.559091,38.3670071667,-110.714657,38.3630387583,-110.7158642217
2025-05-28T03:17:44.058998,38.3670073333,-110.714657,38.36303441,-110.715863665
2025-05-28T03:17:44.558993,38.3670073333,-110.714657,38.3630298617,-110.7158632117
2025-05-28T03:17:45.058993,38.3670076667,-110.714657,38.36302245,-110.7158623517
2025-05-28T03:17:45.559132,38.3670076667,-110.714657,38.3630165917,-110.71586152
2025-05-28T03:17:46.059022,38.3670076667,-110.714657,38.363007295,-110.7158602233
2025-05-28T03:17:46.559141,38.3670075,-110.714657,38.363007295,-110.7158602233
2025-05-28T03:17:47.059004,38.3670073333,-110.714657,38.36300382,-110.715859845
2025-05-28T03:17:47.559091,38.3670073333,-110.714657,38.3629931083,-110.715858075
2025-05-28T03:17:48.059427,38.3670073333,-110.714657,38.362982655,-110.7158555867
2025-05-28T03:17:48.559083,38.3670071667,-110.7146573333,38.3629756017,-110.715854585
2025-05-28T03:17:49.059782,38.367007,-110.7146575,38.3629688583,-110.715852895
2025-05-28T03:17:49.559102,38.367007,-110.7146575,38.362965445,-110.7158524867
2025-05-28T03:17:50.059302,38.367007,-110.7146575,38.3629619883,-110.7158522067
2025-05-28T03:17:50.559051,38.367007,-110.7146575,38.36295157,-110.715852545
2025-05-28T03:17:51.059126,38.367007,-110.7146575,38.3629407933,-110.71585337
2025-05-28T03:17:51.559321,38.3670066667,-110.7146573333,38.362934,-110.7158536167
2025-05-28T03:17:52.059114,38.3670066667,-110.7146573333,38.36293064,-110.7158537033
2025-05-28T03:17:52.559146,38.3670066667,-110.7146573333,38.3629304533,-110.715853665
2025-05-28T03:17:53.059362,38.3670073333,-110.7146571667,38.3629304533,-110.7158536667
2025-05-28T03:17:53.559147,38.3670073333,-110.7146571667,38.3629304567,-110.7158536767
2025-05-28T03:17:54.058955,38.3670073333,-110.7146571667,38.3629304583,-110.7158537
2025-05-28T03:17:54.559214,38.3670073333,-110.7146571667,38.36293046,-110.7158537083
2025-05-28T03:17:55.059508,38.3670073333,-110.7146571667,38.36293046,-110.7158537183
2025-05-28T03:17:55.559277,38.3670073333,-110.7146571667,38.36293046,-110.7158537183
2025-05-28T03:17:56.058969,38.3670071667,-110.7146571667,38.3629304533,-110.7158537233
2025-05-28T03:17:56.559159,38.3670071667,-110.7146571667,38.362930445,-110.7158537317
2025-05-28T03:17:57.059151,38.3670071667,-110.7146571667,38.362930435,-110.7158537483
2025-05-28T03:17:57.559200,38.3670071667,-110.7146573333,38.3629304333,-110.7158537583
2025-05-28T03:17:58.059026,38.3670071667,-110.7146573333,38.36293042,-110.7158537717
2025-05-28T03:17:58.559305,38.367007,-110.7146575,38.36293042,-110.7158537717
2025-05-28T03:17:59.059091,38.3670068333,-110.714657,38.3629304183,-110.715853785
2025-05-28T03:17:59.559379,38.3670068333,-110.714657,38.3629304217,-110.7158537967
2025-05-28T03:18:00.059799,38.367007,-110.7146571667,38.3629304033,-110.7158538217
2025-05-28T03:18:00.559388,38.367007,-110.7146571667,38.3629304017,-110.715853825
2025-05-28T03:18:01.059001,38.367007,-110.7146571667,38.36293039,-110.7158538383
2025-05-28T03:18:01.559134,38.3670068333,-110.7146573333,38.36293039,-110.7158538383
2025-05-28T03:18:02.059077,38.3670068333,-110.7146571667,38.3629303833,-110.7158538483
2025-05-28T03:18:02.559371,38.3670068333,-110.7146571667,38.3629303767,-110.7158538617
2025-05-28T03:18:03.059146,38.3670068333,-110.7146571667,38.362930375,-110.71585387
2025-05-28T03:18:03.559025,38.367007,-110.7146571667,38.3629303733,-110.7158538717
2025-05-28T03:18:04.058905,38.367007,-110.7146571667,38.3629303683,-110.715853875
2025-05-28T03:18:04.559213,38.367007,-110.7146571667,38.3629303667,-110.715853875
2025-05-28T03:18:05.058975,38.367007,-110.7146571667,38.3629303633,-110.7158538833
2025-05-28T03:18:05.559495,38.367007,-110.7146571667,38.3629303633,-110.715853885
2025-05-28T03:18:06.059325,38.367007,-110.7146571667,38.3629303483,-110.715853885
2025-05-28T03:18:06.559034,38.3670068333,-110.714657,38.3629303367,-110.7158538867
2025-05-28T03:18:07.059008,38.3670068333,-110.7146571667,38.36293028,-110.7158539367
2025-05-28T03:18:07.559264,38.3670068333,-110.7146571667,38.36293028,-110.7158539367
2025-05-28T03:18:08.059083,38.3670068333,-110.7146571667,38.3629301733,-110.7158539517
2025-05-28T03:18:08.559162,38.3670068333,-110.7146573333,38.3629301233,-110.7158539767
2025-05-28T03:18:09.059429,38.3670068333,-110.7146573333,38.36292996,-110.71585401
2025-05-28T03:18:09.559433,38.3670066667,-110.7146573333,38.3629298917,-110.7158540017
2025-05-28T03:18:10.059011,38.3670068333,-110.7146573333,38.3629297117,-110.7158540017
2025-05-28T03:18:10.559185,38.3670068333,-110.7146573333,38.3629297117,-110.7158540017
2025-05-28T03:18:11.059536,38.3670068333,-110.7146573333,38.3629295833,-110.7158540133
2025-05-28T03:18:11.559252,38.3670068333,-110.7146573333,38.3629294517,-110.715854025
2025-05-28T03:18:12.059273,38.3670068333,-110.7146573333,38.3629293117,-110.7158541267
2025-05-28T03:18:12.559004,38.3670068333,-110.7146573333,38.3629292633,-110.71585416
2025-05-28T03:18:13.059064,38.3670068333,-110.7146571667,38.362929235,-110.7158541867
2025-05-28T03:18:13.559216,38.3670068333,-110.7146571667,38.3629292067,-110.7158542033
2025-05-28T03:18:14.059054,38.3670068333,-110.7146573333,38.362929185,-110.7158542083
2025-05-28T03:18:14.559542,38.3670068333,-110.7146573333,38.3629291383,-110.71585426
2025-05-28T03:18:15.059174,38.3670068333,-110.7146573333,38.3629291167,-110.7158542833
2025-05-28T03:18:15.559049,38.3670065,-110.714658,38.3629291267,-110.71585428
2025-05-28T03:18:16.059016,38.3670063333,-110.7146573333,38.3629291233,-110.7158541983
2025-05-28T03:18:16.559787,38.3670063333,-110.7146573333,38.3629291233,-110.7158541983
2025-05-28T03:18:17.059007,38.367007,-110.7146571667,38.3629291317,-110.7158541517
2025-05-28T03:18:17.559191,38.367007,-110.7146571667,38.362929135,-110.7158541033
2025-05-28T03:18:18.059143,38.367007,-110.7146571667,38.362929145,-110.7158540833
2025-05-28T03:18:18.559176,38.367007,-110.7146573333,38.362929125,-110.7158540983
2025-05-28T03:18:19.059029,38.3670071667,-110.7146571667,38.3629291417,-110.7158541517
2025-05-28T03:18:19.559003,38.3670071667,-110.7146571667,38.3629291417,-110.7158541517
2025-05-28T03:18:20.059124,38.3670071667,-110.7146573333,38.362929155,-110.7158541617
2025-05-28T03:18:20.559385,38.3670071667,-110.7146573333,38.3629291833,-110.7158541583
2025-05-28T03:18:21.059306,38.3670071667,-110.7146573333,38.362929215,-110.715854135
2025-05-28T03:18:21.559197,38.3670071667,-110.7146573333,38.3629292567,-110.71585413
2025-05-28T03:18:22.058960,38.3670073333,-110.7146571667,38.3629292667,-110.7158541383
2025-05-28T03:18:22.559268,38.3670073333,-110.7146571667,38.36292927,-110.7158541333
2025-05-28T03:18:23.059010,38.3670073333,-110.7146571667,38.3629292767,-110.715854135
2025-05-28T03:18:23.559114,38.3670073333,-110.7146571667,38.3629222567,-110.7158538733
2025-05-28T03:18:24.059226,38.3670073333,-110.7146571667,38.3629121667,-110.7158536617
2025-05-28T03:18:24.559176,38.3670075,-110.7146571667,38.3629050283,-110.71585335
2025-05-28T03:18:25.059039,38.3670078333,-110.7146568333,38.36289424,-110.7158537217
2025-05-28T03:18:25.559190,38.3670078333,-110.7146568333,38.36289424,-110.7158537217
2025-05-28T03:18:26.059016,38.3670076667,-110.7146568333,38.3628872433,-110.7158534467
2025-05-28T03:18:26.559140,38.3670076667,-110.7146568333,38.3628800767,-110.7158547033
2025-05-28T03:18:27.059018,38.3670078333,-110.7146575,38.3628693133,-110.7158560867
2025-05-28T03:18:27.559182,38.3670078333,-110.7146575,38.3628621133,-110.7158569833
2025-05-28T03:18:28.059023,38.3670076667,-110.7146578333,38.3628549483,-110.71585782
2025-05-28T03:18:28.559298,38.3670076667,-110.7146578333,38.3628514517,-110.7158582517
2025-05-28T03:18:29.058986,38.3670078333,-110.7146576667,38.362848375,-110.7158588267
2025-05-28T03:18:29.559094,38.3670078333,-110.7146576667,38.3628383967,-110.7158573617
2025-05-28T03:18:30.059182,38.3670078333,-110.7146576667,38.3628281933,-110.7158566933
2025-05-28T03:18:30.559291,38.3670078333,-110.7146576667,38.3628209383,-110.71585716
2025-05-28T03:18:31.059048,38.3670076667,-110.7146575,38.3628136667,-110.7158572367
2025-05-28T03:18:31.559204,38.3670076667,-110.7146575,38.3628100483,-110.715857345
2025-05-28T03:18:32.059000,38.3670078333,-110.7146575,38.3628064183,-110.7158576633
2025-05-28T03:18:32.559103,38.3670078333,-110.7146575,38.3627955267,-110.7158582
2025-05-28T03:18:33.059177,38.3670078333,-110.7146575,38.36278457,-110.7158583317
2025-05-28T03:18:33.559027,38.3670076667,-110.7146571667,38.36277728,-110.715857895
2025-05-28T03:18:34.059197,38.3670076667,-110.7146571667,38.3627701433,-110.715857915
2025-05-28T03:18:34.559130,38.367008,-110.7146571667,38.3627665117,-110.715858085
2025-05-28T03:18:35.058999,38.367008,-110.7146575,38.36275931,-110.7158580233
2025-05-28T03:18:35.559105,38.367008,-110.7146575,38.3627521583,-110.7158584533
2025-05-28T03:18:36.059098,38.367008,-110.7146575,38.36274128,-110.7158593583
2025-05-28T03:18:36.559174,38.3670081667,-110.7146571667,38.36273404,-110.7158604383
2025-05-28T03:18:37.059056,38.3670083333,-110.7146568333,38.36272681,-110.7158611517
2025-05-28T03:18:37.559090,38.3670083333,-110.7146568333,38.362723175,-110.7158613817
2025-05-28T03:18:38.059054,38.3670083333,-110.7146568333,38.3627159617,-110.715861655
2025-05-28T03:18:38.559102,38.3670083333,-110.7146568333,38.3627086917,-110.7158615283
2025-05-28T03:18:39.059172,38.3670083333,-110.7146568333,38.362697995,-110.7158616167
2025-05-28T03:18:39.559147,38.3670083333,-110.714657,38.3626907833,-110.715861525
2025-05-28T03:18:40.059028,38.3670081667,-110.7146565,38.3626834733,-110.71586097
2025-05-28T03:18:40.559255,38.3670081667,-110.7146565,38.362679995,-110.71586031
2025-05-28T03:18:41.059050,38.3670085,-110.7146568333,38.3626732217,-110.7158603433
2025-05-28T03:18:41.559142,38.3670085,-110.7146568333,38.3626661483,-110.71586195
2025-05-28T03:18:42.059004,38.367009,-110.7146571667,38.3626519683,-110.7158642733
2025-05-28T03:18:42.559155,38.367009,-110.7146571667,38.3626448533,-110.71586571
2025-05-28T03:18:43.059256,38.3670091667,-110.7146573333,38.3626412083,-110.715866225
2025-05-28T03:18:43.559036,38.3670091667,-110.7146573333,38.36263752,-110.7158667383
2025-05-28T03:18:44.058951,38.3670091667,-110.7146568333,38.3626339517,-110.7158672067
2025-05-28T03:18:44.559344,38.3670091667,-110.7146568333,38.3626231483,-110.7158681483
2025-05-28T03:18:45.059090,38.3670091667,-110.7146568333,38.3626121317,-110.715868575
2025-05-28T03:18:45.559025,38.3670091667,-110.7146566667,38.36260476,-110.7158685133
2025-05-28T03:18:46.059016,38.3670093333,-110.7146566667,38.36259746,-110.7158681383
2025-05-28T03:18:46.558996,38.3670093333,-110.7146566667,38.36259383,-110.71586785
2025-05-28T03:18:47.059084,38.3670091667,-110.7146568333,38.3625901717,-110.71586762
2025-05-28T03:18:47.559530,38.3670091667,-110.7146568333,38.3625792367,-110.71586677
2025-05-28T03:18:48.058980,38.3670091667,-110.7146568333,38.3625685583,-110.715865045
2025-05-28T03:18:48.559065,38.3670091667,-110.7146568333,38.362561295,-110.715864885
2025-05-28T03:18:49.059080,38.3670091667,-110.7146568333,38.3625540233,-110.7158647367
2025-05-28T03:18:49.559030,38.3670093333,-110.7146568333,38.3625505433,-110.71586443
2025-05-28T03:18:50.059113,38.3670093333,-110.7146568333,38.3625471933,-110.71586398
2025-05-28T03:18:50.559117,38.3670093333,-110.7146566667,38.3625378267,-110.7158635217
2025-05-28T03:18:51.059014,38.3670093333,-110.7146566667,38.3625290933,-110.7158628733
2025-05-28T03:18:51.559070,38.3670096667,-110.7146568333,38.3625229117,-110.7158631317
2025-05-28T03:18:52.059214,38.3670096667,-110.7146568333,38.3625162967,-110.7158629967
2025-05-28T03:18:52.559088,38.3670096667,-110.7146568333,38.3625130617,-110.7158635267
2025-05-28T03:18:53.059078,38.3670096667,-110.7146568333,38.362510145,-110.7158641583
2025-05-28T03:18:53.559011,38.3670098333,-110.7146568333,38.3625030117,-110.7158652417
2025-05-28T03:18:54.059241,38.3670098333,-110.7146568333,38.3624969383,-110.7158661583
2025-05-28T03:18:54.559047,38.36701,-110.7146565,38.3624912817,-110.7158664467
2025-05-28T03:18:55.059038,38.3670096667,-110.7146568333,38.3624892267,-110.7158666183
2025-05-28T03:18:55.559190,38.3670096667,-110.7146568333,38.3624872233,-110.7158668183
2025-05-28T03:18:56.059048,38.3670095,-110.7146568333,38.3624827483,-110.715867285
2025-05-28T03:18:56.559137,38.3670095,-110.7146568333,38.3624781433,-110.7158677883
2025-05-28T03:18:57.059134,38.3670095,-110.7146568333,38.3624721133,-110.7158678667
2025-05-28T03:18:57.559044,38.3670093333,-110.7146571667,38.3624683533,-110.71586788
2025-05-28T03:18:58.059031,38.3670091667,-110.7146571667,38.3624637683,-110.715867885
2025-05-28T03:18:58.559123,38.3670091667,-110.7146571667,38.3624609067,-110.7158677817
2025-05-28T03:18:59.059089,38.3670091667,-110.7146571667,38.3624554,-110.71586758
2025-05-28T03:18:59.559018,38.3670093333,-110.7146565,38.36244983,-110.7158665467
2025-05-28T03:19:00.059243,38.3670093333,-110.7146565,38.3624412767,-110.715865555
2025-05-28T03:19:00.559135,38.3670083333,-110.7146555,38.3624355617,-110.715864405
2025-05-28T03:19:01.059242,38.3670083333,-110.7146555,38.3624273167,-110.7158638183
2025-05-28T03:19:01.559023,38.367008,-110.7146555,38.3624273167,-110.7158638183
2025-05-28T03:19:02.059187,38.367008,-110.7146555,38.362421565,-110.7158634917
2025-05-28T03:19:02.559189,38.3670088333,-110.7146563333,38.36241585,-110.71586312
2025-05-28T03:19:03.059010,38.3670088333,-110.7146563333,38.3624050617,-110.71586229
2025-05-28T03:19:03.559139,38.3670088333,-110.7146563333,38.3624022483,-110.7158625817
2025-05-28T03:19:04.059601,38.3670088333,-110.714657,38.3623966867,-110.7158629783
2025-05-28T03:19:04.559157,38.3670088333,-110.714657,38.3623941383,-110.71586288
2025-05-28T03:19:05.059001,38.3670086667,-110.714657,38.3623890467,-110.7158633717
2025-05-28T03:19:05.559255,38.3670086667,-110.714657,38.3623838767,-110.715864255
2025-05-28T03:19:06.059129,38.3670086667,-110.714657,38.3623733217,-110.7158657383
2025-05-28T03:19:06.559076,38.3670088333,-110.7146571667,38.3623685067,-110.71586618
2025-05-28T03:19:07.059085,38.367009,-110.714657,38.3623660533,-110.715866555
2025-05-28T03:19:07.559023,38.367009,-110.714657,38.3623635733,-110.715866925
2025-05-28T03:19:08.059028,38.3670093333,-110.714657,38.3623610817,-110.7158673083
2025-05-28T03:19:08.559176,38.3670093333,-110.714657,38.3623534533,-110.7158680733
2025-05-28T03:19:09.059051,38.3670093333,-110.714657,38.3623432883,-110.71586854
2025-05-28T03:19:09.559178,38.3670093333,-110.7146571667,38.3623408617,-110.715868595
2025-05-28T03:19:10.058957,38.367009,-110.7146571667,38.362335885,-110.7158686417
2025-05-28T03:19:10.559049,38.367009,-110.7146571667,38.36233342,-110.7158686683
2025-05-28T03:19:11.059222,38.367009,-110.7146571667,38.36233089,-110.7158686533
2025-05-28T03:19:11.559187,38.3670088333,-110.7146571667,38.3623230317,-110.7158682333
2025-05-28T03:19:12.059247,38.3670091667,-110.714657,38.3623143667,-110.71586725
2025-05-28T03:19:12.559164,38.3670091667,-110.714657,38.3623083233,-110.7158666617
2025-05-28T03:19:13.059021,38.3670093333,-110.7146565,38.3623027283,-110.7158656717
2025-05-28T03:19:13.559042,38.3670093333,-110.7146565,38.3622999583,-110.7158657917
2025-05-28T03:19:14.058998,38.3670091667,-110.7146568333,38.3622969833,-110.7158665883
2025-05-28T03:19:14.558997,38.3670091667,-110.7146568333,38.3622877683,-110.715869115
2025-05-28T03:19:15.059031,38.3670091667,-110.7146568333,38.3622809583,-110.715870605
2025-05-28T03:19:15.559166,38.3670093333,-110.714656,38.3622737333,-110.715871895
2025-05-28T03:19:16.059011,38.3670091667,-110.7146565,38.362259645,-110.7158735183
2025-05-28T03:19:16.559082,38.3670091667,-110.7146565,38.362259645,-110.7158735183
2025-05-28T03:19:17.059013,38.367009,-110.7146566667,38.3622525517,-110.715873685
2025-05-28T03:19:17.559015,38.367009,-110.7146566667,38.3622457,-110.71587371
2025-05-28T03:19:18.059074,38.367009,-110.7146566667,38.3622317933,-110.7158733883
2025-05-28T03:19:18.559148,38.3670091667,-110.7146563333,38.3622248467,-110.7158729083
2025-05-28T03:19:19.058991,38.3670091667,-110.714656,38.3622179133,-110.71587225
2025-05-28T03:19:19.559070,38.3670091667,-110.714656,38.3622179133,-110.71587225
2025-05-28T03:19:20.058961,38.3670091667,-110.7146565,38.3622107183,-110.7158713117
2025-05-28T03:19:20.559142,38.3670091667,-110.7146565,38.3622034233,-110.715870705
2025-05-28T03:19:21.059073,38.3670088333,-110.7146566667,38.3621930567,-110.7158691583
2025-05-28T03:19:21.559159,38.3670088333,-110.7146566667,38.3621858033,-110.71586928
2025-05-28T03:19:22.059000,38.3670091667,-110.7146566667,38.3621751133,-110.7158688883
2025-05-28T03:19:22.559045,38.3670091667,-110.7146566667,38.3621751133,-110.7158688883
2025-05-28T03:19:23.059021,38.367009,-110.7146565,38.3621692967,-110.7158684917
2025-05-28T03:19:23.559164,38.367009,-110.7146565,38.3621635533,-110.7158679
2025-05-28T03:19:24.059396,38.3670086667,-110.7146563333,38.3621521767,-110.715866125
2025-05-28T03:19:24.559184,38.3670086667,-110.7146563333,38.3621465417,-110.715865685
2025-05-28T03:19:25.058948,38.3670091667,-110.7146566667,38.3621408217,-110.7158654817
2025-05-28T03:19:25.559203,38.3670091667,-110.7146566667,38.3621408217,-110.7158654817
2025-05-28T03:19:26.058973,38.367009,-110.7146565,38.3621350333,-110.7158654867
2025-05-28T03:19:26.559067,38.367009,-110.7146565,38.3621293333,-110.715865345
2025-05-28T03:19:27.058949,38.3670086667,-110.7146563333,38.3621206867,-110.7158661183
2025-05-28T03:19:27.558977,38.3670086667,-110.7146563333,38.362114755,-110.715866635
2025-05-28T03:19:28.059007,38.3670095,-110.7146568333,38.3621060533,-110.7158674417
2025-05-28T03:19:28.559261,38.3670095,-110.7146568333,38.3621060533,-110.7158674417
2025-05-28T03:19:29.059025,38.36701,-110.714657,38.3621030833,-110.7158676933
2025-05-28T03:19:29.559110,38.36701,-110.714657,38.3620935633,-110.7158680983
2025-05-28T03:19:30.058996,38.3670103333,-110.714658,38.3620872483,-110.7158679717
2025-05-28T03:19:30.559114,38.3670103333,-110.714658,38.3620777367,-110.7158675767
2025-05-28T03:19:31.059043,38.3670103333,-110.714658,38.36206859,-110.71586726
2025-05-28T03:19:31.559041,38.3670103333,-110.714658,38.36206859,-110.71586726
2025-05-28T03:19:32.059000,38.3670101667,-110.7146578333,38.36206859,-110.71586726
2025-05-28T03:19:32.559067,38.3670101667,-110.7146578333,38.3620571467,-110.715867935
2025-05-28T03:19:33.059192,38.3670101667,-110.7146578333,38.362048395,-110.71586846
2025-05-28T03:19:33.559062,38.3670101667,-110.7146576667,38.3620426933,-110.715868725
2025-05-28T03:19:34.058999,38.36701,-110.7146576667,38.3620342,-110.71586933
2025-05-28T03:19:34.559114,38.36701,-110.7146576667,38.3620342,-110.71586933
2025-05-28T03:19:35.059237,38.36701,-110.7146576667,38.3620342,-110.71586933
2025-05-28T03:19:35.559150,38.3670101667,-110.7146578333,38.3620227083,-110.7158705633
2025-05-28T03:19:36.059098,38.3670101667,-110.7146578333,38.3620141567,-110.715870975
2025-05-28T03:19:36.559191,38.3670101667,-110.7146575,38.3620081983,-110.7158711733
2025-05-28T03:19:37.059087,38.36701,-110.7146575,38.3619993117,-110.715871
2025-05-28T03:19:37.559310,38.36701,-110.7146575,38.3619993117,-110.715871
2025-05-28T03:19:38.059143,38.36701,-110.7146575,38.361995025,-110.7158706683
2025-05-28T03:19:38.559015,38.3670101667,-110.7146576667,38.3619945017,-110.715870475
2025-05-28T03:19:39.059007,38.36701,-110.7146575,38.36199451,-110.7158704467
2025-05-28T03:19:39.559136,38.36701,-110.7146575,38.36199451,-110.7158704417
2025-05-28T03:19:40.059000,38.3670101667,-110.7146575,38.3619932383,-110.71587041
2025-05-28T03:19:40.559152,38.3670101667,-110.7146575,38.3619932383,-110.71587041
2025-05-28T03:19:41.059205,38.3670103333,-110.7146576667,38.3619902383,-110.7158701383
2025-05-28T03:19:41.559063,38.3670103333,-110.7146576667,38.3619871667,-110.7158697933
2025-05-28T03:19:42.059118,38.3670103333,-110.7146576667,38.3619818883,-110.7158693383
2025-05-28T03:19:42.559022,38.3670103333,-110.7146576667,38.361977545,-110.7158683733
2025-05-28T03:19:43.059273,38.3670103333,-110.7146573333,38.3619706567,-110.7158677583
2025-05-28T03:19:43.559026,38.3670103333,-110.7146573333,38.3619706567,-110.7158677583
2025-05-28T03:19:44.059003,38.3670103333,-110.7146573333,38.3619658383,-110.7158672283
2025-05-28T03:19:44.559054,38.3670103333,-110.7146573333,38.3619612067,-110.7158662733
2025-05-28T03:19:45.059018,38.3670105,-110.7146573333,38.36195398,-110.7158663767
2025-05-28T03:19:45.559142,38.3670105,-110.7146573333,38.3619491617,-110.7158664617
2025-05-28T03:19:46.059119,38.367011,-110.7146575,38.3619442383,-110.7158664383
2025-05-28T03:19:46.559092,38.367011,-110.7146575,38.3619417433,-110.7158661933
2025-05-28T03:19:47.059013,38.3670111667,-110.7146573333,38.36193676,-110.715866125
2025-05-28T03:19:47.559059,38.3670111667,-110.7146573333,38.36193166,-110.7158664383
2025-05-28T03:19:48.059025,38.3670113333,-110.7146575,38.36192144,-110.7158666133
2025-05-28T03:19:48.559101,38.3670113333,-110.7146575,38.36192144,-110.7158666133
2025-05-28T03:19:49.059058,38.3670113333,-110.7146571667,38.3619164133,-110.7158664533
2025-05-28T03:19:49.559086,38.3670113333,-110.7146571667,38.36191116,-110.7158666517
2025-05-28T03:19:50.058997,38.3670111667,-110.7146573333,38.36190554,-110.7158664233
2025-05-28T03:19:50.558985,38.3670111667,-110.7146573333,38.3618997017,-110.7158662067
2025-05-28T03:19:51.059019,38.3670111667,-110.7146571667,38.3618913117,-110.71586522
2025-05-28T03:19:51.559161,38.3670111667,-110.7146571667,38.3618857517,-110.7158654267
2025-05-28T03:19:52.058952,38.3670111667,-110.714657,38.3618772983,-110.7158656933
2025-05-28T03:19:52.559190,38.3670111667,-110.714657,38.3618772983,-110.7158656933
2025-05-28T03:19:53.059145,38.367011,-110.7146566667,38.36187149,-110.7158657867
2025-05-28T03:19:53.559100,38.367011,-110.7146566667,38.36186551,-110.7158655017
2025-05-28T03:19:54.059309,38.367011,-110.7146566667,38.3618625483,-110.7158652767
2025-05-28T03:19:54.559285,38.367011,-110.7146568333,38.361853915,-110.7158641933
2025-05-28T03:19:55.059042,38.367011,-110.7146568333,38.3618423883,-110.7158634867
2025-05-28T03:19:55.559163,38.367011,-110.7146568333,38.3618423883,-110.7158634867
2025-05-28T03:19:56.059170,38.367011,-110.7146568333,38.3618423883,-110.7158634867
2025-05-28T03:19:56.559044,38.367011,-110.7146568333,38.361830745,-110.715862535
2025-05-28T03:19:57.058978,38.367011,-110.7146568333,38.3618192733,-110.7158622767
2025-05-28T03:19:57.559169,38.367011,-110.7146568333,38.3618134633,-110.7158618117
2025-05-28T03:19:58.059012,38.3670108333,-110.7146568333,38.361807605,-110.7158612233
2025-05-28T03:19:58.559178,38.3670108333,-110.7146568333,38.361807605,-110.7158612233
2025-05-28T03:19:59.059204,38.3670108333,-110.7146568333,38.3618018517,-110.71586098
2025-05-28T03:19:59.559121,38.3670108333,-110.7146568333,38.3617961033,-110.7158604283
2025-05-28T03:20:00.059021,38.3670108333,-110.7146566667,38.361788175,-110.715860215
2025-05-28T03:20:00.559222,38.3670108333,-110.7146566667,38.36178254,-110.7158612217
2025-05-28T03:20:01.058958,38.3670108333,-110.7146568333,38.3617742333,-110.7158619133
2025-05-28T03:20:01.559043,38.3670108333,-110.7146568333,38.3617742333,-110.7158619133
2025-05-28T03:20:02.058995,38.3670106667,-110.714657,38.3617687983,-110.7158641283
2025-05-28T03:20:02.559261,38.3670106667,-110.714657,38.3617632133,-110.7158661217
2025-05-28T03:20:03.059017,38.3670103333,-110.7146571667,38.36175217,-110.7158695067
2025-05-28T03:20:03.559077,38.3670103333,-110.7146571667,38.3617469267,-110.7158710217
2025-05-28T03:20:04.058983,38.3670106667,-110.7146571667,38.3617411533,-110.7158715583
2025-05-28T03:20:04.559182,38.3670106667,-110.7146571667,38.3617411533,-110.7158715583
2025-05-28T03:20:05.059195,38.3670106667,-110.714657,38.3617352667,-110.7158716867
2025-05-28T03:20:05.559310,38.3670106667,-110.714657,38.3617292767,-110.71587168
2025-05-28T03:20:06.059305,38.3670106667,-110.7146566667,38.361720255,-110.7158716817
2025-05-28T03:20:06.559180,38.3670106667,-110.7146566667,38.361714205,-110.7158715083
2025-05-28T03:20:07.059044,38.3670105,-110.714657,38.3617053867,-110.71587074
2025-05-28T03:20:07.559099,38.3670105,-110.714657,38.3617053867,-110.71587074
2025-05-28T03:20:08.059069,38.3670103333,-110.7146571667,38.3616990067,-110.7158711567
2025-05-28T03:20:08.559184,38.3670103333,-110.7146571667,38.36169246,-110.7158726683
2025-05-28T03:20:09.059006,38.36701,-110.714657,38.3616845517,-110.7158743017
2025-05-28T03:20:09.559112,38.36701,-110.714657,38.3616798717,-110.7158748533
2025-05-28T03:20:10.059017,38.3670106667,-110.7146575,38.3616727367,-110.7158755783
2025-05-28T03:20:10.559183,38.3670106667,-110.7146575,38.3616727367,-110.7158755783
2025-05-28T03:20:11.059012,38.3670108333,-110.7146581667,38.361667935,-110.7158760333
2025-05-28T03:20:11.559057,38.3670108333,-110.7146581667,38.3616631017,-110.7158762233
2025-05-28T03:20:12.059005,38.3670103333,-110.7146575,38.3616534,-110.7158761917
2025-05-28T03:20:12.559169,38.3670103333,-110.7146575,38.36164855,-110.7158760233
2025-05-28T03:20:13.059015,38.3670111667,-110.7146581667,38.36164617,-110.7158759067
2025-05-28T03:20:13.559002,38.3670111667,-110.7146581667,38.3616438333,-110.7158758783
2025-05-28T03:20:14.058985,38.367011,-110.7146581667,38.3616438333,-110.7158758783
2025-05-28T03:20:14.559098,38.367011,-110.7146581667,38.3616364667,-110.7158755817
2025-05-28T03:20:15.059208,38.3670108333,-110.7146586667,38.3616364667,-110.7158755817
2025-05-28T03:20:15.559282,38.3670108333,-110.7146586667,38.3616340917,-110.7158754017
2025-05-28T03:20:16.059252,38.3670108333,-110.7146586667,38.3616340917,-110.7158754017
2025-05-28T03:20:16.559102,38.3670108333,-110.7146586667,38.36163164,-110.7158752117
2025-05-28T03:20:17.059080,38.3670106667,-110.7146586667,38.361617155,-110.7158733983
2025-05-28T03:20:17.559123,38.3670106667,-110.7146586667,38.3616147233,-110.7158732117
2025-05-28T03:20:18.059083,38.3670106667,-110.7146586667,38.361598875,-110.7158713917
2025-05-28T03:20:18.559210,38.3670106667,-110.7146586667,38.3615984267,-110.7158712367
2025-05-28T03:20:19.059052,38.3670108333,-110.7146588333,38.3615984317,-110.715871225
2025-05-28T03:20:19.559317,38.3670108333,-110.7146588333,38.361598435,-110.7158712233
2025-05-28T03:20:20.058998,38.3670108333,-110.7146588333,38.361598435,-110.7158712233
2025-05-28T03:20:20.559087,38.3670108333,-110.7146586667,38.361598435,-110.7158712233
2025-05-28T03:20:21.059031,38.3670105,-110.7146583333,38.3615984333,-110.71587122
2025-05-28T03:20:21.559196,38.3670105,-110.7146583333,38.3615964017,-110.715871025
2025-05-28T03:20:22.059086,38.3670106667,-110.7146586667,38.3615906533,-110.71587036
2025-05-28T03:20:22.558992,38.3670106667,-110.7146586667,38.3615906533,-110.71587036
2025-05-28T03:20:23.059034,38.3670105,-110.7146586667,38.3615906633,-110.7158703567
2025-05-28T03:20:23.559091,38.3670105,-110.7146586667,38.36159068,-110.7158703517
2025-05-28T03:20:24.059007,38.3670106667,-110.714659,38.361586,-110.715869315
2025-05-28T03:20:24.559368,38.3670106667,-110.714659,38.3615822033,-110.7158686733
2025-05-28T03:20:25.059008,38.3670106667,-110.7146591667,38.3615784933,-110.715868025
2025-05-28T03:20:25.559166,38.3670106667,-110.7146591667,38.361576715,-110.7158677083
2025-05-28T03:20:26.059016,38.3670106667,-110.7146593333,38.36157309,-110.715866915
2025-05-28T03:20:26.559160,38.3670106667,-110.7146593333,38.361569425,-110.7158660483
2025-05-28T03:20:27.059011,38.3670106667,-110.7146593333,38.3615640583,-110.7158648567
2025-05-28T03:20:27.559095,38.3670106667,-110.7146593333,38.361560495,-110.7158639667
2025-05-28T03:20:28.059062,38.3670105,-110.7146593333,38.36155699,-110.71586323
2025-05-28T03:20:28.559165,38.3670105,-110.7146593333,38.3615553267,-110.7158628067
2025-05-28T03:20:29.059000,38.3670105,-110.7146593333,38.3615553267,-110.7158628067
2025-05-28T03:20:29.559085,38.3670105,-110.7146593333,38.361553585,-110.7158623883
2025-05-28T03:20:30.058957,38.3670105,-110.7146595,38.3615517717,-110.7158622633
2025-05-28T03:20:30.559195,38.3670105,-110.7146595,38.361549885,-110.7158622933
2025-05-28T03:20:31.059020,38.3670103333,-110.7146595,38.361547985,-110.7158622233
2025-05-28T03:20:31.559079,38.3670103333,-110.7146595,38.36154304,-110.7158620967
2025-05-28T03:20:32.058960,38.3670103333,-110.7146595,38.36154303,-110.715862115
2025-05-28T03:20:32.559240,38.3670103333,-110.7146595,38.3615430183,-110.715862135
2025-05-28T03:20:33.059013,38.3670103333,-110.7146595,38.3615429983,-110.71586215
2025-05-28T03:20:33.559196,38.3670103333,-110.7146595,38.361540245,-110.7158622233
2025-05-28T03:20:34.059149,38.3670101667,-110.7146598333,38.3615388183,-110.7158622433
2025-05-28T03:20:34.559152,38.3670101667,-110.7146598333,38.3615358017,-110.715862155
2025-05-28T03:20:35.059086,38.3670101667,-110.71466,38.3615358017,-110.715862155
2025-05-28T03:20:35.558952,38.3670101667,-110.71466,38.3615358017,-110.715862155
2025-05-28T03:20:36.059842,38.36701,-110.7146598333,38.361528645,-110.7158621933
2025-05-28T03:20:36.559026,38.36701,-110.7146598333,38.361527495,-110.7158621383
2025-05-28T03:20:37.059031,38.3670098333,-110.7146601667,38.3615266833,-110.71586215
2025-05-28T03:20:37.559136,38.3670098333,-110.7146601667,38.361526675,-110.7158621533
2025-05-28T03:20:38.059033,38.36701,-110.7146603333,38.3615266667,-110.7158621533
2025-05-28T03:20:38.559090,38.36701,-110.7146603333,38.361526655,-110.71586216
2025-05-28T03:20:39.059095,38.36701,-110.7146603333,38.3615266517,-110.7158621567
2025-05-28T03:20:39.559065,38.36701,-110.7146603333,38.3615266383,-110.7158621583
2025-05-28T03:20:40.059007,38.3670098333,-110.7146605,38.3615266417,-110.7158621567
2025-05-28T03:20:40.559200,38.3670098333,-110.7146605,38.3615266417,-110.7158621567
2025-05-28T03:20:41.059022,38.3670096667,-110.7146605,38.3615266417,-110.7158621567
2025-05-28T03:20:41.559087,38.3670096667,-110.7146605,38.36152664,-110.715862155
2025-05-28T03:20:42.059157,38.3670096667,-110.7146605,38.3615245833,-110.7158620817
2025-05-28T03:20:42.559088,38.3670096667,-110.7146605,38.3615245833,-110.7158620817
2025-05-28T03:20:43.058998,38.3670095,-110.7146605,38.3615245683,-110.7158620833
2025-05-28T03:20:43.559147,38.3670095,-110.7146605,38.3615245683,-110.7158620833
2025-05-28T03:20:44.059024,38.3670095,-110.7146608333,38.3615245683,-110.7158620833
2025-05-28T03:20:44.559136,38.3670095,-110.7146608333,38.361524565,-110.7158620817
2025-05-28T03:20:45.059121,38.3670095,-110.7146608333,38.3615212367,-110.715861315
2025-05-28T03:20:45.559091,38.3670095,-110.7146608333,38.3615195167,-110.7158610783
2025-05-28T03:20:46.059017,38.3670093333,-110.7146606667,38.3615142017,-110.715860855
2025-05-28T03:20:46.559083,38.3670093333,-110.7146606667,38.3615125433,-110.7158607933
2025-05-28T03:20:47.059405,38.3670093333,-110.7146606667,38.3615056,-110.7158612833
2025-05-28T03:20:47.559092,38.3670093333,-110.7146608333,38.3615020767,-110.7158612933
2025-05-28T03:20:48.059096,38.3670093333,-110.7146608333,38.3615020817,-110.71586129
2025-05-28T03:20:48.559241,38.3670093333,-110.714661,38.3615020833,-110.7158612683
2025-05-28T03:20:49.059073,38.3670091667,-110.714661,38.361500585,-110.71586124
2025-05-28T03:20:49.559088,38.3670091667,-110.714661,38.3614998,-110.715861245
2025-05-28T03:20:50.059074,38.367009,-110.7146608333,38.3614981817,-110.7158610467
2025-05-28T03:20:50.559021,38.367009,-110.7146608333,38.36149651,-110.7158610083
2025-05-28T03:20:51.058958,38.367009,-110.7146606667,38.3614941167,-110.7158611783
2025-05-28T03:20:51.559151,38.367009,-110.7146606667,38.36149244,-110.7158612717
2025-05-28T03:20:52.059125,38.367009,-110.7146606667,38.36148971,-110.7158614667
2025-05-28T03:20:52.559058,38.367009,-110.7146606667,38.36148971,-110.7158614667
2025-05-28T03:20:53.059009,38.3670091667,-110.7146616667,38.3614879533,-110.7158615383
2025-05-28T03:20:53.559004,38.3670091667,-110.7146616667,38.36148632,-110.71586143
2025-05-28T03:20:54.058991,38.3670091667,-110.7146616667,38.3614837217,-110.7158615717
2025-05-28T03:20:54.559094,38.3670091667,-110.7146616667,38.3614811233,-110.7158617783
2025-05-28T03:20:55.059014,38.3670091667,-110.7146616667,38.361480285,-110.715861795
2025-05-28T03:20:55.559163,38.3670091667,-110.7146616667,38.3614795183,-110.7158618
2025-05-28T03:20:56.059017,38.367009,-110.7146618333,38.3614778267,-110.7158619
2025-05-28T03:20:56.559167,38.367009,-110.7146618333,38.3614761583,-110.71586201
2025-05-28T03:20:57.059018,38.367009,-110.714662,38.3614721883,-110.7158623983
2025-05-28T03:20:57.559137,38.367009,-110.714662,38.36146973,-110.7158625117
2025-05-28T03:20:58.059061,38.3670086667,-110.7146616667,38.361467345,-110.7158625967
2025-05-28T03:20:58.559162,38.3670086667,-110.7146616667,38.361467345,-110.7158625967
2025-05-28T03:20:59.059152,38.367008,-110.7146615,38.3614648667,-110.7158625933
2025-05-28T03:20:59.559143,38.367008,-110.7146615,38.3614624833,-110.71586251
2025-05-28T03:21:00.059036,38.3670078333,-110.7146615,38.361457485,-110.715862275
2025-05-28T03:21:00.559105,38.3670078333,-110.7146615,38.3614562167,-110.7158622667
2025-05-28T03:21:01.059046,38.3670068333,-110.7146611667,38.3614519483,-110.7158620083
2025-05-28T03:21:01.559068,38.3670068333,-110.7146611667,38.3614519483,-110.7158620083
2025-05-28T03:21:02.059025,38.3670068333,-110.7146605,38.3614490983,-110.7158617183
2025-05-28T03:21:02.559058,38.3670068333,-110.7146605,38.3614461033,-110.7158614333
2025-05-28T03:21:03.059005,38.3670066667,-110.71466,38.3614400567,-110.7158607217
2025-05-28T03:21:03.559345,38.3670066667,-110.71466,38.36143714,-110.7158603717
2025-05-28T03:21:04.059073,38.3670063333,-110.71466,38.361434165,-110.7158599583
2025-05-28T03:21:04.559063,38.3670063333,-110.71466,38.361434165,-110.7158599583
2025-05-28T03:21:05.059038,38.3670065,-110.71466,38.3614312817,-110.7158594217
2025-05-28T03:21:05.559055,38.3670065,-110.71466,38.3614283333,-110.7158587117
2025-05-28T03:21:06.059011,38.3670066667,-110.7146605,38.36142257,-110.715857465
2025-05-28T03:21:06.559027,38.3670066667,-110.7146605,38.3614196583,-110.7158566867
2025-05-28T03:21:07.058995,38.3670066667,-110.7146603333,38.3614183,-110.71585634
2025-05-28T03:21:07.559168,38.3670066667,-110.7146603333,38.3614169967,-110.7158558767
2025-05-28T03:21:08.059010,38.3670066667,-110.7146601667,38.36141405,-110.7158552267
2025-05-28T03:21:08.559130,38.3670066667,-110.7146601667,38.3614110917,-110.7158546533
2025-05-28T03:21:09.058991,38.3670065,-110.7146601667,38.3614064633,-110.7158536733
2025-05-28T03:21:09.559249,38.3670065,-110.7146601667,38.3614034767,-110.7158528917
2025-05-28T03:21:10.059011,38.3670066667,-110.7146601667,38.3614019717,-110.7158524283
2025-05-28T03:21:10.559168,38.3670066667,-110.7146601667,38.3614004317,-110.7158521233
2025-05-28T03:21:11.058997,38.3670065,-110.7146601667,38.3614004317,-110.7158521233
2025-05-28T03:21:11.559074,38.3670065,-110.7146601667,38.3613921417,-110.7158507017
2025-05-28T03:21:12.059017,38.3670065,-110.71466,38.3613875067,-110.715849665
2025-05-28T03:21:12.559199,38.3670065,-110.71466,38.3613860233,-110.7158492517
2025-05-28T03:21:13.059176,38.3670063333,-110.71466,38.3613821433,-110.71584811
2025-05-28T03:21:13.559071,38.3670063333,-110.71466,38.3613808683,-110.715847705
2025-05-28T03:21:14.059028,38.3670065,-110.7146601667,38.3613783783,-110.7158474733
2025-05-28T03:21:14.559103,38.3670065,-110.7146601667,38.3613763383,-110.715847125
2025-05-28T03:21:15.059190,38.3670065,-110.71466,38.36137322,-110.7158468667
2025-05-28T03:21:15.559215,38.3670065,-110.71466,38.361371545,-110.7158464783
2025-05-28T03:21:16.059062,38.3670065,-110.7146598333,38.3613701,-110.71584652
2025-05-28T03:21:16.559268,38.3670065,-110.7146598333,38.3613694283,-110.7158463983
2025-05-28T03:21:17.059007,38.3670065,-110.7146598333,38.361368,-110.7158465483
2025-05-28T03:21:17.559259,38.3670065,-110.7146598333,38.3613665833,-110.7158465017
2025-05-28T03:21:18.059067,38.3670065,-110.7146596667,38.3613642717,-110.715846775
2025-05-28T03:21:18.559044,38.3670065,-110.7146596667,38.3613629717,-110.7158468783
2025-05-28T03:21:19.059000,38.3670065,-110.7146596667,38.3613608283,-110.7158469567
2025-05-28T03:21:19.559069,38.3670065,-110.7146596667,38.3613608283,-110.7158469567
2025-05-28T03:21:20.059053,38.3670066667,-110.7146596667,38.3613602033,-110.715847015
2025-05-28T03:21:20.559078,38.3670066667,-110.7146596667,38.36135964,-110.7158469683
2025-05-28T03:21:21.059036,38.3670066667,-110.7146596667,38.361359045,-110.7158470417
2025-05-28T03:21:21.559038,38.3670066667,-110.7146596667,38.3613590433,-110.715847025
2025-05-28T03:21:22.059016,38.3670066667,-110.7146596667,38.361359055,-110.7158469967
2025-05-28T03:21:22.559319,38.3670066667,-110.7146596667,38.361359055,-110.7158469967
2025-05-28T03:21:23.059038,38.3670068333,-110.7146596667,38.3613590533,-110.7158469867
2025-05-28T03:21:23.559303,38.3670068333,-110.7146596667,38.3613590633,-110.7158469633
2025-05-28T03:21:24.059056,38.3670066667,-110.7146596667,38.361359075,-110.7158469317
2025-05-28T03:21:24.559077,38.3670066667,-110.7146596667,38.3613590833,-110.7158469133
2025-05-28T03:21:25.058994,38.3670066667,-110.7146593333,38.361356855,-110.7158472417
2025-05-28T03:21:25.559200,38.3670066667,-110.7146593333,38.361356855,-110.7158472417
2025-05-28T03:21:26.059035,38.3670066667,-110.7146591667,38.361354655,-110.7158474717
2025-05-28T03:21:26.559162,38.3670066667,-110.7146591667,38.3613524683,-110.7158478833
2025-05-28T03:21:27.059090,38.3670065,-110.7146591667,38.3613492583,-110.71584837
2025-05-28T03:21:27.559082,38.3670065,-110.7146591667,38.3613471517,-110.715848685
2025-05-28T03:21:28.058996,38.3670065,-110.7146593333,38.3613438017,-110.71584931
2025-05-28T03:21:28.559084,38.3670065,-110.7146593333,38.3613438017,-110.71584931
2025-05-28T03:21:29.059027,38.3670065,-110.7146591667,38.36134157,-110.7158498217
2025-05-28T03:21:29.559138,38.3670065,-110.7146591667,38.36133936,-110.71585004
2025-05-28T03:21:30.059085,38.3670066667,-110.7146591667,38.3613359667,-110.71585061
2025-05-28T03:21:30.559366,38.3670066667,-110.7146591667,38.3613338217,-110.7158510283
2025-05-28T03:21:31.059042,38.3670066667,-110.7146591667,38.361330445,-110.7158516733
2025-05-28T03:21:31.559148,38.3670066667,-110.7146591667,38.361330445,-110.7158516733
2025-05-28T03:21:32.059006,38.3670066667,-110.714659,38.361328135,-110.7158521117
2025-05-28T03:21:32.559126,38.3670066667,-110.714659,38.3613259033,-110.715852555
2025-05-28T03:21:33.059104,38.3670066667,-110.714659,38.361322305,-110.7158531567
2025-05-28T03:21:33.559069,38.3670066667,-110.714659,38.361320045,-110.7158536933
2025-05-28T03:21:34.059031,38.3670066667,-110.714659,38.361316595,-110.7158542583
2025-05-28T03:21:34.559130,38.3670066667,-110.714659,38.361316595,-110.7158542583
2025-05-28T03:21:35.059060,38.3670066667,-110.7146588333,38.3613142783,-110.7158547083
2025-05-28T03:21:35.559072,38.3670066667,-110.7146588333,38.361312075,-110.715855055
2025-05-28T03:21:36.059003,38.3670066667,-110.7146588333,38.3613085583,-110.71585544
2025-05-28T03:21:36.559110,38.3670066667,-110.7146588333,38.3613063433,-110.7158556783
2025-05-28T03:21:37.059056,38.3670066667,-110.7146588333,38.3613028383,-110.7158559783
2025-05-28T03:21:37.559108,38.3670066667,-110.7146588333,38.3613028383,-110.7158559783
2025-05-28T03:21:38.059045,38.3670066667,-110.7146586667,38.3613006383,-110.7158562633
2025-05-28T03:21:38.559190,38.3670066667,-110.7146586667,38.3612983967,-110.7158563933
2025-05-28T03:21:39.059050,38.3670066667,-110.7146586667,38.3612975933,-110.7158564833
2025-05-28T03:21:39.559120,38.3670066667,-110.7146586667,38.3612975717,-110.715856495
2025-05-28T03:21:40.059030,38.3670066667,-110.7146586667,38.3612975467,-110.7158565083
2025-05-28T03:21:40.559061,38.3670066667,-110.7146586667,38.3612975467,-110.7158565083
2025-05-28T03:21:41.059185,38.3670066667,-110.7146586667,38.3612975283,-110.71585651
2025-05-28T03:21:41.559177,38.3670066667,-110.7146586667,38.3612975167,-110.715856515
2025-05-28T03:21:42.059043,38.3670065,-110.7146585,38.3612974783,-110.7158565267
2025-05-28T03:21:42.559157,38.3670065,-110.7146585,38.36129746,-110.7158565333
2025-05-28T03:21:43.059057,38.3670065,-110.7146585,38.3612974467,-110.7158565417
2025-05-28T03:21:43.559104,38.3670065,-110.7146585,38.3612974467,-110.7158565417
2025-05-28T03:21:44.059001,38.3670065,-110.7146583333,38.3612974317,-110.7158565483
2025-05-28T03:21:44.559181,38.3670065,-110.7146583333,38.3612974133,-110.7158565567
2025-05-28T03:21:45.059486,38.3670065,-110.7146581667,38.3612973783,-110.7158565683
2025-05-28T03:21:45.559211,38.3670065,-110.7146581667,38.3612973667,-110.7158565683
2025-05-28T03:21:46.059025,38.3670066667,-110.7146585,38.3612973467,-110.7158565633
2025-05-28T03:21:46.559172,38.3670066667,-110.7146585,38.3612973467,-110.7158565633
2025-05-28T03:21:47.059066,38.3670066667,-110.7146585,38.3612973367,-110.7158565667
2025-05-28T03:21:47.559034,38.3670066667,-110.7146585,38.3612973217,-110.7158565683
2025-05-28T03:21:48.059042,38.3670066667,-110.7146585,38.361297305,-110.715856575
2025-05-28T03:21:48.559313,38.3670066667,-110.7146585,38.3612972883,-110.71585658
2025-05-28T03:21:49.059003,38.3670066667,-110.7146585,38.3612958467,-110.7158566833
2025-05-28T03:21:49.559135,38.3670066667,-110.7146585,38.3612958467,-110.7158566833
2025-05-28T03:21:50.059081,38.3670066667,-110.7146583333,38.3612929683,-110.71585664
2025-05-28T03:21:50.559214,38.3670066667,-110.7146583333,38.3612903017,-110.7158567933
2025-05-28T03:21:51.059157,38.3670066667,-110.7146583333,38.3612867133,-110.7158572517
2025-05-28T03:21:51.559061,38.3670066667,-110.7146583333,38.3612829517,-110.7158575483
2025-05-28T03:21:52.059009,38.3670065,-110.7146581667,38.361280555,-110.7158578733
2025-05-28T03:21:52.559098,38.3670065,-110.7146581667,38.361280555,-110.7158578733
2025-05-28T03:21:53.059034,38.3670065,-110.7146581667,38.361277935,-110.7158580533
2025-05-28T03:21:53.559165,38.3670065,-110.7146581667,38.361275505,-110.71585814
2025-05-28T03:21:54.059095,38.3670066667,-110.7146583333,38.361270695,-110.7158583083
2025-05-28T03:21:54.559404,38.3670066667,-110.7146583333,38.361267695,-110.7158583167
2025-05-28T03:21:55.059127,38.3670066667,-110.7146583333,38.3612642867,-110.715857915
2025-05-28T03:21:55.559013,38.3670066667,-110.7146583333,38.3612642867,-110.715857915
2025-05-28T03:21:56.059062,38.3670066667,-110.7146581667,38.361260525,-110.7158578267
2025-05-28T03:21:56.559138,38.3670066667,-110.7146581667,38.3612562283,-110.71585797
2025-05-28T03:21:57.059052,38.3670066667,-110.7146581667,38.3612492383,-110.71585797
2025-05-28T03:21:57.559127,38.3670066667,-110.7146581667,38.3612448,-110.71585805
2025-05-28T03:21:58.059162,38.3670066667,-110.7146581667,38.361238445,-110.7158580033
2025-05-28T03:21:58.559152,38.3670066667,-110.7146581667,38.361238445,-110.7158580033
2025-05-28T03:21:59.059269,38.3670068333,-110.7146581667,38.36123446,-110.7158575783
2025-05-28T03:21:59.559243,38.3670068333,-110.7146581667,38.3612301917,-110.7158577417
2025-05-28T03:22:00.059058,38.367007,-110.7146583333,38.3612235767,-110.7158578183
2025-05-28T03:22:00.559161,38.367007,-110.7146583333,38.361219285,-110.715857825
2025-05-28T03:22:01.059192,38.3670071667,-110.7146585,38.3612128533,-110.71585764
2025-05-28T03:22:01.559010,38.3670071667,-110.7146585,38.3612128533,-110.71585764
2025-05-28T03:22:02.059189,38.3670071667,-110.7146585,38.3612085067,-110.7158575267
2025-05-28T03:22:02.559116,38.3670071667,-110.7146585,38.3612040867,-110.7158573083
2025-05-28T03:22:03.059035,38.367007,-110.7146583333,38.3611997333,-110.71585707
2025-05-28T03:22:03.559124,38.367007,-110.7146583333,38.361195475,-110.7158566333
2025-05-28T03:22:04.058983,38.3670073333,-110.7146583333,38.36119335,-110.7158564167
2025-05-28T03:22:04.559077,38.3670073333,-110.7146583333,38.3611867567,-110.7158562933
2025-05-28T03:22:05.059001,38.3670073333,-110.7146585,38.3611867567,-110.7158562933
2025-05-28T03:22:05.559249,38.3670073333,-110.7146585,38.3611779417,-110.7158555917
2025-05-28T03:22:06.059165,38.3670073333,-110.7146585,38.36117128,-110.7158551767
2025-05-28T03:22:06.559187,38.3670073333,-110.7146585,38.3611668733,-110.71585497
2025-05-28T03:22:07.059113,38.3670073333,-110.7146583333,38.3611625217,-110.7158545767
2025-05-28T03:22:07.559120,38.3670073333,-110.7146583333,38.3611603183,-110.715854515
2025-05-28T03:22:08.059127,38.3670073333,-110.7146583333,38.3611558783,-110.7158543917
2025-05-28T03:22:08.559115,38.3670073333,-110.7146583333,38.36115142,-110.7158539117
2025-05-28T03:22:09.059008,38.3670075,-110.7146586667,38.3611448467,-110.7158534067
2025-05-28T03:22:09.559047,38.3670075,-110.7146586667,38.3611404317,-110.715853375
2025-05-28T03:22:10.059010,38.3670076667,-110.7146588333,38.3611377183,-110.7158530817
2025-05-28T03:22:10.559406,38.3670076667,-110.7146588333,38.3611377183,-110.7158530817
2025-05-28T03:22:11.059111,38.3670076667,-110.7146586667,38.3611377117,-110.7158530917
2025-05-28T03:22:11.559273,38.3670076667,-110.7146586667,38.3611377,-110.7158530967
2025-05-28T03:22:12.059008,38.3670076667,-110.7146586667,38.3611376967,-110.7158531017
2025-05-28T03:22:12.559080,38.3670076667,-110.7146586667,38.361137685,-110.7158531033
2025-05-28T03:22:13.059020,38.3670076667,-110.7146586667,38.36113767,-110.7158531017
2025-05-28T03:22:13.559331,38.3670076667,-110.7146586667,38.361137665,-110.7158530967
2025-05-28T03:22:14.058996,38.3670076667,-110.7146586667,38.3611376583,-110.7158530917
2025-05-28T03:22:14.559254,38.3670076667,-110.7146586667,38.3611376533,-110.715853085
2025-05-28T03:22:15.059131,38.3670078333,-110.7146586667,38.3611376433,-110.715853075
2025-05-28T03:22:15.559043,38.3670078333,-110.7146586667,38.3611376383,-110.7158530783
2025-05-28T03:22:16.058995,38.3670076667,-110.7146585,38.3611376267,-110.7158530733
2025-05-28T03:22:16.559035,38.3670076667,-110.7146585,38.3611376267,-110.7158530733
2025-05-28T03:22:17.059043,38.3670078333,-110.7146586667,38.3611376233,-110.71585307
2025-05-28T03:22:17.559185,38.3670078333,-110.7146586667,38.3611376233,-110.715853065
2025-05-28T03:22:18.058992,38.3670081667,-110.714659,38.36113762,-110.71585306
2025-05-28T03:22:18.559018,38.3670081667,-110.714659,38.3611376183,-110.7158530617
2025-05-28T03:22:19.059003,38.3670081667,-110.714659,38.36113762,-110.7158530583
2025-05-28T03:22:19.559078,38.3670081667,-110.714659,38.3611376167,-110.7158530567
2025-05-28T03:22:20.059161,38.3670081667,-110.714659,38.3611376217,-110.7158530467
2025-05-28T03:22:20.559214,38.3670081667,-110.714659,38.3611376317,-110.7158530367
2025-05-28T03:22:21.059015,38.3670081667,-110.714659,38.3611376433,-110.7158530183
2025-05-28T03:22:21.559161,38.3670081667,-110.714659,38.3611376383,-110.7158530183
2025-05-28T03:22:22.058998,38.3670081667,-110.7146588333,38.36113763,-110.7158530067
2025-05-28T03:22:22.559053,38.3670081667,-110.7146588333,38.36113763,-110.7158530067
2025-05-28T03:22:23.059058,38.3670081667,-110.714659,38.3611376167,-110.7158530017
2025-05-28T03:22:23.559194,38.3670081667,-110.714659,38.36113761,-110.7158529983
2025-05-28T03:22:24.059000,38.3670081667,-110.7146591667,38.3611376267,-110.7158529717
2025-05-28T03:22:24.559179,38.3670081667,-110.7146591667,38.361137635,-110.7158529583
2025-05-28T03:22:25.059004,38.367008,-110.7146593333,38.3611376467,-110.7158529367
2025-05-28T03:22:25.559205,38.367008,-110.7146593333,38.3611376383,-110.7158529483
2025-05-28T03:22:26.059157,38.3670081667,-110.714659,38.3611376067,-110.7158529867
2025-05-28T03:22:26.559187,38.3670081667,-110.714659,38.361137565,-110.7158530517
2025-05-28T03:22:27.059026,38.3670083333,-110.714659,38.3611374567,-110.7158530683
2025-05-28T03:22:27.559435,38.3670083333,-110.714659,38.3611374317,-110.71585309
2025-05-28T03:22:28.059263,38.3670083333,-110.714659,38.3611373533,-110.7158531283
2025-05-28T03:22:28.559241,38.3670083333,-110.714659,38.36113734,-110.7158531467
2025-05-28T03:22:29.058990,38.3670083333,-110.7146588333,38.36113734,-110.7158531467
2025-05-28T03:22:29.559074,38.3670083333,-110.7146588333,38.3611372767,-110.71585316
2025-05-28T03:22:30.058996,38.3670083333,-110.714659,38.3611372617,-110.7158531417
2025-05-28T03:22:30.559201,38.3670083333,-110.714659,38.3611372217,-110.7158531967
2025-05-28T03:22:31.059000,38.3670083333,-110.714659,38.3611371,-110.7158532383
2025-05-28T03:22:31.559184,38.3670083333,-110.714659,38.36113704,-110.715853275
2025-05-28T03:22:32.059113,38.3670083333,-110.714659,38.3611369767,-110.7158533
2025-05-28T03:22:32.559158,38.3670083333,-110.714659,38.361136815,-110.715853405
2025-05-28T03:22:33.059003,38.3670083333,-110.7146588333,38.3611366317,-110.71585357
2025-05-28T03:22:33.559469,38.3670083333,-110.7146588333,38.3611364633,-110.715853665
2025-05-28T03:22:34.059164,38.3670085,-110.714659,38.3611363483,-110.7158537033
2025-05-28T03:22:34.559092,38.3670085,-110.714659,38.3611363333,-110.7158537183
2025-05-28T03:22:35.059024,38.3670085,-110.7146591667,38.3611362883,-110.7158537567
2025-05-28T03:22:35.559256,38.3670085,-110.7146591667,38.3611362517,-110.7158537567
2025-05-28T03:22:36.059030,38.3670085,-110.7146591667,38.3611361783,-110.7158537467
2025-05-28T03:22:36.559240,38.3670085,-110.7146591667,38.3611361233,-110.71585373
2025-05-28T03:22:37.059058,38.3670086667,-110.7146593333,38.36113613,-110.7158536983
2025-05-28T03:22:37.559339,38.3670086667,-110.7146593333,38.3611361417,-110.7158536383
2025-05-28T03:22:38.058997,38.3670086667,-110.7146591667,38.361136135,-110.7158536
2025-05-28T03:22:38.559062,38.3670086667,-110.7146591667,38.361136135,-110.71585348
2025-05-28T03:22:39.059216,38.3670086667,-110.7146593333,38.3611360683,-110.7158534533
2025-05-28T03:22:39.558998,38.3670086667,-110.7146593333,38.36113602,-110.7158534867
2025-05-28T03:22:40.059026,38.3670088333,-110.7146593333,38.3611359383,-110.7158535233
2025-05-28T03:22:40.559202,38.3670088333,-110.7146593333,38.3611359383,-110.7158535233
2025-05-28T03:22:41.059224,38.3670088333,-110.7146593333,38.361135905,-110.715853535
2025-05-28T03:22:41.559198,38.3670088333,-110.7146593333,38.3611358267,-110.7158535283
2025-05-28T03:22:42.059041,38.3670088333,-110.7146593333,38.3611357967,-110.7158535167
2025-05-28T03:22:42.559281,38.3670088333,-110.7146593333,38.3611356183,-110.7158535283
2025-05-28T03:22:43.059088,38.367009,-110.7146591667,38.3611355633,-110.7158535133
2025-05-28T03:22:43.559093,38.367009,-110.7146591667,38.3611355633,-110.7158535133
2025-05-28T03:22:44.059077,38.367009,-110.7146593333,38.3611355217,-110.7158535217
2025-05-28T03:22:44.559315,38.367009,-110.7146593333,38.36113547,-110.7158535433
2025-05-28T03:22:45.059054,38.367009,-110.7146593333,38.3611353367,-110.7158536
2025-05-28T03:22:45.559259,38.367009,-110.7146593333,38.3611352883,-110.715853625
2025-05-28T03:22:46.059079,38.367009,-110.7146593333,38.3611352417,-110.7158536517
2025-05-28T03:22:46.559002,38.367009,-110.7146593333,38.3611352417,-110.7158536517
2025-05-28T03:22:47.059020,38.367009,-110.7146593333,38.3611352183,-110.71585367
2025-05-28T03:22:47.559060,38.367009,-110.7146593333,38.3611351283,-110.7158537133
2025-05-28T03:22:48.059035,38.367009,-110.7146593333,38.361135035,-110.7158537583
2025-05-28T03:22:48.559096,38.367009,-110.7146593333,38.3611349717,-110.715853795
2025-05-28T03:22:49.059081,38.367009,-110.7146595,38.3611349717,-110.715853795
2025-05-28T03:22:49.559071,38.367009,-110.7146595,38.3611348817,-110.715853855
2025-05-28T03:22:50.059007,38.3670091667,-110.7146593333,38.3611348817,-110.715853855
2025-05-28T03:22:50.559116,38.3670091667,-110.7146593333,38.3611348333,-110.7158539
2025-05-28T03:22:51.059124,38.3670091667,-110.7146593333,38.36113479,-110.7158539417
2025-05-28T03:22:51.559287,38.3670091667,-110.7146595,38.3611347117,-110.7158540133
2025-05-28T03:22:52.059046,38.3670091667,-110.7146595,38.361134655,-110.71585406
2025-05-28T03:22:52.559240,38.3670091667,-110.7146595,38.3611346367,-110.715854075
2025-05-28T03:22:53.059113,38.3670093333,-110.7146595,38.3611346067,-110.7158541067
2025-05-28T03:22:53.559199,38.3670093333,-110.7146595,38.3611345867,-110.7158541317
2025-05-28T03:22:54.059051,38.3670093333,-110.7146595,38.361134565,-110.7158541817
2025-05-28T03:22:54.559142,38.3670093333,-110.7146595,38.3611345617,-110.7158541917
2025-05-28T03:22:55.059050,38.3670093333,-110.7146595,38.361134555,-110.71585419
2025-05-28T03:22:55.559195,38.3670093333,-110.7146595,38.3611345517,-110.7158541883
2025-05-28T03:22:56.059083,38.3670093333,-110.7146595,38.3611345383,-110.7158541833
2025-05-28T03:22:56.559041,38.3670093333,-110.7146595,38.3611345283,-110.71585418
2025-05-28T03:22:57.059020,38.3670095,-110.7146596667,38.3611345183,-110.715854175
2025-05-28T03:22:57.559205,38.3670095,-110.7146596667,38.3611345083,-110.7158541717
2025-05-28T03:22:58.059125,38.3670095,-110.7146596667,38.3611345033,-110.715854175
2025-05-28T03:22:58.559209,38.3670095,-110.7146596667,38.3611345,-110.71585418
2025-05-28T03:22:59.059035,38.3670095,-110.7146596667,38.361134495,-110.7158541833
2025-05-28T03:22:59.559072,38.3670095,-110.7146596667,38.36113448,-110.7158542033
2025-05-28T03:23:00.059008,38.3670096667,-110.7146596667,38.36113446,-110.7158542167
2025-05-28T03:23:00.559155,38.3670096667,-110.7146596667,38.3611344517,-110.71585422
2025-05-28T03:23:01.059141,38.3670096667,-110.7146596667,38.3611344417,-110.715854225
2025-05-28T03:23:01.559001,38.3670096667,-110.7146596667,38.3611344383,-110.715854225
2025-05-28T03:23:02.059036,38.3670096667,-110.7146596667,38.3611344383,-110.715854225
2025-05-28T03:23:02.559003,38.3670096667,-110.7146596667,38.3611344267,-110.7158542283
2025-05-28T03:23:03.059376,38.3670096667,-110.7146596667,38.3611344217,-110.7158542283
2025-05-28T03:23:03.559046,38.3670098333,-110.7146596667,38.36113442,-110.71585423
2025-05-28T03:23:04.059042,38.3670096667,-110.7146595,38.3611344117,-110.7158542333
2025-05-28T03:23:04.559174,38.3670096667,-110.7146595,38.361134405,-110.7158542333
2025-05-28T03:23:05.059000,38.3670098333,-110.7146593333,38.3611344,-110.715854235
2025-05-28T03:23:05.559131,38.3670098333,-110.7146593333,38.36113439,-110.7158542433
2025-05-28T03:23:06.059061,38.3670098333,-110.7146595,38.3611343867,-110.715854255
2025-05-28T03:23:06.559210,38.3670098333,-110.7146595,38.3611343817,-110.7158542533
2025-05-28T03:23:07.058988,38.3670098333,-110.7146595,38.3611343667,-110.7158542483
2025-05-28T03:23:07.559443,38.3670098333,-110.7146595,38.3611343667,-110.7158542483
2025-05-28T03:23:08.059023,38.3670098333,-110.7146595,38.36113436,-110.7158542467
2025-05-28T03:23:08.559453,38.3670098333,-110.7146595,38.36113433,-110.7158542367
2025-05-28T03:23:09.059130,38.3670098333,-110.7146595,38.361134295,-110.7158542333
2025-05-28T03:23:09.559119,38.3670098333,-110.7146593333,38.3611342717,-110.7158542317
2025-05-28T03:23:10.058948,38.3670098333,-110.7146591667,38.3611342417,-110.71585423
2025-05-28T03:23:10.559214,38.3670098333,-110.7146591667,38.3611342417,-110.71585423
2025-05-28T03:23:11.059002,38.36701,-110.7146591667,38.3611342183,-110.71585423
2025-05-28T03:23:11.559188,38.36701,-110.7146591667,38.36113419,-110.7158542317
2025-05-28T03:23:12.059012,38.3670101667,-110.7146591667,38.3611341567,-110.715854225
2025-05-28T03:23:12.559122,38.3670101667,-110.7146591667,38.361134155,-110.7158542133
2025-05-28T03:23:13.059012,38.3670101667,-110.714659,38.3611341617,-110.7158541883
2025-05-28T03:23:13.559185,38.3670101667,-110.714659,38.3611341617,-110.7158541883
2025-05-28T03:23:14.059033,38.3670103333,-110.7146591667,38.3611341617,-110.7158541633
2025-05-28T03:23:14.559147,38.3670103333,-110.7146591667,38.361134165,-110.7158541317
2025-05-28T03:23:15.059059,38.3670103333,-110.7146591667,38.3611341733,-110.7158540817
2025-05-28T03:23:15.559134,38.3670103333,-110.7146591667,38.361134175,-110.71585405
2025-05-28T03:23:16.059082,38.3670105,-110.7146591667,38.36113416,-110.7158540217
2025-05-28T03:23:16.559114,38.3670105,-110.7146591667,38.3611341517,-110.71585401
2025-05-28T03:23:17.059140,38.3670105,-110.7146591667,38.3611341467,-110.71585398
2025-05-28T03:23:17.559075,38.3670105,-110.7146591667,38.3611341317,-110.7158539467
2025-05-28T03:23:18.059090,38.3670105,-110.7146591667,38.361134115,-110.7158538967
2025-05-28T03:23:18.559163,38.3670105,-110.7146591667,38.36113409,-110.7158538667
2025-05-28T03:23:19.059104,38.3670105,-110.714659,38.361134045,-110.7158538283
2025-05-28T03:23:19.559125,38.3670105,-110.714659,38.361134045,-110.7158538283
2025-05-28T03:23:20.058963,38.3670106667,-110.714659,38.361132795,-110.71585367
2025-05-28T03:23:20.559103,38.3670106667,-110.714659,38.3611300233,-110.7158533733
2025-05-28T03:23:21.058952,38.3670108333,-110.7146588333,38.361124655,-110.7158526717
2025-05-28T03:23:21.559235,38.3670108333,-110.7146588333,38.36112327,-110.7158525733
2025-05-28T03:23:22.059059,38.3670108333,-110.7146588333,38.36111761,-110.7158519717
2025-05-28T03:23:22.559001,38.3670108333,-110.7146588333,38.36111761,-110.7158519717
2025-05-28T03:23:23.059001,38.3670108333,-110.7146588333,38.36111494,-110.7158522
2025-05-28T03:23:23.559147,38.3670108333,-110.7146588333,38.3611057383,-110.715852505
2025-05-28T03:23:24.059006,38.3670108333,-110.7146588333,38.361091435,-110.7158557
2025-05-28T03:23:24.558989,38.3670108333,-110.7146588333,38.3610878533,-110.71585629
2025-05-28T03:23:25.059136,38.367011,-110.7146588333,38.361081405,-110.7158571917
2025-05-28T03:23:25.559104,38.367011,-110.7146588333,38.3610785217,-110.71585745
2025-05-28T03:23:26.059187,38.367011,-110.714659,38.3610728067,-110.7158578233
2025-05-28T03:23:26.559090,38.367011,-110.714659,38.3610669917,-110.71585812
2025-05-28T03:23:27.059006,38.367011,-110.714659,38.3610553833,-110.715858395
2025-05-28T03:23:27.559131,38.367011,-110.714659,38.3610495567,-110.7158581733
2025-05-28T03:23:28.059168,38.367011,-110.714659,38.3610466117,-110.715858035
2025-05-28T03:23:28.559089,38.367011,-110.714659,38.3610436533,-110.7158578333
2025-05-28T03:23:29.059193,38.367011,-110.7146591667,38.36104078,-110.71585763
2025-05-28T03:23:29.559240,38.367011,-110.7146591667,38.3610349317,-110.7158572483
2025-05-28T03:23:30.059018,38.367011,-110.7146595,38.3610261367,-110.7158562833
2025-05-28T03:23:30.559435,38.367011,-110.7146595,38.3610261367,-110.7158562833
2025-05-28T03:23:31.059023,38.3670111667,-110.7146596667,38.3610202583,-110.715855185
2025-05-28T03:23:31.559224,38.3670111667,-110.7146596667,38.3610202583,-110.715855185
2025-05-28T03:23:32.059069,38.3670111667,-110.7146595,38.3610095367,-110.71585277
2025-05-28T03:23:32.559129,38.3670111667,-110.7146595,38.361006735,-110.7158529667
2025-05-28T03:23:33.059124,38.367011,-110.7146595,38.3609929683,-110.71585509
2025-05-28T03:23:33.559081,38.367011,-110.7146595,38.3609858433,-110.7158578183
2025-05-28T03:23:34.059048,38.3670108333,-110.7146593333,38.3609858433,-110.7158578183
2025-05-28T03:23:34.559160,38.3670108333,-110.7146593333,38.3609838617,-110.71585849
2025-05-28T03:23:35.059118,38.3670106667,-110.7146593333,38.3609838617,-110.71585849
2025-05-28T03:23:35.559029,38.3670106667,-110.7146593333,38.3609754983,-110.7158611033
2025-05-28T03:23:36.059061,38.3670106667,-110.7146591667,38.3609755283,-110.7158610683
2025-05-28T03:23:36.559305,38.3670106667,-110.7146591667,38.3609755283,-110.7158610683
2025-05-28T03:23:37.059282,38.3670106667,-110.7146591667,38.3609755533,-110.71586106
2025-05-28T03:23:37.559090,38.3670106667,-110.7146591667,38.3609755533,-110.71586106
2025-05-28T03:23:38.059254,38.3670106667,-110.7146591667,38.3609755533,-110.71586106
2025-05-28T03:23:38.559239,38.3670106667,-110.7146591667,38.3609755583,-110.7158610583
2025-05-28T03:23:39.059029,38.3670105,-110.7146593333,38.360974505,-110.7158614967
2025-05-28T03:23:39.559177,38.3670105,-110.7146593333,38.360974505,-110.7158614967
2025-05-28T03:23:40.059053,38.3670105,-110.7146593333,38.360971535,-110.7158625017
2025-05-28T03:23:40.559562,38.3670105,-110.7146593333,38.3609715417,-110.7158624983
2025-05-28T03:23:41.059269,38.3670105,-110.7146593333,38.3609715417,-110.7158624983
2025-05-28T03:23:41.559108,38.3670105,-110.7146593333,38.3609715417,-110.7158624983
2025-05-28T03:23:42.059010,38.3670103333,-110.7146591667,38.3609715483,-110.7158624967
2025-05-28T03:23:42.559188,38.3670103333,-110.7146591667,38.3609715583,-110.7158624983
2025-05-28T03:23:43.058986,38.3670103333,-110.7146591667,38.3609715583,-110.7158624967
2025-05-28T03:23:43.559192,38.3670103333,-110.7146591667,38.3609715583,-110.7158624967
2025-05-28T03:23:44.059007,38.3670103333,-110.7146591667,38.3609715583,-110.7158624967
2025-05-28T03:23:44.559099,38.3670103333,-110.7146591667,38.3609715583,-110.7158624967
2025-05-28T03:23:45.059114,38.3670103333,-110.7146591667,38.3609715667,-110.7158624783
2025-05-28T03:23:45.559173,38.3670101667,-110.7146591667,38.360969115,-110.7158622517
2025-05-28T03:23:46.059056,38.36701,-110.714659,38.36096798,-110.7158620917
2025-05-28T03:23:46.559046,38.36701,-110.714659,38.3609653533,-110.7158619633
2025-05-28T03:23:47.059063,38.36701,-110.714659,38.3609653533,-110.7158619633
2025-05-28T03:23:47.559010,38.36701,-110.714659,38.36096024,-110.7158616583
2025-05-28T03:23:48.059052,38.36701,-110.714659,38.3609589967,-110.715861555
2025-05-28T03:23:48.559132,38.36701,-110.714659,38.3609538867,-110.7158615067
2025-05-28T03:23:49.059188,38.36701,-110.714659,38.3609510683,-110.7158611383
2025-05-28T03:23:49.559089,38.36701,-110.714659,38.3609496717,-110.7158608917
2025-05-28T03:23:50.059037,38.3670098333,-110.714659,38.3609496717,-110.7158608917
2025-05-28T03:23:50.559157,38.3670098333,-110.714659,38.3609438433,-110.7158599483
2025-05-28T03:23:51.058994,38.36701,-110.714659,38.3609392467,-110.7158593283
2025-05-28T03:23:51.559221,38.36701,-110.714659,38.360936175,-110.7158586817
2025-05-28T03:23:52.059005,38.36701,-110.7146591667,38.36093145,-110.7158580533
2025-05-28T03:23:52.559206,38.36701,-110.7146591667,38.36093145,-110.7158580533
2025-05-28T03:23:53.059009,38.36701,-110.7146591667,38.3609283283,-110.7158577533
2025-05-28T03:23:53.559009,38.36701,-110.7146591667,38.36092516,-110.71585729
2025-05-28T03:23:54.059053,38.3670098333,-110.7146591667,38.3609187067,-110.7158566067
2025-05-28T03:23:54.559095,38.3670098333,-110.7146591667,38.36091488,-110.7158561217
2025-05-28T03:23:55.059113,38.3670098333,-110.714659,38.360911145,-110.7158554483
2025-05-28T03:23:55.559068,38.3670098333,-110.714659,38.360911145,-110.7158554483
2025-05-28T03:23:56.058992,38.3670096667,-110.714659,38.3609073583,-110.7158546167
2025-05-28T03:23:56.559170,38.3670096667,-110.714659,38.3609034967,-110.715853795
2025-05-28T03:23:57.059148,38.3670096667,-110.714659,38.3608978867,-110.7158523433
2025-05-28T03:23:57.559098,38.3670096667,-110.714659,38.360894065,-110.7158516933
2025-05-28T03:23:58.059006,38.3670095,-110.7146588333,38.360890205,-110.7158513
2025-05-28T03:23:58.559036,38.3670095,-110.7146588333,38.3608882117,-110.71585091
2025-05-28T03:23:59.059073,38.3670093333,-110.7146588333,38.3608840967,-110.71585018
2025-05-28T03:23:59.559086,38.3670093333,-110.7146588333,38.360880015,-110.7158493817
2025-05-28T03:24:00.059007,38.3670093333,-110.7146588333,38.3608718067,-110.7158473683
2025-05-28T03:24:00.559303,38.3670093333,-110.7146588333,38.360867565,-110.715846545
2025-05-28T03:24:01.059103,38.3670093333,-110.7146586667,38.360865315,-110.7158460667
2025-05-28T03:24:01.559029,38.3670093333,-110.7146586667,38.3608629517,-110.7158456533
2025-05-28T03:24:02.059149,38.3670093333,-110.7146585,38.3608581933,-110.715844635
2025-05-28T03:24:02.559126,38.3670093333,-110.7146585,38.3608533633,-110.7158431383
2025-05-28T03:24:03.059000,38.3670091667,-110.7146585,38.3608436083,-110.7158414033
2025-05-28T03:24:03.559108,38.3670091667,-110.7146585,38.3608412833,-110.7158407883
2025-05-28T03:24:04.058996,38.367009,-110.7146585,38.3608339333,-110.7158406083
2025-05-28T03:24:04.559185,38.367009,-110.7146585,38.3608339333,-110.7158406083
2025-05-28T03:24:05.059052,38.3670088333,-110.7146585,38.3608315817,-110.7158404783
2025-05-28T03:24:05.559038,38.3670088333,-110.7146585,38.3608243633,-110.7158404233
2025-05-28T03:24:06.059023,38.3670088333,-110.7146586667,38.36081451,-110.71583975
2025-05-28T03:24:06.559118,38.3670088333,-110.7146586667,38.3608120617,-110.715839575
2025-05-28T03:24:07.059048,38.3670086667,-110.7146588333,38.360804785,-110.7158388383
2025-05-28T03:24:07.559093,38.3670086667,-110.7146588333,38.360804785,-110.7158388383
2025-05-28T03:24:08.058999,38.3670086667,-110.7146588333,38.36079964,-110.715839155
2025-05-28T03:24:08.559225,38.3670086667,-110.7146588333,38.3607944983,-110.7158391933
2025-05-28T03:24:09.059032,38.3670085,-110.7146588333,38.3607886067,-110.7158390867
2025-05-28T03:24:09.559054,38.3670085,-110.7146588333,38.360776905,-110.7158382517
2025-05-28T03:24:10.059049,38.3670083333,-110.7146588333,38.3607741217,-110.715837965
2025-05-28T03:24:10.559090,38.3670083333,-110.7146588333,38.3607711733,-110.71583764
2025-05-28T03:24:11.059106,38.3670083333,-110.7146588333,38.3607651683,-110.71583693
2025-05-28T03:24:11.559219,38.3670083333,-110.7146588333,38.3607592717,-110.715835965
2025-05-28T03:24:12.059001,38.3670081667,-110.7146588333,38.360747465,-110.7158347267
2025-05-28T03:24:12.559275,38.3670081667,-110.7146588333,38.3607417217,-110.71583381
2025-05-28T03:24:13.059096,38.3670081667,-110.7146588333,38.3607359683,-110.7158328067
2025-05-28T03:24:13.559116,38.3670081667,-110.7146588333,38.3607359683,-110.7158328067
2025-05-28T03:24:14.059359,38.367008,-110.7146588333,38.3607303167,-110.7158316667
2025-05-28T03:24:14.559112,38.367008,-110.7146588333,38.3607246033,-110.715830885
2025-05-28T03:24:15.059160,38.367008,-110.7146588333,38.36071622,-110.7158295083
2025-05-28T03:24:15.559097,38.367008,-110.7146588333,38.36071038,-110.715829205
2025-05-28T03:24:16.058969,38.3670078333,-110.7146588333,38.360701545,-110.7158285917
2025-05-28T03:24:16.559135,38.3670078333,-110.7146588333,38.360701545,-110.7158285917
2025-05-28T03:24:17.059255,38.3670078333,-110.7146588333,38.360695745,-110.7158278767
2025-05-28T03:24:17.559164,38.3670078333,-110.7146588333,38.36069026,-110.715826765
2025-05-28T03:24:18.059006,38.3670076667,-110.7146588333,38.3606786683,-110.7158266533
2025-05-28T03:24:18.559132,38.3670076667,-110.7146588333,38.3606756683,-110.715826515
2025-05-28T03:24:19.059132,38.3670076667,-110.7146588333,38.3606667883,-110.7158259617
2025-05-28T03:24:19.559119,38.3670076667,-110.7146588333,38.3606667883,-110.7158259617
2025-05-28T03:24:20.059380,38.3670076667,-110.7146588333,38.36066081,-110.71582726
2025-05-28T03:24:20.559117,38.3670076667,-110.7146588333,38.3606546517,-110.7158281917
2025-05-28T03:24:21.059177,38.3670075,-110.7146588333,38.3606421533,-110.7158297983
2025-05-28T03:24:21.559110,38.3670075,-110.7146588333,38.3606357067,-110.7158303017
2025-05-28T03:24:22.059047,38.3670075,-110.7146588333,38.3606293083,-110.7158306717
2025-05-28T03:24:22.559058,38.3670075,-110.7146588333,38.3606293083,-110.7158306717
2025-05-28T03:24:23.059056,38.3670073333,-110.7146588333,38.3606229233,-110.7158309417
2025-05-28T03:24:23.559162,38.3670073333,-110.7146588333,38.36061649,-110.7158309133
2025-05-28T03:24:24.059128,38.3670073333,-110.7146588333,38.3606035717,-110.7158303
2025-05-28T03:24:24.559130,38.3670073333,-110.7146588333,38.3605972983,-110.7158293883
2025-05-28T03:24:25.059025,38.3670073333,-110.714659,38.3605910667,-110.7158292083
2025-05-28T03:24:25.559156,38.3670073333,-110.714659,38.3605910667,-110.7158292083
2025-05-28T03:24:26.059058,38.3670071667,-110.714659,38.36058449,-110.7158291033
2025-05-28T03:24:26.559062,38.3670071667,-110.714659,38.36057796,-110.7158287483
2025-05-28T03:24:27.059032,38.3670071667,-110.714659,38.3605648733,-110.7158284417
2025-05-28T03:24:27.559049,38.3670071667,-110.714659,38.3605583233,-110.7158281133
2025-05-28T03:24:28.059002,38.3670071667,-110.714659,38.3605519117,-110.715827655
2025-05-28T03:24:28.559085,38.3670071667,-110.714659,38.3605519117,-110.715827655
2025-05-28T03:24:29.058995,38.367007,-110.714659,38.3605519117,-110.715827655
2025-05-28T03:24:29.559374,38.367007,-110.714659,38.36054868,-110.71582797
2025-05-28T03:24:30.058997,38.367007,-110.714659,38.3605420517,-110.715828665
2025-05-28T03:24:30.559123,38.367007,-110.714659,38.360531995,-110.7158295733
2025-05-28T03:24:31.059085,38.367007,-110.714659,38.3605152617,-110.7158298083
2025-05-28T03:24:31.559137,38.367007,-110.714659,38.360511985,-110.7158296433
2025-05-28T03:24:32.059033,38.367007,-110.714659,38.36050543,-110.71582908
2025-05-28T03:24:32.559205,38.367007,-110.714659,38.360499395,-110.715828235
2025-05-28T03:24:33.059039,38.367007,-110.7146591667,38.3604889283,-110.7158287517
2025-05-28T03:24:33.559000,38.367007,-110.7146591667,38.3604850167,-110.7158288717
2025-05-28T03:24:34.058963,38.3670068333,-110.7146591667,38.36048115,-110.7158289233
2025-05-28T03:24:34.559023,38.3670068333,-110.7146591667,38.36048115,-110.7158289233
2025-05-28T03:24:35.058996,38.3670068333,-110.7146591667,38.360480085,-110.71582895
2025-05-28T03:24:35.559058,38.3670068333,-110.7146591667,38.3604789317,-110.7158289333
2025-05-28T03:24:36.059034,38.3670068333,-110.7146591667,38.3604754317,-110.7158291817
2025-05-28T03:24:36.559083,38.3670068333,-110.7146591667,38.3604730283,-110.7158292583
2025-05-28T03:24:37.059001,38.3670068333,-110.7146591667,38.3604693017,-110.7158291083
2025-05-28T03:24:37.559042,38.3670068333,-110.7146591667,38.3604693017,-110.7158291083
2025-05-28T03:24:38.059131,38.3670066667,-110.7146591667,38.360466735,-110.7158291317
2025-05-28T03:24:38.559106,38.3670066667,-110.7146591667,38.36046413,-110.7158291783
2025-05-28T03:24:39.059057,38.3670068333,-110.7146591667,38.360458975,-110.7158294283
2025-05-28T03:24:39.559101,38.3670068333,-110.7146591667,38.3604561967,-110.71582972
2025-05-28T03:24:40.059012,38.3670068333,-110.7146591667,38.360453245,-110.7158300033
2025-05-28T03:24:40.559522,38.3670068333,-110.7146591667,38.360453245,-110.7158300033
2025-05-28T03:24:41.058993,38.3670068333,-110.714659,38.36045018,-110.7158301283
2025-05-28T03:24:41.559267,38.3670068333,-110.714659,38.360447075,-110.7158305267
2025-05-28T03:24:42.059084,38.3670068333,-110.7146588333,38.36044234,-110.71583136
2025-05-28T03:24:42.559150,38.3670068333,-110.7146588333,38.36043813,-110.715831935
2025-05-28T03:24:43.059421,38.3670068333,-110.714659,38.360431515,-110.7158326617
2025-05-28T03:24:43.559128,38.3670068333,-110.714659,38.360431515,-110.7158326617
2025-05-28T03:24:44.059122,38.367007,-110.7146591667,38.3604271183,-110.7158329917
2025-05-28T03:24:44.559113,38.367007,-110.7146591667,38.360422735,-110.7158331767
2025-05-28T03:24:45.059044,38.3670073333,-110.7146593333,38.36041416,-110.7158337967
2025-05-28T03:24:45.559126,38.3670073333,-110.7146593333,38.360409905,-110.7158339317
2025-05-28T03:24:46.059115,38.3670073333,-110.7146593333,38.3604054117,-110.7158340067
2025-05-28T03:24:46.559111,38.3670073333,-110.7146593333,38.3604054117,-110.7158340067
2025-05-28T03:24:47.059121,38.3670071667,-110.7146591667,38.360401055,-110.7158337467
2025-05-28T03:24:47.559160,38.3670071667,-110.7146591667,38.360396785,-110.7158336783
2025-05-28T03:24:48.058962,38.3670071667,-110.7146593333,38.36038836,-110.71583317
2025-05-28T03:24:48.559073,38.3670071667,-110.7146593333,38.3603840567,-110.7158330233
2025-05-28T03:24:49.058948,38.3670071667,-110.7146593333,38.3603794583,-110.7158330017
2025-05-28T03:24:49.559078,38.3670071667,-110.7146593333,38.3603794583,-110.7158330017
2025-05-28T03:24:50.059036,38.3670071667,-110.7146593333,38.3603750483,-110.715832915
2025-05-28T03:24:50.558966,38.3670071667,-110.7146593333,38.36037081,-110.7158326433
2025-05-28T03:24:51.059143,38.3670071667,-110.7146593333,38.3603622817,-110.7158320867
2025-05-28T03:24:51.559075,38.3670071667,-110.7146593333,38.3603578133,-110.715832335
2025-05-28T03:24:52.058966,38.3670075,-110.7146596667,38.360353705,-110.7158322117
2025-05-28T03:24:52.559205,38.3670075,-110.7146596667,38.360353705,-110.7158322117
2025-05-28T03:24:53.059070,38.3670075,-110.7146595,38.360349485,-110.7158326867
2025-05-28T03:24:53.559568,38.3670075,-110.7146595,38.3603450367,-110.71583323
2025-05-28T03:24:54.059080,38.3670073333,-110.7146595,38.3603365417,-110.7158338117
2025-05-28T03:24:54.559028,38.3670073333,-110.7146595,38.3603321183,-110.7158339433
2025-05-28T03:24:55.059014,38.3670073333,-110.7146595,38.3603276483,-110.7158338617
2025-05-28T03:24:55.559158,38.3670073333,-110.7146595,38.3603276483,-110.7158338617
2025-05-28T03:24:56.059105,38.3670075,-110.7146596667,38.3603228533,-110.7158337483
2025-05-28T03:24:56.559143,38.3670075,-110.7146596667,38.36031833,-110.71583365
2025-05-28T03:24:57.059051,38.3670075,-110.7146596667,38.360310715,-110.7158331333
2025-05-28T03:24:57.559044,38.3670075,-110.7146596667,38.360308855,-110.715832945
2025-05-28T03:24:58.059054,38.3670075,-110.7146598333,38.360302995,-110.7158327233
2025-05-28T03:24:58.559102,38.3670075,-110.7146598333,38.360302995,-110.7158327233
2025-05-28T03:24:59.059027,38.3670075,-110.7146598333,38.360302995,-110.7158327233
2025-05-28T03:24:59.559239,38.3670075,-110.7146598333,38.3602991033,-110.71583259
2025-05-28T03:25:00.059002,38.3670075,-110.7146598333,38.3602890467,-110.7158325983
2025-05-28T03:25:00.558996,38.3670075,-110.7146598333,38.3602850683,-110.7158325533
2025-05-28T03:25:01.059021,38.3670076667,-110.7146598333,38.3602789683,-110.71583291
2025-05-28T03:25:01.559170,38.3670076667,-110.7146598333,38.3602789683,-110.71583291
2025-05-28T03:25:02.059237,38.3670078333,-110.71466,38.36027497,-110.7158329783
2025-05-28T03:25:02.559240,38.3670078333,-110.71466,38.3602708733,-110.7158333967
2025-05-28T03:25:03.059007,38.3670076667,-110.71466,38.3602668867,-110.7158336867
2025-05-28T03:25:03.559349,38.3670076667,-110.71466,38.3602606967,-110.7158347617
2025-05-28T03:25:04.059009,38.3670076667,-110.7146598333,38.3602565733,-110.71583524
2025-05-28T03:25:04.559185,38.3670076667,-110.7146598333,38.360254605,-110.7158354033
2025-05-28T03:25:05.059046,38.3670076667,-110.7146598333,38.360254605,-110.7158354033
2025-05-28T03:25:05.559077,38.3670076667,-110.7146598333,38.3602504767,-110.7158360683
2025-05-28T03:25:06.059066,38.3670078333,-110.7146598333,38.3602423783,-110.715836855
2025-05-28T03:25:06.559118,38.3670078333,-110.7146598333,38.3602368483,-110.7158369617
2025-05-28T03:25:07.059003,38.3670076667,-110.7146598333,38.3602316917,-110.7158367867
2025-05-28T03:25:07.559429,38.3670076667,-110.7146598333,38.3602316917,-110.7158367867
2025-05-28T03:25:08.058997,38.3670078333,-110.7146598333,38.3602282933,-110.7158367867
2025-05-28T03:25:08.559202,38.3670078333,-110.7146598333,38.360224875,-110.7158373867
2025-05-28T03:25:09.059021,38.3670078333,-110.7146598333,38.3602196,-110.71583832
2025-05-28T03:25:09.559062,38.3670078333,-110.7146598333,38.3602160033,-110.71583892
2025-05-28T03:25:10.059025,38.3670076667,-110.7146598333,38.360210815,-110.7158395783
2025-05-28T03:25:10.559137,38.3670076667,-110.7146598333,38.360210815,-110.7158395783
2025-05-28T03:25:11.059030,38.3670078333,-110.7146596667,38.3602074467,-110.715840215
2025-05-28T03:25:11.559088,38.3670078333,-110.7146596667,38.360204155,-110.7158405767
2025-05-28T03:25:12.059085,38.3670078333,-110.7146598333,38.3602021383,-110.71584087
2025-05-28T03:25:12.559164,38.3670078333,-110.7146598333,38.360202135,-110.71584087
2025-05-28T03:25:13.059014,38.3670078333,-110.7146598333,38.36020213,-110.71584086
2025-05-28T03:25:13.559166,38.3670078333,-110.7146598333,38.36020213,-110.71584086
2025-05-28T03:25:14.059169,38.3670078333,-110.7146596667,38.360202125,-110.715840875
2025-05-28T03:25:14.559247,38.3670078333,-110.7146596667,38.3602021217,-110.7158408867
2025-05-28T03:25:15.059101,38.367008,-110.7146596667,38.3602021033,-110.7158408917
2025-05-28T03:25:15.559083,38.367008,-110.7146596667,38.360202095,-110.7158408917
2025-05-28T03:25:16.059003,38.367008,-110.7146596667,38.36020209,-110.7158408883
2025-05-28T03:25:16.559414,38.367008,-110.7146596667,38.36020209,-110.7158408883
2025-05-28T03:25:17.059004,38.367008,-110.7146598333,38.3602020783,-110.7158408867
2025-05-28T03:25:17.559064,38.367008,-110.7146598333,38.3602020733,-110.7158408883
2025-05-28T03:25:18.059005,38.3670081667,-110.7146596667,38.3602020767,-110.7158408667
2025-05-28T03:25:18.559199,38.3670081667,-110.7146596667,38.3602020917,-110.7158408583
2025-05-28T03:25:19.059144,38.3670081667,-110.7146595,38.3602020967,-110.7158408517
2025-05-28T03:25:19.559182,38.3670081667,-110.7146595,38.3602020967,-110.7158408517
2025-05-28T03:25:20.059002,38.367008,-110.7146595,38.360202105,-110.7158408483
2025-05-28T03:25:20.559036,38.367008,-110.7146595,38.3602021067,-110.7158408367
2025-05-28T03:25:21.059081,38.367008,-110.7146595,38.3602021167,-110.7158408217
2025-05-28T03:25:21.559146,38.367008,-110.7146595,38.3602021317,-110.715840805
2025-05-28T03:25:22.059048,38.3670081667,-110.7146595,38.3602021417,-110.7158408
2025-05-28T03:25:22.559114,38.3670081667,-110.7146595,38.3602021467,-110.7158407983
2025-05-28T03:25:23.059125,38.3670081667,-110.7146596667,38.3602021567,-110.715840795
2025-05-28T03:25:23.559200,38.3670081667,-110.7146596667,38.3602021683,-110.7158407833
2025-05-28T03:25:24.059292,38.3670081667,-110.7146595,38.3602021817,-110.71584076
2025-05-28T03:25:24.559145,38.3670081667,-110.7146595,38.3602021883,-110.71584074
2025-05-28T03:25:25.059045,38.3670081667,-110.7146595,38.3602021817,-110.715840735
2025-05-28T03:25:25.559105,38.3670081667,-110.7146595,38.3602021817,-110.715840735
2025-05-28T03:25:26.058997,38.3670081667,-110.7146595,38.360202175,-110.7158407333
2025-05-28T03:25:26.559098,38.3670081667,-110.7146595,38.3602021733,-110.71584073
2025-05-28T03:25:27.059138,38.3670083333,-110.7146595,38.3602020267,-110.7158407567
2025-05-28T03:25:27.559101,38.3670083333,-110.7146595,38.3602019367,-110.7158407567
2025-05-28T03:25:28.059023,38.3670083333,-110.7146595,38.36020174,-110.7158407467
2025-05-28T03:25:28.559003,38.3670083333,-110.7146595,38.36020174,-110.7158407467
2025-05-28T03:25:29.059069,38.3670083333,-110.7146593333,38.3602014867,-110.7158407517
2025-05-28T03:25:29.559347,38.3670083333,-110.7146593333,38.360201165,-110.71584077
2025-05-28T03:25:30.059029,38.3670081667,-110.7146593333,38.3602005083,-110.7158407233
2025-05-28T03:25:30.559211,38.3670081667,-110.7146593333,38.3602001267,-110.71584069
2025-05-28T03:25:31.059012,38.3670081667,-110.7146593333,38.3601997867,-110.715840685
2025-05-28T03:25:31.559017,38.3670081667,-110.7146593333,38.3601997867,-110.715840685
2025-05-28T03:25:32.059033,38.3670083333,-110.7146593333,38.36019949,-110.71584068
2025-05-28T03:25:32.559189,38.3670083333,-110.7146593333,38.3601992183,-110.71584072
2025-05-28T03:25:33.059064,38.3670085,-110.7146595,38.3601985883,-110.7158407583
2025-05-28T03:25:33.559090,38.3670085,-110.7146595,38.3601979283,-110.7158407517
2025-05-28T03:25:34.059022,38.3670086667,-110.7146595,38.3601968017,-110.7158407033
2025-05-28T03:25:34.559076,38.3670086667,-110.7146595,38.3601968017,-110.7158407033
2025-05-28T03:25:35.058998,38.3670085,-110.7146595,38.3601968183,-110.7158407117
2025-05-28T03:25:35.559107,38.3670085,-110.7146595,38.360196,-110.715840685
2025-05-28T03:25:36.059005,38.3670085,-110.7146593333,38.3601955433,-110.7158407017
2025-05-28T03:25:36.559313,38.3670085,-110.7146593333,38.36019515,-110.7158407133
2025-05-28T03:25:37.058986,38.3670085,-110.7146593333,38.3601942683,-110.7158407433
2025-05-28T03:25:37.559066,38.3670085,-110.7146593333,38.3601942683,-110.7158407433
2025-05-28T03:25:38.059043,38.3670086667,-110.7146595,38.3601937633,-110.7158407467
2025-05-28T03:25:38.559207,38.3670086667,-110.7146595,38.360193545,-110.7158407733
2025-05-28T03:25:39.059020,38.3670086667,-110.7146595,38.3601930033,-110.7158407983
2025-05-28T03:25:39.559150,38.3670086667,-110.7146595,38.3601926967,-110.715840835
2025-05-28T03:25:40.059012,38.3670091667,-110.7146593333,38.3601925417,-110.7158408617
2025-05-28T03:25:40.559089,38.3670091667,-110.7146593333,38.3601923933,-110.71584087
2025-05-28T03:25:41.059015,38.3670083333,-110.714659,38.36019214,-110.715840895
2025-05-28T03:25:41.559012,38.3670083333,-110.714659,38.3601898383,-110.71584117
2025-05-28T03:25:42.059019,38.3670085,-110.7146593333,38.3601859533,-110.7158415567
2025-05-28T03:25:42.559140,38.3670085,-110.7146593333,38.3601830283,-110.7158415967
2025-05-28T03:25:43.059071,38.3670086667,-110.7146595,38.3601803833,-110.7158415767
2025-05-28T03:25:43.559202,38.3670086667,-110.7146595,38.360178865,-110.7158415633
2025-05-28T03:25:44.059056,38.367008,-110.7146595,38.36017657,-110.7158415567
2025-05-28T03:25:44.559047,38.367008,-110.7146595,38.3601743033,-110.7158415967
2025-05-28T03:25:45.059172,38.3670086667,-110.7146593333,38.36016974,-110.71584142
2025-05-28T03:25:45.559224,38.3670086667,-110.7146593333,38.36016974,-110.71584142
2025-05-28T03:25:46.059027,38.3670086667,-110.7146591667,38.36016974,-110.71584142
2025-05-28T03:25:46.559031,38.3670086667,-110.7146591667,38.3601666417,-110.7158411667
2025-05-28T03:25:47.059002,38.3670083333,-110.7146593333,38.3601662517,-110.7158410983
2025-05-28T03:25:47.559105,38.3670083333,-110.7146593333,38.3601662517,-110.7158410983
2025-05-28T03:25:48.059075,38.367008,-110.7146591667,38.3601636983,-110.71584099
2025-05-28T03:25:48.559192,38.367008,-110.7146591667,38.36015861,-110.7158407917
2025-05-28T03:25:49.058928,38.367008,-110.7146593333,38.3601554017,-110.715840595
2025-05-28T03:25:49.559087,38.367008,-110.7146593333,38.3601535067,-110.7158407583
2025-05-28T03:25:50.059045,38.3670083333,-110.7146593333,38.3601491667,-110.7158422283
2025-05-28T03:25:50.559141,38.3670083333,-110.7146593333,38.3601455117,-110.715843475
2025-05-28T03:25:51.059021,38.3670085,-110.714659,38.3601392683,-110.7158455417
2025-05-28T03:25:51.559302,38.3670085,-110.714659,38.3601372317,-110.7158459367
2025-05-28T03:25:52.059005,38.3670083333,-110.7146586667,38.3601337033,-110.7158467117
2025-05-28T03:25:52.559058,38.3670083333,-110.7146586667,38.3601320867,-110.7158470783
2025-05-28T03:25:53.059023,38.3670083333,-110.714659,38.3601287667,-110.715848105
2025-05-28T03:25:53.559316,38.3670083333,-110.714659,38.360125345,-110.7158490883
2025-05-28T03:25:54.058994,38.3670085,-110.7146588333,38.360125345,-110.7158490883
2025-05-28T03:25:54.559405,38.3670085,-110.7146588333,38.3601155567,-110.7158513783
2025-05-28T03:25:55.059059,38.3670085,-110.714659,38.3601101333,-110.715853225
2025-05-28T03:25:55.559120,38.3670085,-110.714659,38.3601101333,-110.715853225
2025-05-28T03:25:56.059052,38.3670081667,-110.714659,38.36010645,-110.7158543817
2025-05-28T03:25:56.559092,38.3670081667,-110.714659,38.3601029267,-110.7158552717
2025-05-28T03:25:57.059040,38.3670078333,-110.714659,38.3600955733,-110.71585825
2025-05-28T03:25:57.559219,38.3670078333,-110.714659,38.3600921483,-110.7158597533
2025-05-28T03:25:58.058951,38.367008,-110.714659,38.3600889583,-110.7158620117
2025-05-28T03:25:58.559167,38.367008,-110.714659,38.3600889583,-110.7158620117
2025-05-28T03:25:59.059051,38.3670081667,-110.7146591667,38.360085665,-110.7158644733
2025-05-28T03:25:59.559214,38.3670081667,-110.7146591667,38.3600824717,-110.7158669483
2025-05-28T03:26:00.059014,38.3670081667,-110.714659,38.3600769583,-110.715870805
2025-05-28T03:26:00.559160,38.3670081667,-110.714659,38.36007324,-110.7158731967
2025-05-28T03:26:01.058996,38.3670078333,-110.714659,38.3600678183,-110.7158766883
2025-05-28T03:26:01.559070,38.3670078333,-110.714659,38.3600678183,-110.7158766883
2025-05-28T03:26:02.059004,38.3670076667,-110.7146591667,38.3600642867,-110.7158789483
2025-05-28T03:26:02.559109,38.3670076667,-110.7146591667,38.3600607067,-110.7158813483
2025-05-28T03:26:03.058995,38.3670078333,-110.7146593333,38.3600530983,-110.7158861917
2025-05-28T03:26:03.559097,38.3670078333,-110.7146593333,38.36004931,-110.7158885083
2025-05-28T03:26:04.059001,38.3670078333,-110.7146591667,38.360045465,-110.71589083
2025-05-28T03:26:04.559011,38.3670078333,-110.7146591667,38.360045465,-110.71589083
2025-05-28T03:26:05.059010,38.3670075,-110.7146591667,38.3600435967,-110.7158920283
2025-05-28T03:26:05.559354,38.3670075,-110.7146591667,38.36003806,-110.7158951133
2025-05-28T03:26:06.059004,38.3670075,-110.7146593333,38.3600326833,-110.715899195
2025-05-28T03:26:06.559054,38.3670075,-110.7146593333,38.3600291783,-110.7159019317
2025-05-28T03:26:07.059010,38.3670075,-110.7146595,38.3600241683,-110.7159054133
2025-05-28T03:26:07.559002,38.3670075,-110.7146595,38.3600241683,-110.7159054133
2025-05-28T03:26:08.059046,38.3670073333,-110.7146593333,38.3600206583,-110.715907935
2025-05-28T03:26:08.559076,38.3670073333,-110.7146593333,38.3600173,-110.7159108967
2025-05-28T03:26:09.059042,38.3670073333,-110.7146591667,38.3600122033,-110.7159151967
2025-05-28T03:26:09.559160,38.3670073333,-110.7146591667,38.3600078517,-110.715919085
2025-05-28T03:26:10.058998,38.3670073333,-110.7146593333,38.3600009783,-110.7159253967
2025-05-28T03:26:10.559176,38.3670073333,-110.7146593333,38.3600009783,-110.7159253967
2025-05-28T03:26:11.059049,38.3670076667,-110.7146596667,38.3599987183,-110.7159271983
2025-05-28T03:26:11.559185,38.3670076667,-110.7146596667,38.3599921267,-110.7159341167
2025-05-28T03:26:12.059038,38.3670076667,-110.7146595,38.3599862433,-110.715941135
2025-05-28T03:26:12.559144,38.3670076667,-110.7146595,38.359980605,-110.7159495333
2025-05-28T03:26:13.058997,38.3670076667,-110.7146591667,38.359980605,-110.7159495333
2025-05-28T03:26:13.559100,38.3670076667,-110.7146591667,38.35997671,-110.7159551067
2025-05-28T03:26:14.059134,38.3670076667,-110.7146595,38.35997671,-110.7159551067
2025-05-28T03:26:14.559363,38.3670076667,-110.7146595,38.359969,-110.7159655383
2025-05-28T03:26:15.059204,38.367008,-110.7146596667,38.3599640717,-110.715973575
2025-05-28T03:26:15.559039,38.367008,-110.7146596667,38.35996228,-110.7159767167
2025-05-28T03:26:16.059041,38.3670076667,-110.7146596667,38.3599585667,-110.7159827167
2025-05-28T03:26:16.559184,38.3670076667,-110.7146596667,38.3599585667,-110.7159827167
2025-05-28T03:26:17.059184,38.3670075,-110.7146596667,38.3599558533,-110.7159872517
2025-05-28T03:26:17.559168,38.3670075,-110.7146596667,38.3599528783,-110.71599197
2025-05-28T03:26:18.059061,38.3670075,-110.7146596667,38.359947095,-110.7160011267
2025-05-28T03:26:18.559073,38.3670075,-110.7146596667,38.3599458,-110.7160035767
2025-05-28T03:26:19.059017,38.3670076667,-110.7146596667,38.35994294,-110.7160079883
2025-05-28T03:26:19.559167,38.3670076667,-110.7146596667,38.359941645,-110.71601043
2025-05-28T03:26:20.059014,38.367008,-110.7146598333,38.359941645,-110.71601043
2025-05-28T03:26:20.559281,38.367008,-110.7146598333,38.359941645,-110.71601043
2025-05-28T03:26:21.059213,38.3670078333,-110.7146598333,38.359941645,-110.71601043
2025-05-28T03:26:21.559100,38.3670078333,-110.7146598333,38.3599384617,-110.71601885
2025-05-28T03:26:22.058995,38.3670078333,-110.7146598333,38.3599374383,-110.7160215367
2025-05-28T03:26:22.559113,38.3670078333,-110.7146598333,38.3599348167,-110.716028105
2025-05-28T03:26:23.059003,38.3670076667,-110.7146598333,38.3599339033,-110.71602958
2025-05-28T03:26:23.559193,38.3670076667,-110.7146598333,38.3599339033,-110.71602958
2025-05-28T03:26:24.059122,38.3670076667,-110.7146596667,38.3599339033,-110.71602958
2025-05-28T03:26:24.559303,38.3670076667,-110.7146596667,38.3599338983,-110.7160295767
2025-05-28T03:26:25.059007,38.3670076667,-110.7146595,38.3599336633,-110.71603004
2025-05-28T03:26:25.559282,38.3670076667,-110.7146595,38.3599336633,-110.71603004
2025-05-28T03:26:26.059065,38.3670078333,-110.7146595,38.35993366,-110.71603003
2025-05-28T03:26:26.559278,38.3670078333,-110.7146595,38.35993366,-110.71603003
2025-05-28T03:26:27.059035,38.3670076667,-110.7146593333,38.35993366,-110.71603003
2025-05-28T03:26:27.559235,38.3670076667,-110.7146593333,38.359933655,-110.71603002
2025-05-28T03:26:28.059016,38.3670076667,-110.7146593333,38.35993312,-110.7160315467
2025-05-28T03:26:28.559143,38.3670076667,-110.7146593333,38.359929945,-110.71603993
2025-05-28T03:26:29.059061,38.3670078333,-110.7146595,38.359929945,-110.71603993
2025-05-28T03:26:29.559163,38.3670078333,-110.7146595,38.3599299417,-110.7160399317
2025-05-28T03:26:30.059088,38.3670075,-110.7146596667,38.3599299383,-110.716039935
2025-05-28T03:26:30.559158,38.3670075,-110.7146596667,38.359929925,-110.7160399433
2025-05-28T03:26:31.059158,38.3670071667,-110.7146595,38.3599299083,-110.7160399533
2025-05-28T03:26:31.559126,38.3670071667,-110.7146595,38.3599299067,-110.716039955
2025-05-28T03:26:32.059002,38.3670076667,-110.7146595,38.3599299083,-110.7160399483
2025-05-28T03:26:32.559165,38.3670076667,-110.7146595,38.3599298967,-110.71603994
2025-05-28T03:26:33.059040,38.3670075,-110.7146596667,38.35992989,-110.7160399333
2025-05-28T03:26:33.559127,38.3670075,-110.7146596667,38.3599298817,-110.716039935
2025-05-28T03:26:34.059073,38.3670075,-110.7146598333,38.359929875,-110.716039935
2025-05-28T03:26:34.559162,38.3670075,-110.7146598333,38.359929875,-110.7160399333
2025-05-28T03:26:35.059036,38.3670075,-110.7146598333,38.3599298633,-110.716039935
2025-05-28T03:26:35.559118,38.3670078333,-110.7146601667,38.3599298533,-110.71603994
2025-05-28T03:26:36.059144,38.367008,-110.71466,38.3599298417,-110.71603995
2025-05-28T03:26:36.559244,38.367008,-110.71466,38.3599298317,-110.716039955
2025-05-28T03:26:37.059042,38.3670083333,-110.71466,38.359929825,-110.7160399583
2025-05-28T03:26:37.559178,38.3670083333,-110.71466,38.3599298117,-110.7160399683
2025-05-28T03:26:38.059049,38.3670081667,-110.71466,38.3599298067,-110.716039975
2025-05-28T03:26:38.559248,38.3670081667,-110.71466,38.3599297883,-110.71604001
2025-05-28T03:26:39.059076,38.3670081667,-110.71466,38.3599297833,-110.716040025
2025-05-28T03:26:39.559135,38.3670081667,-110.71466,38.3599297633,-110.7160400583
2025-05-28T03:26:40.059036,38.3670083333,-110.7146601667,38.3599297467,-110.7160400867
2025-05-28T03:26:40.558982,38.3670083333,-110.7146601667,38.3599294867,-110.716040965
2025-05-28T03:26:41.059166,38.3670083333,-110.71466,38.3599294867,-110.716040965
2025-05-28T03:26:41.559310,38.3670083333,-110.71466,38.3599289317,-110.7160427917
2025-05-28T03:26:42.059096,38.3670083333,-110.7146601667,38.3599281317,-110.716045605
2025-05-28T03:26:42.559174,38.3670083333,-110.7146601667,38.3599278767,-110.7160464783
2025-05-28T03:26:43.059436,38.3670083333,-110.71466,38.3599278667,-110.71604649
2025-05-28T03:26:43.559122,38.3670083333,-110.71466,38.3599278667,-110.71604649
2025-05-28T03:26:44.059133,38.3670085,-110.7146601667,38.359927615,-110.7160473517
2025-05-28T03:26:44.559304,38.3670085,-110.7146601667,38.3599276067,-110.7160473817
2025-05-28T03:26:45.059148,38.3670085,-110.7146601667,38.3599273683,-110.7160483967
2025-05-28T03:26:45.558907,38.3670085,-110.7146601667,38.3599273633,-110.71604842
2025-05-28T03:26:46.059069,38.3670085,-110.7146601667,38.3599273567,-110.71604846
2025-05-28T03:26:46.559182,38.3670085,-110.7146601667,38.3599273517,-110.7160484817
2025-05-28T03:26:47.059000,38.3670086667,-110.7146601667,38.3599271483,-110.7160495333
2025-05-28T03:26:47.559007,38.3670086667,-110.7146601667,38.3599270033,-110.7160505583
2025-05-28T03:26:48.059017,38.3670085,-110.7146601667,38.3599268733,-110.7160514617
2025-05-28T03:26:48.559032,38.3670085,-110.7146601667,38.3599268733,-110.7160515
2025-05-28T03:26:49.059037,38.3670085,-110.7146601667,38.35992687,-110.7160515283
2025-05-28T03:26:49.559172,38.3670085,-110.7146601667,38.3599268633,-110.7160515433
2025-05-28T03:26:50.059210,38.3670085,-110.7146601667,38.3599266117,-110.7160524633
2025-05-28T03:26:50.559140,38.3670085,-110.7146601667,38.359926605,-110.7160525
2025-05-28T03:26:51.059261,38.3670086667,-110.7146603333,38.3599265267,-110.7160534883
2025-05-28T03:26:51.559284,38.3670086667,-110.7146603333,38.35992652,-110.7160535067
2025-05-28T03:26:52.059016,38.3670086667,-110.7146603333,38.359926345,-110.71605447
2025-05-28T03:26:52.559182,38.3670086667,-110.7146603333,38.35992634,-110.716054495
2025-05-28T03:26:53.059056,38.3670086667,-110.7146603333,38.35992634,-110.716054495
2025-05-28T03:26:53.559246,38.3670086667,-110.7146603333,38.35992634,-110.716054495
2025-05-28T03:26:54.059037,38.3670086667,-110.7146605,38.3599263217,-110.716054605
2025-05-28T03:26:54.559067,38.3670086667,-110.7146605,38.3599262267,-110.7160557317
2025-05-28T03:26:55.059158,38.3670088333,-110.7146606667,38.3599257433,-110.7160601683
2025-05-28T03:26:55.559094,38.3670088333,-110.7146606667,38.359925585,-110.7160612717
2025-05-28T03:26:56.059062,38.367009,-110.7146606667,38.35992557,-110.71606133
2025-05-28T03:26:56.559342,38.367009,-110.7146606667,38.3599255533,-110.716061385
2025-05-28T03:26:57.059149,38.3670091667,-110.7146606667,38.3599252483,-110.71606333
2025-05-28T03:26:57.559313,38.3670091667,-110.7146606667,38.3599252433,-110.7160633517
2025-05-28T03:26:58.059090,38.367009,-110.7146606667,38.3599251067,-110.7160644967
2025-05-28T03:26:58.559123,38.367009,-110.7146606667,38.3599251,-110.7160645283
2025-05-28T03:26:59.059104,38.3670091667,-110.7146605,38.35992507,-110.7160646
2025-05-28T03:26:59.559259,38.3670091667,-110.7146605,38.359925045,-110.7160646667
2025-05-28T03:27:00.059009,38.367009,-110.7146605,38.3599250067,-110.7160647633
2025-05-28T03:27:00.559006,38.367009,-110.7146605,38.3599248583,-110.7160660783
2025-05-28T03:27:01.059316,38.367009,-110.7146605,38.3599247183,-110.7160685033
2025-05-28T03:27:01.559152,38.367009,-110.7146605,38.3599247183,-110.7160685033
2025-05-28T03:27:02.059042,38.367009,-110.7146605,38.3599247067,-110.716068585
2025-05-28T03:27:02.559121,38.367009,-110.7146605,38.3599246883,-110.71606866
2025-05-28T03:27:03.059032,38.3670088333,-110.7146605,38.3599246683,-110.7160687933
2025-05-28T03:27:03.559182,38.3670088333,-110.7146605,38.3599245583,-110.71606985
2025-05-28T03:27:04.059040,38.3670088333,-110.7146605,38.3599245517,-110.7160699183
2025-05-28T03:27:04.559171,38.3670088333,-110.7146605,38.3599245467,-110.7160699467
2025-05-28T03:27:05.059040,38.3670088333,-110.7146605,38.3599245383,-110.716070005
2025-05-28T03:27:05.559348,38.3670088333,-110.7146605,38.3599245267,-110.7160700817
2025-05-28T03:27:06.059037,38.367009,-110.7146605,38.3599245267,-110.7160700817
2025-05-28T03:27:06.559137,38.367009,-110.7146605,38.35992442,-110.7160715233
2025-05-28T03:27:07.059016,38.3670088333,-110.7146605,38.3599243817,-110.7160741067
2025-05-28T03:27:07.559003,38.3670088333,-110.7146605,38.3599243867,-110.7160741583
2025-05-28T03:27:08.058995,38.3670088333,-110.7146605,38.35992435,-110.7160754933
2025-05-28T03:27:08.559152,38.3670088333,-110.7146605,38.3599242733,-110.7160767
2025-05-28T03:27:09.059102,38.3670086667,-110.7146605,38.359924335,-110.716079045
2025-05-28T03:27:09.559093,38.3670086667,-110.7146605,38.3599243333,-110.7160791283
2025-05-28T03:27:10.059027,38.3670086667,-110.7146606667,38.3599242083,-110.7160817417
2025-05-28T03:27:10.559042,38.3670086667,-110.7146606667,38.3599242083,-110.7160817417
2025-05-28T03:27:11.059450,38.3670086667,-110.7146608333,38.3599241433,-110.7160844833
2025-05-28T03:27:11.559178,38.3670086667,-110.7146608333,38.3599241967,-110.7160878117
2025-05-28T03:27:12.059168,38.3670086667,-110.7146606667,38.35992402,-110.7160927367
2025-05-28T03:27:12.559069,38.3670086667,-110.7146606667,38.359924005,-110.7160960783
2025-05-28T03:27:13.059057,38.3670085,-110.7146606667,38.3599240017,-110.7160994733
2025-05-28T03:27:13.559100,38.3670085,-110.7146606667,38.35992403,-110.7161012967
2025-05-28T03:27:14.059099,38.3670085,-110.7146606667,38.35992403,-110.7161012967
2025-05-28T03:27:14.559223,38.3670085,-110.7146606667,38.35992403,-110.7161012967
2025-05-28T03:27:15.059010,38.3670085,-110.7146605,38.35992403,-110.7161012967
2025-05-28T03:27:15.559064,38.3670085,-110.7146605,38.35992403,-110.7161012967
2025-05-28T03:27:16.059066,38.3670083333,-110.7146605,38.35992403,-110.7161012967
2025-05-28T03:27:16.559256,38.3670083333,-110.7146605,38.35992403,-110.7161012967
2025-05-28T03:27:17.059207,38.3670083333,-110.7146605,38.3599234767,-110.71611515
2025-05-28T03:27:17.559187,38.3670083333,-110.7146605,38.3599228583,-110.71612582
2025-05-28T03:27:18.059076,38.3670083333,-110.7146605,38.35992252,-110.716130815
2025-05-28T03:27:18.559274,38.3670083333,-110.7146605,38.3599225133,-110.7161309817
2025-05-28T03:27:19.059164,38.3670083333,-110.7146606667,38.3599225133,-110.7161309817
2025-05-28T03:27:19.559099,38.3670083333,-110.7146606667,38.3599225117,-110.716131035
2025-05-28T03:27:20.059101,38.3670083333,-110.7146608333,38.3599225067,-110.7161310883
2025-05-28T03:27:20.559174,38.3670083333,-110.7146608333,38.3599221867,-110.7161350117
2025-05-28T03:27:21.059025,38.3670083333,-110.7146608333,38.3599221867,-110.7161350117
2025-05-28T03:27:21.559206,38.3670083333,-110.7146608333,38.3599221867,-110.7161350117
2025-05-28T03:27:22.059023,38.3670081667,-110.7146608333,38.359921745,-110.716138645
2025-05-28T03:27:22.559212,38.3670081667,-110.7146608333,38.359921745,-110.716138645
2025-05-28T03:27:23.059032,38.3670081667,-110.714661,38.3599211483,-110.7161469833
2025-05-28T03:27:23.559198,38.3670081667,-110.714661,38.3599211533,-110.716147095
2025-05-28T03:27:24.058969,38.3670081667,-110.714661,38.3599211683,-110.7161475133
2025-05-28T03:27:24.559118,38.3670081667,-110.714661,38.35992116,-110.7161476633
2025-05-28T03:27:25.059060,38.3670081667,-110.7146611667,38.359921155,-110.7161478
2025-05-28T03:27:25.559285,38.3670081667,-110.7146611667,38.359921155,-110.7161478
2025-05-28T03:27:26.059254,38.3670081667,-110.7146613333,38.359921155,-110.7161478
2025-05-28T03:27:26.559264,38.3670081667,-110.7146613333,38.359921165,-110.7161480317
2025-05-28T03:27:27.059147,38.3670081667,-110.7146611667,38.359921165,-110.7161480317
2025-05-28T03:27:27.559052,38.3670081667,-110.7146611667,38.359921165,-110.7161480317
2025-05-28T03:27:28.059269,38.3670081667,-110.7146611667,38.359921165,-110.7161480317
2025-05-28T03:27:28.559081,38.3670081667,-110.7146611667,38.359921175,-110.716148375
2025-05-28T03:27:29.059114,38.367008,-110.7146611667,38.3599211917,-110.7161483867
2025-05-28T03:27:29.559161,38.367008,-110.7146611667,38.359921205,-110.716148535
2025-05-28T03:27:30.059039,38.3670078333,-110.7146611667,38.3599212583,-110.716148595
2025-05-28T03:27:30.559518,38.3670078333,-110.7146611667,38.35992128,-110.7161486383
2025-05-28T03:27:31.059205,38.3670078333,-110.7146611667,38.3599213,-110.7161486533
2025-05-28T03:27:31.559225,38.3670078333,-110.7146611667,38.359921305,-110.7161487167
2025-05-28T03:27:32.059364,38.3670076667,-110.7146613333,38.359921305,-110.7161487167
2025-05-28T03:27:32.559181,38.3670076667,-110.7146613333,38.35992134,-110.71614886
2025-05-28T03:27:33.058983,38.3670076667,-110.7146613333,38.359921425,-110.7161489067
2025-05-28T03:27:33.559183,38.3670076667,-110.7146613333,38.359921465,-110.7161489217
2025-05-28T03:27:34.059047,38.3670076667,-110.7146613333,38.3599215133,-110.7161489467
2025-05-28T03:27:34.559487,38.3670076667,-110.7146613333,38.3599215133,-110.7161489467
2025-05-28T03:27:35.059031,38.3670076667,-110.7146615,38.3599215133,-110.7161489467
2025-05-28T03:27:35.559240,38.3670076667,-110.7146615,38.3599215683,-110.7161490083
2025-05-28T03:27:36.059127,38.3670075,-110.7146616667,38.35992167,-110.7161500883
2025-05-28T03:27:36.559095,38.3670075,-110.7146616667,38.35992167,-110.7161500883
2025-05-28T03:27:37.059050,38.3670078333,-110.7146615,38.3599216717,-110.7161516133
2025-05-28T03:27:37.559162,38.3670078333,-110.7146615,38.3599216717,-110.7161516133
2025-05-28T03:27:38.059089,38.3670078333,-110.7146615,38.3599216717,-110.7161516133
2025-05-28T03:27:38.559360,38.367008,-110.7146615,38.359921585,-110.7161551183
2025-05-28T03:27:39.059155,38.3670078333,-110.7146616667,38.3599214933,-110.7161608217
2025-05-28T03:27:39.559270,38.3670078333,-110.7146616667,38.3599214167,-110.71616213
2025-05-28T03:27:40.059052,38.367008,-110.7146616667,38.35992117,-110.716166405
2025-05-28T03:27:40.559073,38.367008,-110.7146616667,38.35992117,-110.716166405
2025-05-28T03:27:41.059151,38.367008,-110.7146616667,38.35992117,-110.716166405
2025-05-28T03:27:41.559215,38.367008,-110.7146616667,38.3599209217,-110.7161715933
2025-05-28T03:27:42.059105,38.3670078333,-110.7146616667,38.3599209217,-110.7161715933
2025-05-28T03:27:42.559213,38.3670078333,-110.7146616667,38.3599207267,-110.7161755067
2025-05-28T03:27:43.059118,38.3670078333,-110.7146616667,38.3599206483,-110.71617931
2025-05-28T03:27:43.559058,38.3670078333,-110.7146616667,38.35992054,-110.7161805517
2025-05-28T03:27:44.059026,38.3670078333,-110.7146618333,38.35992054,-110.7161805517
2025-05-28T03:27:44.559338,38.3670078333,-110.7146618333,38.35992043,-110.7161818933
2025-05-28T03:27:45.059032,38.3670078333,-110.7146618333,38.3599200817,-110.7161845383
2025-05-28T03:27:45.559045,38.3670078333,-110.7146618333,38.359919695,-110.7161915933
2025-05-28T03:27:46.059049,38.3670078333,-110.7146618333,38.3599193733,-110.7161958217
2025-05-28T03:27:46.559041,38.3670078333,-110.7146618333,38.35991935,-110.7161972517
2025-05-28T03:27:47.059114,38.3670078333,-110.7146618333,38.3599190817,-110.7162001383
2025-05-28T03:27:47.559296,38.3670078333,-110.7146618333,38.35991883,-110.7162030283
2025-05-28T03:27:48.059029,38.3670078333,-110.7146618333,38.359918195,-110.716208885
2025-05-28T03:27:48.559072,38.3670078333,-110.7146618333,38.3599179617,-110.7162119383
2025-05-28T03:27:49.059099,38.3670078333,-110.714662,38.35991789,-110.7162133117
2025-05-28T03:27:49.559098,38.3670078333,-110.714662,38.359917765,-110.716214715
2025-05-28T03:27:50.059170,38.3670078333,-110.7146618333,38.3599173017,-110.7162174183
2025-05-28T03:27:50.559198,38.3670078333,-110.7146618333,38.359916935,-110.7162197833
2025-05-28T03:27:51.059636,38.3670078333,-110.7146618333,38.3599164417,-110.7162235033
2025-05-28T03:27:51.559378,38.3670078333,-110.7146618333,38.3599159467,-110.7162260583
2025-05-28T03:27:52.059603,38.3670078333,-110.7146618333,38.3599155533,-110.7162288033
2025-05-28T03:27:52.559137,38.3670078333,-110.7146618333,38.3599153317,-110.71623016
2025-05-28T03:27:53.059094,38.3670075,-110.714662,38.3599151,-110.7162328417
2025-05-28T03:27:53.559064,38.3670075,-110.714662,38.359914855,-110.7162353367
2025-05-28T03:27:54.059138,38.3670075,-110.714662,38.359914255,-110.7162403883
2025-05-28T03:27:54.559137,38.3670075,-110.714662,38.3599140417,-110.7162416067
2025-05-28T03:27:55.059117,38.3670075,-110.714662,38.35991363,-110.716244345
2025-05-28T03:27:55.559385,38.3670075,-110.714662,38.3599134167,-110.7162458233
2025-05-28T03:27:56.059064,38.3670076667,-110.714662,38.3599134167,-110.7162458233
2025-05-28T03:27:56.559207,38.3670076667,-110.714662,38.3599134167,-110.7162458233
2025-05-28T03:27:57.059035,38.3670076667,-110.7146621667,38.3599134167,-110.7162458233
2025-05-28T03:27:57.559130,38.3670076667,-110.7146621667,38.3599134167,-110.7162458233
2025-05-28T03:27:58.059059,38.3670075,-110.7146621667,38.3599131167,-110.7162508
2025-05-28T03:27:58.559149,38.3670075,-110.7146621667,38.3599131167,-110.7162508
2025-05-28T03:27:59.059080,38.3670073333,-110.7146621667,38.3599131133,-110.71625084
2025-05-28T03:27:59.559291,38.3670073333,-110.7146621667,38.3599131083,-110.716250895
2025-05-28T03:28:00.059115,38.3670073333,-110.7146621667,38.3599130983,-110.71625096
2025-05-28T03:28:00.559277,38.3670073333,-110.7146621667,38.3599130867,-110.7162510233
2025-05-28T03:28:01.059099,38.3670073333,-110.714662,38.35991307,-110.71625106
2025-05-28T03:28:01.559171,38.3670073333,-110.714662,38.35991307,-110.71625106
2025-05-28T03:28:02.059195,38.3670071667,-110.714662,38.35991307,-110.71625106
2025-05-28T03:28:02.559081,38.3670071667,-110.714662,38.3599130567,-110.716251085
2025-05-28T03:28:03.059305,38.3670071667,-110.7146621667,38.359913045,-110.7162512183
2025-05-28T03:28:03.559206,38.3670071667,-110.7146621667,38.3599130483,-110.716251255
2025-05-28T03:28:04.059080,38.3670071667,-110.7146621667,38.3599130433,-110.71625132
2025-05-28T03:28:04.559166,38.3670071667,-110.7146621667,38.3599130433,-110.71625132
2025-05-28T03:28:05.059154,38.3670071667,-110.7146621667,38.3599130433,-110.71625132
2025-05-28T03:28:05.559074,38.3670071667,-110.7146621667,38.3599130283,-110.716251405
2025-05-28T03:28:06.059215,38.3670071667,-110.7146621667,38.3599130067,-110.716251485
2025-05-28T03:28:06.559149,38.3670071667,-110.7146621667,38.3599130067,-110.716251485
2025-05-28T03:28:07.059042,38.3670073333,-110.7146621667,38.359912265,-110.71625406
2025-05-28T03:28:07.559098,38.3670073333,-110.7146621667,38.3599120333,-110.716256915
2025-05-28T03:28:08.059025,38.3670073333,-110.7146621667,38.3599119567,-110.7162583317
2025-05-28T03:28:08.559249,38.3670073333,-110.7146621667,38.3599116883,-110.7162610283
2025-05-28T03:28:09.059040,38.367007,-110.714662,38.35991091,-110.716267965
2025-05-28T03:28:09.559167,38.367007,-110.714662,38.35991076,-110.716269285
2025-05-28T03:28:10.059079,38.3670068333,-110.7146615,38.3599102967,-110.716274755
2025-05-28T03:28:10.559151,38.3670068333,-110.7146615,38.3599102967,-110.716274755
2025-05-28T03:28:11.059090,38.367007,-110.7146615,38.3599102333,-110.7162760183
2025-05-28T03:28:11.559162,38.367007,-110.7146615,38.3599096533,-110.716278525
2025-05-28T03:28:12.059049,38.3670068333,-110.7146615,38.3599092133,-110.71628401
2025-05-28T03:28:12.559131,38.3670068333,-110.7146615,38.3599091467,-110.7162853167
2025-05-28T03:28:13.059012,38.3670068333,-110.7146615,38.35990911,-110.7162880283
2025-05-28T03:28:13.559153,38.3670068333,-110.7146615,38.3599086533,-110.7162906917
2025-05-28T03:28:14.059023,38.367007,-110.7146615,38.3599085367,-110.7162938033
2025-05-28T03:28:14.559119,38.367007,-110.7146615,38.359908435,-110.716296715
2025-05-28T03:28:15.059116,38.367007,-110.7146615,38.3599083133,-110.7163012883
2025-05-28T03:28:15.559193,38.367007,-110.7146615,38.3599082667,-110.7163042533
2025-05-28T03:28:16.059076,38.367007,-110.7146616667,38.3599081267,-110.71630727
2025-05-28T03:28:16.559020,38.367007,-110.7146616667,38.3599080317,-110.7163088333
2025-05-28T03:28:17.059043,38.367007,-110.7146618333,38.3599080433,-110.7163118683
2025-05-28T03:28:17.559010,38.367007,-110.7146618333,38.3599078083,-110.7163149083
2025-05-28T03:28:18.059017,38.367007,-110.7146615,38.359907855,-110.7163208633
2025-05-28T03:28:18.559083,38.367007,-110.7146615,38.359907725,-110.7163238767
2025-05-28T03:28:19.059010,38.3670071667,-110.7146615,38.3599076417,-110.7163253767
2025-05-28T03:28:19.559092,38.3670071667,-110.7146615,38.359907595,-110.7163268833
2025-05-28T03:28:20.058993,38.367007,-110.7146616667,38.3599073717,-110.7163298167
2025-05-28T03:28:20.559256,38.367007,-110.7146616667,38.35990709,-110.7163324717
2025-05-28T03:28:21.058995,38.367007,-110.7146616667,38.3599068667,-110.7163384467
2025-05-28T03:28:21.559048,38.367007,-110.7146616667,38.3599069217,-110.7163398783
2025-05-28T03:28:22.059065,38.3670071667,-110.7146616667,38.3599069667,-110.7163428683
2025-05-28T03:28:22.559139,38.3670071667,-110.7146616667,38.3599069533,-110.7163445267
2025-05-28T03:28:23.059058,38.3670071667,-110.7146618333,38.359906855,-110.7163476233
2025-05-28T03:28:23.559182,38.3670071667,-110.7146618333,38.359906785,-110.7163505333
2025-05-28T03:28:24.058999,38.3670073333,-110.714662,38.3599067733,-110.7163566717
2025-05-28T03:28:24.559059,38.3670073333,-110.714662,38.3599066667,-110.716360395
2025-05-28T03:28:25.059038,38.3670071667,-110.7146618333,38.3599066417,-110.716364715
2025-05-28T03:28:25.559129,38.3670071667,-110.7146618333,38.3599066417,-110.716364715
2025-05-28T03:28:26.059124,38.3670071667,-110.7146618333,38.35990679,-110.7163669633
2025-05-28T03:28:26.559124,38.3670071667,-110.7146618333,38.3599068967,-110.7163736233
2025-05-28T03:28:27.059049,38.3670071667,-110.7146616667,38.3599068217,-110.7163809233
2025-05-28T03:28:27.559095,38.3670071667,-110.7146616667,38.3599065833,-110.7163856
2025-05-28T03:28:28.059031,38.3670073333,-110.7146616667,38.3599066167,-110.7163928433
2025-05-28T03:28:28.558969,38.3670073333,-110.7146616667,38.3599066167,-110.7163928433
2025-05-28T03:28:29.059086,38.3670075,-110.7146616667,38.3599067367,-110.7163977467
2025-05-28T03:28:29.559072,38.3670075,-110.7146616667,38.3599067933,-110.71640263
2025-05-28T03:28:30.059051,38.3670078333,-110.7146615,38.35990699,-110.7164125367
2025-05-28T03:28:30.559102,38.3670078333,-110.7146615,38.35990708,-110.7164173683
2025-05-28T03:28:31.059093,38.3670073333,-110.714661,38.35990719,-110.7164197467
2025-05-28T03:28:31.559141,38.3670073333,-110.714661,38.35990724,-110.7164221483
2025-05-28T03:28:32.059081,38.3670071667,-110.7146606667,38.3599072517,-110.7164270583
2025-05-28T03:28:32.559064,38.3670071667,-110.7146606667,38.3599069333,-110.7164318867
2025-05-28T03:28:33.059044,38.3670071667,-110.7146605,38.359906735,-110.7164395917
2025-05-28T03:28:33.559042,38.3670071667,-110.7146605,38.3599063317,-110.716448
2025-05-28T03:28:34.059081,38.3670073333,-110.7146606667,38.3599061417,-110.7164536017
2025-05-28T03:28:34.559081,38.3670073333,-110.7146606667,38.3599061417,-110.7164536017
2025-05-28T03:28:35.059086,38.3670075,-110.7146605,38.3599058733,-110.7164590233
2025-05-28T03:28:35.559118,38.3670075,-110.7146605,38.35990534,-110.716464495
2025-05-28T03:28:36.059086,38.3670073333,-110.7146605,38.3599045083,-110.71647279
2025-05-28T03:28:36.559080,38.3670073333,-110.7146605,38.3599045017,-110.7164727967
2025-05-28T03:28:37.059008,38.367007,-110.7146605,38.359904495,-110.7164727967
2025-05-28T03:28:37.559104,38.367007,-110.7146605,38.35990449,-110.7164728
2025-05-28T03:28:38.059121,38.3670068333,-110.7146605,38.35990448,-110.7164728033
2025-05-28T03:28:38.559181,38.3670068333,-110.7146605,38.3599044667,-110.7164728
2025-05-28T03:28:39.059093,38.3670068333,-110.7146608333,38.35990446,-110.7164728217
2025-05-28T03:28:39.558967,38.3670068333,-110.7146608333,38.3599044517,-110.71647284
2025-05-28T03:28:40.059053,38.367007,-110.7146608333,38.359904445,-110.7164728467
2025-05-28T03:28:40.559039,38.367007,-110.7146608333,38.3599044433,-110.7164728533
2025-05-28T03:28:41.059004,38.367007,-110.714661,38.3599044383,-110.71647286
2025-05-28T03:28:41.559043,38.367007,-110.714661,38.359904425,-110.7164728783
2025-05-28T03:28:42.059044,38.3670073333,-110.7146611667,38.3599044183,-110.716472895
2025-05-28T03:28:42.559120,38.3670073333,-110.7146611667,38.3599044117,-110.7164729117
2025-05-28T03:28:43.058986,38.367007,-110.714661,38.3599044133,-110.7164729417
2025-05-28T03:28:43.559049,38.367007,-110.714661,38.3599044133,-110.7164729417
2025-05-28T03:28:44.059027,38.3670063333,-110.7146608333,38.3599044133,-110.716472965
2025-05-28T03:28:44.559029,38.3670063333,-110.7146608333,38.3599044083,-110.7164729817
2025-05-28T03:28:45.059095,38.367006,-110.7146606667,38.359904415,-110.7164730133
2025-05-28T03:28:45.559008,38.367006,-110.7146606667,38.3599044133,-110.7164730383
2025-05-28T03:28:46.058912,38.367006,-110.7146606667,38.3599044133,-110.7164730683
2025-05-28T03:28:46.559079,38.367006,-110.7146606667,38.3599044133,-110.7164730683
2025-05-28T03:28:47.059033,38.3670061667,-110.7146603333,38.3599044083,-110.7164730983
2025-05-28T03:28:47.559160,38.3670061667,-110.7146603333,38.3599044017,-110.7164731267
2025-05-28T03:28:48.059036,38.3670053333,-110.7146601667,38.3599043883,-110.7164731767
2025-05-28T03:28:48.559042,38.3670053333,-110.7146601667,38.3599043933,-110.7164732017
2025-05-28T03:28:49.059118,38.367006,-110.7146603333,38.3599043917,-110.7164732133
2025-05-28T03:28:49.559067,38.367006,-110.7146603333,38.3599043883,-110.716473225
2025-05-28T03:28:50.059178,38.367006,-110.7146603333,38.359904385,-110.716473235
2025-05-28T03:28:50.559026,38.3670058333,-110.7146598333,38.3599043767,-110.7164732583
2025-05-28T03:28:51.059050,38.3670056667,-110.7146601667,38.3599043733,-110.71647328
2025-05-28T03:28:51.559128,38.3670056667,-110.7146601667,38.3599043083,-110.7164734267
2025-05-28T03:28:52.059020,38.3670055,-110.7146601667,38.35990434,-110.7164736417
2025-05-28T03:28:52.559103,38.3670055,-110.7146601667,38.35990434,-110.7164736417
2025-05-28T03:28:53.059043,38.3670051667,-110.7146598333,38.35990436,-110.716473785
2025-05-28T03:28:53.559015,38.3670051667,-110.7146598333,38.3599043133,-110.716473905
2025-05-28T03:28:54.059003,38.3670051667,-110.7146598333,38.3599044183,-110.7164742283
2025-05-28T03:28:54.559290,38.3670051667,-110.7146598333,38.35990441,-110.71647424
2025-05-28T03:28:55.059056,38.3670053333,-110.71466,38.359904425,-110.7164742883
2025-05-28T03:28:55.559002,38.3670053333,-110.71466,38.359904425,-110.7164742883
2025-05-28T03:28:56.059000,38.3670053333,-110.71466,38.3599044567,-110.7164743567
2025-05-28T03:28:56.559243,38.3670053333,-110.71466,38.3599044617,-110.7164744033
2025-05-28T03:28:57.059029,38.3670053333,-110.71466,38.3599043883,-110.716474355
2025-05-28T03:28:57.559046,38.3670053333,-110.71466,38.3599043567,-110.7164743333
2025-05-28T03:28:58.059011,38.3670051667,-110.71466,38.359904325,-110.716474295
2025-05-28T03:28:58.559067,38.3670051667,-110.71466,38.359904325,-110.716474295
2025-05-28T03:28:59.059722,38.3670051667,-110.71466,38.3599043283,-110.71647431
2025-05-28T03:28:59.559006,38.3670051667,-110.71466,38.3599043117,-110.7164743317
2025-05-28T03:29:00.059075,38.3670051667,-110.71466,38.3599043783,-110.7164743117
2025-05-28T03:29:00.559059,38.3670051667,-110.71466,38.3599044,-110.7164743133
2025-05-28T03:29:01.058997,38.3670051667,-110.71466,38.3599044083,-110.7164755533
2025-05-28T03:29:01.559216,38.3670051667,-110.71466,38.3599044083,-110.7164755533
2025-05-28T03:29:02.059028,38.3670051667,-110.71466,38.3599041283,-110.7164788633
2025-05-28T03:29:02.559056,38.3670051667,-110.71466,38.359904205,-110.7164824433
2025-05-28T03:29:03.059006,38.3670053333,-110.7146601667,38.3599038117,-110.7164918233
2025-05-28T03:29:03.559002,38.3670053333,-110.7146601667,38.3599039467,-110.7164969783
2025-05-28T03:29:04.059019,38.3670046667,-110.7146601667,38.3599044367,-110.7165042117
2025-05-28T03:29:04.559043,38.3670046667,-110.7146601667,38.3599044367,-110.7165042117
2025-05-28T03:29:05.059020,38.3670051667,-110.7146601667,38.3599049867,-110.7165134667
2025-05-28T03:29:05.559033,38.3670051667,-110.7146601667,38.3599055983,-110.716522015
2025-05-28T03:29:06.059019,38.3670048333,-110.7146605,38.3599046267,-110.7165402033
2025-05-28T03:29:06.559068,38.3670048333,-110.7146605,38.3599039783,-110.716549575
2025-05-28T03:29:07.059021,38.367005,-110.7146603333,38.3599031867,-110.7165586783
2025-05-28T03:29:07.559199,38.367005,-110.7146603333,38.3599031867,-110.7165586783
2025-05-28T03:29:08.059013,38.3670048333,-110.7146605,38.3599026,-110.7165680867
2025-05-28T03:29:08.559082,38.3670048333,-110.7146605,38.3599015917,-110.7165771883
2025-05-28T03:29:09.059047,38.367005,-110.7146605,38.359900095,-110.716594685
2025-05-28T03:29:09.559051,38.367005,-110.7146605,38.35989866,-110.7166034167
2025-05-28T03:29:10.058948,38.367005,-110.7146605,38.359898185,-110.7166117633
2025-05-28T03:29:10.559033,38.367005,-110.7146605,38.359898185,-110.7166117633
2025-05-28T03:29:11.059000,38.367005,-110.7146605,38.3598984467,-110.7166194433
2025-05-28T03:29:11.559061,38.367005,-110.7146605,38.3598988383,-110.716626945
2025-05-28T03:29:12.059245,38.367005,-110.7146605,38.3599002567,-110.7166385033
2025-05-28T03:29:12.559039,38.367005,-110.7146605,38.3599013083,-110.7166500317
2025-05-28T03:29:13.058993,38.3670053333,-110.7146605,38.3599016367,-110.7166579067
2025-05-28T03:29:13.559098,38.3670053333,-110.7146605,38.3599016367,-110.7166579067
2025-05-28T03:29:14.059051,38.3670055,-110.7146606667,38.35990209,-110.7166659217
2025-05-28T03:29:14.559257,38.3670055,-110.7146606667,38.3599023233,-110.7166738117
2025-05-28T03:29:15.059011,38.3670055,-110.7146605,38.3599017333,-110.7166904117
2025-05-28T03:29:15.559200,38.3670055,-110.7146605,38.3599012033,-110.7166990417
2025-05-28T03:29:16.059167,38.3670056667,-110.7146605,38.3599006467,-110.7167033183
2025-05-28T03:29:16.559142,38.3670056667,-110.7146605,38.3599004067,-110.7167075433
2025-05-28T03:29:17.058997,38.3670056667,-110.7146606667,38.3599003633,-110.7167162867
2025-05-28T03:29:17.559053,38.3670056667,-110.7146606667,38.3599008533,-110.7167253017
2025-05-28T03:29:18.059009,38.3670056667,-110.7146606667,38.3599010917,-110.716738785
2025-05-28T03:29:18.559261,38.3670056667,-110.7146606667,38.35990094,-110.7167476783
2025-05-28T03:29:19.059048,38.3670058333,-110.7146606667,38.359900495,-110.716760975
2025-05-28T03:29:19.559149,38.3670058333,-110.7146606667,38.359900495,-110.716760975
2025-05-28T03:29:20.059476,38.3670058333,-110.7146608333,38.3599,-110.7167652633
2025-05-28T03:29:20.559322,38.3670058333,-110.7146608333,38.35989945,-110.7167781867
2025-05-28T03:29:21.059166,38.367006,-110.7146608333,38.35989936,-110.716791355
2025-05-28T03:29:21.559093,38.367006,-110.7146608333,38.3598991683,-110.7168002517
2025-05-28T03:29:22.059121,38.3670061667,-110.7146608333,38.3598986,-110.7168089317
2025-05-28T03:29:22.559135,38.3670061667,-110.7146608333,38.3598985983,-110.7168133183
2025-05-28T03:29:23.059055,38.3670063333,-110.7146608333,38.3598985983,-110.7168133183
2025-05-28T03:29:23.559168,38.3670063333,-110.7146608333,38.359897355,-110.7168304133
2025-05-28T03:29:24.059060,38.3670065,-110.7146605,38.3598985017,-110.716843705
2025-05-28T03:29:24.559217,38.3670065,-110.7146605,38.359899015,-110.71685233
2025-05-28T03:29:25.059007,38.3670066667,-110.7146603333,38.35989915,-110.7168612467
2025-05-28T03:29:25.559222,38.3670066667,-110.7146603333,38.3598988617,-110.71686554
2025-05-28T03:29:26.058961,38.3670066667,-110.7146603333,38.3598989683,-110.71687416
2025-05-28T03:29:26.559082,38.3670066667,-110.7146603333,38.3598991933,-110.71688326
2025-05-28T03:29:27.059212,38.3670065,-110.7146603333,38.359899015,-110.7169011
2025-05-28T03:29:27.559094,38.3670065,-110.7146603333,38.3598988217,-110.7169053583
2025-05-28T03:29:28.059059,38.3670065,-110.7146603333,38.35989822,-110.716913985
2025-05-28T03:29:28.559058,38.3670065,-110.7146603333,38.3598979983,-110.71691841
2025-05-28T03:29:29.058996,38.3670065,-110.7146603333,38.3598976517,-110.7169266017
2025-05-28T03:29:29.559067,38.3670065,-110.7146603333,38.3598988083,-110.71693523
2025-05-28T03:29:30.058978,38.3670065,-110.7146603333,38.359900115,-110.7169480583
2025-05-28T03:29:30.559014,38.3670065,-110.7146603333,38.3599007533,-110.7169568267
2025-05-28T03:29:31.058997,38.3670063333,-110.7146601667,38.35990117,-110.71696564
2025-05-28T03:29:31.559036,38.3670063333,-110.7146601667,38.359901265,-110.7169699983
2025-05-28T03:29:32.059006,38.3670063333,-110.7146601667,38.3599013067,-110.7169787133
2025-05-28T03:29:32.559204,38.3670063333,-110.7146601667,38.35990155,-110.7169874567
2025-05-28T03:29:33.059039,38.3670065,-110.7146601667,38.359901325,-110.7170005317
2025-05-28T03:29:33.559083,38.3670065,-110.7146601667,38.3599009367,-110.7170092283
2025-05-28T03:29:34.059130,38.3670065,-110.7146601667,38.359900925,-110.7170177183
2025-05-28T03:29:34.559056,38.3670065,-110.7146601667,38.359900925,-110.7170220167
2025-05-28T03:29:35.059000,38.3670065,-110.7146601667,38.3599008433,-110.7170262933
2025-05-28T03:29:35.559016,38.3670065,-110.7146601667,38.35990045,-110.7170391267
2025-05-28T03:29:36.059082,38.3670066667,-110.7146601667,38.35989943,-110.7170520867
2025-05-28T03:29:36.559194,38.3670066667,-110.7146601667,38.359899025,-110.7170606817
2025-05-28T03:29:37.059159,38.3670066667,-110.7146601667,38.3598981817,-110.71706884
2025-05-28T03:29:37.559030,38.3670066667,-110.7146601667,38.3598983167,-110.7170730833
2025-05-28T03:29:38.059153,38.3670065,-110.71466,38.35989849,-110.7170773883
2025-05-28T03:29:38.559051,38.3670065,-110.71466,38.3598985617,-110.7170902117
2025-05-28T03:29:39.059049,38.3670065,-110.71466,38.3598982683,-110.7171029167
2025-05-28T03:29:39.559040,38.3670065,-110.71466,38.3598982283,-110.71711091
2025-05-28T03:29:40.059007,38.3670065,-110.71466,38.359899325,-110.7171192867
2025-05-28T03:29:40.559242,38.3670065,-110.71466,38.359899855,-110.71712345
2025-05-28T03:29:41.059037,38.3670065,-110.7146598333,38.359900435,-110.7171276533
2025-05-28T03:29:41.559000,38.3670065,-110.7146598333,38.3599016983,-110.7171405217
2025-05-28T03:29:42.059018,38.3670065,-110.7146598333,38.35990242,-110.7171531017
2025-05-28T03:29:42.559083,38.3670065,-110.7146598333,38.3599020617,-110.717161415
2025-05-28T03:29:43.059148,38.3670065,-110.7146598333,38.3599026,-110.7171695817
2025-05-28T03:29:43.559117,38.3670065,-110.7146598333,38.3599030717,-110.71717387
2025-05-28T03:29:44.059056,38.3670065,-110.7146596667,38.35990361,-110.7171822
2025-05-28T03:29:44.559011,38.3670065,-110.7146596667,38.359903905,-110.7171904617
2025-05-28T03:29:45.059003,38.3670065,-110.7146596667,38.359903995,-110.7172031217
2025-05-28T03:29:45.559076,38.3670065,-110.7146596667,38.359903925,-110.7172073417
2025-05-28T03:29:46.059000,38.3670065,-110.7146596667,38.359903585,-110.7172158183
2025-05-28T03:29:46.559174,38.3670065,-110.7146596667,38.3599030383,-110.7172245983
2025-05-28T03:29:47.059034,38.3670065,-110.7146596667,38.35990195,-110.717232505
2025-05-28T03:29:47.558992,38.3670065,-110.7146596667,38.359902035,-110.71724104
2025-05-28T03:29:48.059002,38.3670065,-110.7146595,38.3599017133,-110.7172532217
2025-05-28T03:29:48.559002,38.3670065,-110.7146595,38.3599016083,-110.71726129
2025-05-28T03:29:49.059086,38.3670065,-110.7146595,38.3599030667,-110.7172692817
2025-05-28T03:29:49.559037,38.3670065,-110.7146595,38.3599040533,-110.717273415
2025-05-28T03:29:50.059138,38.3670065,-110.7146595,38.3599048683,-110.71727752
2025-05-28T03:29:50.559174,38.3670065,-110.7146595,38.3599072417,-110.71729009
2025-05-28T03:29:51.059055,38.3670066667,-110.7146596667,38.3599092117,-110.7173028833
2025-05-28T03:29:51.559132,38.3670066667,-110.7146596667,38.3599096467,-110.7173070633
2025-05-28T03:29:52.059175,38.3670068333,-110.7146596667,38.3599096467,-110.7173070633
2025-05-28T03:29:52.559116,38.3670068333,-110.7146596667,38.3599111067,-110.7173241183
2025-05-28T03:29:53.059013,38.3670066667,-110.7146595,38.3599113933,-110.71732839
2025-05-28T03:29:53.559073,38.3670066667,-110.7146595,38.3599121883,-110.7173412967
2025-05-28T03:29:54.059068,38.3670066667,-110.7146596667,38.3599126967,-110.7173538883
2025-05-28T03:29:54.559067,38.3670066667,-110.7146596667,38.3599131167,-110.7173625017
2025-05-28T03:29:55.059076,38.3670066667,-110.7146598333,38.3599131067,-110.7173750467
2025-05-28T03:29:55.559149,38.3670066667,-110.7146598333,38.3599131067,-110.7173750467
2025-05-28T03:29:56.059105,38.3670066667,-110.7146596667,38.3599135267,-110.7173792517
2025-05-28T03:29:56.559207,38.3670066667,-110.7146596667,38.3599147567,-110.717392005
2025-05-28T03:29:57.059018,38.3670065,-110.7146596667,38.3599156617,-110.71740463
2025-05-28T03:29:57.559098,38.3670065,-110.7146596667,38.3599158833,-110.71741329
2025-05-28T03:29:58.059091,38.3670063333,-110.7146596667,38.3599161917,-110.71742202
2025-05-28T03:29:58.559244,38.3670063333,-110.7146596667,38.3599162233,-110.7174263817
2025-05-28T03:29:59.058998,38.3670061667,-110.7146595,38.35991627,-110.717430645
2025-05-28T03:29:59.559033,38.3670061667,-110.7146595,38.3599164333,-110.7174436433
2025-05-28T03:30:00.059006,38.3670061667,-110.7146596667,38.3599161533,-110.7174566767
2025-05-28T03:30:00.559037,38.3670061667,-110.7146596667,38.3599156567,-110.7174652717
2025-05-28T03:30:01.059000,38.3670061667,-110.7146596667,38.3599150483,-110.717473835
2025-05-28T03:30:01.559210,38.3670061667,-110.7146596667,38.3599146917,-110.7174781367
2025-05-28T03:30:02.059126,38.3670061667,-110.7146596667,38.3599146917,-110.7174781367
2025-05-28T03:30:02.558991,38.3670061667,-110.7146596667,38.3599130233,-110.7174950233
2025-05-28T03:30:03.059058,38.3670061667,-110.7146596667,38.359912185,-110.717507635
2025-05-28T03:30:03.559173,38.3670061667,-110.7146596667,38.3599116217,-110.717513965
2025-05-28T03:30:04.059135,38.3670061667,-110.7146596667,38.359910955,-110.7175188483
2025-05-28T03:30:04.559052,38.3670061667,-110.7146596667,38.359910955,-110.7175188483
2025-05-28T03:30:05.059005,38.3670061667,-110.7146598333,38.3599106917,-110.7175207783
2025-05-28T03:30:05.559018,38.3670061667,-110.7146598333,38.3599103567,-110.71752261
2025-05-28T03:30:06.059016,38.3670061667,-110.7146598333,38.3599091967,-110.7175297967
2025-05-28T03:30:06.559222,38.3670061667,-110.7146598333,38.359909205,-110.7175368467
2025-05-28T03:30:07.058996,38.3670063333,-110.7146598333,38.3599091183,-110.71754871
2025-05-28T03:30:07.559007,38.3670063333,-110.7146598333,38.3599091183,-110.71754871
2025-05-28T03:30:08.059003,38.3670065,-110.71466,38.3599091767,-110.7175562883
2025-05-28T03:30:08.559041,38.3670065,-110.71466,38.3599100733,-110.7175642417
2025-05-28T03:30:09.059044,38.3670065,-110.71466,38.35991125,-110.717575985
2025-05-28T03:30:09.559063,38.3670056667,-110.714661,38.3599117883,-110.7175839583
2025-05-28T03:30:10.059025,38.3670056667,-110.714661,38.35991229,-110.7175956583
2025-05-28T03:30:10.559225,38.3670056667,-110.714661,38.35991229,-110.7175956583
2025-05-28T03:30:11.059027,38.3670058333,-110.714661,38.3599123,-110.71759947
2025-05-28T03:30:11.559033,38.3670058333,-110.714661,38.3599127267,-110.7176112233
2025-05-28T03:30:12.059071,38.367006,-110.7146608333,38.3599125383,-110.7176231633
2025-05-28T03:30:12.559102,38.367006,-110.7146608333,38.35991292,-110.7176311817
2025-05-28T03:30:13.059000,38.3670061667,-110.7146608333,38.3599129483,-110.71764285
2025-05-28T03:30:13.559027,38.3670061667,-110.7146608333,38.3599129483,-110.71764285
2025-05-28T03:30:14.059140,38.367006,-110.7146608333,38.359913385,-110.7176507867
2025-05-28T03:30:14.559118,38.367006,-110.7146608333,38.3599139733,-110.7176584433
2025-05-28T03:30:15.059009,38.367006,-110.7146608333,38.3599160783,-110.7176700933
2025-05-28T03:30:15.559035,38.367006,-110.7146608333,38.35991733,-110.717677915
2025-05-28T03:30:16.059053,38.367006,-110.7146608333,38.359918185,-110.7176853683
2025-05-28T03:30:16.559156,38.367006,-110.7146608333,38.3599191133,-110.7176891117
2025-05-28T03:30:17.059003,38.3670061667,-110.7146608333,38.35992083,-110.7176967617
2025-05-28T03:30:17.559105,38.3670061667,-110.7146608333,38.3599224233,-110.717704385
2025-05-28T03:30:18.059058,38.3670061667,-110.7146608333,38.3599244917,-110.7177159667
2025-05-28T03:30:18.558999,38.3670061667,-110.7146608333,38.3599255683,-110.71772351
2025-05-28T03:30:19.059146,38.3670061667,-110.7146608333,38.3599263,-110.7177311083
2025-05-28T03:30:19.559178,38.3670061667,-110.7146608333,38.3599265517,-110.7177348417
2025-05-28T03:30:20.059055,38.3670061667,-110.7146608333,38.3599280833,-110.7177421433
2025-05-28T03:30:20.559083,38.3670061667,-110.7146608333,38.3599306633,-110.7177490667
2025-05-28T03:30:21.058992,38.3670061667,-110.7146608333,38.35993243,-110.7177523833
2025-05-28T03:30:21.559042,38.3670061667,-110.7146608333,38.359937945,-110.7177618817
2025-05-28T03:30:22.059121,38.3670061667,-110.7146608333,38.3599432967,-110.7177718383
2025-05-28T03:30:22.559141,38.3670061667,-110.7146608333,38.359945135,-110.7177751883
2025-05-28T03:30:23.059155,38.3670061667,-110.7146608333,38.359945135,-110.7177751883
2025-05-28T03:30:23.559130,38.3670061667,-110.7146608333,38.3599488217,-110.71778227
2025-05-28T03:30:24.058999,38.3670061667,-110.7146608333,38.3599556917,-110.7177972433
2025-05-28T03:30:24.559264,38.3670061667,-110.7146608333,38.3599579833,-110.7178023433
2025-05-28T03:30:25.058998,38.3670063333,-110.7146608333,38.3599600183,-110.71780734
2025-05-28T03:30:25.559178,38.3670063333,-110.7146608333,38.3599610467,-110.7178098917
2025-05-28T03:30:26.058992,38.3670063333,-110.7146608333,38.359962115,-110.717812365
2025-05-28T03:30:26.559097,38.3670063333,-110.7146608333,38.359964015,-110.7178171733
2025-05-28T03:30:27.059014,38.3670061667,-110.7146608333,38.3599659,-110.717821835
2025-05-28T03:30:27.559286,38.3670061667,-110.7146608333,38.3599670167,-110.7178247083
2025-05-28T03:30:28.059018,38.367006,-110.7146608333,38.3599681833,-110.7178279317
2025-05-28T03:30:28.559000,38.367006,-110.7146608333,38.359968825,-110.7178297717
2025-05-28T03:30:29.058990,38.3670058333,-110.7146608333,38.359970085,-110.71783372
2025-05-28T03:30:29.559032,38.3670058333,-110.7146608333,38.3599714167,-110.7178393033
2025-05-28T03:30:30.059204,38.3670056667,-110.7146608333,38.3599761717,-110.717848505
2025-05-28T03:30:30.559284,38.3670056667,-110.7146608333,38.3599809633,-110.717855165
2025-05-28T03:30:31.059047,38.3670058333,-110.7146608333,38.35998589,-110.7178618
2025-05-28T03:30:31.559163,38.3670058333,-110.7146608333,38.3599882333,-110.7178652217
2025-05-28T03:30:32.059135,38.3670055,-110.7146606667,38.3599882333,-110.7178652217
2025-05-28T03:30:32.559141,38.3670055,-110.7146606667,38.3599988517,-110.7178766467
2025-05-28T03:30:33.059040,38.3670055,-110.7146606667,38.3600009167,-110.7178787667
2025-05-28T03:30:33.559116,38.3670055,-110.7146606667,38.3600079717,-110.71788657
2025-05-28T03:30:34.059186,38.3670055,-110.7146606667,38.3600150717,-110.7178948517
2025-05-28T03:30:34.559164,38.3670055,-110.7146606667,38.3600150717,-110.7178948517
2025-05-28T03:30:35.059113,38.3670055,-110.7146606667,38.3600160717,-110.7178963817
2025-05-28T03:30:35.559188,38.3670055,-110.7146606667,38.3600173283,-110.7178980817
2025-05-28T03:30:36.059141,38.3670058333,-110.7146605,38.3600186567,-110.7178998733
2025-05-28T03:30:36.559102,38.3670058333,-110.7146605,38.3600199433,-110.7179017267
2025-05-28T03:30:37.059133,38.3670058333,-110.7146603333,38.3600199433,-110.7179017267
2025-05-28T03:30:37.559249,38.3670058333,-110.7146603333,38.3600199433,-110.7179017267
2025-05-28T03:30:38.059129,38.367006,-110.7146605,38.3600199433,-110.7179017267
2025-05-28T03:30:38.559300,38.367006,-110.7146605,38.3600199433,-110.7179017267
2025-05-28T03:30:39.059147,38.3670061667,-110.7146603333,38.3600237633,-110.7179075
2025-05-28T03:30:39.559205,38.3670061667,-110.7146603333,38.3600237633,-110.7179075
2025-05-28T03:30:40.059031,38.3670063333,-110.7146603333,38.3600237633,-110.7179075
2025-05-28T03:30:40.559257,38.3670063333,-110.7146603333,38.3600237633,-110.7179075
2025-05-28T03:30:41.059045,38.367006,-110.7146605,38.3600237633,-110.7179075
2025-05-28T03:30:41.559181,38.367006,-110.7146605,38.3600280733,-110.717914375
2025-05-28T03:30:42.059187,38.3670056667,-110.7146603333,38.3600280733,-110.717914375
2025-05-28T03:30:42.559169,38.3670056667,-110.7146603333,38.3600280733,-110.717914375
2025-05-28T03:30:43.059074,38.3670055,-110.7146603333,38.3600280733,-110.717914375
2025-05-28T03:30:43.559114,38.3670055,-110.7146603333,38.3600280733,-110.717914375
2025-05-28T03:30:44.059128,38.3670053333,-110.7146601667,38.3600280733,-110.717914375
2025-05-28T03:30:44.559086,38.3670053333,-110.7146601667,38.36002915,-110.7179158567
2025-05-28T03:30:45.058991,38.3670053333,-110.7146603333,38.36002915,-110.7179158567
2025-05-28T03:30:45.559097,38.3670053333,-110.7146603333,38.360029145,-110.7179158683
2025-05-28T03:30:46.059132,38.3670055,-110.7146601667,38.3600291317,-110.7179158933
2025-05-28T03:30:46.559062,38.3670055,-110.7146601667,38.3600291467,-110.7179158767
2025-05-28T03:30:47.058990,38.3670055,-110.7146601667,38.3600291467,-110.7179158767
2025-05-28T03:30:47.559241,38.3670055,-110.7146601667,38.3600291467,-110.7179158767
2025-05-28T03:30:48.059148,38.3670053333,-110.7146601667,38.3600291467,-110.7179158767
2025-05-28T03:30:48.559256,38.3670053333,-110.7146601667,38.3600291467,-110.7179158767
2025-05-28T03:30:49.059354,38.3670053333,-110.7146603333,38.3600291467,-110.7179158767
2025-05-28T03:30:49.559217,38.3670053333,-110.7146603333,38.3600291467,-110.7179158767
2025-05-28T03:30:50.059264,38.3670053333,-110.7146603333,38.3600291467,-110.7179158767
2025-05-28T03:30:50.559284,38.3670053333,-110.7146603333,38.3600291467,-110.7179158767
2025-05-28T03:30:51.059116,38.3670053333,-110.7146603333,38.3600291467,-110.7179158767
2025-05-28T03:30:51.559082,38.3670053333,-110.7146603333,38.3600291467,-110.7179158767
2025-05-28T03:30:52.059011,38.3670055,-110.7146601667,38.3600291467,-110.7179158767
2025-05-28T03:30:52.559078,38.3670055,-110.7146601667,38.3600291467,-110.7179158767
2025-05-28T03:30:53.059030,38.3670056667,-110.7146603333,38.3600291467,-110.7179158767
2025-05-28T03:30:53.559277,38.3670056667,-110.7146603333,38.3600291467,-110.7179158767
2025-05-28T03:30:54.059143,38.3670056667,-110.7146603333,38.3600291467,-110.7179158767
2025-05-28T03:30:54.559251,38.3670056667,-110.7146603333,38.3600291467,-110.7179158767
2025-05-28T03:30:55.058999,38.3670053333,-110.7146603333,38.3600291467,-110.7179158767
2025-05-28T03:30:55.559193,38.3670053333,-110.7146603333,38.3600291467,-110.7179158767
2025-05-28T03:30:56.059149,38.3670055,-110.7146603333,38.3600291467,-110.7179158767
2025-05-28T03:30:56.559250,38.3670055,-110.7146603333,38.3600291467,-110.7179158767
2025-05-28T03:30:57.059146,38.3670055,-110.7146603333,38.3600291467,-110.7179158767
2025-05-28T03:30:57.559164,38.3670055,-110.7146603333,38.3600291467,-110.7179158767
2025-05-28T03:30:58.059146,38.3670056667,-110.7146603333,38.3600291467,-110.7179158767
2025-05-28T03:30:58.559203,38.3670056667,-110.7146603333,38.3600291467,-110.7179158767
2025-05-28T03:30:59.059128,38.3670058333,-110.7146605,38.3600291467,-110.7179158767
2025-05-28T03:30:59.559209,38.3670058333,-110.7146605,38.3600291467,-110.7179158767
2025-05-28T03:31:00.059048,38.3670058333,-110.7146603333,38.3600291467,-110.7179158767
2025-05-28T03:31:00.559204,38.3670058333,-110.7146603333,38.3600291467,-110.7179158767
2025-05-28T03:31:01.059151,38.3670056667,-110.7146603333,38.3600291467,-110.7179158767
2025-05-28T03:31:01.559190,38.3670056667,-110.7146603333,38.3600291467,-110.7179158767
2025-05-28T03:31:02.059011,38.3670058333,-110.7146605,38.3600291467,-110.7179158767
2025-05-28T03:31:02.559104,38.3670058333,-110.7146605,38.3600291467,-110.7179158767
2025-05-28T03:31:03.059012,38.3670058333,-110.7146603333,38.3600291467,-110.7179158767
2025-05-28T03:31:03.559257,38.3670058333,-110.7146603333,38.3600291467,-110.7179158767
2025-05-28T03:31:04.059135,38.367006,-110.7146605,38.3600291467,-110.7179158767
2025-05-28T03:31:04.559195,38.367006,-110.7146605,38.3600291467,-110.7179158767
2025-05-28T03:31:05.059055,38.367006,-110.7146605,38.3600291467,-110.7179158767
2025-05-28T03:31:05.559204,38.367006,-110.7146605,38.3600291467,-110.7179158767
2025-05-28T03:31:06.059032,38.367006,-110.7146605,38.3600291467,-110.7179158767
2025-05-28T03:31:06.559249,38.367006,-110.7146605,38.3600291467,-110.7179158767
2025-05-28T03:31:07.059146,38.367006,-110.7146605,38.3600291467,-110.7179158767
2025-05-28T03:31:07.559305,38.367006,-110.7146605,38.3600291467,-110.7179158767
2025-05-28T03:31:08.059156,38.367006,-110.7146605,38.3600291467,-110.7179158767
2025-05-28T03:31:08.559295,38.367006,-110.7146605,38.3600291467,-110.7179158767
2025-05-28T03:31:09.059150,38.367006,-110.7146606667,38.3600291467,-110.7179158767
2025-05-28T03:31:09.559163,38.367006,-110.7146606667,38.3600291467,-110.7179158767
2025-05-28T03:31:10.059137,38.3670056667,-110.7146606667,38.3600291467,-110.7179158767
2025-05-28T03:31:10.559148,38.3670056667,-110.7146606667,38.3600291467,-110.7179158767
2025-05-28T03:31:11.059100,38.3670058333,-110.7146606667,38.3600291467,-110.7179158767
2025-05-28T03:31:11.559111,38.3670058333,-110.7146606667,38.3600291467,-110.7179158767
2025-05-28T03:31:12.059139,38.367006,-110.7146608333,38.3600291467,-110.7179158767
2025-05-28T03:31:12.559132,38.367006,-110.7146608333,38.3600291467,-110.7179158767
2025-05-28T03:31:13.059156,38.3670061667,-110.7146608333,38.3600291467,-110.7179158767
2025-05-28T03:31:13.559093,38.3670061667,-110.7146608333,38.3600291467,-110.7179158767
2025-05-28T03:31:14.059119,38.3670061667,-110.7146608333,38.3600291467,-110.7179158767
2025-05-28T03:31:14.559261,38.3670061667,-110.7146608333,38.3600291467,-110.7179158767
2025-05-28T03:31:15.059066,38.3670061667,-110.714661,38.3600291467,-110.7179158767
2025-05-28T03:31:15.559094,38.3670061667,-110.714661,38.3600291467,-110.7179158767
2025-05-28T03:31:16.059189,38.3670061667,-110.714661,38.3600291467,-110.7179158767
2025-05-28T03:31:16.559184,38.3670061667,-110.714661,38.3600291467,-110.7179158767
2025-05-28T03:31:17.059081,38.3670058333,-110.714661,38.3600291467,-110.7179158767
2025-05-28T03:31:17.559174,38.3670058333,-110.714661,38.3600291467,-110.7179158767
2025-05-28T03:31:18.059064,38.3670053333,-110.7146615,38.3600291467,-110.7179158767
2025-05-28T03:31:18.559214,38.3670053333,-110.7146615,38.3600291467,-110.7179158767
2025-05-28T03:31:19.059156,38.3670058333,-110.7146613333,38.3600291467,-110.7179158767
2025-05-28T03:31:19.559103,38.3670058333,-110.7146613333,38.3600291467,-110.7179158767
2025-05-28T03:31:20.059001,38.3670058333,-110.7146611667,38.3600291467,-110.7179158767
2025-05-28T03:31:20.559096,38.3670058333,-110.7146611667,38.3600291467,-110.7179158767
2025-05-28T03:31:21.059052,38.3670056667,-110.7146608333,38.3600291467,-110.7179158767
2025-05-28T03:31:21.559068,38.3670056667,-110.7146608333,38.3600291467,-110.7179158767
2025-05-28T03:31:22.059052,38.367006,-110.7146606667,38.3600291467,-110.7179158767
2025-05-28T03:31:22.559213,38.367006,-110.7146606667,38.3600291467,-110.7179158767
2025-05-28T03:31:23.058989,38.3670066667,-110.7146601667,38.3600291467,-110.7179158767
2025-05-28T03:31:23.559204,38.3670066667,-110.7146601667,38.3600291467,-110.7179158767
2025-05-28T03:31:24.059004,38.3670065,-110.71466,38.3600291467,-110.7179158767
2025-05-28T03:31:24.559329,38.3670065,-110.71466,38.3600291467,-110.7179158767
2025-05-28T03:31:25.058986,38.3670058333,-110.7146603333,38.3600291467,-110.7179158767
2025-05-28T03:31:25.559204,38.3670058333,-110.7146603333,38.3600291467,-110.7179158767
2025-05-28T03:31:26.059000,38.3670063333,-110.7146605,38.3600291467,-110.7179158767
2025-05-28T03:31:26.559406,38.3670063333,-110.7146605,38.3600291467,-110.7179158767
2025-05-28T03:31:27.059021,38.3670061667,-110.7146603333,38.3600291467,-110.7179158767
2025-05-28T03:31:27.559202,38.3670061667,-110.7146603333,38.3600291467,-110.7179158767
2025-05-28T03:31:28.059000,38.3670063333,-110.7146603333,38.3600291467,-110.7179158767
2025-05-28T03:31:28.559150,38.3670063333,-110.7146603333,38.3600291467,-110.7179158767
2025-05-28T03:31:29.058992,38.3670065,-110.7146606667,38.3600291467,-110.7179158767
2025-05-28T03:31:29.559213,38.3670065,-110.7146606667,38.3600291467,-110.7179158767
2025-05-28T03:31:30.058985,38.3670063333,-110.7146605,38.3600291467,-110.7179158767
2025-05-28T03:31:30.559269,38.3670063333,-110.7146605,38.3600291467,-110.7179158767
2025-05-28T03:31:31.059070,38.3670063333,-110.7146606667,38.3600291467,-110.7179158767
2025-05-28T03:31:31.559200,38.3670063333,-110.7146606667,38.3600291467,-110.7179158767
2025-05-28T03:31:32.059132,38.3670061667,-110.7146605,38.3600291467,-110.7179158767
2025-05-28T03:31:32.559276,38.3670061667,-110.7146605,38.3600291467,-110.7179158767
2025-05-28T03:31:33.059014,38.367006,-110.7146605,38.3600291467,-110.7179158767
2025-05-28T03:31:33.559252,38.367006,-110.7146605,38.3600291467,-110.7179158767
2025-05-28T03:31:34.059121,38.3670058333,-110.7146605,38.3600291467,-110.7179158767
2025-05-28T03:31:34.559242,38.3670058333,-110.7146605,38.3600291467,-110.7179158767
2025-05-28T03:31:35.059140,38.367006,-110.7146605,38.3600291467,-110.7179158767
2025-05-28T03:31:35.559286,38.367006,-110.7146605,38.3600291467,-110.7179158767
2025-05-28T03:31:36.059124,38.367006,-110.7146605,38.3600291467,-110.7179158767
2025-05-28T03:31:36.559259,38.367006,-110.7146605,38.3600291467,-110.7179158767
2025-05-28T03:31:37.059128,38.3670061667,-110.7146605,38.3600291467,-110.7179158767
2025-05-28T03:31:37.559263,38.3670061667,-110.7146605,38.3600291467,-110.7179158767
2025-05-28T03:31:38.059183,38.3670063333,-110.7146605,38.3600291467,-110.7179158767
2025-05-28T03:31:38.559236,38.3670063333,-110.7146605,38.3600291467,-110.7179158767
2025-05-28T03:31:39.059120,38.3670065,-110.7146605,38.3600291467,-110.7179158767
2025-05-28T03:31:39.559206,38.3670065,-110.7146605,38.3600291467,-110.7179158767
2025-05-28T03:31:40.059114,38.3670065,-110.7146605,38.3600291467,-110.7179158767
2025-05-28T03:31:40.559198,38.3670065,-110.7146605,38.3600291467,-110.7179158767
2025-05-28T03:31:41.059119,38.3670065,-110.7146605,38.3600291467,-110.7179158767
2025-05-28T03:31:41.559280,38.3670065,-110.7146605,38.3600291467,-110.7179158767
2025-05-28T03:31:42.059133,38.3670065,-110.7146605,38.3600291467,-110.7179158767
2025-05-28T03:31:42.559251,38.3670065,-110.7146605,38.3600291467,-110.7179158767
2025-05-28T03:31:43.059294,38.3670066667,-110.7146603333,38.3600291467,-110.7179158767
2025-05-28T03:31:43.559245,38.3670066667,-110.7146603333,38.3600291467,-110.7179158767
2025-05-28T03:31:44.059153,38.3670063333,-110.7146603333,38.3600291467,-110.7179158767
2025-05-28T03:31:44.559204,38.3670063333,-110.7146603333,38.3600291467,-110.7179158767
2025-05-28T03:31:45.059129,38.3670063333,-110.7146603333,38.3600291467,-110.7179158767
2025-05-28T03:31:45.559245,38.3670063333,-110.7146603333,38.3600291467,-110.7179158767
2025-05-28T03:31:46.059070,38.3670061667,-110.7146601667,38.3600291467,-110.7179158767
2025-05-28T03:31:46.559257,38.3670061667,-110.7146601667,38.3600291467,-110.7179158767
2025-05-28T03:31:47.059134,38.3670063333,-110.7146601667,38.3600291467,-110.7179158767
2025-05-28T03:31:47.559203,38.3670063333,-110.7146601667,38.3600291467,-110.7179158767
2025-05-28T03:31:48.059124,38.3670061667,-110.7146601667,38.3600291467,-110.7179158767
2025-05-28T03:31:48.559253,38.3670061667,-110.7146601667,38.3600291467,-110.7179158767
2025-05-28T03:31:49.059115,38.3670061667,-110.71466,38.3600291467,-110.7179158767
2025-05-28T03:31:49.559295,38.3670061667,-110.71466,38.3600291467,-110.7179158767
2025-05-28T03:31:50.059161,38.367006,-110.71466,38.3600291467,-110.7179158767
2025-05-28T03:31:50.559312,38.367006,-110.71466,38.3600291467,-110.7179158767
2025-05-28T03:31:51.058992,38.367006,-110.71466,38.3600291467,-110.7179158767
2025-05-28T03:31:51.559235,38.367006,-110.71466,38.3600291467,-110.7179158767
2025-05-28T03:31:52.058986,38.3670061667,-110.71466,38.3600291467,-110.7179158767
2025-05-28T03:31:52.559306,38.3670061667,-110.71466,38.3600291467,-110.7179158767
2025-05-28T03:31:53.058993,38.3670061667,-110.71466,38.3600291467,-110.7179158767
2025-05-28T03:31:53.559204,38.3670061667,-110.71466,38.3600291467,-110.7179158767
2025-05-28T03:31:54.058993,38.367006,-110.7146598333,38.3600291467,-110.7179158767
2025-05-28T03:31:54.559173,38.367006,-110.7146598333,38.3600291467,-110.7179158767
2025-05-28T03:31:55.059006,38.367006,-110.7146596667,38.3600291467,-110.7179158767
2025-05-28T03:31:55.559304,38.367006,-110.7146596667,38.3600291467,-110.7179158767
2025-05-28T03:31:56.059150,38.367006,-110.7146596667,38.3600291467,-110.7179158767
2025-05-28T03:31:56.559325,38.367006,-110.7146596667,38.3600291467,-110.7179158767
2025-05-28T03:31:57.059122,38.3670058333,-110.7146596667,38.3600291467,-110.7179158767
2025-05-28T03:31:57.559283,38.3670058333,-110.7146596667,38.3600291467,-110.7179158767
2025-05-28T03:31:58.059141,38.3670058333,-110.7146596667,38.3600291467,-110.7179158767
2025-05-28T03:31:58.559249,38.3670058333,-110.7146596667,38.3600291467,-110.7179158767
2025-05-28T03:31:59.059174,38.367006,-110.7146596667,38.3600291467,-110.7179158767
2025-05-28T03:31:59.559210,38.367006,-110.7146596667,38.3600291467,-110.7179158767
2025-05-28T03:32:00.058993,38.367006,-110.7146596667,38.3600291467,-110.7179158767
2025-05-28T03:32:00.559249,38.367006,-110.7146596667,38.3600291467,-110.7179158767
2025-05-28T03:32:01.059014,38.3670058333,-110.7146596667,38.3600291467,-110.7179158767
2025-05-28T03:32:01.559257,38.3670058333,-110.7146596667,38.3600291467,-110.7179158767
2025-05-28T03:32:02.058988,38.3670058333,-110.7146595,38.3600291467,-110.7179158767
2025-05-28T03:32:02.559088,38.3670058333,-110.7146595,38.3600291467,-110.7179158767
2025-05-28T03:32:03.059149,38.3670061667,-110.7146596667,38.3600291467,-110.7179158767
2025-05-28T03:32:03.559207,38.3670061667,-110.7146596667,38.3600291467,-110.7179158767
2025-05-28T03:32:04.059141,38.3670063333,-110.7146595,38.3600291467,-110.7179158767
2025-05-28T03:32:04.559256,38.3670063333,-110.7146595,38.3600291467,-110.7179158767
2025-05-28T03:32:05.058994,38.367006,-110.7146593333,38.3600291467,-110.7179158767
2025-05-28T03:32:05.559200,38.367006,-110.7146593333,38.3600291467,-110.7179158767
2025-05-28T03:32:06.058950,38.3670063333,-110.7146593333,38.3600291467,-110.7179158767
2025-05-28T03:32:06.559203,38.3670063333,-110.7146593333,38.3600291467,-110.7179158767
2025-05-28T03:32:07.058998,38.3670061667,-110.7146593333,38.3600291467,-110.7179158767
2025-05-28T03:32:07.559188,38.3670061667,-110.7146593333,38.3600291467,-110.7179158767
2025-05-28T03:32:08.059124,38.3670045,-110.7146593333,38.3600291467,-110.7179158767
2025-05-28T03:32:08.559320,38.3670045,-110.7146593333,38.3600291467,-110.7179158767
2025-05-28T03:32:09.059000,38.3670048333,-110.7146595,38.3600291467,-110.7179158767
2025-05-28T03:32:09.559391,38.3670048333,-110.7146595,38.3600291467,-110.7179158767
2025-05-28T03:32:10.059142,38.3670043333,-110.7146605,38.3600291467,-110.7179158767
2025-05-28T03:32:10.559283,38.3670043333,-110.7146605,38.3600291467,-110.7179158767
2025-05-28T03:32:11.059135,38.3670045,-110.7146603333,38.3600291467,-110.7179158767
2025-05-28T03:32:11.559206,38.3670045,-110.7146603333,38.3600291467,-110.7179158767
2025-05-28T03:32:12.059111,38.3670051667,-110.71466,38.3600291467,-110.7179158767
2025-05-28T03:32:12.559159,38.3670051667,-110.71466,38.3600291467,-110.7179158767
2025-05-28T03:32:13.059045,38.3670051667,-110.7146596667,38.3600291467,-110.7179158767
2025-05-28T03:32:13.559235,38.3670051667,-110.7146596667,38.3600291467,-110.7179158767
2025-05-28T03:32:14.059018,38.3670053333,-110.7146598333,38.3600291467,-110.7179158767
2025-05-28T03:32:14.559178,38.3670053333,-110.7146598333,38.3600291467,-110.7179158767
2025-05-28T03:32:15.059164,38.3670053333,-110.7146598333,38.3600291467,-110.7179158767
2025-05-28T03:32:15.559206,38.3670053333,-110.7146598333,38.3600291467,-110.7179158767
2025-05-28T03:32:16.059129,38.3670055,-110.7146598333,38.3600291467,-110.7179158767
2025-05-28T03:32:16.559262,38.3670055,-110.7146598333,38.3600291467,-110.7179158767
2025-05-28T03:32:17.059054,38.3670056667,-110.71466,38.3600291467,-110.7179158767
2025-05-28T03:32:17.559291,38.3670056667,-110.71466,38.3600291467,-110.7179158767
2025-05-28T03:32:18.059157,38.3670055,-110.71466,38.3600291467,-110.7179158767
2025-05-28T03:32:18.559174,38.3670055,-110.71466,38.3600291467,-110.7179158767
2025-05-28T03:32:19.059155,38.3670055,-110.71466,38.3600291467,-110.7179158767
2025-05-28T03:32:19.559274,38.3670055,-110.71466,38.3600291467,-110.7179158767
2025-05-28T03:32:20.059131,38.3670055,-110.7146601667,38.3600291467,-110.7179158767
2025-05-28T03:32:20.559186,38.3670055,-110.7146601667,38.3600291467,-110.7179158767
2025-05-28T03:32:21.059007,38.3670055,-110.7146601667,38.3600291467,-110.7179158767
2025-05-28T03:32:21.559223,38.3670055,-110.7146601667,38.3600291467,-110.7179158767
2025-05-28T03:32:22.059161,38.3670053333,-110.7146601667,38.3600291467,-110.7179158767
2025-05-28T03:32:22.559182,38.3670053333,-110.7146601667,38.3600291467,-110.7179158767
2025-05-28T03:32:23.059045,38.3670055,-110.7146601667,38.3600291467,-110.7179158767
2025-05-28T03:32:23.559188,38.3670055,-110.7146601667,38.3600291467,-110.7179158767
2025-05-28T03:32:24.059015,38.3670055,-110.7146601667,38.3600291467,-110.7179158767
2025-05-28T03:32:24.559189,38.3670055,-110.7146601667,38.3600291467,-110.7179158767
2025-05-28T03:32:25.059031,38.3670046667,-110.71466,38.3600291467,-110.7179158767
2025-05-28T03:32:25.559471,38.3670046667,-110.71466,38.3600291467,-110.7179158767
2025-05-28T03:32:26.059155,38.3670041667,-110.7146595,38.3600291467,-110.7179158767
2025-05-28T03:32:26.559284,38.3670041667,-110.7146595,38.3600291467,-110.7179158767
2025-05-28T03:32:27.059193,38.3670041667,-110.7146598333,38.3600291467,-110.7179158767
2025-05-28T03:32:27.559236,38.3670041667,-110.7146598333,38.3600291467,-110.7179158767
2025-05-28T03:32:28.059166,38.3670043333,-110.7146603333,38.3600291467,-110.7179158767
2025-05-28T03:32:28.559332,38.3670043333,-110.7146603333,38.3600291467,-110.7179158767
2025-05-28T03:32:29.059158,38.3670045,-110.7146605,38.3600291467,-110.7179158767
2025-05-28T03:32:29.559204,38.3670045,-110.7146605,38.3600291467,-110.7179158767
2025-05-28T03:32:30.059012,38.3670046667,-110.7146603333,38.3600291467,-110.7179158767
2025-05-28T03:32:30.559309,38.3670046667,-110.7146603333,38.3600291467,-110.7179158767
2025-05-28T03:32:31.059047,38.3670045,-110.71466,38.3600291467,-110.7179158767
2025-05-28T03:32:31.559209,38.3670045,-110.71466,38.3600291467,-110.7179158767
2025-05-28T03:32:32.059090,38.3670045,-110.71466,38.3600291467,-110.7179158767
2025-05-28T03:32:32.559189,38.3670045,-110.71466,38.3600291467,-110.7179158767
2025-05-28T03:32:33.059186,38.3670036667,-110.71466,38.3600291467,-110.7179158767
2025-05-28T03:32:33.559164,38.3670036667,-110.71466,38.3600291467,-110.7179158767
2025-05-28T03:32:34.059042,38.3670035,-110.71466,38.3600291467,-110.7179158767
2025-05-28T03:32:34.559169,38.3670035,-110.71466,38.3600291467,-110.7179158767
2025-05-28T03:32:35.059000,38.3670036667,-110.71466,38.3600291467,-110.7179158767
2025-05-28T03:32:35.559165,38.3670036667,-110.71466,38.3600291467,-110.7179158767
2025-05-28T03:32:36.059000,38.3670041667,-110.7146596667,38.3600291467,-110.7179158767
2025-05-28T03:32:36.559256,38.3670041667,-110.7146596667,38.3600291467,-110.7179158767
2025-05-28T03:32:37.059075,38.3670045,-110.7146595,38.3600291467,-110.7179158767
2025-05-28T03:32:37.559208,38.3670045,-110.7146595,38.3600291467,-110.7179158767
2025-05-28T03:32:38.059019,38.3670045,-110.7146595,38.3600291467,-110.7179158767
2025-05-28T03:32:38.559081,38.3670045,-110.7146595,38.3600291467,-110.7179158767
2025-05-28T03:32:39.059019,38.3670046667,-110.7146598333,38.3600291467,-110.7179158767
2025-05-28T03:32:39.559119,38.3670046667,-110.7146598333,38.3600291467,-110.7179158767
2025-05-28T03:32:40.059158,38.3670048333,-110.7146598333,38.3600291467,-110.7179158767
2025-05-28T03:32:40.559101,38.3670048333,-110.7146598333,38.3600291467,-110.7179158767
2025-05-28T03:32:41.058989,38.3670046667,-110.7146596667,38.3600291467,-110.7179158767
2025-05-28T03:32:41.559121,38.3670046667,-110.7146596667,38.3600291467,-110.7179158767
2025-05-28T03:32:42.059023,38.367005,-110.7146601667,38.3600291467,-110.7179158767
2025-05-28T03:32:42.559062,38.367005,-110.7146601667,38.3600291467,-110.7179158767
2025-05-28T03:32:43.059027,38.367005,-110.7146605,38.3600291467,-110.7179158767
2025-05-28T03:32:43.559095,38.367005,-110.7146605,38.3600291467,-110.7179158767
2025-05-28T03:32:44.059038,38.367005,-110.7146603333,38.3600291467,-110.7179158767
2025-05-28T03:32:44.559164,38.367005,-110.7146603333,38.3600291467,-110.7179158767
2025-05-28T03:32:45.059034,38.3670048333,-110.7146603333,38.3600291467,-110.7179158767
2025-05-28T03:32:45.559158,38.3670048333,-110.7146603333,38.3600291467,-110.7179158767
2025-05-28T03:32:46.059080,38.3670045,-110.7146605,38.3600291467,-110.7179158767
2025-05-28T03:32:46.559213,38.3670045,-110.7146605,38.3600291467,-110.7179158767
2025-05-28T03:32:47.059213,38.367004,-110.7146608333,38.3600291467,-110.7179158767
2025-05-28T03:32:47.559008,38.367004,-110.7146608333,38.3600291467,-110.7179158767
2025-05-28T03:32:48.058995,38.3670041667,-110.714661,38.3600291467,-110.7179158767
2025-05-28T03:32:48.559186,38.3670041667,-110.714661,38.3600291467,-110.7179158767
2025-05-28T03:32:49.059005,38.3670043333,-110.7146605,38.3600291467,-110.7179158767
2025-05-28T03:32:49.559191,38.3670043333,-110.7146605,38.3600291467,-110.7179158767
2025-05-28T03:32:50.058993,38.3670041667,-110.7146603333,38.3600291467,-110.7179158767
2025-05-28T03:32:50.559158,38.3670041667,-110.7146603333,38.3600291467,-110.7179158767
2025-05-28T03:32:51.059129,38.367004,-110.7146605,38.3600291467,-110.7179158767
2025-05-28T03:32:51.559167,38.367004,-110.7146605,38.3600291467,-110.7179158767
2025-05-28T03:32:52.059131,38.367004,-110.7146605,38.3600291467,-110.7179158767
2025-05-28T03:32:52.559153,38.367004,-110.7146605,38.3600291467,-110.7179158767
2025-05-28T03:32:53.059128,38.367004,-110.7146603333,38.3600291467,-110.7179158767
2025-05-28T03:32:53.559050,38.367004,-110.7146603333,38.3600291467,-110.7179158767
2025-05-28T03:32:54.059104,38.367004,-110.7146605,38.3600291467,-110.7179158767
2025-05-28T03:32:54.559272,38.367004,-110.7146605,38.3600291467,-110.7179158767
2025-05-28T03:32:55.059032,38.3670038333,-110.7146605,38.3600291467,-110.7179158767
2025-05-28T03:32:55.559336,38.3670038333,-110.7146605,38.3600291467,-110.7179158767
2025-05-28T03:32:56.058997,38.367004,-110.7146603333,38.3600291467,-110.7179158767
2025-05-28T03:32:56.559249,38.367004,-110.7146603333,38.3600291467,-110.7179158767
2025-05-28T03:32:57.059122,38.3670038333,-110.7146603333,38.3600291467,-110.7179158767
2025-05-28T03:32:57.559225,38.3670038333,-110.7146603333,38.3600291467,-110.7179158767
2025-05-28T03:32:58.059112,38.3670038333,-110.7146606667,38.3600291467,-110.7179158767
2025-05-28T03:32:58.559192,38.3670038333,-110.7146606667,38.3600291467,-110.7179158767
2025-05-28T03:32:59.059055,38.3670036667,-110.714661,38.3600291467,-110.7179158767
2025-05-28T03:32:59.559367,38.3670036667,-110.714661,38.3600291467,-110.7179158767
2025-05-28T03:33:00.059024,38.3670038333,-110.7146608333,38.3600291467,-110.7179158767
2025-05-28T03:33:00.559201,38.3670038333,-110.7146608333,38.3600291467,-110.7179158767
2025-05-28T03:33:01.059137,38.367004,-110.7146608333,38.3600291467,-110.7179158767
2025-05-28T03:33:01.559277,38.367004,-110.7146608333,38.3600291467,-110.7179158767
2025-05-28T03:33:02.059132,38.3670038333,-110.7146608333,38.3600291467,-110.7179158767
2025-05-28T03:33:02.559311,38.3670038333,-110.7146608333,38.3600291467,-110.7179158767
2025-05-28T03:33:03.059139,38.3670038333,-110.7146606667,38.3600291467,-110.7179158767
2025-05-28T03:33:03.559352,38.3670038333,-110.7146606667,38.3600291467,-110.7179158767
2025-05-28T03:33:04.059135,38.367004,-110.7146606667,38.3600291467,-110.7179158767
2025-05-28T03:33:04.559329,38.367004,-110.7146606667,38.3600291467,-110.7179158767
2025-05-28T03:33:05.059116,38.367004,-110.7146606667,38.3600291467,-110.7179158767
2025-05-28T03:33:05.559190,38.367004,-110.7146606667,38.3600291467,-110.7179158767
2025-05-28T03:33:06.059115,38.367004,-110.7146605,38.3600291467,-110.7179158767
2025-05-28T03:33:06.559201,38.367004,-110.7146605,38.3600291467,-110.7179158767
2025-05-28T03:33:07.059139,38.367004,-110.7146603333,38.3600291467,-110.7179158767
2025-05-28T03:33:07.559315,38.367004,-110.7146603333,38.3600291467,-110.7179158767
2025-05-28T03:33:08.059155,38.3670038333,-110.7146605,38.3600291467,-110.7179158767
2025-05-28T03:33:08.559269,38.3670038333,-110.7146605,38.3600291467,-110.7179158767
2025-05-28T03:33:09.058994,38.3670041667,-110.7146603333,38.3600291467,-110.7179158767
2025-05-28T03:33:09.559469,38.3670041667,-110.7146603333,38.3600291467,-110.7179158767
2025-05-28T03:33:10.059217,38.367004,-110.7146603333,38.3600291467,-110.7179158767
2025-05-28T03:33:10.559380,38.367004,-110.7146603333,38.3600291467,-110.7179158767
2025-05-28T03:33:11.059151,38.367004,-110.7146603333,38.3600291467,-110.7179158767
2025-05-28T03:33:11.559199,38.367004,-110.7146603333,38.3600291467,-110.7179158767
2025-05-28T03:33:12.059041,38.367004,-110.7146603333,38.3600291467,-110.7179158767
2025-05-28T03:33:12.559095,38.367004,-110.7146603333,38.3600291467,-110.7179158767
2025-05-28T03:33:13.059076,38.3670041667,-110.7146603333,38.3600291467,-110.7179158767
2025-05-28T03:33:13.559097,38.3670041667,-110.7146603333,38.3600291467,-110.7179158767
2025-05-28T03:33:14.058999,38.3670043333,-110.7146603333,38.3600291467,-110.7179158767
2025-05-28T03:33:14.559091,38.3670043333,-110.7146603333,38.3600291467,-110.7179158767
2025-05-28T03:33:15.058994,38.3670041667,-110.7146603333,38.3600291467,-110.7179158767
2025-05-28T03:33:15.559379,38.3670041667,-110.7146603333,38.3600291467,-110.7179158767
2025-05-28T03:33:16.059014,38.3670043333,-110.7146603333,38.3600291467,-110.7179158767
2025-05-28T03:33:16.559171,38.3670043333,-110.7146603333,38.3600291467,-110.7179158767
2025-05-28T03:33:17.058999,38.3670045,-110.7146605,38.3600291467,-110.7179158767
2025-05-28T03:33:17.559278,38.3670045,-110.7146605,38.3600291467,-110.7179158767
2025-05-28T03:33:18.058978,38.3670046667,-110.7146605,38.3600291467,-110.7179158767
2025-05-28T03:33:18.559331,38.3670046667,-110.7146605,38.3600291467,-110.7179158767
2025-05-28T03:33:19.059053,38.367004,-110.71466,38.3600291467,-110.7179158767
2025-05-28T03:33:19.559262,38.367004,-110.71466,38.3600291467,-110.7179158767
2025-05-28T03:33:20.059129,38.3670045,-110.7146605,38.3600291467,-110.7179158767
2025-05-28T03:33:20.559309,38.3670045,-110.7146605,38.3600291467,-110.7179158767
2025-05-28T03:33:21.059033,38.3670043333,-110.7146605,38.3600291467,-110.7179158767
2025-05-28T03:33:21.559105,38.3670043333,-110.7146605,38.3600291467,-110.7179158767
2025-05-28T03:33:22.059048,38.3670043333,-110.7146605,38.3600291467,-110.7179158767
2025-05-28T03:33:22.559083,38.3670043333,-110.7146605,38.3600291467,-110.7179158767
2025-05-28T03:33:23.059176,38.3670045,-110.7146605,38.3600291467,-110.7179158767
2025-05-28T03:33:23.559191,38.3670045,-110.7146605,38.3600291467,-110.7179158767
2025-05-28T03:33:24.059145,38.3670045,-110.7146606667,38.3600291467,-110.7179158767
2025-05-28T03:33:24.559336,38.3670045,-110.7146606667,38.3600291467,-110.7179158767
2025-05-28T03:33:25.059060,38.3670045,-110.7146606667,38.3600291467,-110.7179158767
2025-05-28T03:33:25.559178,38.3670045,-110.7146606667,38.3600291467,-110.7179158767
2025-05-28T03:33:26.059120,38.3670046667,-110.7146606667,38.3600291467,-110.7179158767
2025-05-28T03:33:26.559197,38.3670046667,-110.7146606667,38.3600291467,-110.7179158767
2025-05-28T03:33:27.059172,38.3670046667,-110.7146606667,38.3600291467,-110.7179158767
2025-05-28T03:33:27.559244,38.3670046667,-110.7146606667,38.3600291467,-110.7179158767
2025-05-28T03:33:28.059161,38.3670046667,-110.7146606667,38.3600291467,-110.7179158767
2025-05-28T03:33:28.559187,38.3670046667,-110.7146606667,38.3600291467,-110.7179158767
2025-05-28T03:33:29.059129,38.3670048333,-110.7146606667,38.3600291467,-110.7179158767
2025-05-28T03:33:29.559148,38.3670048333,-110.7146606667,38.3600291467,-110.7179158767
2025-05-28T03:33:30.059122,38.3670048333,-110.7146608333,38.3600291467,-110.7179158767
2025-05-28T03:33:30.559311,38.3670048333,-110.7146608333,38.3600291467,-110.7179158767
2025-05-28T03:33:31.059124,38.3670048333,-110.7146608333,38.3600291467,-110.7179158767
2025-05-28T03:33:31.559348,38.3670048333,-110.7146608333,38.3600291467,-110.7179158767
2025-05-28T03:33:32.059131,38.367005,-110.7146608333,38.3600291467,-110.7179158767
2025-05-28T03:33:32.559176,38.367005,-110.7146608333,38.3600291467,-110.7179158767
2025-05-28T03:33:33.059134,38.3670048333,-110.714661,38.3600291467,-110.7179158767
2025-05-28T03:33:33.559208,38.3670048333,-110.714661,38.3600291467,-110.7179158767
2025-05-28T03:33:34.059027,38.367005,-110.714661,38.3600291467,-110.7179158767
2025-05-28T03:33:34.559085,38.367005,-110.714661,38.3600291467,-110.7179158767
2025-05-28T03:33:35.058992,38.3670051667,-110.7146611667,38.3600291467,-110.7179158767
2025-05-28T03:33:35.559184,38.3670051667,-110.7146611667,38.3600291467,-110.7179158767
2025-05-28T03:33:36.059165,38.3670051667,-110.7146611667,38.3600291467,-110.7179158767
2025-05-28T03:33:36.559225,38.3670051667,-110.7146611667,38.3600291467,-110.7179158767
2025-05-28T03:33:37.059121,38.3670053333,-110.714661,38.3600291467,-110.7179158767
2025-05-28T03:33:37.559208,38.3670053333,-110.714661,38.3600291467,-110.7179158767
2025-05-28T03:33:38.058917,38.3670055,-110.7146611667,38.3600291467,-110.7179158767
2025-05-28T03:33:38.559215,38.3670055,-110.7146611667,38.3600291467,-110.7179158767
2025-05-28T03:33:39.059147,38.3670055,-110.7146611667,38.3600291467,-110.7179158767
2025-05-28T03:33:39.559180,38.3670055,-110.7146611667,38.3600291467,-110.7179158767
2025-05-28T03:33:40.059028,38.3670053333,-110.7146611667,38.3600291467,-110.7179158767
2025-05-28T03:33:40.559314,38.3670053333,-110.7146611667,38.3600291467,-110.7179158767
2025-05-28T03:33:41.059170,38.3670053333,-110.7146611667,38.3600291467,-110.7179158767
2025-05-28T03:33:41.559067,38.3670053333,-110.7146611667,38.3600291467,-110.7179158767
2025-05-28T03:33:42.059143,38.3670055,-110.7146613333,38.3600291467,-110.7179158767
2025-05-28T03:33:42.559221,38.3670055,-110.7146613333,38.3600291467,-110.7179158767
2025-05-28T03:33:43.059068,38.3670056667,-110.7146615,38.3600291467,-110.7179158767
2025-05-28T03:33:43.559188,38.3670056667,-110.7146615,38.3600291467,-110.7179158767
2025-05-28T03:33:44.059005,38.3670055,-110.7146616667,38.3600291467,-110.7179158767
2025-05-28T03:33:44.559297,38.3670055,-110.7146616667,38.3600291467,-110.7179158767
2025-05-28T03:33:45.059160,38.3670055,-110.7146618333,38.3600291467,-110.7179158767
2025-05-28T03:33:45.559055,38.3670055,-110.7146618333,38.3600291467,-110.7179158767
2025-05-28T03:33:46.059205,38.3670055,-110.7146618333,38.3600291467,-110.7179158767
2025-05-28T03:33:46.559254,38.3670055,-110.7146618333,38.3600291467,-110.7179158767
2025-05-28T03:33:47.059003,38.367005,-110.714662,38.3600291467,-110.7179158767
2025-05-28T03:33:47.559202,38.367005,-110.714662,38.3600291467,-110.7179158767
2025-05-28T03:33:48.059007,38.367005,-110.714662,38.3600291467,-110.7179158767
2025-05-28T03:33:48.559189,38.367005,-110.714662,38.3600291467,-110.7179158767
2025-05-28T03:33:49.059161,38.367005,-110.714662,38.3600291467,-110.7179158767
2025-05-28T03:33:49.559183,38.367005,-110.714662,38.3600291467,-110.7179158767
2025-05-28T03:33:50.059204,38.367005,-110.714662,38.3600291467,-110.7179158767
2025-05-28T03:33:50.559250,38.367005,-110.714662,38.3600291467,-110.7179158767
2025-05-28T03:33:51.059005,38.3670046667,-110.7146623333,38.3600291467,-110.7179158767
2025-05-28T03:33:51.559201,38.3670046667,-110.7146623333,38.3600291467,-110.7179158767
2025-05-28T03:33:52.059024,38.3670046667,-110.7146626667,38.3600291467,-110.7179158767
2025-05-28T03:33:52.559252,38.3670046667,-110.7146626667,38.3600291467,-110.7179158767
2025-05-28T03:33:53.059054,38.367005,-110.7146625,38.3600291467,-110.7179158767
2025-05-28T03:33:53.559292,38.367005,-110.7146625,38.3600291467,-110.7179158767
2025-05-28T03:33:54.059051,38.3670045,-110.7146621667,38.3600291467,-110.7179158767
2025-05-28T03:33:54.559137,38.3670045,-110.7146621667,38.3600291467,-110.7179158767
2025-05-28T03:33:55.059170,38.367005,-110.7146618333,38.3600291467,-110.7179158767
2025-05-28T03:33:55.559290,38.367005,-110.7146618333,38.3600291467,-110.7179158767
2025-05-28T03:33:56.059184,38.3670051667,-110.7146611667,38.3600291467,-110.7179158767
2025-05-28T03:33:56.559216,38.3670051667,-110.7146611667,38.3600291467,-110.7179158767
2025-05-28T03:33:57.059007,38.3670053333,-110.7146611667,38.3600291467,-110.7179158767
2025-05-28T03:33:57.559251,38.3670053333,-110.7146611667,38.3600291467,-110.7179158767
2025-05-28T03:33:58.059005,38.3670061667,-110.7146615,38.3600291467,-110.7179158767
2025-05-28T03:33:58.559259,38.3670061667,-110.7146615,38.3600291467,-110.7179158767
2025-05-28T03:33:59.059147,38.3670065,-110.7146615,38.3600291467,-110.7179158767
2025-05-28T03:33:59.559313,38.3670065,-110.7146615,38.3600291467,-110.7179158767
2025-05-28T03:34:00.059132,38.3670065,-110.7146615,38.3600291467,-110.7179158767
2025-05-28T03:34:00.559195,38.3670065,-110.7146615,38.3600291467,-110.7179158767
2025-05-28T03:34:01.059042,38.3670063333,-110.7146613333,38.3600291467,-110.7179158767
2025-05-28T03:34:01.559148,38.3670063333,-110.7146613333,38.3600291467,-110.7179158767
2025-05-28T03:34:02.059027,38.3670063333,-110.7146613333,38.3600291467,-110.7179158767
2025-05-28T03:34:02.559302,38.3670063333,-110.7146613333,38.3600291467,-110.7179158767
2025-05-28T03:34:03.058995,38.3670063333,-110.7146613333,38.3600291467,-110.7179158767
2025-05-28T03:34:03.559083,38.3670063333,-110.7146613333,38.3600291467,-110.7179158767
2025-05-28T03:34:04.059035,38.3670063333,-110.7146611667,38.3600291467,-110.7179158767
2025-05-28T03:34:04.559298,38.3670063333,-110.7146611667,38.3600291467,-110.7179158767
2025-05-28T03:34:05.059021,38.3670061667,-110.7146611667,38.3600291467,-110.7179158767
2025-05-28T03:34:05.559267,38.3670061667,-110.7146611667,38.3600291467,-110.7179158767
2025-05-28T03:34:06.059142,38.3670061667,-110.7146611667,38.3600291467,-110.7179158767
2025-05-28T03:34:06.559205,38.3670061667,-110.7146611667,38.3600291467,-110.7179158767
2025-05-28T03:34:07.059195,38.3670063333,-110.7146611667,38.3600291467,-110.7179158767
2025-05-28T03:34:07.559188,38.3670063333,-110.7146611667,38.3600291467,-110.7179158767
2025-05-28T03:34:08.058994,38.3670061667,-110.7146611667,38.3600291467,-110.7179158767
2025-05-28T03:34:08.559269,38.3670061667,-110.7146611667,38.3600291467,-110.7179158767
2025-05-28T03:34:09.059136,38.3670061667,-110.7146611667,38.3600291467,-110.7179158767
2025-05-28T03:34:09.559201,38.3670061667,-110.7146611667,38.3600291467,-110.7179158767
2025-05-28T03:34:10.059181,38.3670061667,-110.7146611667,38.3600291467,-110.7179158767
2025-05-28T03:34:10.559208,38.3670061667,-110.7146611667,38.3600291467,-110.7179158767
2025-05-28T03:34:11.059176,38.3670061667,-110.7146611667,38.3600291467,-110.7179158767
2025-05-28T03:34:11.559205,38.3670061667,-110.7146611667,38.3600291467,-110.7179158767
2025-05-28T03:34:12.059138,38.3670061667,-110.7146611667,38.3600291467,-110.7179158767
2025-05-28T03:34:12.559111,38.3670061667,-110.7146611667,38.3600291467,-110.7179158767
2025-05-28T03:34:13.059035,38.3670061667,-110.7146613333,38.3600291467,-110.7179158767
2025-05-28T03:34:13.559145,38.3670061667,-110.7146613333,38.3600291467,-110.7179158767
2025-05-28T03:34:14.058999,38.3670065,-110.7146611667,38.3600291467,-110.7179158767
2025-05-28T03:34:14.559320,38.3670065,-110.7146611667,38.3600291467,-110.7179158767
2025-05-28T03:34:15.059036,38.3670065,-110.7146613333,38.3600291467,-110.7179158767
2025-05-28T03:34:15.559163,38.3670065,-110.7146613333,38.3600291467,-110.7179158767
2025-05-28T03:34:16.059031,38.3670068333,-110.7146611667,38.3600291467,-110.7179158767
2025-05-28T03:34:16.559191,38.3670068333,-110.7146611667,38.3600291467,-110.7179158767
2025-05-28T03:34:17.059111,38.367007,-110.7146611667,38.3600291467,-110.7179158767
2025-05-28T03:34:17.559309,38.367007,-110.7146611667,38.3600291467,-110.7179158767
2025-05-28T03:34:18.059029,38.3670071667,-110.7146611667,38.3600291467,-110.7179158767
2025-05-28T03:34:18.559208,38.3670071667,-110.7146611667,38.3600291467,-110.7179158767
2025-05-28T03:34:19.059224,38.3670071667,-110.7146611667,38.3600291467,-110.7179158767
2025-05-28T03:34:19.559201,38.3670071667,-110.7146611667,38.3600291467,-110.7179158767
2025-05-28T03:34:20.059138,38.3670073333,-110.7146611667,38.3600291467,-110.7179158767
2025-05-28T03:34:20.559106,38.3670073333,-110.7146611667,38.3600290783,-110.7179174783
2025-05-28T03:34:21.059209,38.3670073333,-110.7146611667,38.3600290783,-110.7179174783
2025-05-28T03:34:21.559159,38.3670073333,-110.7146611667,38.3600291017,-110.717917485
2025-05-28T03:34:22.059149,38.3670073333,-110.7146611667,38.3600291,-110.7179174867
2025-05-28T03:34:22.559096,38.3670073333,-110.7146611667,38.3600290983,-110.7179174817
2025-05-28T03:34:23.059148,38.3670073333,-110.7146611667,38.3600291017,-110.7179174783
2025-05-28T03:34:23.559193,38.3670073333,-110.7146611667,38.3600291033,-110.717917475
2025-05-28T03:34:24.059146,38.3670073333,-110.7146611667,38.3600291083,-110.717917475
2025-05-28T03:34:24.559122,38.3670073333,-110.7146611667,38.36002911,-110.7179174717
2025-05-28T03:34:25.059005,38.3670075,-110.7146611667,38.3600291133,-110.717917465
2025-05-28T03:34:25.559169,38.3670075,-110.7146611667,38.3600291167,-110.7179174633
2025-05-28T03:34:26.059165,38.3670075,-110.7146611667,38.3600291183,-110.7179174617
2025-05-28T03:34:26.559164,38.3670075,-110.7146611667,38.3600291317,-110.7179174583
2025-05-28T03:34:27.059010,38.3670075,-110.714661,38.3600291383,-110.7179174567
2025-05-28T03:34:27.559048,38.3670075,-110.714661,38.360029145,-110.717917455
2025-05-28T03:34:28.059101,38.3670075,-110.714661,38.3600291567,-110.7179174517
2025-05-28T03:34:28.559033,38.3670075,-110.714661,38.3600291583,-110.7179174483
2025-05-28T03:34:29.059120,38.3670073333,-110.7146608333,38.3600291583,-110.7179174483
2025-05-28T03:34:29.559224,38.3670073333,-110.7146608333,38.3600291583,-110.7179174483
2025-05-28T03:34:30.059030,38.3670075,-110.7146605,38.3600291583,-110.7179174483
2025-05-28T03:34:30.559284,38.3670075,-110.7146605,38.3600291583,-110.7179174483
2025-05-28T03:34:31.059005,38.3670073333,-110.7146603333,38.3600291583,-110.7179174483
2025-05-28T03:34:31.559325,38.3670073333,-110.7146603333,38.3600291583,-110.7179174483
2025-05-28T03:34:32.059004,38.3670066667,-110.7146603333,38.3600291917,-110.717917395
2025-05-28T03:34:32.559241,38.3670066667,-110.7146603333,38.3600291917,-110.717917395
2025-05-28T03:34:33.059120,38.3670061667,-110.7146605,38.3600291917,-110.717917395
2025-05-28T03:34:33.559196,38.3670061667,-110.7146605,38.3600291933,-110.7179173883
2025-05-28T03:34:34.058992,38.3670048333,-110.7146611667,38.360029215,-110.7179173483
2025-05-28T03:34:34.559254,38.3670048333,-110.7146611667,38.3600292167,-110.7179173383
2025-05-28T03:34:35.059238,38.3670048333,-110.7146611667,38.3600292167,-110.7179173383
2025-05-28T03:34:35.559289,38.3670048333,-110.7146611667,38.360029215,-110.7179173317
2025-05-28T03:34:36.058999,38.3670063333,-110.7146613333,38.3600292167,-110.7179173283
2025-05-28T03:34:36.559004,38.3670063333,-110.7146613333,38.3600292267,-110.7179173083
2025-05-28T03:34:37.059005,38.367006,-110.7146608333,38.36002923,-110.7179172983
2025-05-28T03:34:37.559103,38.367006,-110.7146608333,38.36002923,-110.7179172983
2025-05-28T03:34:38.059029,38.367005,-110.7146603333,38.36002923,-110.7179172983
2025-05-28T03:34:38.559104,38.367005,-110.7146603333,38.36002923,-110.7179172983
2025-05-28T03:34:39.059171,38.367005,-110.7146603333,38.36002923,-110.7179172983
2025-05-28T03:34:39.559020,38.367005,-110.7146603333,38.360029235,-110.717917295
2025-05-28T03:34:40.059027,38.3670056667,-110.7146608333,38.3600292267,-110.7179173133
2025-05-28T03:34:40.559106,38.3670056667,-110.7146608333,38.3600292267,-110.7179173133
2025-05-28T03:34:41.059132,38.3670055,-110.7146606667,38.3600292283,-110.7179173117
2025-05-28T03:34:41.559086,38.3670055,-110.7146606667,38.360029215,-110.7179173117
2025-05-28T03:34:42.059038,38.3670055,-110.7146606667,38.3600292167,-110.717917315
2025-05-28T03:34:42.559046,38.3670055,-110.7146606667,38.3600292183,-110.7179173167
2025-05-28T03:34:43.059007,38.3670055,-110.7146606667,38.3600292117,-110.7179173167
2025-05-28T03:34:43.559011,38.3670055,-110.7146606667,38.3600292067,-110.71791732
2025-05-28T03:34:44.058960,38.3670055,-110.7146606667,38.3600292083,-110.71791732
2025-05-28T03:34:44.559217,38.3670055,-110.7146606667,38.3600292033,-110.717917315
2025-05-28T03:34:45.059000,38.3670055,-110.7146606667,38.360029205,-110.7179173133
2025-05-28T03:34:45.559076,38.3670055,-110.7146606667,38.360029205,-110.71791731
2025-05-28T03:34:46.059047,38.3670053333,-110.7146606667,38.360029205,-110.7179173033
2025-05-28T03:34:46.559192,38.3670053333,-110.7146606667,38.3600292067,-110.7179172983
2025-05-28T03:34:47.059056,38.3670053333,-110.7146606667,38.3600292067,-110.7179172983
2025-05-28T03:34:47.559109,38.3670053333,-110.7146606667,38.3600292083,-110.7179172967
2025-05-28T03:34:48.059005,38.3670053333,-110.7146606667,38.3600292067,-110.7179172967
2025-05-28T03:34:48.559032,38.3670053333,-110.7146606667,38.3600292,-110.7179172883
2025-05-28T03:34:49.059017,38.3670053333,-110.7146606667,38.360029195,-110.7179172833
2025-05-28T03:34:49.558946,38.3670053333,-110.7146606667,38.360029195,-110.7179172833
2025-05-28T03:34:50.058961,38.3670053333,-110.7146606667,38.3600291983,-110.7179172783
2025-05-28T03:34:50.559162,38.3670053333,-110.7146606667,38.3600291883,-110.717917285
2025-05-28T03:34:51.058950,38.3670053333,-110.7146606667,38.3600291833,-110.71791729
2025-05-28T03:34:51.558963,38.3670053333,-110.7146606667,38.360029185,-110.71791729
2025-05-28T03:34:52.059025,38.3670053333,-110.7146606667,38.360029185,-110.7179172967
2025-05-28T03:34:52.559126,38.3670053333,-110.7146606667,38.360029185,-110.7179172967
2025-05-28T03:34:53.059052,38.3670053333,-110.7146606667,38.3600291833,-110.7179172933
2025-05-28T03:34:53.559111,38.3670053333,-110.7146606667,38.3600291767,-110.71791729
2025-05-28T03:34:54.059034,38.3670051667,-110.7146606667,38.3600291733,-110.7179172833
2025-05-28T03:34:54.559170,38.3670051667,-110.7146606667,38.3600291717,-110.7179172867
2025-05-28T03:34:55.058973,38.3670051667,-110.7146606667,38.360029175,-110.7179172917
2025-05-28T03:34:55.558987,38.3670051667,-110.7146606667,38.360029175,-110.7179172917
2025-05-28T03:34:56.059011,38.3670053333,-110.7146605,38.3600291767,-110.7179173017
2025-05-28T03:34:56.559120,38.3670053333,-110.7146605,38.3600291783,-110.7179173117
2025-05-28T03:34:57.059001,38.3670051667,-110.7146606667,38.3600291733,-110.7179173383
2025-05-28T03:34:57.559022,38.3670051667,-110.7146606667,38.3600291767,-110.71791735
2025-05-28T03:34:58.059010,38.3670051667,-110.7146606667,38.3600291767,-110.71791736
2025-05-28T03:34:58.559009,38.3670051667,-110.7146606667,38.3600291767,-110.71791736
2025-05-28T03:34:59.058987,38.3670051667,-110.7146605,38.3600291767,-110.7179173733
2025-05-28T03:34:59.559153,38.3670051667,-110.7146605,38.3600291767,-110.717917385
2025-05-28T03:35:00.058959,38.3670051667,-110.7146603333,38.36002918,-110.7179174033
2025-05-28T03:35:00.558949,38.3670051667,-110.7146603333,38.3600291817,-110.71791741
2025-05-28T03:35:01.059047,38.3670051667,-110.7146603333,38.36002918,-110.7179174133
2025-05-28T03:35:01.559036,38.3670051667,-110.7146603333,38.36002918,-110.7179174133
2025-05-28T03:35:02.058942,38.3670051667,-110.7146603333,38.3600291783,-110.7179174167
2025-05-28T03:35:02.559062,38.3670051667,-110.7146603333,38.3600291817,-110.71791741
2025-05-28T03:35:03.058944,38.3670051667,-110.7146603333,38.3600291767,-110.717917405
2025-05-28T03:35:03.558947,38.3670051667,-110.7146603333,38.36002918,-110.7179173967
2025-05-28T03:35:04.058993,38.3670051667,-110.7146603333,38.36002918,-110.71791739
2025-05-28T03:35:04.558950,38.3670051667,-110.7146603333,38.36002918,-110.71791739
2025-05-28T03:35:05.058993,38.367005,-110.7146601667,38.3600291783,-110.7179173917
2025-05-28T03:35:05.559010,38.367005,-110.7146601667,38.360029175,-110.71791738
2025-05-28T03:35:06.059054,38.367005,-110.71466,38.3600291683,-110.717917375
2025-05-28T03:35:06.558994,38.367005,-110.71466,38.360029165,-110.7179173633
2025-05-28T03:35:07.058958,38.367005,-110.7146601667,38.3600291617,-110.7179173617
2025-05-28T03:35:07.558996,38.367005,-110.7146601667,38.3600291617,-110.71791736
2025-05-28T03:35:08.059140,38.367005,-110.7146601667,38.3600291567,-110.7179173617
2025-05-28T03:35:08.559169,38.367005,-110.7146601667,38.3600291533,-110.7179173533
2025-05-28T03:35:09.058995,38.3670051667,-110.7146601667,38.3600291533,-110.71791734
2025-05-28T03:35:09.558992,38.3670051667,-110.7146601667,38.3600291517,-110.71791734
2025-05-28T03:35:10.058992,38.3670051667,-110.7146601667,38.3600291517,-110.7179173383
2025-05-28T03:35:10.559002,38.3670051667,-110.7146601667,38.3600291517,-110.7179173383
2025-05-28T03:35:11.059031,38.3670051667,-110.7146598333,38.3600291567,-110.7179173367
2025-05-28T03:35:11.559186,38.3670051667,-110.7146598333,38.36002916,-110.7179173317
2025-05-28T03:35:12.059039,38.367005,-110.7146595,38.36002916,-110.7179173317
2025-05-28T03:35:12.559251,38.367005,-110.7146595,38.36002916,-110.71791733
2025-05-28T03:35:13.059177,38.367005,-110.7146595,38.3600291583,-110.71791734
2025-05-28T03:35:13.559149,38.367005,-110.7146595,38.360029155,-110.71791735
2025-05-28T03:35:14.058994,38.3670051667,-110.7146596667,38.360029155,-110.7179173483
2025-05-28T03:35:14.559105,38.3670051667,-110.7146596667,38.3600291533,-110.7179173517
2025-05-28T03:35:15.059006,38.3670051667,-110.7146598333,38.3600291583,-110.7179173567
2025-05-28T03:35:15.559121,38.3670051667,-110.7146598333,38.3600291633,-110.7179173583
2025-05-28T03:35:16.059080,38.3670051667,-110.7146598333,38.360029175,-110.7179173683
2025-05-28T03:35:16.559253,38.3670051667,-110.7146598333,38.360029175,-110.7179173683
2025-05-28T03:35:17.059099,38.367005,-110.7146595,38.360029175,-110.7179173683
2025-05-28T03:35:17.559247,38.367005,-110.7146595,38.360029175,-110.7179173683
2025-05-28T03:35:18.059122,38.367005,-110.7146595,38.3600291833,-110.717917365
2025-05-28T03:35:18.559315,38.367005,-110.7146595,38.3600291867,-110.7179173667
2025-05-28T03:35:19.059006,38.3670053333,-110.7146596667,38.360029205,-110.717917345
2025-05-28T03:35:19.558998,38.3670053333,-110.7146596667,38.360029205,-110.717917345
2025-05-28T03:35:20.059007,38.3670053333,-110.7146595,38.3600292033,-110.717917335
2025-05-28T03:35:20.559134,38.3670053333,-110.7146595,38.360029205,-110.7179173267
2025-05-28T03:35:21.058999,38.3670055,-110.7146593333,38.360029205,-110.7179173117
2025-05-28T03:35:21.559067,38.3670055,-110.7146593333,38.360029205,-110.7179173083
2025-05-28T03:35:22.059005,38.3670055,-110.7146593333,38.3600292,-110.7179172933
2025-05-28T03:35:22.559064,38.3670055,-110.7146593333,38.3600292,-110.7179172933
2025-05-28T03:35:23.059001,38.3670055,-110.7146591667,38.3600292,-110.7179172783
2025-05-28T03:35:23.559161,38.3670055,-110.7146591667,38.360029195,-110.717917265
2025-05-28T03:35:24.059011,38.3670056667,-110.7146591667,38.3600292,-110.717917235
2025-05-28T03:35:24.559147,38.3670056667,-110.7146591667,38.3600291967,-110.71791721
2025-05-28T03:35:25.059038,38.3670055,-110.7146591667,38.3600292,-110.7179171933
2025-05-28T03:35:25.559064,38.3670055,-110.7146591667,38.3600292,-110.7179171933
2025-05-28T03:35:26.059132,38.3670055,-110.7146591667,38.3600292017,-110.7179171817
2025-05-28T03:35:26.559222,38.3670055,-110.7146591667,38.360029205,-110.7179171617
2025-05-28T03:35:27.059015,38.3670055,-110.7146591667,38.360029215,-110.7179171367
2025-05-28T03:35:27.559083,38.3670055,-110.7146591667,38.3600292183,-110.7179171283
2025-05-28T03:35:28.058997,38.3670056667,-110.714659,38.360029215,-110.7179171033
2025-05-28T03:35:28.559057,38.3670056667,-110.714659,38.360029215,-110.7179171033
2025-05-28T03:35:29.058992,38.3670055,-110.714659,38.360029215,-110.717917095
2025-05-28T03:35:29.559131,38.3670055,-110.714659,38.360029215,-110.71791709
2025-05-28T03:35:30.059067,38.3670055,-110.714659,38.36002922,-110.71791708
2025-05-28T03:35:30.559035,38.3670055,-110.714659,38.360029225,-110.7179170767
2025-05-28T03:35:31.059030,38.3670056667,-110.714659,38.36002923,-110.7179170667
2025-05-28T03:35:31.559064,38.3670056667,-110.714659,38.36002923,-110.7179170667
2025-05-28T03:35:32.059021,38.3670056667,-110.714659,38.360029235,-110.717917065
2025-05-28T03:35:32.559146,38.3670056667,-110.714659,38.3600292367,-110.7179170533
2025-05-28T03:35:33.058951,38.3670056667,-110.7146588333,38.3600292417,-110.717917045
2025-05-28T03:35:33.559004,38.3670056667,-110.7146588333,38.3600292467,-110.71791704
2025-05-28T03:35:34.059018,38.3670056667,-110.7146586667,38.3600292467,-110.7179170333
2025-05-28T03:35:34.558994,38.3670056667,-110.7146586667,38.3600292467,-110.7179170333
2025-05-28T03:35:35.059043,38.3670056667,-110.7146586667,38.3600292483,-110.7179170233
2025-05-28T03:35:35.559205,38.3670056667,-110.7146586667,38.360029255,-110.7179170233
2025-05-28T03:35:36.059000,38.3670056667,-110.7146588333,38.3600292533,-110.71791702
2025-05-28T03:35:36.559076,38.3670056667,-110.7146588333,38.3600292517,-110.7179170217
2025-05-28T03:35:37.059009,38.3670056667,-110.7146586667,38.360029245,-110.7179170233
2025-05-28T03:35:37.559059,38.3670056667,-110.7146586667,38.360029245,-110.7179170233
2025-05-28T03:35:38.059006,38.3670056667,-110.7146586667,38.3600292383,-110.7179170217
2025-05-28T03:35:38.559061,38.3670056667,-110.7146586667,38.3600292383,-110.71791702
2025-05-28T03:35:39.058930,38.3670056667,-110.7146585,38.3600292383,-110.717917015
2025-05-28T03:35:39.559132,38.3670056667,-110.7146585,38.36002924,-110.717917005
2025-05-28T03:35:40.058969,38.3670056667,-110.7146585,38.36002924,-110.7179170033
2025-05-28T03:35:40.559153,38.3670056667,-110.7146585,38.36002924,-110.7179170033
2025-05-28T03:35:41.058943,38.3670056667,-110.7146586667,38.360029235,-110.7179170017
2025-05-28T03:35:41.559224,38.3670056667,-110.7146586667,38.360029235,-110.7179170067
2025-05-28T03:35:42.059004,38.3670056667,-110.7146585,38.3600292317,-110.717917
2025-05-28T03:35:42.559023,38.3670056667,-110.7146585,38.3600292283,-110.717917
2025-05-28T03:35:43.058994,38.3670056667,-110.7146585,38.3600292283,-110.7179170017
2025-05-28T03:35:43.559245,38.3670056667,-110.7146585,38.3600292283,-110.7179170017
2025-05-28T03:35:44.059010,38.3670058333,-110.7146585,38.3600292383,-110.717917
2025-05-28T03:35:44.559084,38.3670058333,-110.7146585,38.3600292383,-110.717917
2025-05-28T03:35:45.059063,38.3670058333,-110.7146583333,38.3600292383,-110.717917
2025-05-28T03:35:45.559182,38.3670058333,-110.7146583333,38.3600292383,-110.717917
2025-05-28T03:35:46.059015,38.3670058333,-110.7146583333,38.3600292383,-110.717917
2025-05-28T03:35:46.559169,38.3670058333,-110.7146583333,38.36002924,-110.7179169967
2025-05-28T03:35:47.059053,38.3670058333,-110.7146581667,38.36002924,-110.7179169967
2025-05-28T03:35:47.559103,38.3670058333,-110.7146581667,38.36002924,-110.7179169967
2025-05-28T03:35:48.058979,38.3670058333,-110.7146581667,38.3600292383,-110.717916995
2025-05-28T03:35:48.559117,38.3670058333,-110.7146581667,38.3600292383,-110.717916995
2025-05-28T03:35:49.058979,38.3670058333,-110.714658,38.3600292383,-110.717916995
2025-05-28T03:35:49.559086,38.3670058333,-110.714658,38.3600292383,-110.717916995
2025-05-28T03:35:50.059151,38.3670058333,-110.714658,38.3600292383,-110.717916995
2025-05-28T03:35:50.559181,38.3670058333,-110.714658,38.3600292383,-110.717916995
2025-05-28T03:35:51.059114,38.3670056667,-110.7146578333,38.3600292383,-110.717916995
2025-05-28T03:35:51.559173,38.3670056667,-110.7146578333,38.3600292383,-110.717916995
2025-05-28T03:35:52.059118,38.3670058333,-110.7146578333,38.36002925,-110.7179169633
2025-05-28T03:35:52.559094,38.3670058333,-110.7146578333,38.3600292633,-110.7179169067
2025-05-28T03:35:53.059032,38.3670058333,-110.7146578333,38.3600292633,-110.7179168983
2025-05-28T03:35:53.559157,38.3670058333,-110.7146578333,38.3600292633,-110.7179168983
2025-05-28T03:35:54.059008,38.3670056667,-110.7146576667,38.3600292633,-110.7179168983
2025-05-28T03:35:54.559216,38.3670056667,-110.7146576667,38.3600292633,-110.7179168983
2025-05-28T03:35:55.058996,38.3670056667,-110.7146576667,38.3600292633,-110.7179168983
2025-05-28T03:35:55.559104,38.3670056667,-110.7146576667,38.3600292633,-110.7179168983
2025-05-28T03:35:56.059109,38.3670056667,-110.7146576667,38.3600292633,-110.7179168983
2025-05-28T03:35:56.559123,38.3670058333,-110.7146576667,38.3600292633,-110.7179168983
2025-05-28T03:35:57.059037,38.3670058333,-110.7146576667,38.3600292633,-110.7179168983
2025-05-28T03:35:57.559133,38.3670058333,-110.7146576667,38.3600292633,-110.7179168683
2025-05-28T03:35:58.058976,38.367006,-110.7146576667,38.3600292617,-110.7179168617
2025-05-28T03:35:58.559100,38.367006,-110.7146576667,38.415316842314205,-110.78847877268358
2025-05-28T03:35:59.059042,38.367006,-110.7146575,38.415316842314205,-110.78847877268358
2025-05-28T03:35:59.559081,38.367006,-110.7146575,38.3600292517,-110.7179168433
2025-05-28T03:36:00.059169,38.367006,-110.7146575,38.3600292517,-110.7179168433
2025-05-28T03:36:00.559129,38.367006,-110.7146575,38.3600292717,-110.71791678
2025-05-28T03:36:01.059013,38.3670061667,-110.7146575,38.3600292717,-110.7179167833
2025-05-28T03:36:01.559047,38.3670061667,-110.7146575,38.4153168423142,-110.78847877268359
2025-05-28T03:36:02.059032,38.3670061667,-110.7146575,38.3600292717,-110.717916785
2025-05-28T03:36:02.559191,38.3670061667,-110.7146575,38.3600292667,-110.7179167833
2025-05-28T03:36:03.058947,38.3670061667,-110.7146573333,38.360029265,-110.71791678
2025-05-28T03:36:03.559166,38.3670061667,-110.7146573333,38.3600292633,-110.7179167817
2025-05-28T03:36:04.059005,38.3670061667,-110.7146573333,38.3600292583,-110.7179167817
2025-05-28T03:36:04.559026,38.3670061667,-110.7146573333,38.3600292583,-110.7179167817
2025-05-28T03:36:05.059013,38.3670061667,-110.7146573333,38.3600292533,-110.7179167867
2025-05-28T03:36:05.559059,38.3670061667,-110.7146573333,38.3600292483,-110.7179167867
2025-05-28T03:36:06.059092,38.3670061667,-110.7146573333,38.415316856150795,-110.7884789947447
2025-05-28T03:36:06.559334,38.3670061667,-110.7146573333,38.41531685589315,-110.78847898403335
2025-05-28T03:36:07.058994,38.367006,-110.7146571667,38.3600292467,-110.7179167967
2025-05-28T03:36:07.559075,38.367006,-110.7146571667,38.360029245,-110.7179168
2025-05-28T03:36:08.059013,38.367006,-110.7146571667,38.41531685578049,-110.78847900831049
2025-05-28T03:36:08.559080,38.367006,-110.7146571667,38.3600292483,-110.7179168033
2025-05-28T03:36:09.059003,38.3670061667,-110.714657,38.3600292483,-110.7179167967
2025-05-28T03:36:09.559054,38.3670061667,-110.714657,38.36002925,-110.71791679
2025-05-28T03:36:10.059062,38.3670061667,-110.714657,38.360029245,-110.7179167867
2025-05-28T03:36:10.559255,38.3670061667,-110.7146568333,38.360029245,-110.7179167867
2025-05-28T03:36:11.059042,38.367006,-110.7146568333,38.360029235,-110.7179167867
2025-05-28T03:36:11.559172,38.367006,-110.7146568333,38.36002923,-110.7179167833
2025-05-28T03:36:12.058949,38.367006,-110.7146568333,38.415316855578745,-110.7884790048941
2025-05-28T03:36:12.559157,38.367006,-110.7146568333,38.3600292317,-110.71791677
2025-05-28T03:36:13.058989,38.367006,-110.7146568333,38.41531685557555,-110.7884790055122
2025-05-28T03:36:13.559055,38.367006,-110.7146568333,38.41531685557289,-110.7884790059488
2025-05-28T03:36:14.059017,38.367006,-110.714657,38.3600292317,-110.7179167533
2025-05-28T03:36:14.559154,38.367006,-110.714657,38.3600292317,-110.717916745
2025-05-28T03:36:15.059156,38.3670061667,-110.714657,38.36002924,-110.7179167317
2025-05-28T03:36:15.559130,38.3670061667,-110.714657,38.3600292467,-110.717916715
2025-05-28T03:36:16.058980,38.367006,-110.7146568333,38.3600292583,-110.7179167033
2025-05-28T03:36:16.559358,38.367006,-110.7146568333,38.3600292583,-110.7179167033
2025-05-28T03:36:17.059136,38.367006,-110.7146568333,38.360029265,-110.7179166967
2025-05-28T03:36:17.559122,38.367006,-110.7146568333,38.3600292767,-110.717916685
2025-05-28T03:36:18.058976,38.367006,-110.7146568333,38.360029285,-110.7179166683
2025-05-28T03:36:18.559219,38.367006,-110.7146568333,38.3600292883,-110.717916655
2025-05-28T03:36:19.058950,38.367006,-110.7146568333,38.3600292933,-110.7179166417
2025-05-28T03:36:19.559203,38.367006,-110.7146568333,38.3600292917,-110.7179166367
2025-05-28T03:36:20.059124,38.367006,-110.7146566667,38.3600292967,-110.7179166317
2025-05-28T03:36:20.559158,38.367006,-110.7146566667,38.3600293017,-110.7179166267
2025-05-28T03:36:21.059080,38.3670058333,-110.7146565,38.3600293017,-110.7179166267
2025-05-28T03:36:21.559253,38.3670058333,-110.7146565,38.3600293033,-110.7179166233
2025-05-28T03:36:22.059016,38.3670058333,-110.7146565,38.3600293133,-110.7179166233
2025-05-28T03:36:22.559122,38.3670058333,-110.7146565,38.3600293133,-110.7179166233
2025-05-28T03:36:23.059093,38.367006,-110.7146565,38.360029315,-110.7179166267
2025-05-28T03:36:23.559215,38.367006,-110.7146565,38.36002931,-110.717916625
2025-05-28T03:36:24.059012,38.3670058333,-110.7146565,38.36002931,-110.7179166367
2025-05-28T03:36:24.559168,38.3670058333,-110.7146565,38.36002931,-110.7179166417
2025-05-28T03:36:25.059027,38.3670058333,-110.7146565,38.360029305,-110.717916645
2025-05-28T03:36:25.559053,38.3670058333,-110.7146565,38.360029305,-110.717916645
2025-05-28T03:36:26.058952,38.367006,-110.7146566667,38.3600293,-110.71791665
2025-05-28T03:36:26.559085,38.367006,-110.7146566667,38.3600292883,-110.7179166633
2025-05-28T03:36:27.059003,38.367006,-110.7146568333,38.360029275,-110.7179166717
2025-05-28T03:36:27.559018,38.367006,-110.7146568333,38.3600292667,-110.71791667
2025-05-28T03:36:28.058999,38.367006,-110.7146568333,38.3600292633,-110.7179166733
2025-05-28T03:36:28.559090,38.367006,-110.7146568333,38.36002926,-110.7179166767
2025-05-28T03:36:29.059035,38.367006,-110.7146566667,38.3600292583,-110.71791668
2025-05-28T03:36:29.559049,38.367006,-110.7146566667,38.36002926,-110.7179166867
2025-05-28T03:36:30.058992,38.367006,-110.7146568333,38.3600292567,-110.7179166917
2025-05-28T03:36:30.559153,38.367006,-110.7146568333,38.360029255,-110.7179166917
2025-05-28T03:36:31.059017,38.367006,-110.7146566667,38.3600292483,-110.717916695
2025-05-28T03:36:31.559171,38.367006,-110.7146566667,38.3600292483,-110.717916695
2025-05-28T03:36:32.059113,38.367006,-110.7146568333,38.3600292433,-110.717916695
2025-05-28T03:36:32.559201,38.367006,-110.7146568333,38.3600292417,-110.7179167
2025-05-28T03:36:33.058997,38.367006,-110.7146568333,38.3600292417,-110.7179167
2025-05-28T03:36:33.559297,38.367006,-110.7146568333,38.3600292417,-110.7179167
2025-05-28T03:36:34.059130,38.367006,-110.7146568333,38.3600292417,-110.7179167
2025-05-28T03:36:34.559093,38.367006,-110.7146568333,38.3600292417,-110.7179167
2025-05-28T03:36:35.059002,38.3670058333,-110.7146568333,38.3600292283,-110.7179167
2025-05-28T03:36:35.559384,38.3670058333,-110.7146568333,38.3600292283,-110.7179167
2025-05-28T03:36:36.059007,38.3670058333,-110.7146568333,38.3600292283,-110.7179167
2025-05-28T03:36:36.559199,38.3670058333,-110.7146568333,38.3600292283,-110.7179167
2025-05-28T03:36:37.059008,38.3670056667,-110.7146566667,38.3600292283,-110.7179167
2025-05-28T03:36:37.559177,38.3670056667,-110.7146566667,38.3600292267,-110.7179166967
2025-05-28T03:36:38.059008,38.3670058333,-110.7146566667,38.3600292267,-110.7179166967
2025-05-28T03:36:38.559254,38.3670058333,-110.7146566667,38.3600292267,-110.7179166967
2025-05-28T03:36:39.059023,38.3670056667,-110.7146563333,38.3600292267,-110.717916705
2025-05-28T03:36:39.559005,38.3670056667,-110.7146563333,38.3600292333,-110.7179167017
2025-05-28T03:36:40.059020,38.3670056667,-110.7146563333,38.360029235,-110.7179167017
2025-05-28T03:36:40.559194,38.3670056667,-110.7146563333,38.3600292367,-110.7179166983
2025-05-28T03:36:41.059026,38.3670058333,-110.7146563333,38.3600292367,-110.7179166983
2025-05-28T03:36:41.559289,38.3670058333,-110.7146563333,38.3600292367,-110.7179166983
2025-05-28T03:36:42.059137,38.3670058333,-110.7146561667,38.3600292483,-110.7179167083
2025-05-28T03:36:42.559192,38.3670058333,-110.7146561667,38.3600292483,-110.7179166983
2025-05-28T03:36:43.059035,38.3670056667,-110.7146563333,38.3600292483,-110.7179166983
2025-05-28T03:36:43.559172,38.3670056667,-110.7146563333,38.3600292483,-110.7179166983
2025-05-28T03:36:44.059048,38.3670058333,-110.7146566667,38.360029265,-110.71791669
2025-05-28T03:36:44.559313,38.3670058333,-110.7146566667,38.360029265,-110.71791669
2025-05-28T03:36:45.058969,38.3670056667,-110.7146568333,38.3600292617,-110.7179166867
2025-05-28T03:36:45.559207,38.3670056667,-110.7146568333,38.3600292617,-110.7179166867
2025-05-28T03:36:46.059027,38.3670056667,-110.7146568333,38.3600292633,-110.7179166883
2025-05-28T03:36:46.559090,38.3670056667,-110.7146568333,38.3600292667,-110.7179166817
2025-05-28T03:36:47.058959,38.3670056667,-110.7146568333,38.3600292733,-110.7179166767
2025-05-28T03:36:47.559254,38.3670056667,-110.7146568333,38.3600292733,-110.7179166767
2025-05-28T03:36:48.059047,38.3670056667,-110.7146568333,38.360029315,-110.7179166683
2025-05-28T03:36:48.559293,38.3670056667,-110.7146568333,38.360029315,-110.7179166683
2025-05-28T03:36:49.058983,38.3670056667,-110.7146566667,38.3600293617,-110.717916645
2025-05-28T03:36:49.559215,38.3670056667,-110.7146566667,38.360029365,-110.717916645
2025-05-28T03:36:50.059301,38.3670056667,-110.7146568333,38.3600293633,-110.7179166417
2025-05-28T03:36:50.559242,38.3670056667,-110.7146568333,38.3600293633,-110.7179166417
2025-05-28T03:36:51.059088,38.3670056667,-110.7146568333,38.3600293667,-110.7179166383
2025-05-28T03:36:51.559039,38.3670056667,-110.714657,38.36002938,-110.717916635
2025-05-28T03:36:52.058997,38.3670056667,-110.714657,38.36002939,-110.7179166333
2025-05-28T03:36:52.559080,38.3670056667,-110.714657,38.3600294017,-110.717916635
2025-05-28T03:36:53.059002,38.3670055,-110.7146568333,38.3600294183,-110.7179166333
2025-05-28T03:36:53.559175,38.3670055,-110.7146568333,38.3600294183,-110.7179166333
2025-05-28T03:36:54.058954,38.3670055,-110.7146568333,38.3600294183,-110.7179166333
2025-05-28T03:36:54.559284,38.3670055,-110.7146568333,38.3600294267,-110.7179166367
2025-05-28T03:36:55.059164,38.3670053333,-110.7146573333,38.3600294267,-110.7179166367
2025-05-28T03:36:55.559251,38.3670053333,-110.7146573333,38.360029435,-110.7179166367
2025-05-28T03:36:56.059021,38.3670053333,-110.7146568333,38.3600294467,-110.7179166383
2025-05-28T03:36:56.559401,38.3670053333,-110.7146568333,38.3600294467,-110.7179166383
2025-05-28T03:36:57.058994,38.3670053333,-110.714657,38.3600294467,-110.7179166383
2025-05-28T03:36:57.559140,38.3670053333,-110.714657,38.3600294467,-110.7179166383
2025-05-28T03:36:58.058999,38.3670055,-110.714657,38.3600294667,-110.7179166333
2025-05-28T03:36:58.559123,38.3670055,-110.714657,38.3600294667,-110.717916635
2025-05-28T03:36:59.058989,38.3670058333,-110.7146568333,38.3600294683,-110.71791663
2025-05-28T03:36:59.559220,38.3670058333,-110.7146568333,38.3600294683,-110.71791663
2025-05-28T03:37:00.058996,38.367006,-110.7146568333,38.36002947,-110.7179166283
2025-05-28T03:37:00.559200,38.367006,-110.7146568333,38.3600294867,-110.7179166117
2025-05-28T03:37:01.059124,38.3670056667,-110.714657,38.3600294867,-110.7179166117
2025-05-28T03:37:01.559123,38.3670056667,-110.714657,38.3600294867,-110.717916605
2025-05-28T03:37:02.059033,38.3670056667,-110.7146571667,38.3600294867,-110.717916605
2025-05-28T03:37:02.559253,38.3670056667,-110.7146571667,38.360029495,-110.717916595
2025-05-28T03:37:03.059117,38.3670055,-110.7146573333,38.360029495,-110.717916595
2025-05-28T03:37:03.559106,38.3670055,-110.7146573333,38.360029495,-110.717916595
2025-05-28T03:37:04.059011,38.3670056667,-110.7146571667,38.3600294967,-110.71791658
2025-05-28T03:37:04.559253,38.3670056667,-110.7146571667,38.3600295033,-110.71791656
