2025-05-10T13:32:06.023675,0,0,-37.9104389433,145.1349459417,0,-26,-39,-39,0,-27,-29,-29
2025-05-10T13:32:06.523502,-37.9105218333,145.1348846667,-37.9104390033,145.13494592,0,-28,-40,-40,0,-29,-29,-29
2025-05-10T13:32:07.023317,-37.9105218333,145.1348846667,-37.9104391417,145.1349459183,0,-27,-39,-40,0,-27,-29,-29
2025-05-10T13:32:07.523304,-37.9105218333,145.1348846667,-37.9104392117,145.1349459133,0,-27,-39,-39,0,-26,-29,-29
2025-05-10T13:32:08.024233,-37.9105218333,145.1348846667,-37.9104392117,145.1349459133,0,-29,-40,-38,0,-27,-30,-29
2025-05-10T13:32:08.523520,-37.9105218333,145.1348848333,-37.910439385,145.1349459033,0,-22,-38,-38,0,-26,-30,-29
2025-05-10T13:32:09.023180,-37.9105218333,145.1348848333,-37.9104394583,145.1349458633,0,-26,-40,-39,0,-28,-29,-29
2025-05-10T13:32:09.523499,-37.9105218333,145.1348848333,-37.91043951,145.134945795,0,-27,-39,-39,0,-28,-29,-29
2025-05-10T13:32:10.023747,-37.9105218333,145.1348848333,-37.910439545,145.134945735,0,-27,-40,-40,0,-28,-30,-29
2025-05-10T13:32:10.523410,-37.9105218333,145.134885,-37.91043952,145.1349457067,0,-25,-38,-38,0,-21,-28,-29
2025-05-10T13:32:11.024023,-37.9105218333,145.134885,-37.91043952,145.1349457067,0,-20,-40,-39,0,-21,-30,-29
2025-05-10T13:32:11.523450,-37.9105218333,145.134885,-37.9104395383,145.134945645,0,-23,-40,-40,0,-24,-30,-29
2025-05-10T13:32:12.023293,-37.9105218333,145.134885,-37.9104395267,145.134945595,0,-27,-42,-42,0,-21,-30,-29
2025-05-10T13:32:12.523102,-37.9105218333,145.134885,-37.9104395383,145.1349455383,0,-25,-40,-39,0,-25,-30,-29
2025-05-10T13:32:13.023344,-37.9105218333,145.134885,-37.9104394267,145.13494546,0,-27,-38,-39,0,-27,-28,-29
2025-05-10T13:32:13.523468,-37.9105218333,145.134885,-37.9104394133,145.1349454483,0,-28,-38,-39,0,-23,-28,-29
2025-05-10T13:32:14.044515,-37.9105218333,145.134885,-37.9104394133,145.1349454483,0,-24,-40,-39,0,-23,-30,-29
2025-05-10T13:32:14.523305,-37.910522,145.134885,-37.9104393817,145.13494537,0,-22,-40,-40,0,-22,-29,-29
2025-05-10T13:32:15.023604,-37.910522,145.134885,-37.9104393567,145.1349453117,0,-28,-39,-38,0,-27,-28,-29
2025-05-10T13:32:15.523311,-37.910522,145.134885,-37.9104400267,145.1349454467,0,-27,-37,-37,0,-27,-27,-29
2025-05-10T13:32:16.023462,-37.910522,145.134885,-37.910442575,145.1349454833,0,-26,-37,-38,0,-26,-28,-29
2025-05-10T13:32:16.522853,-37.910522,145.134885,-37.91044341,145.1349458683,0,-28,-36,-36,0,-26,-28,-29
2025-05-10T13:32:17.023767,-37.910522,145.134885,-37.91044341,145.1349458683,0,-21,-35,-35,0,-21,-28,-29
2025-05-10T13:32:17.523546,-37.910522,145.134885,-37.9104466233,145.13494705,0,-22,-36,-35,0,-23,-30,-29
2025-05-10T13:32:18.023966,-37.910522,145.134885,-37.91044913,145.13494764,0,-28,-36,-36,0,-19,-21,-29
2025-05-10T13:32:18.532877,-37.910522,145.134885,-37.910453345,145.1349485033,0,-27,-35,-35,0,-27,-32,-29
2025-05-10T13:32:19.023435,-37.910522,145.134885,-37.910457315,145.1349492683,0,-27,-39,-38,0,-25,-36,-29
2025-05-10T13:32:19.523714,-37.910522,145.134885,-37.9104584217,145.1349493867,0,-29,-38,-38,0,-26,-36,-29
2025-05-10T13:32:20.023610,-37.910522,145.134885,-37.9104584217,145.1349493867,0,-26,-36,-36,0,-24,-35,-29
2025-05-10T13:32:20.523895,-37.910522,145.134885,-37.9104590183,145.1349494383,0,-24,-36,-37,0,-23,-38,-29
2025-05-10T13:32:21.022982,-37.910522,145.134885,-37.9104590217,145.1349494383,0,-28,-37,-37,0,-26,-42,-29
2025-05-10T13:32:21.526704,-37.910522,145.134885,-37.9104590417,145.1349494383,0,-27,-38,-38,0,-26,-45,-29
2025-05-10T13:32:22.023308,-37.910522,145.134885,-37.9104608933,145.1349497867,0,-23,-43,-41,0,-29,-40,-29
2025-05-10T13:32:22.522935,-37.910522,145.134885,-37.9104618033,145.1349501367,0,-27,-45,-45,0,-24,-34,-29
2025-05-10T13:32:23.023664,-37.910522,145.134885,-37.9104618033,145.1349501367,0,-26,-45,-45,0,-26,-32,-29
2025-05-10T13:32:23.523623,-37.910522,145.134885,-37.9104639567,145.1349508483,0,-21,-41,-43,0,-22,-29,-29
2025-05-10T13:32:24.026767,-37.910522,145.134885,-37.9104652517,145.13495117,0,-26,-40,-40,0,-27,-27,-29
2025-05-10T13:32:24.523035,-37.9105221667,145.134885,-37.9104652567,145.1349511767,0,-26,-41,-41,0,-27,-26,-29
2025-05-10T13:32:25.023620,-37.9105221667,145.134885,-37.9104660067,145.1349513217,0,-29,-40,-40,0,-28,-25,-29
2025-05-10T13:32:25.523710,-37.9105221667,145.1348851667,-37.910466745,145.1349514617,0,-29,-37,-40,0,-26,-14,-29
2025-05-10T13:32:26.023971,-37.9105221667,145.1348851667,-37.910466745,145.1349514617,0,-27,-36,-36,0,-27,-13,-29
2025-05-10T13:32:26.523828,-37.9105221667,145.1348851667,-37.9104692883,145.1349518283,0,-20,-37,-36,0,-21,-13,-29
2025-05-10T13:32:27.023396,-37.9105221667,145.1348851667,-37.9104706833,145.1349522783,0,-23,-37,-37,0,-23,-13,-29
2025-05-10T13:32:27.522922,-37.9105221667,145.1348851667,-37.9104715683,145.1349526817,0,-25,-38,-38,0,-26,-11,-29
2025-05-10T13:32:28.023256,-37.9105221667,145.1348851667,-37.9104739983,145.1349536417,0,-26,-41,-40,0,-27,-12,-29
2025-05-10T13:32:28.523118,-37.9105221667,145.1348853333,-37.9104740083,145.1349536483,0,-26,-43,-43,0,-26,-10,-29
2025-05-10T13:32:29.029805,-37.9105221667,145.1348853333,-37.9104740083,145.1349536483,0,-27,-48,-46,0,-27,-10,-29
2025-05-10T13:32:29.523287,-37.9105221667,145.1348853333,-37.91047489,145.134953835,0,-19,-54,-54,0,-29,-9,-29
2025-05-10T13:32:30.023468,-37.9105221667,145.1348853333,-37.9104767867,145.1349539533,0,-26,-45,-45,0,-28,-9,-29
2025-05-10T13:32:30.523180,-37.9105221667,145.1348855,-37.9104793533,145.134954765,0,-27,-42,-42,0,-28,-8,-8
2025-05-10T13:32:31.023250,-37.9105221667,145.1348855,-37.9104815833,145.1349553083,0,-25,-36,-38,0,-25,-8,-8
2025-05-10T13:32:31.522842,-37.9105221667,145.1348855,-37.9104823617,145.1349552933,0,-28,-34,-34,0,-24,-8,-8
2025-05-10T13:32:32.023254,-37.9105221667,145.1348855,-37.9104823617,145.1349552933,0,-24,-33,-33,0,-23,-8,-8
2025-05-10T13:32:32.523405,-37.9105223333,145.1348856667,-37.91048469,145.13495581,0,-25,-32,-32,0,-27,-7,-8
2025-05-10T13:32:33.023108,-37.9105223333,145.1348856667,-37.910486125,145.1349562383,0,-24,-30,-30,0,-24,-7,-8
2025-05-10T13:32:33.526874,-37.9105223333,145.1348856667,-37.9104887367,145.1349565383,0,-29,-28,-28,0,-25,-8,-8
2025-05-10T13:32:34.023345,-37.9105223333,145.1348856667,-37.9104912033,145.13495699,0,-28,-28,-28,0,-28,-7,-8
2025-05-10T13:32:34.524912,-37.9105223333,145.1348858333,-37.9104918183,145.1349570483,0,-24,-29,-29,0,-23,-9,-8
2025-05-10T13:32:35.029177,-37.9105223333,145.1348858333,-37.9104918183,145.1349570483,0,-24,-31,-31,0,-26,-9,-8
2025-05-10T13:32:35.523715,-37.9105223333,145.1348858333,-37.9104918183,145.1349570933,0,-26,-30,-30,0,-25,-10,-8
2025-05-10T13:32:36.023913,-37.9105223333,145.1348858333,-37.910493475,145.1349576883,0,-26,-28,-28,0,-30,-8,-8
2025-05-10T13:32:36.526972,-37.9105223333,145.134886,-37.9104953667,145.1349578783,0,-28,-30,-30,0,-25,-7,-8
2025-05-10T13:32:37.023959,-37.9105223333,145.134886,-37.910497995,145.1349584483,0,-23,-33,-32,0,-24,-9,-8
2025-05-10T13:32:37.523338,-37.9105223333,145.134886,-37.9104987867,145.134958565,0,-28,-32,-32,0,-25,-8,-8
2025-05-10T13:32:38.023853,-37.9105223333,145.134886,-37.9104987867,145.134958565,0,-24,-32,-31,0,-23,-8,-8
2025-05-10T13:32:38.527965,-37.9105225,145.1348861667,-37.9104987933,145.1349586083,0,-25,-38,-37,0,-28,-8,-8
2025-05-10T13:32:39.023483,-37.9105225,145.1348861667,-37.9104987983,145.1349586367,0,-26,-37,-37,0,-26,-9,-8
2025-05-10T13:32:39.523173,-37.9105225,145.1348861667,-37.91049881,145.13495868,0,-24,-36,-36,0,-23,-10,-8
2025-05-10T13:32:40.023272,-37.9105225,145.1348861667,-37.9104988283,145.1349587217,0,-20,-41,-39,0,-25,-7,-8
2025-05-10T13:32:40.523319,-37.9105225,145.1348863333,-37.9104988367,145.1349587367,0,-23,-47,-43,0,-26,-7,-8
2025-05-10T13:32:41.023465,-37.9105225,145.1348863333,-37.9104988367,145.1349587367,0,-21,-48,-48,0,-24,-8,-8
2025-05-10T13:32:41.523160,-37.9105225,145.1348863333,-37.9105008633,145.1349587083,0,-28,-40,-40,0,-24,-8,-8
2025-05-10T13:32:42.023214,-37.9105225,145.1348863333,-37.9105027517,145.1349589983,0,-28,-38,-38,0,-20,-23,-8
2025-05-10T13:32:42.523297,-37.9105225,145.1348865,-37.9105045033,145.13495911,0,-28,-34,-35,0,-28,-9,-9
2025-05-10T13:32:43.023258,-37.9105225,145.1348865,-37.9105069733,145.134959105,0,-24,-32,-33,0,-24,-9,-9
2025-05-10T13:32:43.523249,-37.9105225,145.1348865,-37.9105077733,145.1349590317,0,-22,-30,-29,0,-26,-9,-9
2025-05-10T13:32:44.023569,-37.9105225,145.1348865,-37.9105077733,145.1349590317,0,-26,-28,-28,0,-26,-10,-9
2025-05-10T13:32:44.535491,-37.9105225,145.1348866667,-37.91051036,145.1349585183,0,-24,-27,-27,0,-25,-12,-9
2025-05-10T13:32:45.023720,-37.9105225,145.1348866667,-37.9105122667,145.1349586233,0,-27,-26,-26,0,-27,-11,-9
2025-05-10T13:32:45.526809,-37.9105225,145.1348868333,-37.9105148067,145.13495886,0,-28,-25,-25,0,-27,-11,-9
2025-05-10T13:32:46.023281,-37.9105225,145.1348868333,-37.9105148367,145.134958885,0,-26,-25,-25,0,-26,-12,-9
2025-05-10T13:32:46.523199,-37.9105225,145.1348868333,-37.9105148467,145.1349588933,0,-31,-25,-25,0,-25,-23,-9
2025-05-10T13:32:47.023448,-37.9105225,145.1348868333,-37.9105148467,145.1349588933,0,-27,-24,-24,0,-26,-15,-9
2025-05-10T13:32:47.523395,-37.9105225,145.134887,-37.91051488,145.1349589167,0,-24,-22,-14,0,-24,-13,-9
2025-05-10T13:32:48.023899,-37.9105225,145.134887,-37.910514905,145.134958925,0,-27,-15,-22,0,-27,-23,-9
2025-05-10T13:32:48.526735,-37.9105225,145.134887,-37.9105149433,145.1349589367,0,-27,-23,-23,0,-27,-24,-9
2025-05-10T13:32:49.023505,-37.9105225,145.134887,-37.9105158217,145.13495891,0,-27,-15,-15,0,-27,-25,-9
2025-05-10T13:32:49.523575,-37.9105225,145.134887,-37.9105167017,145.1349588817,0,-26,-14,-14,0,-24,-26,-9
2025-05-10T13:32:50.023038,-37.9105225,145.134887,-37.9105167017,145.1349588817,0,-25,-14,-14,0,-25,-26,-9
2025-05-10T13:32:50.523160,-37.9105223333,145.1348868333,-37.9105184467,145.1349589833,0,-27,-14,-14,0,-27,-27,-9
2025-05-10T13:32:51.023856,-37.9105223333,145.1348868333,-37.9105191333,145.1349589067,0,-28,-13,-13,0,-26,-29,-9
2025-05-10T13:32:51.524174,-37.9105223333,145.1348868333,-37.9105191667,145.1349589567,0,-29,-12,-12,0,-28,-30,-9
2025-05-10T13:32:52.024248,-37.9105223333,145.1348868333,-37.9105199433,145.1349588267,0,-24,-13,-12,0,-28,-33,-9
2025-05-10T13:32:52.524108,-37.9105223333,145.1348868333,-37.9105199533,145.1349588383,0,-27,-12,-12,0,-25,-32,-9
2025-05-10T13:32:53.023718,-37.9105223333,145.1348868333,-37.9105199533,145.1349588383,0,-26,-12,-11,0,-23,-34,-9
2025-05-10T13:32:53.527058,-37.9105223333,145.1348868333,-37.9105199933,145.1349589,0,-20,-12,-11,0,-19,-38,-9
2025-05-10T13:32:54.023561,-37.9105223333,145.1348868333,-37.9105208383,145.1349588217,0,-24,-11,-11,0,-25,-38,-9
2025-05-10T13:32:54.524171,-37.9105223333,145.1348866667,-37.9105225467,145.1349588083,0,-23,-11,-11,0,-29,-38,-9
2025-05-10T13:32:55.023402,-37.9105223333,145.1348866667,-37.9105225933,145.1349588367,0,-24,-11,-11,0,-28,-43,-9
2025-05-10T13:32:55.523375,-37.9105221667,145.1348866667,-37.91052261,145.1349588517,0,-28,-11,-11,0,-24,-40,-9
2025-05-10T13:32:56.023497,-37.9105221667,145.1348866667,-37.91052261,145.1349588517,0,-24,-11,-11,0,-28,-40,-9
2025-05-10T13:32:56.523579,-37.9105221667,145.1348865,-37.9105226483,145.134958875,0,-22,-11,-10,0,-21,-37,-9
2025-05-10T13:32:57.024022,-37.9105221667,145.1348865,-37.9105226483,145.134958875,0,-27,-11,-11,0,-28,-36,-9
2025-05-10T13:32:57.523974,-37.9105221667,145.1348865,-37.9105226483,145.134958875,0,-25,-11,-10,0,-25,-35,-9
2025-05-10T13:32:58.023513,-37.9105221667,145.1348865,-37.91052647,145.1349584883,0,-27,-10,-10,0,-28,-33,-9
2025-05-10T13:32:58.523594,-37.9105221667,145.1348863333,-37.9105264867,145.1349584983,0,-25,-10,-10,0,-26,-33,-9
2025-05-10T13:32:59.023754,-37.9105221667,145.1348863333,-37.9105264867,145.1349584983,0,-23,-11,-11,0,-23,-33,-9
2025-05-10T13:32:59.531696,-37.910522,145.1348863333,-37.9105264867,145.1349584983,0,-24,-11,-10,0,-25,-32,-9
2025-05-10T13:33:00.027720,-37.910522,145.1348863333,-37.9105264867,145.1349584983,0,-25,-11,-11,0,-24,-31,-9
2025-05-10T13:33:00.526739,-37.910522,145.1348861667,-37.9105314417,145.1349578633,0,-28,-10,-10,0,-28,-30,-9
2025-05-10T13:33:01.023438,-37.910522,145.1348861667,-37.9105337967,145.134957175,0,-24,-10,-10,0,-29,-29,-9
2025-05-10T13:33:01.523378,-37.9105218333,145.1348861667,-37.91053468,145.1349571333,0,-21,-11,-11,0,-24,-30,-9
2025-05-10T13:33:02.023523,-37.9105218333,145.1348861667,-37.91053468,145.1349571333,0,-22,-11,-12,0,-29,-31,-9
2025-05-10T13:33:02.523299,-37.9105218333,145.1348861667,-37.9105386867,145.134956395,0,-25,-11,-11,0,-27,-30,-9
2025-05-10T13:33:03.027168,-37.9105218333,145.1348861667,-37.9105408583,145.13495594,0,-26,-11,-11,0,-27,-31,-9
2025-05-10T13:33:03.526821,-37.9105218333,145.1348861667,-37.910543025,145.1349554567,0,-26,-11,-11,0,-27,-31,-9
2025-05-10T13:33:04.023743,-37.9105218333,145.134886,-37.9105449617,145.1349550567,0,-25,-12,-11,0,-24,-30,-9
2025-05-10T13:33:04.524368,-37.9105216667,145.1348858333,-37.9105450017,145.1349550633,0,-28,-11,-11,0,-25,-33,-9
2025-05-10T13:33:05.023375,-37.9105216667,145.1348858333,-37.9105450017,145.1349550633,0,-23,-11,-11,0,-24,-33,-9
2025-05-10T13:33:05.527074,-37.9105216667,145.1348858333,-37.9105472583,145.1349543267,0,-24,-12,-12,0,-23,-33,-9
2025-05-10T13:33:06.022920,-37.9105216667,145.1348858333,-37.9105493733,145.1349531767,0,-24,-12,-13,0,-25,-33,-9
2025-05-10T13:33:06.522843,-37.9105216667,145.1348856667,-37.9105526217,145.134951675,0,-27,-12,-12,0,-27,-34,-9
2025-05-10T13:33:07.023180,-37.9105216667,145.1348856667,-37.910555475,145.13494939,0,-29,-12,-12,0,-29,-34,-9
2025-05-10T13:33:07.523017,-37.9105215,145.1348856667,-37.9105564083,145.13494883,0,-23,-13,-13,0,-26,-40,-9
2025-05-10T13:33:08.023951,-37.9105215,145.1348856667,-37.9105564083,145.13494883,0,-25,-13,-13,0,-25,-39,-9
2025-05-10T13:33:08.523399,-37.9105215,145.1348855,-37.9105593883,145.1349474233,0,-24,-13,-12,0,-27,-41,-9
2025-05-10T13:33:09.028586,-37.9105215,145.1348855,-37.9105604267,145.134946775,0,-28,-13,-13,0,-26,-52,-9
2025-05-10T13:33:09.524034,-37.9105215,145.1348855,-37.9105604267,145.134946775,0,-27,-13,-12,0,-26,-45,-9
2025-05-10T13:33:10.023587,-37.9105215,145.1348855,-37.9105604267,145.134946775,0,-27,-25,-24,0,-27,-47,-9
2025-05-10T13:33:10.523530,-37.9105213333,145.1348855,-37.9105698967,145.1349409683,0,-27,-24,-24,0,-25,-41,-9
2025-05-10T13:33:11.023058,-37.9105213333,145.1348855,-37.9105698967,145.1349409683,0,-27,-25,-25,0,-27,-43,-9
2025-05-10T13:33:11.523456,-37.9105213333,145.1348853333,-37.9105731133,145.1349393367,0,-27,-25,-24,0,-27,-40,-9
2025-05-10T13:33:12.023409,-37.9105213333,145.1348853333,-37.9105752283,145.134938335,0,-26,-26,-25,0,-28,-36,-9
2025-05-10T13:33:12.526370,-37.9105213333,145.1348853333,-37.910578495,145.13493572,0,-26,-28,-28,0,-27,-41,-9
2025-05-10T13:33:13.023257,-37.9105213333,145.1348853333,-37.910581835,145.134933395,0,-23,-28,-28,0,-27,-38,-9
2025-05-10T13:33:13.523280,-37.9105213333,145.1348853333,-37.9105831233,145.134932815,0,-25,-29,-29,0,-25,-39,-9
2025-05-10T13:33:14.023035,-37.9105213333,145.1348853333,-37.9105831233,145.134932815,0,-27,-28,-30,0,-28,-38,-9
2025-05-10T13:33:14.523299,-37.9105211667,145.1348853333,-37.9105843767,145.1349323367,0,-25,-29,-28,0,-25,-38,-9
2025-05-10T13:33:15.032464,-37.9105211667,145.1348853333,-37.910584435,145.13493231,0,-27,-29,-29,0,-23,-38,-9
2025-05-10T13:33:15.523068,-37.9105211667,145.1348853333,-37.9105844867,145.134932305,0,-28,-28,-28,0,-24,-37,-9
2025-05-10T13:33:16.023893,-37.9105211667,145.1348853333,-37.91058456,145.134932305,0,-21,-29,-29,0,-21,-37,-9
2025-05-10T13:33:16.523294,-37.9105211667,145.1348853333,-37.9105845783,145.1349322883,0,-28,-29,-28,0,-25,-38,-9
2025-05-10T13:33:17.023556,-37.9105211667,145.1348853333,-37.9105845783,145.1349322883,0,-24,-29,-29,0,-23,-37,-9
2025-05-10T13:33:17.523237,-37.9105211667,145.1348853333,-37.9105846233,145.1349322117,0,-25,-29,-28,0,-25,-38,-9
2025-05-10T13:33:18.024001,-37.9105211667,145.1348853333,-37.9105847033,145.1349322,0,-28,-29,-29,0,-30,-38,-9
2025-05-10T13:33:18.523282,-37.9105211667,145.1348853333,-37.910584795,145.1349321633,0,-26,-28,-29,0,-26,-37,-9
2025-05-10T13:33:19.023321,-37.9105211667,145.1348853333,-37.910584895,145.134932125,0,-23,-29,-28,0,-23,-38,-9
2025-05-10T13:33:19.523993,-37.910521,145.1348853333,-37.91058492,145.1349321083,0,-27,-28,-28,0,-24,-37,-9
2025-05-10T13:33:20.023404,-37.910521,145.1348853333,-37.91058492,145.1349321083,0,-24,-29,-30,0,-24,-38,-9
2025-05-10T13:33:20.523410,-37.910521,145.1348853333,-37.9105849767,145.13493205,0,-31,-29,-30,0,-28,-37,-9
2025-05-10T13:33:21.023613,-37.910521,145.1348853333,-37.91058502,145.1349320183,0,-25,-32,-31,0,-25,-40,-9
2025-05-10T13:33:21.532378,-37.910521,145.1348853333,-37.9105850833,145.134931965,0,-27,-27,-27,0,-27,-36,-9
2025-05-10T13:33:22.023671,-37.910521,145.1348853333,-37.910585145,145.1349319567,0,-28,-28,-29,0,-28,-37,-9
2025-05-10T13:33:22.523229,-37.910521,145.1348853333,-37.9105851933,145.1349319183,0,-28,-30,-30,0,-27,-38,-9
2025-05-10T13:33:23.023930,-37.910521,145.1348853333,-37.9105851933,145.1349319183,0,-28,-31,-31,0,-28,-38,-9
2025-05-10T13:33:23.524209,-37.910521,145.1348853333,-37.9105851933,145.1349319183,0,-23,-29,-29,0,-23,-37,-9
2025-05-10T13:33:24.023988,-37.910521,145.1348853333,-37.9105851933,145.1349319183,0,-28,-30,-30,0,-28,-38,-9
2025-05-10T13:33:24.526846,-37.910521,145.1348853333,-37.91058504,145.13493185,0,-29,-29,-29,0,-25,-39,-9
2025-05-10T13:33:25.023796,-37.910521,145.1348853333,-37.9105849783,145.1349317933,0,-26,-27,-27,0,-26,-36,-9
2025-05-10T13:33:25.524192,-37.9105208333,145.1348853333,-37.9105849867,145.13493178,0,-27,-27,-27,0,-25,-36,-9
2025-05-10T13:33:26.023268,-37.9105208333,145.1348853333,-37.9105849867,145.13493178,0,-25,-27,-26,0,-25,-36,-9
2025-05-10T13:33:26.523370,-37.9105208333,145.1348853333,-37.9105849933,145.13493173,0,-21,-26,-26,0,-21,-36,-9
2025-05-10T13:33:27.023418,-37.9105208333,145.1348853333,-37.9105849933,145.134931705,0,-28,-26,-26,0,-27,-37,-9
2025-05-10T13:33:27.526852,-37.9105208333,145.1348855,-37.9105850217,145.13493168,0,-27,-26,-26,0,-27,-39,-9
2025-05-10T13:33:28.023448,-37.9105208333,145.1348855,-37.9105852,145.1349333517,0,-25,-25,-25,0,-25,-37,-9
2025-05-10T13:33:28.523502,-37.9105208333,145.1348855,-37.9105854167,145.1349341533,0,-27,-24,-24,0,-20,-44,-9
2025-05-10T13:33:29.023421,-37.9105208333,145.1348855,-37.9105854167,145.1349341533,0,-27,-23,-24,0,-26,-43,-9
2025-05-10T13:33:29.523493,-37.9105208333,145.1348855,-37.910586185,145.1349368583,0,-26,-23,-23,0,-24,-42,-9
2025-05-10T13:33:30.037478,-37.9105208333,145.1348855,-37.910586145,145.1349381783,0,-28,-14,-14,0,-27,-48,-9
2025-05-10T13:33:30.524116,-37.9105208333,145.1348855,-37.910585795,145.1349396767,0,-27,-13,-23,0,-27,-49,-9
2025-05-10T13:33:31.023753,-37.9105208333,145.1348855,-37.9105856883,145.1349400367,0,-28,-22,-14,0,-28,-48,-9
2025-05-10T13:33:31.523607,-37.9105208333,145.1348855,-37.9105857117,145.1349400683,0,-26,-14,-14,0,-25,-49,-9
2025-05-10T13:33:32.023980,-37.9105208333,145.1348855,-37.9105857117,145.1349400683,0,-27,-14,-13,0,-28,-48,-9
2025-05-10T13:33:32.523492,-37.9105208333,145.1348855,-37.9105858183,145.1349401483,0,-25,-13,-23,0,-23,-43,-9
2025-05-10T13:33:33.023270,-37.9105208333,145.1348855,-37.9105858017,145.1349401417,0,-27,-14,-13,0,-27,-49,-9
2025-05-10T13:33:33.523977,-37.9105208333,145.1348855,-37.91058581,145.1349401567,0,-28,-14,-13,0,-27,-51,-49
2025-05-10T13:33:34.023674,-37.9105208333,145.1348855,-37.9105859183,145.1349401733,0,-24,-13,-12,0,-27,-54,-49
2025-05-10T13:33:34.523619,-37.9105208333,145.1348855,-37.9105859317,145.1349401717,0,-27,-12,-12,0,-25,-47,-49
2025-05-10T13:33:35.023902,-37.9105208333,145.1348855,-37.9105859317,145.1349401717,0,-25,-12,-11,0,-26,-41,-49
2025-05-10T13:33:35.523412,-37.910521,145.1348855,-37.910586,145.1349420283,0,-25,-12,-12,0,-26,-42,-49
2025-05-10T13:33:36.027967,-37.910521,145.1348855,-37.9105850933,145.1349441517,0,-25,-11,-11,0,-29,-40,-49
2025-05-10T13:33:36.526990,-37.9105208333,145.1348855,-37.910583425,145.13494764,0,-27,-11,-11,0,-29,-36,-49
2025-05-10T13:33:37.023091,-37.9105208333,145.1348855,-37.9105829817,145.1349482617,0,-26,-11,-11,0,-25,-36,-49
2025-05-10T13:33:37.523725,-37.910521,145.1348855,-37.9105830133,145.1349482383,0,-28,-12,-12,0,-26,-36,-49
2025-05-10T13:33:38.023730,-37.910521,145.1348855,-37.9105830133,145.1349482383,0,-20,-11,-11,0,-21,-34,-49
2025-05-10T13:33:38.523115,-37.910521,145.1348855,-37.91058306,145.134948205,0,-25,-11,-11,0,-25,-34,-49
2025-05-10T13:33:39.023275,-37.910521,145.1348855,-37.910583055,145.1349486433,0,-28,-11,-11,0,-27,-33,-49
2025-05-10T13:33:39.531100,-37.9105208333,145.1348855,-37.9105834433,145.1349513817,0,-27,-10,-10,0,-27,-30,-49
2025-05-10T13:33:40.023833,-37.9105208333,145.1348855,-37.9105834367,145.1349545267,0,-25,-11,-10,0,-24,-32,-49
2025-05-10T13:33:40.523830,-37.910521,145.1348855,-37.91058322,145.1349552567,0,-29,-10,-11,0,-22,-30,-49
2025-05-10T13:33:41.023264,-37.910521,145.1348855,-37.91058322,145.1349552567,0,-23,-10,-9,0,-23,-30,-49
2025-05-10T13:33:41.523349,-37.910521,145.1348855,-37.9105828117,145.134957345,0,-25,-10,-10,0,-26,-30,-49
2025-05-10T13:33:42.022947,-37.910521,145.1348855,-37.91058288,145.1349573817,0,-29,-9,-9,0,-28,-29,-49
2025-05-10T13:33:42.524084,-37.910521,145.1348855,-37.910581035,145.1349588433,0,-27,-9,-9,0,-28,-29,-49
2025-05-10T13:33:43.023107,-37.910521,145.1348855,-37.9105793617,145.1349602367,0,-25,-9,-9,0,-25,-29,-49
2025-05-10T13:33:43.523041,-37.910521,145.1348856667,-37.9105793567,145.1349602233,0,-27,-9,-9,0,-25,-30,-49
2025-05-10T13:33:44.023428,-37.910521,145.1348856667,-37.9105793567,145.1349602233,0,-25,-10,-10,0,-25,-31,-49
2025-05-10T13:33:44.523022,-37.910521,145.1348856667,-37.910578345,145.13496183,0,-25,-10,-10,0,-24,-30,-49
2025-05-10T13:33:45.023918,-37.910521,145.1348856667,-37.9105774467,145.1349629683,0,-25,-10,-10,0,-27,-31,-49
2025-05-10T13:33:45.524061,-37.910521,145.1348856667,-37.910575545,145.134964665,0,-25,-9,-9,0,-25,-31,-49
2025-05-10T13:33:46.023246,-37.910521,145.1348856667,-37.9105746,145.134965835,0,-21,-10,-9,0,-21,-31,-49
2025-05-10T13:33:46.523396,-37.910521,145.1348856667,-37.9105738567,145.1349666133,0,-26,-9,-9,0,-22,-34,-49
2025-05-10T13:33:47.023106,-37.910521,145.1348856667,-37.9105738567,145.1349666133,0,-24,-9,-9,0,-25,-33,-49
2025-05-10T13:33:47.523067,-37.910521,145.1348856667,-37.91057196,145.13496928,0,-26,-10,-10,0,-24,-35,-49
2025-05-10T13:33:48.023410,-37.910521,145.1348856667,-37.9105709667,145.13497045,0,-26,-9,-10,0,-25,-38,-49
2025-05-10T13:33:48.527266,-37.9105211667,145.1348856667,-37.910569315,145.134972875,0,-26,-10,-10,0,-28,-37,-37
2025-05-10T13:33:49.023038,-37.9105211667,145.1348856667,-37.9105666033,145.134974705,0,-21,-10,-10,0,-21,-45,-37
2025-05-10T13:33:49.523411,-37.9105211667,145.1348856667,-37.910565815,145.1349753517,0,-25,-10,-10,0,-23,-42,-37
2025-05-10T13:33:50.023144,-37.9105211667,145.1348856667,-37.910565815,145.1349753517,0,-25,-10,-10,0,-26,-42,-37
2025-05-10T13:33:50.523376,-37.9105211667,145.1348856667,-37.9105635383,145.13497754,0,-24,-10,-10,0,-24,-35,-37
2025-05-10T13:33:51.027279,-37.9105211667,145.1348856667,-37.9105621583,145.1349779217,0,-24,-10,-10,0,-27,-34,-37
2025-05-10T13:33:51.536276,-37.9105211667,145.1348856667,-37.91055926,145.13497905,0,-24,-9,-9,0,-28,-30,-37
2025-05-10T13:33:52.023786,-37.9105211667,145.1348856667,-37.9105568717,145.134979625,0,-27,-11,-10,0,-28,-30,-37
2025-05-10T13:33:52.523618,-37.9105211667,145.1348856667,-37.91055609,145.1349800583,0,-27,-11,-11,0,-23,-29,-37
2025-05-10T13:33:53.023526,-37.9105211667,145.1348856667,-37.91055609,145.1349800583,0,-27,-12,-11,0,-29,-28,-37
2025-05-10T13:33:53.523439,-37.9105213333,145.1348856667,-37.9105547167,145.1349809633,0,-24,-12,-11,0,-24,-28,-37
2025-05-10T13:33:54.023589,-37.9105213333,145.1348856667,-37.9105547067,145.1349809733,0,-25,-13,-12,0,-25,-27,-37
2025-05-10T13:33:54.527185,-37.9105213333,145.1348855,-37.9105540217,145.1349813283,0,-24,-13,-13,0,-25,-25,-37
2025-05-10T13:33:55.023391,-37.9105213333,145.1348855,-37.9105513667,145.1349825517,0,-24,-14,-13,0,-27,-25,-37
2025-05-10T13:33:55.523668,-37.9105213333,145.1348855,-37.91055046,145.1349829967,0,-28,-14,-14,0,-24,-24,-37
2025-05-10T13:33:56.024263,-37.9105213333,145.1348855,-37.91055046,145.1349829967,0,-20,-14,-13,0,-25,-22,-37
2025-05-10T13:33:56.523348,-37.9105213333,145.1348855,-37.9105472733,145.13498363,0,-25,-14,-14,0,-26,-22,-37
2025-05-10T13:33:57.026725,-37.9105213333,145.1348855,-37.9105453967,145.1349844467,0,-23,-22,-22,0,-27,-22,-37
2025-05-10T13:33:57.523438,-37.9105213333,145.1348855,-37.9105419417,145.1349854067,0,-24,-23,-23,0,-23,-13,-37
2025-05-10T13:33:58.023341,-37.9105213333,145.1348855,-37.9105388067,145.1349861717,0,-24,-24,-23,0,-25,-12,-37
2025-05-10T13:33:58.523597,-37.9105213333,145.1348855,-37.9105378183,145.1349866167,0,-28,-24,-24,0,-21,-12,-37
2025-05-10T13:33:59.024007,-37.9105213333,145.1348855,-37.9105378183,145.1349866167,0,-20,-26,-25,0,-21,-12,-37
2025-05-10T13:33:59.523429,-37.9105213333,145.1348853333,-37.91053473,145.134987485,0,-25,-26,-25,0,-25,-11,-37
2025-05-10T13:34:00.024236,-37.9105213333,145.1348853333,-37.9105327833,145.13498781,0,-28,-27,-27,0,-28,-11,-37
2025-05-10T13:34:00.531594,-37.9105213333,145.1348853333,-37.9105296517,145.1349885433,0,-29,-29,-29,0,-28,-10,-11
2025-05-10T13:34:01.024107,-37.9105213333,145.1348853333,-37.91052699,145.1349887017,0,-23,-30,-29,0,-23,-10,-11
2025-05-10T13:34:01.523703,-37.9105213333,145.1348853333,-37.9105262433,145.1349888283,0,-27,-32,-32,0,-22,-9,-11
2025-05-10T13:34:02.023696,-37.9105213333,145.1348853333,-37.9105262433,145.1349888283,0,-27,-33,-33,0,-27,-8,-11
2025-05-10T13:34:02.526552,-37.9105213333,145.1348853333,-37.9105236533,145.13498891,0,-24,-39,-38,0,-24,-9,-11
2025-05-10T13:34:03.023688,-37.9105213333,145.1348853333,-37.9105219083,145.1349890667,0,-27,-41,-40,0,-27,-9,-11
2025-05-10T13:34:03.529106,-37.9105213333,145.1348851667,-37.9105195617,145.1349892617,0,-27,-50,-50,0,-28,-9,-11
2025-05-10T13:34:04.023497,-37.9105213333,145.1348851667,-37.91051721,145.1349892183,0,-30,-48,-50,0,-29,-8,-11
2025-05-10T13:34:04.523965,-37.9105213333,145.1348851667,-37.910516465,145.134989235,0,-26,-40,-40,0,-21,-9,-11
2025-05-10T13:34:05.023817,-37.9105213333,145.1348851667,-37.910516465,145.134989235,0,-27,-38,-38,0,-25,-9,-11
2025-05-10T13:34:05.523456,-37.9105211667,145.1348851667,-37.91051309,145.1349890033,0,-26,-34,-34,0,-25,-8,-11
2025-05-10T13:34:06.023549,-37.9105211667,145.1348851667,-37.9105110433,145.1349889567,0,-27,-31,-31,0,-28,-9,-11
2025-05-10T13:34:06.526757,-37.9105211667,145.1348851667,-37.9105090283,145.13498862,0,-28,-32,-32,0,-26,-9,-11
2025-05-10T13:34:07.024053,-37.9105211667,145.1348851667,-37.9105061467,145.134988145,0,-24,-31,-31,0,-24,-9,-11
2025-05-10T13:34:07.523526,-37.9105211667,145.1348851667,-37.9105052383,145.1349880233,0,-25,-29,-29,0,-24,-9,-11
2025-05-10T13:34:08.027017,-37.9105211667,145.1348851667,-37.9105052383,145.1349880233,0,-23,-29,-29,0,-23,-8,-11
2025-05-10T13:34:08.523089,-37.9105211667,145.1348851667,-37.9105025917,145.1349877017,0,-22,-29,-29,0,-22,-9,-11
2025-05-10T13:34:09.023969,-37.9105211667,145.1348851667,-37.91050081,145.13498739,0,-27,-28,-28,0,-28,-8,-11
2025-05-10T13:34:09.523385,-37.9105211667,145.134885,-37.9104983317,145.134986975,0,-29,-29,-29,0,-26,-9,-11
2025-05-10T13:34:10.036963,-37.9105211667,145.134885,-37.910495265,145.1349867033,0,-23,-29,-29,0,-23,-8,-11
2025-05-10T13:34:10.523869,-37.910521,145.134885,-37.9104943017,145.1349865967,0,-27,-31,-31,0,-22,-8,-11
2025-05-10T13:34:11.023940,-37.910521,145.134885,-37.9104943017,145.1349865967,0,-27,-33,-32,0,-27,-9,-11
2025-05-10T13:34:11.523698,-37.910521,145.134885,-37.9104915383,145.134986595,0,-25,-32,-31,0,-26,-9,-11
2025-05-10T13:34:12.023819,-37.910521,145.134885,-37.9104909417,145.1349866267,0,-29,-33,-33,0,-28,-9,-11
2025-05-10T13:34:12.523879,-37.910521,145.134885,-37.9104899633,145.1349864683,0,-25,-34,-34,0,-25,-9,-10
2025-05-10T13:34:13.023443,-37.910521,145.134885,-37.9104869083,145.13498591,0,-27,-37,-36,0,-26,-11,-10
2025-05-10T13:34:13.527404,-37.9105208333,145.134885,-37.9104858783,145.1349858733,0,-25,-42,-41,0,-20,-11,-10
2025-05-10T13:34:14.027176,-37.9105208333,145.134885,-37.9104858783,145.1349858733,0,-21,-58,-52,0,-26,-11,-10
2025-05-10T13:34:14.526927,-37.9105208333,145.134885,-37.9104809633,145.1349857333,0,-24,-47,-47,0,-22,-13,-10
2025-05-10T13:34:15.023708,-37.9105208333,145.134885,-37.91047894,145.1349854517,0,-28,-40,-41,0,-28,-12,-10
2025-05-10T13:34:15.526780,-37.9105208333,145.1348848333,-37.91047699,145.13498533,0,-27,-40,-40,0,-28,-12,-12
2025-05-10T13:34:16.022972,-37.9105208333,145.1348848333,-37.9104737783,145.1349852767,0,-25,-40,-41,0,-26,-14,-12
2025-05-10T13:34:16.523882,-37.9105206667,145.1348848333,-37.910472715,145.13498521,0,-27,-38,-38,0,-23,-23,-12
2025-05-10T13:34:17.023192,-37.9105206667,145.1348848333,-37.910472715,145.13498521,0,-21,-38,-38,0,-25,-23,-12
2025-05-10T13:34:17.523522,-37.9105206667,145.1348848333,-37.9104698917,145.13498503,0,-23,-36,-35,0,-27,-25,-12
2025-05-10T13:34:18.023369,-37.9105206667,145.1348848333,-37.9104682017,145.1349846683,0,-28,-38,-38,0,-27,-27,-12
2025-05-10T13:34:18.527004,-37.9105206667,145.1348848333,-37.91046534,145.1349842733,0,-26,-39,-39,0,-23,-27,-12
2025-05-10T13:34:19.027149,-37.9105206667,145.1348848333,-37.9104624483,145.1349835233,0,-20,-43,-40,0,-25,-29,-12
2025-05-10T13:34:19.523116,-37.9105206667,145.1348848333,-37.91046166,145.1349832033,0,-28,-42,-42,0,-25,-30,-12
2025-05-10T13:34:20.022904,-37.9105206667,145.1348848333,-37.91046166,145.1349832033,0,-21,-45,-42,0,-21,-32,-12
2025-05-10T13:34:20.523420,-37.9105206667,145.1348848333,-37.91045924,145.134982445,0,-19,-49,-48,0,-23,-36,-12
2025-05-10T13:34:21.027019,-37.9105206667,145.1348848333,-37.91045751,145.13498207,0,-26,-45,-45,0,-24,-38,-12
2025-05-10T13:34:21.532362,-37.9105205,145.1348848333,-37.910454895,145.13498129,0,-28,-44,-44,0,-25,-46,-12
2025-05-10T13:34:22.023929,-37.9105205,145.1348848333,-37.9104523983,145.1349802733,0,-23,-40,-41,0,-24,-43,-12
2025-05-10T13:34:22.523438,-37.9105205,145.1348848333,-37.9104515033,145.1349799333,0,-30,-40,-40,0,-23,-37,-12
2025-05-10T13:34:23.023365,-37.9105205,145.1348848333,-37.9104515033,145.1349799333,0,-24,-39,-39,0,-25,-37,-12
2025-05-10T13:34:23.523004,-37.9105205,145.1348848333,-37.91044919,145.1349786617,0,-23,-37,-37,0,-25,-34,-12
2025-05-10T13:34:24.023397,-37.9105205,145.1348848333,-37.91044767,145.1349777917,0,-27,-37,-37,0,-26,-34,-12
2025-05-10T13:34:24.527696,-37.9105205,145.1348848333,-37.910445305,145.1349765867,0,-28,-37,-37,0,-29,-31,-12
2025-05-10T13:34:25.023105,-37.9105205,145.1348848333,-37.9104432167,145.1349753017,0,-22,-38,-38,0,-22,-31,-12
2025-05-10T13:34:25.523667,-37.9105203333,145.1348848333,-37.910442405,145.1349749533,0,-26,-37,-37,0,-23,-30,-12
2025-05-10T13:34:26.023234,-37.9105203333,145.1348848333,-37.910442405,145.1349749533,0,-23,-37,-38,0,-23,-30,-12
2025-05-10T13:34:26.523313,-37.9105203333,145.1348848333,-37.910439505,145.134973545,0,-23,-39,-39,0,-30,-30,-12
2025-05-10T13:34:27.023155,-37.9105203333,145.1348848333,-37.9104383567,145.1349730667,0,-30,-40,-40,0,-27,-31,-12
2025-05-10T13:34:27.523469,-37.9105203333,145.1348846667,-37.910438365,145.1349730783,0,-26,-38,-38,0,-28,-29,-31
2025-05-10T13:34:28.023569,-37.9105203333,145.1348846667,-37.910438395,145.1349730717,0,-27,-39,-38,0,-27,-32,-31
2025-05-10T13:34:28.523235,-37.9105203333,145.1348846667,-37.9104384,145.1349730783,0,-27,-37,-38,0,-23,-30,-31
2025-05-10T13:34:29.023367,-37.9105203333,145.1348846667,-37.9104384,145.1349730783,0,-26,-37,-37,0,-24,-30,-31
2025-05-10T13:34:29.523062,-37.9105203333,145.1348848333,-37.9104384133,145.1349730867,0,-24,-38,-38,0,-24,-31,-31
2025-05-10T13:34:30.027300,-37.9105203333,145.1348848333,-37.9104384283,145.1349730833,0,-26,-38,-38,0,-25,-30,-31
2025-05-10T13:34:30.532859,-37.9105203333,145.1348848333,-37.91043844,145.1349730767,0,-27,-37,-38,0,-26,-31,-31
2025-05-10T13:34:31.031552,-37.9105203333,145.1348848333,-37.91043846,145.134973055,0,-28,-37,-37,0,-29,-30,-31
2025-05-10T13:34:31.523602,-37.9105203333,145.1348848333,-37.9104384633,145.13497305,0,-29,-38,-38,0,-21,-31,-31
2025-05-10T13:34:32.024133,-37.9105203333,145.1348848333,-37.9104384633,145.13497305,0,-25,-38,-37,0,-25,-31,-31
2025-05-10T13:34:32.523382,-37.9105201667,145.1348846667,-37.9104384783,145.134973065,0,-24,-38,-37,0,-24,-31,-31
2025-05-10T13:34:33.023809,-37.9105201667,145.1348846667,-37.910438495,145.1349730617,0,-28,-38,-38,0,-27,-30,-31
2025-05-10T13:34:33.526944,-37.9105201667,145.1348846667,-37.9104384867,145.134973065,0,-30,-38,-38,0,-27,-30,-31
2025-05-10T13:34:34.023371,-37.9105201667,145.1348846667,-37.9104384867,145.134973085,0,-25,-37,-37,0,-27,-30,-31
2025-05-10T13:34:34.523400,-37.9105201667,145.1348846667,-37.9104384833,145.1349730933,0,-27,-38,-38,0,-22,-31,-31
2025-05-10T13:34:35.023422,-37.9105201667,145.1348846667,-37.9104384833,145.1349730933,0,-28,-38,-37,0,-26,-30,-31
2025-05-10T13:34:35.523877,-37.9105203333,145.1348846667,-37.910438485,145.13497312,0,-25,-37,-37,0,-26,-30,-31
2025-05-10T13:34:36.024172,-37.9105203333,145.1348846667,-37.9104384917,145.1349731283,0,-27,-38,-38,0,-27,-31,-31
2025-05-10T13:34:36.527028,-37.9105203333,145.1348846667,-37.9104384967,145.1349731383,0,-27,-38,-38,0,-28,-30,-31
2025-05-10T13:34:37.022947,-37.9105203333,145.1348846667,-37.91043852,145.134973145,0,-26,-37,-38,0,-26,-30,-31
2025-05-10T13:34:37.522731,-37.9105203333,145.1348846667,-37.91043853,145.1349731467,0,-27,-38,-37,0,-27,-31,-31
2025-05-10T13:34:38.023621,-37.9105203333,145.1348846667,-37.91043853,145.1349731467,0,-22,-38,-37,0,-28,-31,-31
2025-05-10T13:34:38.523024,-37.9105203333,145.1348846667,-37.91043855,145.1349731483,0,-25,-38,-37,0,-27,-30,-31
2025-05-10T13:34:39.023131,-37.9105203333,145.1348846667,-37.910438565,145.1349731483,0,-27,-37,-37,0,-23,-32,-31
2025-05-10T13:34:39.523663,-37.9105203333,145.1348846667,-37.910438585,145.1349731333,0,-29,-38,-38,0,-27,-30,-31
2025-05-10T13:34:40.023479,-37.9105203333,145.1348846667,-37.910438605,145.13497313,0,-26,-38,-39,0,-27,-30,-31
2025-05-10T13:34:40.534532,-37.9105203333,145.1348846667,-37.9104386033,145.1349731367,0,-29,-41,-41,0,-24,-33,-31
2025-05-10T13:34:41.027129,-37.9105203333,145.1348846667,-37.9104386033,145.1349731367,0,-29,-42,-42,0,-29,-32,-31
2025-05-10T13:34:41.523614,-37.9105203333,145.1348846667,-37.910438585,145.13497318,0,-26,-37,-40,0,-27,-30,-31
2025-05-10T13:34:42.023587,-37.9105203333,145.1348846667,-37.9104385767,145.1349731933,0,-28,-37,-37,0,-19,-23,-31
2025-05-10T13:34:42.523491,-37.9105203333,145.1348846667,-37.9104385767,145.1349731933,0,-28,-37,-37,0,-27,-30,-31
2025-05-10T13:34:43.023792,-37.9105203333,145.1348846667,-37.9104385767,145.1349731933,0,-30,-39,-39,0,-30,-30,-31
2025-05-10T13:34:43.523396,-37.9105203333,145.1348846667,-37.9104394083,145.13497148,0,-26,-37,-37,0,-23,-29,-31
2025-05-10T13:34:44.024199,-37.9105203333,145.1348846667,-37.9104394083,145.13497148,0,-21,-37,-36,0,-21,-30,-31
2025-05-10T13:34:44.523557,-37.9105203333,145.1348846667,-37.9104394083,145.13497148,0,-25,-37,-36,0,-25,-30,-31
2025-05-10T13:34:45.023621,-37.9105203333,145.1348846667,-37.9104394083,145.13497148,0,-23,-37,-37,0,-26,-30,-31
2025-05-10T13:34:45.524417,-37.9105203333,145.1348846667,-37.9104394083,145.13497148,0,-28,-37,-37,0,-28,-31,-31
2025-05-10T13:34:46.022910,-37.9105203333,145.1348846667,-37.9104421967,145.13497806,0,-25,-35,-36,0,-24,-31,-31
2025-05-10T13:34:46.523817,-37.9105205,145.1348845,-37.91044276,145.1349790517,0,-28,-36,-35,0,-22,-32,-31
2025-05-10T13:34:47.022868,-37.9105205,145.1348845,-37.91044276,145.1349790517,0,-23,-38,-37,0,-22,-35,-31
2025-05-10T13:34:47.527087,-37.9105205,145.1348845,-37.91044276,145.1349790517,0,-21,-38,-38,0,-22,-35,-31
2025-05-10T13:34:48.023867,-37.9105205,145.1348845,-37.91044276,145.1349790517,0,-27,-39,-40,0,-27,-37,-31
2025-05-10T13:34:48.527001,-37.9105205,145.1348845,-37.91044276,145.1349790517,0,-28,-40,-40,0,-27,-39,-31
2025-05-10T13:34:49.023593,-37.9105205,145.1348845,-37.91044681,145.1349883067,0,-28,-42,-41,0,-28,-41,-31
2025-05-10T13:34:49.523448,-37.9105205,145.1348845,-37.9104471883,145.13498963,0,-27,-45,-45,0,-21,-50,-31
2025-05-10T13:34:50.023364,-37.9105205,145.1348845,-37.9104471883,145.13498963,0,-25,-45,-46,0,-24,-47,-31
2025-05-10T13:34:50.523872,-37.9105205,145.1348843333,-37.9104488067,145.1349926783,0,-20,-50,-50,0,-24,-42,-31
2025-05-10T13:34:51.022965,-37.9105205,145.1348843333,-37.9104495817,145.13499514,0,-27,-50,-51,0,-30,-38,-31
2025-05-10T13:34:51.531788,-37.9105206667,145.1348843333,-37.9104506083,145.134998625,0,-27,-50,-50,0,-28,-36,-31
2025-05-10T13:34:52.023214,-37.9105206667,145.1348843333,-37.9104518083,145.135001795,0,-23,-53,-52,0,-26,-33,-31
2025-05-10T13:34:52.523846,-37.9105206667,145.1348843333,-37.9104522783,145.1350027433,0,-27,-44,-44,0,-21,-32,-31
2025-05-10T13:34:53.026488,-37.9105206667,145.1348843333,-37.9104522783,145.1350027433,0,-22,-39,-40,0,-21,-29,-31
2025-05-10T13:34:53.523532,-37.9105206667,145.1348841667,-37.9104547583,145.135007255,0,-22,-38,-38,0,-22,-28,-31
2025-05-10T13:34:54.022953,-37.9105206667,145.1348841667,-37.91045557,145.1350098833,0,-27,-39,-39,0,-26,-29,-31
2025-05-10T13:34:54.526868,-37.9105206667,145.1348841667,-37.9104557433,145.1350106233,0,-27,-39,-39,0,-27,-29,-31
2025-05-10T13:34:55.023547,-37.9105206667,145.1348841667,-37.9104556933,145.1350106983,0,-28,-39,-38,0,-26,-30,-31
2025-05-10T13:34:55.523039,-37.9105208333,145.1348841667,-37.91045568,145.1350107267,0,-24,-38,-38,0,-23,-29,-31
2025-05-10T13:34:56.026952,-37.9105208333,145.1348841667,-37.91045568,145.1350107267,0,-27,-38,-38,0,-28,-28,-31
2025-05-10T13:34:56.523977,-37.9105208333,145.1348841667,-37.9104556183,145.1350108267,0,-24,-38,-38,0,-24,-28,-31
2025-05-10T13:34:57.023098,-37.9105208333,145.1348841667,-37.91045558,145.1350108917,0,-28,-38,-38,0,-28,-29,-31
2025-05-10T13:34:57.523591,-37.9105208333,145.1348841667,-37.9104555467,145.1350109383,0,-27,-38,-38,0,-27,-29,-31
2025-05-10T13:34:58.023477,-37.9105208333,145.1348841667,-37.9104554983,145.1350110267,0,-27,-38,-38,0,-28,-29,-31
2025-05-10T13:34:58.522972,-37.9105208333,145.1348841667,-37.9104554833,145.1350110567,0,-24,-38,-38,0,-23,-30,-31
2025-05-10T13:34:59.023088,-37.9105208333,145.1348841667,-37.9104554833,145.1350110567,0,-23,-39,-38,0,-26,-29,-31
2025-05-10T13:34:59.523090,-37.9105208333,145.134884,-37.9104554417,145.135011145,0,-23,-38,-38,0,-25,-29,-31
2025-05-10T13:35:00.024124,-37.9105208333,145.134884,-37.910455415,145.1350112067,0,-28,-38,-38,0,-27,-29,-31
2025-05-10T13:35:00.527072,-37.9105208333,145.134884,-37.9104553767,145.1350112633,0,-27,-38,-38,0,-28,-29,-31
2025-05-10T13:35:01.023253,-37.9105208333,145.134884,-37.910455335,145.1350113467,0,-24,-38,-38,0,-24,-29,-31
2025-05-10T13:35:01.540408,-37.9105208333,145.134884,-37.9104553217,145.1350113783,0,-26,-37,-37,0,-25,-28,-31
2025-05-10T13:35:02.026797,-37.9105208333,145.134884,-37.9104553217,145.1350113783,0,-23,-38,-38,0,-25,-29,-31
2025-05-10T13:35:02.523377,-37.9105208333,145.134884,-37.9104552867,145.1350114467,0,-27,-38,-38,0,-26,-28,-31
2025-05-10T13:35:03.023577,-37.9105208333,145.134884,-37.9104552633,145.1350114983,0,-24,-38,-38,0,-28,-28,-31
2025-05-10T13:35:03.523227,-37.9105208333,145.134884,-37.91045524,145.1350115733,0,-26,-39,-38,0,-25,-29,-31
2025-05-10T13:35:04.026737,-37.9105208333,145.134884,-37.9104552133,145.1350116333,0,-24,-39,-37,0,-24,-29,-31
2025-05-10T13:35:04.523326,-37.9105206667,145.134884,-37.910455205,145.1350116583,0,-26,-37,-38,0,-23,-28,-31
2025-05-10T13:35:05.023386,-37.9105206667,145.134884,-37.910455205,145.1350116583,0,-28,-38,-39,0,-27,-28,-31
2025-05-10T13:35:05.523520,-37.9105206667,145.134884,-37.9104551833,145.1350117483,0,-22,-39,-38,0,-22,-29,-31
2025-05-10T13:35:06.027682,-37.9105206667,145.134884,-37.9104551967,145.1350118033,0,-27,-37,-37,0,-25,-27,-31
2025-05-10T13:35:06.527151,-37.9105206667,145.134884,-37.91045521,145.135011855,0,-31,-38,-38,0,-27,-28,-31
2025-05-10T13:35:07.023899,-37.9105206667,145.134884,-37.910457955,145.13501361,0,-24,-38,-38,0,-25,-26,-31
2025-05-10T13:35:07.523363,-37.9105206667,145.134884,-37.9104590817,145.1350144,0,-29,-37,-37,0,-25,-24,-31
2025-05-10T13:35:08.023556,-37.9105206667,145.134884,-37.9104590817,145.1350144,0,-24,-39,-38,0,-25,-23,-31
2025-05-10T13:35:08.523523,-37.9105206667,145.134884,-37.91046243,145.1350176533,0,-25,-41,-41,0,-28,-24,-31
2025-05-10T13:35:09.023370,-37.9105206667,145.134884,-37.91046404,145.13501893,0,-29,-42,-42,0,-29,-24,-31
2025-05-10T13:35:09.526786,-37.9105205,145.134884,-37.910466235,145.1350196433,0,-24,-45,-45,0,-28,-22,-31
2025-05-10T13:35:10.023842,-37.9105205,145.134884,-37.91046881,145.1350213017,0,-23,-51,-52,0,-24,-22,-31
2025-05-10T13:35:10.523362,-37.9105205,145.134884,-37.9104696333,145.1350217183,0,-27,-55,-54,0,-20,-14,-31
2025-05-10T13:35:11.033767,-37.9105205,145.134884,-37.9104696333,145.1350217183,0,-23,-50,-50,0,-26,-13,-31
2025-05-10T13:35:11.523487,-37.9105203333,145.134884,-37.9104730733,145.1350229,0,-20,-44,-44,0,-24,-13,-31
2025-05-10T13:35:12.023955,-37.9105203333,145.134884,-37.9104749567,145.1350235,0,-29,-41,-41,0,-27,-13,-31
2025-05-10T13:35:12.523561,-37.9105203333,145.134884,-37.9104768117,145.1350244467,0,-30,-37,-37,0,-27,-12,-31
2025-05-10T13:35:13.023442,-37.9105203333,145.134884,-37.91047932,145.13502565,0,-24,-36,-36,0,-23,-11,-31
2025-05-10T13:35:13.523530,-37.9105203333,145.134884,-37.910480265,145.1350259717,0,-25,-34,-35,0,-17,-11,-31
2025-05-10T13:35:14.023725,-37.9105203333,145.134884,-37.910480265,145.1350259717,0,-27,-35,-34,0,-27,-12,-31
2025-05-10T13:35:14.523806,-37.9105203333,145.134884,-37.9104827783,145.1350272417,0,-25,-33,-33,0,-25,-12,-31
2025-05-10T13:35:15.027512,-37.9105203333,145.134884,-37.910484485,145.1350274683,0,-28,-32,-32,0,-28,-11,-31
2025-05-10T13:35:15.523850,-37.9105203333,145.134884,-37.91048773,145.1350280417,0,-27,-32,-32,0,-27,-11,-31
2025-05-10T13:35:16.023049,-37.9105203333,145.134884,-37.9104909133,145.1350287417,0,-28,-32,-32,0,-29,-11,-31
2025-05-10T13:35:16.523880,-37.9105201667,145.1348838333,-37.9104918883,145.1350287317,0,-30,-30,-30,0,-25,-11,-31
2025-05-10T13:35:17.022986,-37.9105201667,145.1348838333,-37.9104918883,145.1350287317,0,-28,-30,-29,0,-27,-10,-31
2025-05-10T13:35:17.523757,-37.9105201667,145.1348838333,-37.9104948083,145.135029495,0,-24,-30,-30,0,-24,-10,-31
2025-05-10T13:35:18.023622,-37.9105201667,145.1348838333,-37.910496645,145.1350299967,0,-27,-32,-31,0,-28,-11,-31
2025-05-10T13:35:18.523250,-37.9105201667,145.1348838333,-37.91049923,145.1350304483,0,-28,-31,-31,0,-28,-10,-31
2025-05-10T13:35:19.023317,-37.9105201667,145.1348838333,-37.9105023617,145.135030655,0,-27,-31,-30,0,-27,-9,-31
2025-05-10T13:35:19.523521,-37.9105201667,145.1348838333,-37.91050337,145.1350308333,0,-28,-31,-31,0,-23,-9,-31
2025-05-10T13:35:20.023323,-37.9105201667,145.1348838333,-37.91050337,145.1350308333,0,-21,-33,-33,0,-27,-9,-31
2025-05-10T13:35:20.523687,-37.91052,145.1348838333,-37.91050728,145.1350316717,0,-23,-33,-33,0,-28,-9,-31
2025-05-10T13:35:21.023747,-37.91052,145.1348838333,-37.910509395,145.135031845,0,-28,-34,-34,0,-26,-9,-31
2025-05-10T13:35:21.523829,-37.91052,145.1348838333,-37.910511575,145.1350321533,0,-28,-35,-34,0,-28,-9,-31
2025-05-10T13:35:22.023503,-37.91052,145.1348838333,-37.9105142517,145.1350326767,0,-24,-41,-40,0,-25,-8,-31
2025-05-10T13:35:22.523799,-37.91052,145.1348838333,-37.9105151633,145.1350326817,0,-24,-51,-51,0,-23,-10,-31
2025-05-10T13:35:23.023719,-37.91052,145.1348838333,-37.9105151633,145.1350326817,0,-27,-50,-51,0,-24,-9,-31
2025-05-10T13:35:23.522925,-37.91052,145.1348838333,-37.910518365,145.1350325633,0,-24,-39,-42,0,-29,-9,-31
2025-05-10T13:35:24.023188,-37.91052,145.1348838333,-37.9105206933,145.1350326617,0,-28,-36,-36,0,-24,-9,-31
2025-05-10T13:35:24.523497,-37.91052,145.1348838333,-37.9105236817,145.135033455,0,-28,-34,-34,0,-22,-10,-31
2025-05-10T13:35:25.023230,-37.91052,145.1348838333,-37.9105271533,145.1350338983,0,-23,-33,-33,0,-24,-11,-31
2025-05-10T13:35:25.523378,-37.9105198333,145.1348838333,-37.91052835,145.1350340683,0,-29,-30,-30,0,-21,-10,-31
2025-05-10T13:35:26.027110,-37.9105198333,145.1348838333,-37.91052835,145.1350340683,0,-25,-29,-28,0,-24,-10,-31
2025-05-10T13:35:26.523152,-37.9105198333,145.1348838333,-37.9105319067,145.1350341667,0,-26,-28,-28,0,-25,-11,-31
2025-05-10T13:35:27.023753,-37.9105198333,145.1348838333,-37.9105341383,145.1350335783,0,-31,-27,-27,0,-28,-13,-31
2025-05-10T13:35:27.523827,-37.9105198333,145.1348838333,-37.91053697,145.1350337217,0,-25,-26,-26,0,-24,-11,-11
2025-05-10T13:35:28.022920,-37.9105198333,145.1348838333,-37.9105397967,145.1350331867,0,-23,-25,-25,0,-23,-12,-11
2025-05-10T13:35:28.523428,-37.9105198333,145.1348838333,-37.9105409417,145.1350329683,0,-26,-24,-24,0,-22,-22,-11
2025-05-10T13:35:29.023008,-37.9105198333,145.1348838333,-37.9105409417,145.1350329683,0,-29,-24,-24,0,-28,-14,-11
2025-05-10T13:35:29.523779,-37.9105196667,145.1348838333,-37.9105442567,145.135032785,0,-24,-22,-22,0,-23,-14,-11
2025-05-10T13:35:30.022995,-37.9105196667,145.1348838333,-37.9105461817,145.1350324867,0,-25,-22,-15,0,-25,-22,-11
2025-05-10T13:35:30.523351,-37.9105196667,145.1348836667,-37.9105493017,145.1350319167,0,-28,-22,-22,0,-28,-24,-11
2025-05-10T13:35:31.023298,-37.9105196667,145.1348836667,-37.9105527167,145.1350313633,0,-26,-14,-14,0,-26,-24,-11
2025-05-10T13:35:31.526922,-37.9105196667,145.1348836667,-37.91055371,145.1350312183,0,-30,-13,-13,0,-23,-25,-11
2025-05-10T13:35:32.041287,-37.9105196667,145.1348836667,-37.91055371,145.1350312183,0,-23,-14,-14,0,-22,-28,-11
2025-05-10T13:35:32.523038,-37.9105196667,145.1348836667,-37.9105565267,145.1350312133,0,-23,-13,-13,0,-23,-28,-11
2025-05-10T13:35:33.023020,-37.9105196667,145.1348836667,-37.91055861,145.1350309267,0,-28,-12,-12,0,-28,-28,-11
2025-05-10T13:35:33.527367,-37.9105195,145.1348836667,-37.91056184,145.1350301417,0,-29,-12,-12,0,-27,-29,-11
2025-05-10T13:35:34.023259,-37.9105195,145.1348836667,-37.9105654317,145.1350289683,0,-24,-12,-12,0,-22,-33,-11
2025-05-10T13:35:34.523373,-37.9105195,145.1348836667,-37.9105665733,145.13502865,0,-28,-12,-12,0,-22,-34,-11
2025-05-10T13:35:35.023117,-37.9105195,145.1348836667,-37.9105665733,145.13502865,0,-22,-11,-10,0,-20,-34,-11
2025-05-10T13:35:35.523705,-37.9105195,145.1348836667,-37.9105698533,145.1350275933,0,-24,-12,-12,0,-27,-39,-11
2025-05-10T13:35:36.023586,-37.9105195,145.1348836667,-37.9105717767,145.1350268617,0,-24,-12,-11,0,-23,-39,-11
2025-05-10T13:35:36.523540,-37.9105195,145.1348835,-37.9105749317,145.135026195,0,-28,-9,-10,0,-29,-41,-11
2025-05-10T13:35:37.023691,-37.9105195,145.1348835,-37.9105784333,145.135024695,0,-23,-10,-9,0,-26,-46,-11
2025-05-10T13:35:37.523318,-37.9105195,145.1348835,-37.910579595,145.135024185,0,-26,-10,-11,0,-24,-38,-11
2025-05-10T13:35:38.023284,-37.9105195,145.1348835,-37.910579595,145.135024185,0,-28,-11,-11,0,-28,-37,-11
2025-05-10T13:35:38.523186,-37.9105195,145.1348833333,-37.910583215,145.13502272,0,-23,-11,-12,0,-29,-34,-11
2025-05-10T13:35:39.023487,-37.9105195,145.1348833333,-37.9105858417,145.13502195,0,-27,-12,-12,0,-27,-36,-11
2025-05-10T13:35:39.523490,-37.9105193333,145.1348833333,-37.9105893783,145.135020505,0,-28,-12,-12,0,-27,-34,-34
2025-05-10T13:35:40.023234,-37.9105193333,145.1348833333,-37.9105926317,145.1350187083,0,-28,-10,-9,0,-28,-31,-34
2025-05-10T13:35:40.523431,-37.9105193333,145.1348833333,-37.91059364,145.13501766,0,-28,-10,-10,0,-20,-32,-34
2025-05-10T13:35:41.023576,-37.9105193333,145.1348833333,-37.91059364,145.13501766,0,-27,-10,-10,0,-28,-31,-34
2025-05-10T13:35:41.540390,-37.9105193333,145.1348831667,-37.9105962083,145.1350142,0,-25,-11,-10,0,-26,-32,-34
2025-05-10T13:35:42.024044,-37.9105193333,145.1348831667,-37.910597995,145.1350119383,0,-28,-10,-10,0,-27,-30,-34
2025-05-10T13:35:42.532843,-37.9105193333,145.1348831667,-37.9106003783,145.1350082117,0,-29,-10,-10,0,-28,-31,-34
2025-05-10T13:35:43.022958,-37.9105193333,145.1348831667,-37.910603195,145.1350048717,0,-26,-10,-10,0,-27,-31,-34
2025-05-10T13:35:43.523496,-37.9105193333,145.134883,-37.91060436,145.1350038267,0,-28,-10,-10,0,-22,-31,-34
2025-05-10T13:35:44.024172,-37.9105193333,145.134883,-37.91060436,145.1350038267,0,-29,-11,-11,0,-28,-32,-34
2025-05-10T13:35:44.523773,-37.9105193333,145.134883,-37.9106070867,145.1350008967,0,-24,-13,-12,0,-24,-33,-34
2025-05-10T13:35:45.023744,-37.9105193333,145.134883,-37.9106084433,145.1349987367,0,-27,-13,-13,0,-23,-35,-34
2025-05-10T13:35:45.526894,-37.9105191667,145.134883,-37.910610375,145.1349952233,0,-28,-14,-14,0,-28,-36,-34
2025-05-10T13:35:46.023487,-37.9105191667,145.134883,-37.9106131133,145.1349914317,0,-22,-23,-14,0,-22,-39,-34
2025-05-10T13:35:46.523449,-37.9105191667,145.1348828333,-37.9106138683,145.1349900783,0,-27,-23,-23,0,-26,-39,-34
2025-05-10T13:35:47.023195,-37.9105191667,145.1348828333,-37.9106138683,145.1349900783,0,-22,-14,-14,0,-20,-41,-34
2025-05-10T13:35:47.522962,-37.9105191667,145.1348828333,-37.9106158483,145.134985415,0,-23,-23,-23,0,-18,-55,-34
2025-05-10T13:35:48.027671,-37.9105191667,145.1348828333,-37.9106170883,145.1349822867,0,-29,-23,-23,0,-24,-58,-34
2025-05-10T13:35:48.523601,-37.9105191667,145.1348826667,-37.910619265,145.1349777717,0,-30,-24,-24,0,-28,-50,-34
2025-05-10T13:35:49.023757,-37.9105191667,145.1348826667,-37.910621205,145.1349730333,0,-25,-25,-25,0,-27,-46,-34
2025-05-10T13:35:49.523874,-37.9105191667,145.1348826667,-37.9106218017,145.1349715767,0,-25,-26,-25,0,-21,-41,-34
2025-05-10T13:35:50.023722,-37.9105191667,145.1348826667,-37.9106218017,145.1349715767,0,-22,-26,-26,0,-22,-39,-34
2025-05-10T13:35:50.523947,-37.9105191667,145.1348825,-37.9106238567,145.1349686383,0,-29,-28,-27,0,-29,-40,-34
2025-05-10T13:35:51.023098,-37.9105191667,145.1348825,-37.9106239233,145.1349686117,0,-29,-27,-27,0,-24,-40,-34
2025-05-10T13:35:51.523812,-37.9105191667,145.1348825,-37.9106240067,145.1349685983,0,-28,-26,-26,0,-28,-39,-34
2025-05-10T13:35:52.023684,-37.9105191667,145.1348825,-37.91062409,145.1349685733,0,-24,-27,-27,0,-24,-39,-34
2025-05-10T13:35:52.523518,-37.9105191667,145.1348823333,-37.910624125,145.1349685867,0,-30,-26,-27,0,-23,-39,-34
2025-05-10T13:35:53.023210,-37.9105191667,145.1348823333,-37.910624125,145.1349685867,0,-24,-27,-26,0,-25,-40,-34
2025-05-10T13:35:53.523464,-37.9105191667,145.1348823333,-37.910624225,145.1349686017,0,-23,-26,-25,0,-27,-39,-34
2025-05-10T13:35:54.023272,-37.9105191667,145.1348823333,-37.910624295,145.1349686167,0,-28,-26,-27,0,-28,-39,-34
2025-05-10T13:35:54.523065,-37.9105193333,145.1348823333,-37.9106243767,145.1349686317,0,-26,-27,-27,0,-27,-39,-34
2025-05-10T13:35:55.022994,-37.9105193333,145.1348823333,-37.9106244367,145.1349686283,0,-26,-26,-26,0,-26,-39,-34
2025-05-10T13:35:55.523426,-37.9105193333,145.1348821667,-37.910624465,145.1349686267,0,-29,-24,-24,0,-30,-37,-34
2025-05-10T13:35:56.023611,-37.9105193333,145.1348821667,-37.910624465,145.1349686267,0,-25,-24,-24,0,-26,-40,-34
2025-05-10T13:35:56.523172,-37.9105193333,145.1348821667,-37.910626195,145.134970535,0,-25,-24,-24,0,-25,-41,-34
2025-05-10T13:35:57.023875,-37.9105193333,145.1348821667,-37.9106268,145.1349711117,0,-29,-24,-24,0,-29,-42,-34
2025-05-10T13:35:57.526871,-37.9105193333,145.134882,-37.9106272217,145.1349720983,0,-29,-23,-23,0,-26,-48,-34
2025-05-10T13:35:58.023409,-37.9105193333,145.134882,-37.910627745,145.1349750333,0,-30,-24,-23,0,-28,-52,-34
2025-05-10T13:35:58.522996,-37.9105193333,145.134882,-37.9106276883,145.13497617,0,-28,-23,-23,0,-18,-54,-34
2025-05-10T13:35:59.023734,-37.9105193333,145.134882,-37.9106276883,145.13497617,0,-27,-23,-23,0,-26,-54,-34
2025-05-10T13:35:59.523521,-37.9105193333,145.134882,-37.9106281317,145.13498047,0,-23,-14,-14,0,-25,-47,-34
2025-05-10T13:36:00.023159,-37.9105193333,145.134882,-37.910628205,145.1349831967,0,-23,-14,-14,0,-28,-43,-34
2025-05-10T13:36:00.523345,-37.9105193333,145.1348818333,-37.910628535,145.1349878183,0,-28,-13,-13,0,-27,-40,-34
2025-05-10T13:36:01.023085,-37.9105193333,145.1348818333,-37.91062934,145.1349931567,0,-27,-13,-13,0,-27,-37,-34
2025-05-10T13:36:01.523508,-37.9105193333,145.1348818333,-37.9106293617,145.13499499,0,-27,-14,-13,0,-23,-38,-34
2025-05-10T13:36:02.024125,-37.9105193333,145.1348818333,-37.9106293617,145.13499499,0,-27,-14,-14,0,-27,-36,-34
2025-05-10T13:36:02.533396,-37.9105191667,145.1348816667,-37.9106291083,145.1350003817,0,-22,-14,-13,0,-28,-35,-34
2025-05-10T13:36:03.023060,-37.9105191667,145.1348816667,-37.9106283567,145.1350032083,0,-26,-13,-13,0,-25,-35,-34
2025-05-10T13:36:03.523271,-37.9105191667,145.1348816667,-37.9106267167,145.1350073433,0,-24,-13,-14,0,-28,-33,-34
2025-05-10T13:36:04.023669,-37.9105191667,145.1348816667,-37.9106257483,145.1350110067,0,-26,-13,-13,0,-28,-34,-34
2025-05-10T13:36:04.523372,-37.9105191667,145.1348816667,-37.9106252767,145.13501226,0,-27,-14,-14,0,-24,-33,-34
2025-05-10T13:36:05.023243,-37.9105191667,145.1348816667,-37.9106252767,145.13501226,0,-24,-12,-11,0,-23,-32,-34
2025-05-10T13:36:05.523001,-37.9105191667,145.1348815,-37.9106235517,145.1350157683,0,-24,-14,-13,0,-27,-33,-34
2025-05-10T13:36:06.023500,-37.9105191667,145.1348815,-37.91062193,145.1350178517,0,-23,-13,-13,0,-23,-34,-34
2025-05-10T13:36:06.523461,-37.9105191667,145.1348815,-37.9106190833,145.1350206267,0,-30,-11,-10,0,-30,-32,-33
2025-05-10T13:36:07.022946,-37.9105191667,145.1348815,-37.9106161783,145.1350237967,0,-24,-12,-11,0,-24,-33,-33
2025-05-10T13:36:07.523535,-37.9105191667,145.1348815,-37.9106154133,145.13502468,0,-29,-11,-12,0,-26,-34,-33
2025-05-10T13:36:08.023493,-37.9105191667,145.1348815,-37.9106154133,145.13502468,0,-24,-11,-11,0,-24,-34,-33
2025-05-10T13:36:08.522286,-37.9105191667,145.1348815,-37.9106132733,145.1350273133,0,-24,-11,-11,0,-29,-34,-33
2025-05-10T13:36:09.023280,-37.9105191667,145.1348815,-37.910611655,145.13502915,0,-27,-11,-11,0,-25,-34,-33
2025-05-10T13:36:09.532885,-37.9105191667,145.1348815,-37.91060937,145.13503145,0,-26,-12,-12,0,-26,-34,-34
2025-05-10T13:36:10.023042,-37.9105191667,145.1348815,-37.910607405,145.1350334617,0,-23,-11,-11,0,-23,-35,-34
2025-05-10T13:36:10.523175,-37.9105191667,145.1348815,-37.9106068233,145.1350338783,0,-28,-11,-11,0,-21,-37,-34
2025-05-10T13:36:11.023844,-37.9105191667,145.1348815,-37.9106068233,145.1350338783,0,-26,-12,-12,0,-26,-38,-34
2025-05-10T13:36:11.527036,-37.9105191667,145.1348815,-37.910606105,145.135034935,0,-22,-12,-12,0,-23,-38,-34
2025-05-10T13:36:12.040059,-37.9105191667,145.1348815,-37.9106049917,145.1350355583,0,-27,-13,-13,0,-26,-40,-34
2025-05-10T13:36:12.526746,-37.9105191667,145.1348815,-37.9106032383,145.13503751,0,-26,-13,-13,0,-29,-41,-41
2025-05-10T13:36:13.022862,-37.9105191667,145.1348815,-37.91060153,145.1350390917,0,-22,-13,-13,0,-22,-45,-41
2025-05-10T13:36:13.523036,-37.9105191667,145.1348815,-37.9106007983,145.1350391583,0,-24,-12,-12,0,-27,-46,-41
2025-05-10T13:36:14.023672,-37.9105191667,145.1348815,-37.9106007983,145.1350391583,0,-25,-13,-12,0,-24,-43,-41
2025-05-10T13:36:14.523751,-37.910519,145.1348813333,-37.9106007983,145.1350391583,0,-22,-11,-11,0,-24,-47,-41
2025-05-10T13:36:15.023659,-37.910519,145.1348813333,-37.9106007983,145.1350391583,0,-26,-11,-11,0,-27,-44,-41
2025-05-10T13:36:15.523673,-37.910519,145.1348815,-37.9105955867,145.13504231,0,-24,-13,-13,0,-26,-40,-41
2025-05-10T13:36:16.023509,-37.910519,145.1348815,-37.9105949417,145.1350423317,0,-23,-13,-13,0,-23,-37,-41
2025-05-10T13:36:16.523522,-37.910519,145.1348815,-37.91059494,145.1350423267,0,-27,-12,-12,0,-23,-37,-41
2025-05-10T13:36:17.023055,-37.910519,145.1348815,-37.91059494,145.1350423267,0,-25,-13,-13,0,-26,-35,-41
2025-05-10T13:36:17.526993,-37.910519,145.1348815,-37.9105922883,145.1350435517,0,-22,-12,-12,0,-25,-33,-41
2025-05-10T13:36:18.023892,-37.910519,145.1348815,-37.910590415,145.1350444483,0,-28,-13,-13,0,-20,-23,-41
2025-05-10T13:36:18.527058,-37.910519,145.1348815,-37.9105875767,145.13504547,0,-29,-13,-13,0,-28,-31,-31
2025-05-10T13:36:19.023019,-37.910519,145.1348815,-37.9105848933,145.13504695,0,-24,-14,-13,0,-24,-31,-31
2025-05-10T13:36:19.523905,-37.910519,145.1348815,-37.9105838483,145.135047165,0,-30,-14,-14,0,-28,-30,-31
2025-05-10T13:36:20.023059,-37.910519,145.1348815,-37.9105838483,145.135047165,0,-26,-14,-14,0,-28,-29,-31
2025-05-10T13:36:20.526993,-37.910519,145.1348815,-37.91058112,145.1350483167,0,-23,-24,-24,0,-24,-31,-31
2025-05-10T13:36:21.023428,-37.910519,145.1348815,-37.910579275,145.1350489467,0,-25,-24,-24,0,-26,-30,-31
2025-05-10T13:36:21.532439,-37.910519,145.1348816667,-37.9105767983,145.135049855,0,-28,-23,-23,0,-28,-28,-27
2025-05-10T13:36:22.022800,-37.910519,145.1348816667,-37.9105742283,145.1350506767,0,-28,-23,-22,0,-29,-27,-27
2025-05-10T13:36:22.523411,-37.910519,145.1348816667,-37.9105733933,145.1350511117,0,-28,-24,-24,0,-28,-27,-27
2025-05-10T13:36:23.022971,-37.910519,145.1348816667,-37.9105733933,145.1350511117,0,-28,-24,-23,0,-28,-26,-27
2025-05-10T13:36:23.526993,-37.910519,145.1348816667,-37.9105710233,145.1350521333,0,-21,-24,-24,0,-28,-26,-27
2025-05-10T13:36:24.023453,-37.910519,145.1348816667,-37.9105694717,145.1350530183,0,-27,-25,-25,0,-28,-25,-27
2025-05-10T13:36:24.527407,-37.910519,145.1348818333,-37.9105666317,145.1350532467,0,-29,-24,-24,0,-24,-24,-24
2025-05-10T13:36:25.023099,-37.910519,145.1348818333,-37.9105643417,145.1350539183,0,-25,-25,-25,0,-26,-24,-24
2025-05-10T13:36:25.523738,-37.910519,145.1348818333,-37.910563535,145.1350541867,0,-29,-25,-25,0,-23,-23,-24
2025-05-10T13:36:26.023064,-37.910519,145.1348818333,-37.910563535,145.1350541867,0,-24,-27,-27,0,-24,-23,-24
2025-05-10T13:36:26.527099,-37.910519,145.1348818333,-37.910560975,145.13505419,0,-22,-27,-27,0,-25,-22,-24
2025-05-10T13:36:27.023941,-37.910519,145.1348818333,-37.9105593283,145.1350545317,0,-26,-28,-28,0,-21,-22,-24
2025-05-10T13:36:27.526835,-37.910519,145.134882,-37.9105565117,145.1350548683,0,-29,-30,-30,0,-26,-14,-14
2025-05-10T13:36:28.024032,-37.910519,145.134882,-37.910553555,145.1350548417,0,-25,-29,-29,0,-25,-13,-14
2025-05-10T13:36:28.523948,-37.910519,145.134882,-37.91055252,145.1350549933,0,-26,-30,-30,0,-23,-13,-14
2025-05-10T13:36:29.023348,-37.910519,145.134882,-37.91055252,145.1350549933,0,-24,-31,-31,0,-26,-12,-14
2025-05-10T13:36:29.526789,-37.910519,145.134882,-37.910549925,145.13505501,0,-24,-33,-33,0,-24,-13,-14
2025-05-10T13:36:30.023263,-37.910519,145.134882,-37.91054808,145.1350554533,0,-29,-34,-34,0,-28,-13,-14
2025-05-10T13:36:30.527839,-37.910519,145.1348821667,-37.9105453517,145.1350555683,0,-29,-34,-34,0,-27,-12,-12
2025-05-10T13:36:31.023687,-37.910519,145.1348821667,-37.91054266,145.135056025,0,-24,-37,-36,0,-25,-12,-12
2025-05-10T13:36:31.523747,-37.910519,145.1348821667,-37.910541685,145.13505647,0,-25,-40,-40,0,-26,-12,-12
2025-05-10T13:36:32.023894,-37.910519,145.1348821667,-37.910541685,145.13505647,0,-23,-43,-42,0,-24,-13,-12
2025-05-10T13:36:32.527177,-37.910519,145.1348821667,-37.9105387183,145.1350566967,0,-22,-45,-45,0,-24,-13,-12
2025-05-10T13:36:33.037357,-37.910519,145.1348821667,-37.910536685,145.1350564617,0,-31,-47,-47,0,-28,-12,-12
2025-05-10T13:36:33.527288,-37.910519,145.1348821667,-37.9105340617,145.1350564867,0,-25,-50,-50,0,-30,-12,-12
2025-05-10T13:36:34.023140,-37.910519,145.1348821667,-37.9105311117,145.1350569967,0,-24,-43,-42,0,-22,-13,-12
2025-05-10T13:36:34.523727,-37.9105191667,145.1348823333,-37.9105302967,145.1350572583,0,-26,-40,-40,0,-23,-13,-12
2025-05-10T13:36:35.023350,-37.9105191667,145.1348823333,-37.9105302967,145.1350572583,0,-26,-39,-39,0,-24,-13,-12
2025-05-10T13:36:35.527433,-37.9105191667,145.1348823333,-37.910527595,145.135057615,0,-23,-36,-36,0,-25,-12,-12
2025-05-10T13:36:36.022976,-37.9105191667,145.1348823333,-37.9105254733,145.1350583967,0,-26,-33,-33,0,-28,-11,-12
2025-05-10T13:36:36.527149,-37.9105191667,145.1348823333,-37.9105220767,145.1350580933,0,-27,-32,-32,0,-27,-12,-12
2025-05-10T13:36:37.023069,-37.9105191667,145.1348823333,-37.910518815,145.1350582433,0,-24,-34,-33,0,-24,-12,-12
2025-05-10T13:36:37.522984,-37.910519,145.1348823333,-37.91051782,145.1350581167,0,-30,-30,-30,0,-27,-10,-12
2025-05-10T13:36:38.022887,-37.910519,145.1348823333,-37.91051782,145.1350581167,0,-24,-31,-31,0,-24,-11,-12
2025-05-10T13:36:38.527277,-37.910519,145.1348825,-37.9105136067,145.1350587317,0,-27,-31,-30,0,-24,-11,-12
2025-05-10T13:36:39.023045,-37.910519,145.1348825,-37.9105117,145.1350584767,0,-27,-32,-32,0,-27,-13,-12
2025-05-10T13:36:39.527235,-37.9105191667,145.1348825,-37.91050983,145.1350585,0,-28,-31,-31,0,-23,-11,-11
2025-05-10T13:36:40.023182,-37.9105191667,145.1348825,-37.91050662,145.13505843,0,-24,-31,-31,0,-24,-11,-11
2025-05-10T13:36:40.523745,-37.9105191667,145.1348825,-37.9105055433,145.1350582367,0,-27,-32,-32,0,-27,-12,-11
2025-05-10T13:36:41.023071,-37.9105191667,145.1348825,-37.9105055433,145.1350582367,0,-27,-32,-31,0,-26,-12,-11
2025-05-10T13:36:41.526581,-37.9105191667,145.1348826667,-37.9105021483,145.1350573017,0,-23,-34,-34,0,-25,-14,-11
2025-05-10T13:36:42.023521,-37.9105191667,145.1348826667,-37.9104996933,145.1350567917,0,-29,-34,-34,0,-26,-14,-11
2025-05-10T13:36:42.533225,-37.910519,145.1348826667,-37.91049564,145.1350562217,0,-29,-34,-34,0,-26,-14,-11
2025-05-10T13:36:43.023177,-37.910519,145.1348826667,-37.9104918767,145.13505525,0,-27,-36,-36,0,-27,-14,-13
2025-05-10T13:36:43.523311,-37.9105191667,145.1348826667,-37.91049062,145.13505499,0,-28,-37,-36,0,-27,-14,-13
2025-05-10T13:36:44.023414,-37.9105191667,145.1348826667,-37.91049062,145.13505499,0,-27,-37,-37,0,-27,-13,-13
2025-05-10T13:36:44.526917,-37.9105191667,145.1348828333,-37.91048739,145.1350538683,0,-27,-40,-40,0,-25,-13,-13
2025-05-10T13:36:45.023389,-37.9105191667,145.1348828333,-37.9104849717,145.1350538317,0,-28,-45,-44,0,-28,-14,-13
2025-05-10T13:36:45.527218,-37.9105191667,145.134883,-37.9104816,145.1350529617,0,-29,-44,-44,0,-27,-23,-14
2025-05-10T13:36:46.023285,-37.9105191667,145.134883,-37.910478245,145.1350518567,0,-14,-52,-53,0,-26,-14,-14
2025-05-10T13:36:46.524055,-37.9105193333,145.134883,-37.9104770383,145.135051505,0,-32,-47,-47,0,-24,-24,-14
2025-05-10T13:36:47.023797,-37.9105193333,145.134883,-37.9104770383,145.135051505,0,-18,-47,-47,0,-23,-25,-14
2025-05-10T13:36:47.526773,-37.9105193333,145.1348831667,-37.9104724817,145.1350489633,0,-23,-41,-41,0,-24,-24,-14
2025-05-10T13:36:48.023877,-37.9105193333,145.1348831667,-37.9104701933,145.1350480067,0,-31,-37,-37,0,-24,-24,-14
2025-05-10T13:36:48.532552,-37.9105193333,145.1348833333,-37.9104681517,145.1350468733,0,-30,-39,-39,0,-27,-25,-25
2025-05-10T13:36:49.023882,-37.9105193333,145.1348833333,-37.9104649317,145.13504564,0,-25,-39,-39,0,-24,-28,-25
2025-05-10T13:36:49.523046,-37.9105195,145.1348835,-37.9104638367,145.1350452817,0,-29,-38,-38,0,-25,-28,-25
2025-05-10T13:36:50.023955,-37.9105195,145.1348835,-37.9104638367,145.1350452817,0,-23,-38,-37,0,-23,-30,-25
2025-05-10T13:36:50.527092,-37.9105195,145.1348835,-37.9104609017,145.135043585,0,-23,-38,-38,0,-25,-31,-25
2025-05-10T13:36:51.023903,-37.9105195,145.1348835,-37.91045884,145.1350421967,0,-29,-41,-41,0,-26,-31,-25
2025-05-10T13:36:51.531803,-37.9105195,145.1348836667,-37.910455785,145.1350404417,0,-27,-41,-41,0,-29,-32,-32
2025-05-10T13:36:52.023728,-37.9105195,145.1348836667,-37.910452855,145.13503823,0,-26,-46,-47,0,-23,-37,-32
2025-05-10T13:36:52.523317,-37.9105195,145.1348838333,-37.91045177,145.13503765,0,-25,-49,-49,0,-25,-42,-32
2025-05-10T13:36:53.023886,-37.9105195,145.1348838333,-37.91045177,145.13503765,0,-19,-48,-48,0,-26,-47,-32
2025-05-10T13:36:53.527006,-37.9105196667,145.1348838333,-37.9104485717,145.135035835,0,-22,-49,-49,0,-27,-51,-32
2025-05-10T13:36:54.023113,-37.9105196667,145.1348838333,-37.9104465167,145.13503464,0,-26,-47,-47,0,-27,-49,-32
2025-05-10T13:36:54.527059,-37.9105196667,145.134884,-37.9104431,145.1350329517,0,-26,-46,-46,0,-29,-43,-43
2025-05-10T13:36:55.023844,-37.9105196667,145.134884,-37.91044039,145.1350311383,0,-20,-46,-44,0,-23,-41,-43
2025-05-10T13:36:55.523744,-37.9105196667,145.1348841667,-37.9104394133,145.1350306967,0,-25,-46,-46,0,-26,-41,-43
2025-05-10T13:36:56.024048,-37.9105196667,145.1348841667,-37.9104394133,145.1350306967,0,-26,-43,-44,0,-27,-39,-43
2025-05-10T13:36:56.527321,-37.9105196667,145.1348841667,-37.91043613,145.1350276883,0,-22,-40,-39,0,-25,-35,-43
2025-05-10T13:36:57.023797,-37.9105196667,145.1348841667,-37.91043611,145.1350276767,0,-26,-39,-39,0,-28,-36,-43
2025-05-10T13:36:57.527110,-37.9105196667,145.1348843333,-37.91043609,145.1350276583,0,-27,-39,-39,0,-27,-36,-36
2025-05-10T13:36:58.023357,-37.9105196667,145.1348843333,-37.910436065,145.1350276667,0,-25,-39,-39,0,-25,-35,-36
2025-05-10T13:36:58.523182,-37.9105198333,145.1348845,-37.9104360567,145.1350276683,0,-27,-39,-39,0,-27,-36,-36
2025-05-10T13:36:59.027394,-37.9105198333,145.1348845,-37.9104360567,145.1350276683,0,-23,-40,-39,0,-23,-35,-36
2025-05-10T13:36:59.527101,-37.9105198333,145.1348845,-37.9104360133,145.1350277133,0,-23,-39,-40,0,-24,-35,-36
2025-05-10T13:37:00.023096,-37.9105198333,145.1348845,-37.9104359883,145.1350277533,0,-28,-39,-39,0,-28,-36,-36
2025-05-10T13:37:00.526940,-37.9105198333,145.1348846667,-37.9104359417,145.13502777,0,-27,-40,-40,0,-30,-35,-35
2025-05-10T13:37:01.023898,-37.9105198333,145.1348846667,-37.9104358933,145.1350277933,0,-24,-40,-39,0,-25,-35,-35
2025-05-10T13:37:01.523172,-37.91052,145.1348846667,-37.9104358817,145.1350278067,0,-29,-39,-39,0,-28,-35,-35
2025-05-10T13:37:02.023938,-37.91052,145.1348846667,-37.9104358817,145.1350278067,0,-21,-40,-40,0,-21,-36,-35
2025-05-10T13:37:02.527025,-37.91052,145.1348848333,-37.9104358517,145.1350278433,0,-23,-40,-39,0,-26,-36,-35
2025-05-10T13:37:03.022785,-37.91052,145.1348848333,-37.9104358217,145.1350278567,0,-28,-40,-40,0,-28,-35,-35
2025-05-10T13:37:03.539267,-37.9105201667,145.1348848333,-37.9104357933,145.135027895,0,-27,-39,-39,0,-27,-35,-36
2025-05-10T13:37:04.022999,-37.9105201667,145.1348848333,-37.91043578,145.1350279467,0,-28,-39,-39,0,-29,-36,-36
2025-05-10T13:37:04.527463,-37.9105201667,145.134885,-37.91043577,145.13502797,0,-27,-40,-39,0,-23,-35,-36
2025-05-10T13:37:05.023017,-37.9105201667,145.134885,-37.91043577,145.13502797,0,-27,-39,-39,0,-26,-36,-36
2025-05-10T13:37:05.526720,-37.9105201667,145.1348851667,-37.9104357367,145.1350280083,0,-22,-40,-40,0,-25,-35,-36
2025-05-10T13:37:06.023116,-37.9105201667,145.1348851667,-37.910435715,145.135028015,0,-27,-39,-39,0,-27,-35,-36
2025-05-10T13:37:06.530742,-37.9105201667,145.1348851667,-37.9104357017,145.135028035,0,-30,-40,-40,0,-27,-36,-35
2025-05-10T13:37:07.023041,-37.9105201667,145.1348851667,-37.9104356683,145.1350280533,0,-25,-40,-39,0,-27,-35,-35
2025-05-10T13:37:07.523137,-37.9105203333,145.1348853333,-37.910435655,145.1350280567,0,-26,-39,-39,0,-28,-36,-35
2025-05-10T13:37:08.022993,-37.9105203333,145.1348853333,-37.910435655,145.1350280567,0,-22,-39,-39,0,-27,-36,-35
2025-05-10T13:37:08.527096,-37.9105203333,145.1348853333,-37.9104356217,145.135028075,0,-20,-40,-39,0,-25,-35,-35
2025-05-10T13:37:09.023213,-37.9105203333,145.1348853333,-37.910435595,145.135028075,0,-25,-40,-39,0,-25,-35,-35
2025-05-10T13:37:09.527444,-37.9105203333,145.1348853333,-37.910435555,145.13502805,0,-29,-41,-41,0,-29,-36,-35
2025-05-10T13:37:10.027070,-37.9105203333,145.1348853333,-37.9104355117,145.1350280317,0,-29,-40,-40,0,-31,-36,-35
2025-05-10T13:37:10.523476,-37.9105203333,145.1348853333,-37.9104355117,145.13502803,0,-26,-41,-41,0,-24,-35,-35
2025-05-10T13:37:11.023481,-37.9105203333,145.1348853333,-37.9104355117,145.13502803,0,-16,-45,-44,0,-24,-37,-35
2025-05-10T13:37:11.527606,-37.9105203333,145.1348855,-37.91043551,145.1350280367,0,-22,-42,-42,0,-21,-38,-35
2025-05-10T13:37:12.024043,-37.9105203333,145.1348855,-37.910435515,145.1350280617,0,-28,-41,-41,0,-27,-38,-35
2025-05-10T13:37:12.527326,-37.9105203333,145.1348855,-37.910435515,145.1350280617,0,-30,-40,-40,0,-29,-36,-36
2025-05-10T13:37:13.038014,-37.9105203333,145.1348855,-37.910435515,145.1350280617,0,-18,-43,-41,0,-22,-40,-38
2025-05-10T13:37:13.523962,-37.9105205,145.1348855,-37.91043841,145.1350301017,0,-27,-48,-48,0,-26,-47,-38
2025-05-10T13:37:14.023710,-37.9105205,145.1348855,-37.9104387333,145.1350318333,0,-21,-46,-45,0,-21,-48,-38
2025-05-10T13:37:14.527524,-37.9105203333,145.1348856667,-37.9104387333,145.1350318333,0,-19,-50,-49,0,-27,-49,-38
2025-05-10T13:37:15.023867,-37.9105203333,145.1348856667,-37.9104387333,145.1350318333,0,-30,-51,-51,0,-27,-47,-38
2025-05-10T13:37:15.528396,-37.9105203333,145.1348856667,-37.9104410717,145.1350436683,0,-28,-48,-48,0,-28,-44,-44
2025-05-10T13:37:16.022922,-37.9105203333,145.1348856667,-37.9104426517,145.135047535,0,-22,-49,-48,0,-24,-38,-44
2025-05-10T13:37:16.523008,-37.9105203333,145.1348856667,-37.9104432783,145.1350488583,0,-29,-46,-46,0,-29,-35,-44
2025-05-10T13:37:17.023574,-37.9105203333,145.1348856667,-37.9104432783,145.1350488583,0,-22,-46,-46,0,-22,-34,-44
2025-05-10T13:37:17.530721,-37.9105203333,145.1348856667,-37.91044481,145.1350535167,0,-23,-45,-44,0,-26,-34,-44
2025-05-10T13:37:18.023836,-37.9105203333,145.1348856667,-37.9104456867,145.1350566233,0,-28,-43,-43,0,-25,-33,-44
2025-05-10T13:37:18.527443,-37.9105203333,145.1348858333,-37.910447365,145.1350607633,0,-28,-43,-43,0,-25,-31,-31
2025-05-10T13:37:19.023739,-37.9105203333,145.1348858333,-37.91044925,145.1350649583,0,-24,-44,-44,0,-24,-31,-31
2025-05-10T13:37:19.523906,-37.9105203333,145.1348858333,-37.9104499233,145.1350663667,0,-27,-39,-39,0,-27,-28,-31
2025-05-10T13:37:20.024138,-37.9105203333,145.1348858333,-37.9104499233,145.1350663667,0,-25,-38,-38,0,-25,-27,-31
2025-05-10T13:37:20.527036,-37.9105205,145.1348858333,-37.910451615,145.1350687333,0,-23,-40,-40,0,-22,-27,-31
2025-05-10T13:37:21.023045,-37.9105205,145.1348858333,-37.91045285,145.13506962,0,-26,-40,-40,0,-28,-26,-31
2025-05-10T13:37:21.532006,-37.9105205,145.1348858333,-37.91045465,145.1350712617,0,-28,-41,-41,0,-29,-26,-26
2025-05-10T13:37:22.023518,-37.9105205,145.1348858333,-37.910455765,145.135072585,0,-23,-42,-42,0,-27,-25,-26
2025-05-10T13:37:22.523529,-37.9105205,145.1348858333,-37.9104562033,145.1350730233,0,-26,-41,-41,0,-28,-24,-26
2025-05-10T13:37:23.031295,-37.9105205,145.1348858333,-37.9104562033,145.1350730233,0,-29,-50,-49,0,-28,-25,-26
2025-05-10T13:37:23.526988,-37.9105205,145.1348858333,-37.9104576967,145.1350743767,0,-29,-46,-45,0,-21,-25,-26
2025-05-10T13:37:24.023932,-37.9105205,145.1348858333,-37.9104586383,145.1350749583,0,-25,-48,-48,0,-29,-25,-26
2025-05-10T13:37:24.527192,-37.9105205,145.1348858333,-37.91046053,145.13507588,0,-28,-50,-50,0,-27,-24,-23
2025-05-10T13:37:25.023765,-37.9105205,145.1348858333,-37.91046295,145.13507653,0,-26,-47,-47,0,-27,-23,-23
2025-05-10T13:37:25.523498,-37.9105205,145.1348858333,-37.9104635817,145.1350767767,0,-27,-42,-42,0,-27,-23,-23
2025-05-10T13:37:26.023874,-37.9105205,145.1348858333,-37.9104635817,145.1350767767,0,-27,-43,-41,0,-28,-22,-23
2025-05-10T13:37:26.527111,-37.9105205,145.134886,-37.9104653,145.135077775,0,-24,-41,-41,0,-25,-14,-23
2025-05-10T13:37:27.023976,-37.9105205,145.134886,-37.9104663283,145.1350781633,0,-25,-43,-43,0,-26,-15,-23
2025-05-10T13:37:27.527790,-37.9105206667,145.134886,-37.9104683733,145.1350786267,0,-29,-39,-39,0,-21,-14,-14
2025-05-10T13:37:28.023844,-37.9105206667,145.134886,-37.91047055,145.1350794267,0,-25,-38,-39,0,-27,-14,-14
2025-05-10T13:37:28.527160,-37.9105206667,145.134886,-37.9104713667,145.135079955,0,-30,-35,-35,0,-22,-13,-14
2025-05-10T13:37:29.026932,-37.9105206667,145.134886,-37.9104713667,145.135079955,0,-26,-35,-36,0,-28,-14,-14
2025-05-10T13:37:29.527107,-37.9105206667,145.134886,-37.910473985,145.1350812467,0,-24,-34,-34,0,-27,-14,-14
2025-05-10T13:37:30.023183,-37.9105206667,145.134886,-37.9104755833,145.135081635,0,-29,-34,-34,0,-20,-23,-14
2025-05-10T13:37:30.527059,-37.9105206667,145.134886,-37.9104781683,145.1350820583,0,-25,-34,-34,0,-27,-13,-13
2025-05-10T13:37:31.022961,-37.9105206667,145.134886,-37.9104811417,145.13508195,0,-24,-33,-33,0,-23,-13,-13
2025-05-10T13:37:31.523207,-37.9105208333,145.134886,-37.9104821017,145.13508179,0,-29,-32,-32,0,-24,-12,-13
2025-05-10T13:37:32.023924,-37.9105208333,145.134886,-37.9104821017,145.13508179,0,-22,-32,-32,0,-22,-12,-13
2025-05-10T13:37:32.527100,-37.9105208333,145.134886,-37.91048487,145.1350823517,0,-22,-32,-32,0,-25,-12,-13
2025-05-10T13:37:33.023444,-37.9105208333,145.134886,-37.9104866233,145.1350828117,0,-26,-31,-31,0,-26,-12,-13
2025-05-10T13:37:33.527426,-37.9105208333,145.134886,-37.9104897083,145.1350828817,0,-26,-32,-32,0,-26,-13,-13
2025-05-10T13:37:34.040262,-37.9105208333,145.134886,-37.9104928867,145.1350841283,0,-23,-33,-32,0,-23,-14,-13
2025-05-10T13:37:34.523582,-37.9105208333,145.134886,-37.9104939083,145.1350845533,0,-30,-34,-34,0,-27,-14,-13
2025-05-10T13:37:35.027005,-37.9105208333,145.134886,-37.9104939083,145.1350845533,0,-24,-34,-34,0,-27,-14,-13
2025-05-10T13:37:35.526900,-37.910521,145.134886,-37.91049658,145.135085405,0,-21,-34,-33,0,-25,-13,-13
2025-05-10T13:37:36.027285,-37.910521,145.134886,-37.9104983333,145.1350858967,0,-26,-34,-34,0,-26,-14,-13
2025-05-10T13:37:36.527398,-37.910521,145.134886,-37.9104997867,145.13508623,0,-25,-33,-33,0,-27,-13,-13
2025-05-10T13:37:37.023515,-37.910521,145.134886,-37.91050224,145.1350865033,0,-24,-34,-34,0,-24,-13,-13
2025-05-10T13:37:37.523523,-37.910521,145.134886,-37.9105031833,145.135086535,0,-29,-36,-36,0,-28,-13,-13
2025-05-10T13:37:38.023483,-37.910521,145.134886,-37.9105031833,145.135086535,0,-22,-35,-35,0,-23,-13,-13
2025-05-10T13:37:38.526889,-37.910521,145.134886,-37.9105058217,145.1350867333,0,-26,-36,-37,0,-24,-13,-13
2025-05-10T13:37:39.022906,-37.910521,145.134886,-37.9105073133,145.1350872583,0,-31,-37,-37,0,-27,-12,-13
2025-05-10T13:37:39.532236,-37.9105211667,145.134886,-37.91050996,145.135087155,0,-29,-42,-42,0,-28,-14,-14
2025-05-10T13:37:40.022874,-37.9105211667,145.134886,-37.91051303,145.1350878583,0,-18,-47,-47,0,-23,-14,-14
2025-05-10T13:37:40.523066,-37.9105211667,145.134886,-37.9105140067,145.1350881283,0,-30,-47,-47,0,-28,-14,-14
2025-05-10T13:37:41.023063,-37.9105211667,145.134886,-37.9105140067,145.1350881283,0,-19,-47,-46,0,-24,-14,-14
2025-05-10T13:37:41.526914,-37.9105211667,145.1348861667,-37.9105167183,145.1350888367,0,-25,-47,-48,0,-24,-22,-14
2025-05-10T13:37:42.023753,-37.9105211667,145.1348861667,-37.9105187267,145.1350892367,0,-25,-45,-45,0,-27,-14,-14
2025-05-10T13:37:42.527569,-37.9105211667,145.1348861667,-37.9105214067,145.1350895783,0,-28,-40,-40,0,-27,-14,-14
2025-05-10T13:37:43.023420,-37.9105211667,145.1348861667,-37.910524205,145.1350894933,0,-27,-40,-40,0,-26,-12,-14
2025-05-10T13:37:43.534857,-37.9105211667,145.1348861667,-37.9105251517,145.1350892983,0,-29,-37,-37,0,-24,-13,-14
2025-05-10T13:37:44.023380,-37.9105211667,145.1348861667,-37.9105251517,145.1350892983,0,-24,-36,-36,0,-24,-13,-14
2025-05-10T13:37:44.527095,-37.9105213333,145.1348861667,-37.9105279183,145.13508887,0,-23,-35,-34,0,-26,-14,-14
2025-05-10T13:37:45.027561,-37.9105213333,145.1348861667,-37.9105294483,145.1350884917,0,-27,-33,-33,0,-28,-22,-14
2025-05-10T13:37:45.527098,-37.9105213333,145.1348861667,-37.9105321767,145.135087885,0,-27,-32,-32,0,-26,-14,-13
2025-05-10T13:37:46.023206,-37.9105213333,145.1348861667,-37.9105345383,145.13508747,0,-26,-31,-31,0,-26,-14,-13
2025-05-10T13:37:46.523620,-37.9105213333,145.1348861667,-37.9105352383,145.1350872967,0,-28,-31,-31,0,-28,-13,-13
2025-05-10T13:37:47.027769,-37.9105213333,145.1348861667,-37.9105352383,145.1350872967,0,-28,-30,-31,0,-27,-14,-13
2025-05-10T13:37:47.526345,-37.9105213333,145.1348861667,-37.9105377633,145.1350865633,0,-24,-29,-29,0,-25,-22,-13
2025-05-10T13:37:48.023417,-37.9105213333,145.1348861667,-37.9105394083,145.1350861233,0,-28,-28,-28,0,-28,-15,-13
2025-05-10T13:37:48.527215,-37.9105213333,145.134886,-37.9105424317,145.1350851317,0,-29,-28,-28,0,-28,-24,-23
2025-05-10T13:37:49.023859,-37.9105213333,145.134886,-37.9105455967,145.1350838533,0,-25,-27,-27,0,-29,-24,-23
2025-05-10T13:37:49.523446,-37.9105213333,145.134886,-37.9105465567,145.1350835783,0,-27,-26,-26,0,-27,-24,-23
2025-05-10T13:37:50.023053,-37.9105213333,145.134886,-37.9105465567,145.1350835783,0,-24,-26,-26,0,-28,-24,-23
2025-05-10T13:37:50.527102,-37.9105213333,145.134886,-37.9105491917,145.13508265,0,-21,-26,-26,0,-28,-26,-23
2025-05-10T13:37:51.023481,-37.9105213333,145.134886,-37.9105498567,145.13508237,0,-29,-27,-27,0,-28,-26,-23
2025-05-10T13:37:51.532409,-37.9105213333,145.134886,-37.9105518217,145.1350808817,0,-26,-25,-25,0,-28,-25,-25
2025-05-10T13:37:52.023718,-37.9105213333,145.134886,-37.9105546617,145.1350794383,0,-24,-25,-25,0,-24,-26,-25
2025-05-10T13:37:52.523406,-37.9105213333,145.134886,-37.9105555883,145.1350788617,0,-30,-24,-24,0,-24,-26,-25
2025-05-10T13:37:53.026749,-37.9105213333,145.134886,-37.9105555883,145.1350788617,0,-23,-24,-23,0,-23,-27,-25
2025-05-10T13:37:53.527067,-37.9105213333,145.134886,-37.9105582417,145.1350775117,0,-22,-23,-23,0,-24,-27,-25
2025-05-10T13:37:54.023728,-37.9105213333,145.134886,-37.9105596833,145.135076785,0,-27,-24,-24,0,-20,-23,-25
2025-05-10T13:37:54.527491,-37.9105213333,145.134886,-37.9105618017,145.1350757433,0,-31,-23,-23,0,-27,-29,-29
2025-05-10T13:37:55.023112,-37.9105213333,145.134886,-37.9105645383,145.13507466,0,-28,-22,-22,0,-28,-29,-29
2025-05-10T13:37:55.523328,-37.9105213333,145.134886,-37.9105655417,145.13507421,0,-28,-14,-14,0,-26,-30,-29
2025-05-10T13:37:56.026560,-37.9105213333,145.134886,-37.9105655417,145.13507421,0,-24,-22,-15,0,-23,-22,-29
2025-05-10T13:37:56.527060,-37.9105213333,145.134886,-37.9105693583,145.1350720983,0,-21,-14,-13,0,-25,-32,-29
2025-05-10T13:37:57.023758,-37.9105213333,145.134886,-37.9105711283,145.13507127,0,-26,-13,-13,0,-28,-32,-29
2025-05-10T13:37:57.527189,-37.9105213333,145.134886,-37.9105730517,145.1350705033,0,-31,-13,-13,0,-23,-31,-31
2025-05-10T13:37:58.023223,-37.9105213333,145.134886,-37.9105757667,145.1350692417,0,-21,-13,-13,0,-24,-34,-31
2025-05-10T13:37:58.523340,-37.9105213333,145.1348858333,-37.9105764683,145.1350686433,0,-29,-13,-13,0,-26,-34,-31
2025-05-10T13:37:59.023294,-37.9105213333,145.1348858333,-37.9105764683,145.1350686433,0,-24,-13,-12,0,-24,-35,-31
2025-05-10T13:37:59.526917,-37.9105213333,145.1348858333,-37.910579105,145.13506713,0,-22,-13,-13,0,-23,-40,-31
2025-05-10T13:38:00.022997,-37.9105213333,145.1348858333,-37.910580945,145.1350656567,0,-29,-12,-12,0,-26,-40,-31
2025-05-10T13:38:00.523431,-37.9105213333,145.1348858333,-37.9105841833,145.1350635167,0,-25,-12,-11,0,-25,-42,-42
2025-05-10T13:38:01.023255,-37.9105213333,145.1348858333,-37.9105866417,145.1350618917,0,-26,-12,-12,0,-25,-47,-42
2025-05-10T13:38:01.526925,-37.9105213333,145.1348858333,-37.910587575,145.1350612817,0,-30,-12,-12,0,-27,-50,-42
2025-05-10T13:38:02.027778,-37.9105213333,145.1348858333,-37.910587575,145.1350612817,0,-21,-14,-14,0,-21,-23,-42
2025-05-10T13:38:02.527087,-37.9105213333,145.1348858333,-37.9105900067,145.1350598333,0,-22,-13,-12,0,-23,-44,-42
2025-05-10T13:38:03.023223,-37.9105213333,145.1348858333,-37.91059186,145.1350586733,0,-29,-11,-11,0,-28,-43,-42
2025-05-10T13:38:03.526903,-37.9105213333,145.1348858333,-37.9105943967,145.1350567333,0,-26,-12,-12,0,-27,-37,-37
2025-05-10T13:38:04.023590,-37.9105213333,145.1348858333,-37.91059725,145.1350539617,0,-23,-13,-13,0,-23,-38,-37
2025-05-10T13:38:04.541403,-37.9105213333,145.1348858333,-37.9105981283,145.1350530017,0,-29,-11,-11,0,-23,-35,-37
2025-05-10T13:38:05.023502,-37.9105213333,145.1348858333,-37.9105981283,145.1350530017,0,-25,-12,-12,0,-25,-35,-37
2025-05-10T13:38:05.527060,-37.9105213333,145.1348858333,-37.910600855,145.1350500183,0,-22,-12,-12,0,-24,-35,-37
2025-05-10T13:38:06.023169,-37.9105213333,145.1348858333,-37.91060215,145.135047975,0,-27,-12,-11,0,-28,-34,-37
2025-05-10T13:38:06.526915,-37.9105213333,145.1348858333,-37.910604105,145.13504529,0,-23,-13,-13,0,-26,-34,-34
2025-05-10T13:38:07.023818,-37.9105213333,145.1348858333,-37.9106062,145.1350420383,0,-28,-14,-13,0,-28,-36,-34
2025-05-10T13:38:07.523034,-37.9105213333,145.1348858333,-37.9106068867,145.1350408667,0,-30,-13,-13,0,-26,-33,-34
2025-05-10T13:38:08.025805,-37.9105213333,145.1348858333,-37.9106068867,145.1350408667,0,-26,-13,-13,0,-27,-35,-34
2025-05-10T13:38:08.527112,-37.9105213333,145.1348858333,-37.910609255,145.1350373217,0,-23,-13,-13,0,-23,-34,-34
2025-05-10T13:38:09.023190,-37.9105213333,145.1348858333,-37.91061073,145.1350350533,0,-25,-13,-13,0,-26,-33,-34
2025-05-10T13:38:09.527219,-37.9105213333,145.1348858333,-37.9106129833,145.1350318883,0,-27,-13,-13,0,-27,-33,-32
2025-05-10T13:38:10.023203,-37.9105213333,145.1348858333,-37.9106148483,145.135028625,0,-27,-13,-13,0,-27,-33,-32
2025-05-10T13:38:10.523093,-37.9105211667,145.1348858333,-37.91061563,145.135027425,0,-27,-13,-12,0,-27,-32,-32
2025-05-10T13:38:11.023288,-37.9105211667,145.1348858333,-37.91061563,145.135027425,0,-24,-23,-14,0,-28,-37,-32
2025-05-10T13:38:11.526939,-37.9105211667,145.1348858333,-37.9106179967,145.1350237833,0,-22,-14,-23,0,-28,-35,-32
2025-05-10T13:38:12.023518,-37.9105211667,145.1348858333,-37.910619995,145.135021315,0,-26,-13,-13,0,-25,-36,-32
2025-05-10T13:38:12.532329,-37.9105211667,145.1348858333,-37.9106230583,145.1350170783,0,-28,-14,-14,0,-27,-38,-37
2025-05-10T13:38:13.023110,-37.9105211667,145.1348858333,-37.9106251583,145.1350135517,0,-26,-14,-13,0,-24,-39,-37
2025-05-10T13:38:13.523099,-37.9105211667,145.134886,-37.910625825,145.1350121983,0,-29,-24,-24,0,-24,-43,-37
2025-05-10T13:38:14.031237,-37.9105211667,145.134886,-37.910625825,145.1350121983,0,-23,-26,-25,0,-19,-50,-37
2025-05-10T13:38:14.527560,-37.9105211667,145.134886,-37.9106275133,145.135008165,0,-24,-24,-24,0,-27,-45,-37
2025-05-10T13:38:15.023056,-37.9105211667,145.134886,-37.91062867,145.1350058767,0,-30,-24,-24,0,-21,-48,-37
2025-05-10T13:38:15.527432,-37.9105211667,145.134886,-37.91062899,145.1350052267,0,-27,-25,-25,0,-27,-47,-47
2025-05-10T13:38:16.023229,-37.9105211667,145.134886,-37.9106289667,145.1350052767,0,-25,-24,-24,0,-25,-47,-47
2025-05-10T13:38:16.523596,-37.9105211667,145.1348861667,-37.9106289567,145.1350052933,0,-28,-24,-24,0,-28,-46,-47
2025-05-10T13:38:17.023582,-37.9105211667,145.1348861667,-37.9106289567,145.1350052933,0,-24,-24,-24,0,-24,-46,-47
2025-05-10T13:38:17.527081,-37.910521,145.1348861667,-37.9106289367,145.135005335,0,-21,-24,-24,0,-26,-47,-47
2025-05-10T13:38:18.027691,-37.910521,145.1348861667,-37.9106289283,145.1350053833,0,-26,-24,-24,0,-21,-23,-47
2025-05-10T13:38:18.527090,-37.910521,145.1348863333,-37.9106289183,145.1350054533,0,-27,-25,-25,0,-26,-46,-46
2025-05-10T13:38:19.023248,-37.910521,145.1348863333,-37.9106289,145.1350055033,0,-24,-26,-25,0,-26,-46,-46
2025-05-10T13:38:19.522986,-37.910521,145.1348863333,-37.910628895,145.1350055217,0,-27,-25,-25,0,-25,-45,-46
2025-05-10T13:38:20.023605,-37.910521,145.1348863333,-37.910628895,145.1350055217,0,-23,-25,-24,0,-23,-48,-46
2025-05-10T13:38:20.526461,-37.910521,145.1348863333,-37.9106288783,145.1350055733,0,-27,-24,-24,0,-20,-44,-46
2025-05-10T13:38:21.022841,-37.910521,145.1348863333,-37.9106288633,145.135005615,0,-27,-25,-25,0,-29,-49,-46
2025-05-10T13:38:21.532504,-37.910521,145.1348863333,-37.9106288417,145.1350056733,0,-28,-26,-26,0,-29,-48,-48
2025-05-10T13:38:22.023547,-37.910521,145.1348863333,-37.9106288133,145.13500577,0,-25,-24,-25,0,-25,-46,-48
2025-05-10T13:38:22.523314,-37.9105208333,145.1348865,-37.9106294617,145.13500666,0,-27,-24,-24,0,-26,-45,-48
2025-05-10T13:38:23.027113,-37.9105208333,145.1348865,-37.9106294617,145.13500666,0,-25,-27,-27,0,-18,-50,-48
2025-05-10T13:38:23.527126,-37.9105208333,145.1348865,-37.9106313983,145.13500938,0,-28,-27,-27,0,-21,-47,-48
2025-05-10T13:38:24.023371,-37.9105208333,145.1348865,-37.91063202,145.1350111783,0,-28,-23,-23,0,-27,-42,-48
2025-05-10T13:38:24.527565,-37.9105208333,145.1348865,-37.9106330633,145.1350138983,0,-28,-24,-24,0,-27,-44,-44
2025-05-10T13:38:25.023335,-37.9105208333,145.1348865,-37.9106335833,145.1350174383,0,-24,-24,-24,0,-24,-40,-44
2025-05-10T13:38:25.523104,-37.9105208333,145.1348865,-37.9106336983,145.1350188167,0,-31,-23,-23,0,-26,-39,-44
2025-05-10T13:38:26.022745,-37.9105208333,145.1348865,-37.9106336983,145.1350188167,0,-23,-23,-22,0,-24,-38,-44
2025-05-10T13:38:26.526964,-37.9105208333,145.1348865,-37.9106334817,145.1350234417,0,-20,-24,-23,0,-26,-39,-44
2025-05-10T13:38:27.023799,-37.9105208333,145.1348865,-37.9106329283,145.1350253267,0,-30,-23,-23,0,-27,-39,-44
2025-05-10T13:38:27.527251,-37.9105208333,145.1348865,-37.9106324083,145.1350273967,0,-25,-24,-24,0,-26,-38,-37
2025-05-10T13:38:28.023117,-37.9105208333,145.1348865,-37.9106308083,145.1350307317,0,-24,-23,-23,0,-24,-36,-37
2025-05-10T13:38:28.523208,-37.9105208333,145.1348865,-37.9106301767,145.135031615,0,-29,-23,-23,0,-26,-37,-37
2025-05-10T13:38:29.023605,-37.9105208333,145.1348865,-37.9106301767,145.135031615,0,-27,-14,-15,0,-27,-34,-37
2025-05-10T13:38:29.527003,-37.9105208333,145.1348865,-37.9106275483,145.13503552,0,-28,-14,-14,0,-24,-34,-37
2025-05-10T13:38:30.023092,-37.9105208333,145.1348865,-37.91062631,145.1350371583,0,-27,-14,-13,0,-26,-33,-37
2025-05-10T13:38:30.527022,-37.9105206667,145.1348865,-37.91062542,145.13503855,0,-27,-14,-13,0,-26,-34,-33
2025-05-10T13:38:31.023218,-37.9105206667,145.1348865,-37.9106243467,145.1350406883,0,-26,-13,-12,0,-27,-33,-33
2025-05-10T13:38:31.523212,-37.9105206667,145.1348865,-37.9106238817,145.13504129,0,-30,-14,-13,0,-27,-34,-33
2025-05-10T13:38:32.023804,-37.9105206667,145.1348865,-37.9106238817,145.13504129,0,-23,-13,-14,0,-25,-33,-33
2025-05-10T13:38:32.527074,-37.9105206667,145.1348863333,-37.9106223217,145.1350432917,0,-24,-13,-13,0,-27,-34,-33
2025-05-10T13:38:33.023013,-37.9105206667,145.1348863333,-37.9106213333,145.135044595,0,-28,-14,-14,0,-27,-34,-33
2025-05-10T13:38:33.523811,-37.9105206667,145.1348863333,-37.91061934,145.135046175,0,-29,-12,-12,0,-26,-34,-33
2025-05-10T13:38:34.023185,-37.9105206667,145.1348863333,-37.9106174117,145.1350486967,0,-22,-14,-14,0,-23,-34,-33
2025-05-10T13:38:34.527041,-37.9105206667,145.1348863333,-37.9106169867,145.1350496383,0,-26,-14,-14,0,-23,-35,-33
2025-05-10T13:38:35.040102,-37.9105206667,145.1348863333,-37.9106169867,145.1350496383,0,-26,-22,-22,0,-25,-35,-33
2025-05-10T13:38:35.527013,-37.9105206667,145.1348863333,-37.9106155083,145.1350517983,0,-23,-13,-12,0,-22,-36,-33
2025-05-10T13:38:36.023257,-37.9105206667,145.1348863333,-37.9106144533,145.135053235,0,-27,-13,-13,0,-22,-36,-33
2025-05-10T13:38:36.532334,-37.9105206667,145.1348861667,-37.9106125883,145.13505558,0,-29,-13,-13,0,-27,-35,-35
2025-05-10T13:38:37.023441,-37.9105206667,145.1348861667,-37.9106105533,145.13505743,0,-26,-14,-13,0,-26,-35,-35
2025-05-10T13:38:37.523890,-37.9105206667,145.1348861667,-37.910609885,145.1350582183,0,-26,-14,-14,0,-24,-37,-35
2025-05-10T13:38:38.026612,-37.9105206667,145.1348861667,-37.910609885,145.1350582183,0,-22,-14,-13,0,-21,-38,-35
2025-05-10T13:38:38.528706,-37.9105206667,145.1348861667,-37.91060784,145.1350603167,0,-22,-14,-13,0,-27,-37,-35
2025-05-10T13:38:39.022984,-37.9105206667,145.1348861667,-37.91060624,145.1350617483,0,-29,-13,-13,0,-27,-37,-35
2025-05-10T13:38:39.527742,-37.9105206667,145.1348861667,-37.9106035467,145.1350637183,0,-23,-13,-13,0,-26,-38,-38
2025-05-10T13:38:40.023246,-37.9105206667,145.1348861667,-37.9106010683,145.13506558,0,-23,-14,-13,0,-23,-42,-38
2025-05-10T13:38:40.523444,-37.9105206667,145.134886,-37.9106004433,145.1350662267,0,-26,-13,-13,0,-28,-42,-38
2025-05-10T13:38:41.026501,-37.9105206667,145.134886,-37.9106004433,145.1350662267,0,-24,-14,-13,0,-24,-46,-38
2025-05-10T13:38:41.526950,-37.9105206667,145.134886,-37.910598185,145.1350681683,0,-19,-14,-14,0,-27,-51,-38
2025-05-10T13:38:42.023719,-37.9105206667,145.134886,-37.9105969417,145.1350694767,0,-24,-13,-13,0,-20,-23,-38
2025-05-10T13:38:42.527344,-37.9105206667,145.1348858333,-37.910595575,145.135070485,0,-26,-14,-14,0,-26,-49,-49
2025-05-10T13:38:43.023120,-37.9105206667,145.1348858333,-37.9105933383,145.1350724833,0,-18,-13,-13,0,-21,-49,-49
2025-05-10T13:38:43.523521,-37.9105206667,145.1348858333,-37.91059218,145.1350730833,0,-28,-13,-13,0,-28,-40,-49
2025-05-10T13:38:44.027058,-37.9105206667,145.1348858333,-37.91059218,145.1350730833,0,-23,-14,-13,0,-24,-41,-49
2025-05-10T13:38:44.534745,-37.9105206667,145.1348858333,-37.9105890483,145.1350744883,0,-23,-22,-22,0,-26,-39,-49
2025-05-10T13:38:45.023621,-37.9105206667,145.1348858333,-37.91058732,145.135075405,0,-28,-14,-14,0,-27,-37,-49
2025-05-10T13:38:45.532453,-37.9105206667,145.1348858333,-37.91058489,145.13507646,0,-29,-15,-15,0,-26,-35,-35
2025-05-10T13:38:46.023138,-37.9105206667,145.1348858333,-37.9105827767,145.1350777933,0,-25,-22,-15,0,-25,-34,-35
2025-05-10T13:38:46.523797,-37.9105206667,145.1348856667,-37.9105819017,145.1350780817,0,-29,-14,-14,0,-27,-34,-35
2025-05-10T13:38:47.023591,-37.9105206667,145.1348856667,-37.9105819017,145.1350780817,0,-24,-22,-14,0,-25,-34,-35
2025-05-10T13:38:47.526792,-37.9105206667,145.1348856667,-37.9105798383,145.135078845,0,-28,-23,-23,0,-24,-34,-35
2025-05-10T13:38:48.022889,-37.9105206667,145.1348856667,-37.9105784183,145.1350794183,0,-26,-23,-23,0,-28,-32,-35
2025-05-10T13:38:48.527310,-37.9105206667,145.1348856667,-37.9105759133,145.1350797117,0,-29,-22,-22,0,-28,-31,-31
2025-05-10T13:38:49.023069,-37.9105206667,145.1348856667,-37.910573615,145.1350811667,0,-25,-24,-23,0,-26,-32,-31
2025-05-10T13:38:49.522788,-37.9105206667,145.1348856667,-37.9105730233,145.1350817517,0,-26,-24,-24,0,-27,-30,-31
2025-05-10T13:38:50.023752,-37.9105206667,145.1348856667,-37.9105730233,145.1350817517,0,-28,-25,-24,0,-28,-31,-31
2025-05-10T13:38:50.527122,-37.9105206667,145.1348855,-37.9105706367,145.1350828967,0,-24,-24,-24,0,-27,-30,-31
2025-05-10T13:38:51.022899,-37.9105206667,145.1348855,-37.9105691117,145.135083485,0,-27,-24,-24,0,-27,-30,-31
2025-05-10T13:38:51.531932,-37.9105206667,145.1348855,-37.9105664167,145.135083915,0,-28,-24,-24,0,-28,-28,-28
2025-05-10T13:38:52.023189,-37.9105206667,145.1348855,-37.9105638867,145.1350845033,0,-27,-24,-24,0,-28,-28,-28
2025-05-10T13:38:52.522947,-37.9105206667,145.1348855,-37.910562975,145.1350846317,0,-28,-25,-24,0,-27,-28,-28
2025-05-10T13:38:53.022889,-37.9105206667,145.1348855,-37.910562975,145.1350846317,0,-23,-25,-25,0,-27,-27,-28
2025-05-10T13:38:53.526864,-37.9105206667,145.1348853333,-37.9105606017,145.1350850583,0,-22,-26,-26,0,-28,-27,-28
2025-05-10T13:38:54.023111,-37.9105206667,145.1348853333,-37.9105589967,145.13508578,0,-27,-26,-26,0,-26,-27,-28
2025-05-10T13:38:54.527495,-37.9105206667,145.1348853333,-37.9105562367,145.1350865817,0,-30,-27,-27,0,-28,-27,-26
2025-05-10T13:38:55.022994,-37.9105206667,145.1348853333,-37.9105533117,145.1350873983,0,-22,-28,-28,0,-22,-27,-26
2025-05-10T13:38:55.523145,-37.9105206667,145.1348853333,-37.9105525417,145.1350877417,0,-28,-27,-27,0,-27,-26,-26
2025-05-10T13:38:56.027675,-37.9105206667,145.1348853333,-37.9105525417,145.1350877417,0,-23,-28,-28,0,-24,-26,-26
2025-05-10T13:38:56.526809,-37.9105206667,145.1348853333,-37.91054998,145.13508854,0,-20,-28,-28,0,-23,-25,-26
2025-05-10T13:38:57.023495,-37.9105206667,145.1348853333,-37.9105481583,145.1350890483,0,-29,-29,-29,0,-23,-25,-26
2025-05-10T13:38:57.526806,-37.9105206667,145.1348853333,-37.9105454867,145.135090165,0,-28,-31,-31,0,-30,-24,-24
2025-05-10T13:38:58.023235,-37.9105206667,145.1348853333,-37.91054254,145.1350921017,0,-23,-31,-31,0,-23,-24,-24
2025-05-10T13:38:58.522794,-37.9105206667,145.1348853333,-37.9105417167,145.13509266,0,-29,-31,-31,0,-24,-24,-24
2025-05-10T13:38:59.027742,-37.9105206667,145.1348853333,-37.9105417167,145.13509266,0,-24,-31,-31,0,-25,-23,-24
2025-05-10T13:38:59.526577,-37.9105206667,145.1348853333,-37.9105387467,145.1350939733,0,-22,-33,-32,0,-25,-23,-24
2025-05-10T13:39:00.022846,-37.9105206667,145.1348853333,-37.9105365317,145.135094915,0,-28,-33,-33,0,-27,-23,-24
2025-05-10T13:39:00.527381,-37.9105206667,145.1348853333,-37.9105336767,145.1350956183,0,-28,-34,-34,0,-26,-22,-22
2025-05-10T13:39:01.023269,-37.9105206667,145.1348853333,-37.9105310167,145.1350965433,0,-21,-34,-34,0,-21,-23,-22
2025-05-10T13:39:01.523071,-37.9105206667,145.1348853333,-37.910529975,145.1350970067,0,-27,-35,-35,0,-27,-22,-22
2025-05-10T13:39:02.022898,-37.9105206667,145.1348853333,-37.910529975,145.1350970067,0,-21,-39,-38,0,-22,-23,-22
2025-05-10T13:39:02.526252,-37.9105206667,145.1348853333,-37.91052713,145.1350982567,0,-23,-41,-41,0,-24,-22,-22
2025-05-10T13:39:03.023247,-37.9105206667,145.1348853333,-37.9105252983,145.13509895,0,-29,-43,-43,0,-28,-23,-22
2025-05-10T13:39:03.526747,-37.9105206667,145.1348853333,-37.9105224467,145.1350997333,0,-30,-44,-44,0,-27,-23,-23
2025-05-10T13:39:04.023222,-37.9105206667,145.1348853333,-37.9105198917,145.1350999767,0,-13,-53,-50,0,-25,-22,-23
2025-05-10T13:39:04.523297,-37.9105208333,145.1348853333,-37.9105189683,145.1350999917,0,-24,-49,-49,0,-27,-22,-23
2025-05-10T13:39:05.022683,-37.9105208333,145.1348853333,-37.9105189683,145.1350999917,0,-21,-51,-51,0,-24,-22,-23
2025-05-10T13:39:05.536199,-37.9105208333,145.1348853333,-37.9105162567,145.135100365,0,-21,-51,-51,0,-24,-22,-23
2025-05-10T13:39:06.023368,-37.9105208333,145.1348853333,-37.9105142883,145.13510048,0,-28,-42,-42,0,-20,-23,-23
2025-05-10T13:39:06.527224,-37.9105208333,145.1348853333,-37.9105111,145.1351007817,0,-28,-42,-42,0,-26,-14,-23
2025-05-10T13:39:07.023239,-37.9105208333,145.1348853333,-37.9105081167,145.135100885,0,-23,-39,-39,0,-23,-14,-23
2025-05-10T13:39:07.526772,-37.9105208333,145.1348853333,-37.910507245,145.1351008667,0,-29,-39,-39,0,-28,-22,-23
2025-05-10T13:39:08.023324,-37.9105208333,145.1348853333,-37.910507245,145.1351008667,0,-25,-37,-37,0,-25,-14,-23
2025-05-10T13:39:08.526612,-37.9105208333,145.1348853333,-37.910503765,145.1351006383,0,-23,-35,-35,0,-25,-22,-23
2025-05-10T13:39:09.032551,-37.9105208333,145.1348853333,-37.91050188,145.13510023,0,-31,-36,-36,0,-28,-15,-23
2025-05-10T13:39:09.527680,-37.9105208333,145.1348853333,-37.910499805,145.1350995533,0,-28,-36,-36,0,-27,-22,-22
2025-05-10T13:39:10.023438,-37.9105208333,145.1348853333,-37.91049692,145.1350993267,0,-27,-34,-34,0,-25,-23,-22
2025-05-10T13:39:10.522863,-37.910521,145.1348855,-37.9104959467,145.13509905,0,-26,-34,-34,0,-25,-14,-22
2025-05-10T13:39:11.026482,-37.910521,145.1348855,-37.9104959467,145.13509905,0,-27,-32,-33,0,-27,-22,-22
2025-05-10T13:39:11.526457,-37.910521,145.1348855,-37.910491985,145.135098505,0,-23,-34,-34,0,-22,-23,-22
2025-05-10T13:39:12.023527,-37.910521,145.1348855,-37.910490135,145.13509816,0,-30,-33,-33,0,-28,-23,-22
2025-05-10T13:39:12.527543,-37.910521,145.1348855,-37.9104883267,145.1350974333,0,-27,-33,-33,0,-27,-23,-22
2025-05-10T13:39:13.023161,-37.910521,145.1348855,-37.91048546,145.1350965833,0,-27,-34,-34,0,-27,-22,-22
2025-05-10T13:39:13.523534,-37.910521,145.1348855,-37.9104844133,145.135096245,0,-27,-34,-34,0,-28,-23,-22
2025-05-10T13:39:14.023089,-37.910521,145.1348855,-37.9104844133,145.135096245,0,-27,-33,-32,0,-27,-22,-22
2025-05-10T13:39:14.526584,-37.910521,145.1348855,-37.9104814767,145.1350951733,0,-29,-34,-33,0,-28,-24,-22
2025-05-10T13:39:15.031041,-37.910521,145.1348855,-37.910479585,145.1350943767,0,-27,-34,-34,0,-27,-22,-22
2025-05-10T13:39:15.527286,-37.910521,145.1348855,-37.910476165,145.135093685,0,-27,-34,-34,0,-28,-24,-22
2025-05-10T13:39:16.023688,-37.910521,145.1348855,-37.9104735367,145.135092365,0,-25,-35,-34,0,-26,-23,-22
2025-05-10T13:39:16.523362,-37.910521,145.1348856667,-37.91047252,145.1350921567,0,-27,-35,-35,0,-25,-23,-22
2025-05-10T13:39:17.027216,-37.910521,145.1348856667,-37.91047252,145.1350921567,0,-24,-36,-35,0,-25,-23,-22
2025-05-10T13:39:17.527293,-37.910521,145.1348856667,-37.9104695283,145.135090985,0,-28,-36,-36,0,-25,-24,-22
2025-05-10T13:39:18.023480,-37.910521,145.1348856667,-37.910467895,145.135090375,0,-28,-37,-37,0,-22,-24,-22
2025-05-10T13:39:18.532396,-37.9105211667,145.1348856667,-37.9104655883,145.135089285,0,-27,-38,-38,0,-28,-23,-23
2025-05-10T13:39:19.023251,-37.9105211667,145.1348856667,-37.91046296,145.13508765,0,-24,-40,-40,0,-24,-24,-23
2025-05-10T13:39:19.523538,-37.9105211667,145.1348856667,-37.9104619617,145.1350873167,0,-29,-40,-40,0,-25,-24,-23
2025-05-10T13:39:20.027160,-37.9105211667,145.1348856667,-37.9104619617,145.1350873167,0,-23,-41,-41,0,-25,-23,-23
2025-05-10T13:39:20.527319,-37.9105211667,145.1348856667,-37.9104590983,145.135086295,0,-20,-44,-43,0,-23,-26,-23
2025-05-10T13:39:21.023070,-37.9105211667,145.1348856667,-37.9104572683,145.1350852217,0,-28,-45,-45,0,-26,-25,-23
2025-05-10T13:39:21.531788,-37.9105211667,145.1348856667,-37.9104531833,145.13508361,0,-29,-48,-48,0,-28,-26,-26
2025-05-10T13:39:22.023298,-37.9105211667,145.1348856667,-37.9104482833,145.1350816733,0,-20,-46,-45,0,-21,-26,-26
2025-05-10T13:39:22.523776,-37.9105211667,145.1348856667,-37.910446685,145.1350810583,0,-29,-52,-52,0,-27,-26,-26
2025-05-10T13:39:23.023788,-37.9105211667,145.1348856667,-37.910446685,145.1350810583,0,-16,-49,-49,0,-24,-27,-26
2025-05-10T13:39:23.527376,-37.9105213333,145.1348858333,-37.91044331,145.13507948,0,-24,-47,-47,0,-25,-27,-26
2025-05-10T13:39:24.023766,-37.9105213333,145.1348858333,-37.910439455,145.1350780283,0,-24,-50,-50,0,-27,-27,-26
2025-05-10T13:39:24.527441,-37.9105213333,145.1348858333,-37.910427935,145.1350759533,0,-25,-45,-45,0,-30,-27,-27
2025-05-10T13:39:25.023053,-37.9105213333,145.1348858333,-37.9104219933,145.1350739833,0,-27,-44,-47,0,-25,-28,-27
2025-05-10T13:39:25.523567,-37.9105213333,145.1348858333,-37.9104199533,145.1350732683,0,-28,-43,-43,0,-28,-29,-27
2025-05-10T13:39:26.027146,-37.9105213333,145.1348858333,-37.9104199533,145.1350732683,0,-25,-42,-41,0,-24,-30,-27
2025-05-10T13:39:26.527728,-37.9105213333,145.1348858333,-37.9104120083,145.1350713467,0,-23,-41,-41,0,-25,-31,-27
2025-05-10T13:39:27.023853,-37.9105213333,145.1348858333,-37.91040933,145.1350704333,0,-29,-41,-41,0,-28,-31,-27
2025-05-10T13:39:27.527768,-37.9105215,145.1348858333,-37.91040484,145.1350685917,0,-29,-41,-41,0,-28,-31,-31
2025-05-10T13:39:28.023323,-37.9105215,145.1348858333,-37.9104009967,145.135066505,0,-25,-43,-43,0,-24,-34,-31
2025-05-10T13:39:28.523978,-37.9105215,145.1348858333,-37.9103998867,145.135065835,0,-27,-46,-46,0,-28,-34,-31
2025-05-10T13:39:29.023217,-37.9105215,145.1348858333,-37.9103998867,145.135065835,0,-23,-47,-46,0,-23,-36,-31
2025-05-10T13:39:29.527166,-37.9105216667,145.1348858333,-37.910396445,145.1350635317,0,-29,-46,-46,0,-22,-37,-31
2025-05-10T13:39:30.023186,-37.9105216667,145.1348858333,-37.910394245,145.13506231,0,-30,-47,-47,0,-19,-23,-31
2025-05-10T13:39:30.527549,-37.9105216667,145.1348858333,-37.9103915017,145.1350597717,0,-29,-50,-50,0,-29,-40,-40
2025-05-10T13:39:31.023276,-37.9105216667,145.1348858333,-37.9103889433,145.1350571917,0,-20,-51,-50,0,-22,-43,-40
2025-05-10T13:39:31.523842,-37.9105216667,145.1348858333,-37.9103889433,145.1350571917,0,-27,-50,-50,0,-27,-52,-40
2025-05-10T13:39:32.024218,-37.9105216667,145.1348858333,-37.9103889433,145.1350571917,0,-27,-55,-55,0,-27,-56,-40
2025-05-10T13:39:32.524171,-37.9105218333,145.1348858333,-37.9103889433,145.1350571917,0,-23,-55,-56,0,-25,-50,-40
2025-05-10T13:39:33.024078,-37.9105218333,145.1348858333,-37.9103880383,145.1350561383,0,-29,-53,-53,0,-27,-51,-40
2025-05-10T13:39:33.528081,-37.9105218333,145.1348858333,-37.910384595,145.1350520167,0,-26,-54,-54,0,-28,-51,-50
2025-05-10T13:39:34.023072,-37.9105218333,145.1348858333,-37.9103845767,145.1350520183,0,-25,-57,-54,0,-27,-51,-50
2025-05-10T13:39:34.523573,-37.9105218333,145.1348858333,-37.9103845917,145.1350520233,0,-26,-54,-54,0,-26,-51,-50
2025-05-10T13:39:35.023246,-37.9105218333,145.1348858333,-37.9103845917,145.1350520233,0,-28,-54,-54,0,-29,-51,-50
2025-05-10T13:39:35.527433,-37.9105218333,145.1348858333,-37.9103846383,145.1350520417,0,-22,-54,-53,0,-24,-50,-50
2025-05-10T13:39:36.038227,-37.9105218333,145.1348858333,-37.9103846833,145.1350520467,0,-26,-54,-54,0,-28,-51,-50
2025-05-10T13:39:36.527527,-37.910522,145.1348858333,-37.9103847617,145.1350520717,0,-29,-54,-54,0,-27,-51,-50
2025-05-10T13:39:37.022980,-37.910522,145.1348858333,-37.9103848517,145.1350521,0,-21,-55,-55,0,-28,-51,-50
2025-05-10T13:39:37.523495,-37.910522,145.1348858333,-37.9103848883,145.1350521167,0,-30,-54,-54,0,-24,-50,-50
2025-05-10T13:39:38.023385,-37.910522,145.1348858333,-37.9103848883,145.1350521167,0,-27,-55,-54,0,-25,-50,-50
2025-05-10T13:39:38.526606,-37.910522,145.1348858333,-37.9103849883,145.1350521533,0,-28,-54,-54,0,-24,-50,-50
2025-05-10T13:39:39.023352,-37.910522,145.1348858333,-37.9103850417,145.1350521733,0,-27,-54,-54,0,-25,-50,-50
2025-05-10T13:39:39.528573,-37.910522,145.1348858333,-37.9103851183,145.1350521967,0,-27,-54,-54,0,-25,-50,-50
2025-05-10T13:39:40.022999,-37.910522,145.1348858333,-37.9103851967,145.13505221,0,-17,-56,-53,0,-26,-51,-51
2025-05-10T13:39:40.522706,-37.910522,145.1348858333,-37.91038522,145.1350522133,0,-25,-55,-55,0,-26,-50,-51
2025-05-10T13:39:41.027225,-37.910522,145.1348858333,-37.91038522,145.1350522133,0,-24,-51,-52,0,-22,-48,-51
2025-05-10T13:39:41.530747,-37.9105221667,145.1348858333,-37.91038522,145.1350522133,0,-20,-53,-53,0,-24,-50,-51
2025-05-10T13:39:42.023613,-37.9105221667,145.1348858333,-37.91038522,145.1350522133,0,-29,-52,-52,0,-29,-51,-51
2025-05-10T13:39:42.527383,-37.9105221667,145.1348858333,-37.91038522,145.1350522133,0,-28,-53,-53,0,-23,-50,-50
2025-05-10T13:39:43.023703,-37.9105221667,145.1348858333,-37.91038534,145.13505235,0,-24,-55,-55,0,-22,-53,-50
2025-05-10T13:39:43.523865,-37.9105221667,145.1348858333,-37.910385345,145.1350523783,0,-27,-54,-54,0,-26,-55,-50
2025-05-10T13:39:44.027227,-37.9105221667,145.1348858333,-37.910385345,145.1350523783,0,-26,-51,-51,0,-24,-55,-50
2025-05-10T13:39:44.523808,-37.9105221667,145.1348858333,-37.91038536,145.1350523933,0,-27,-52,-52,0,-24,-48,-50
2025-05-10T13:39:45.027609,-37.9105221667,145.1348858333,-37.91038536,145.1350523933,0,-23,-53,-53,0,-27,-48,-50
2025-05-10T13:39:45.531912,-37.9105221667,145.1348858333,-37.91038536,145.1350523933,0,-28,-49,-49,0,-27,-40,-40
2025-05-10T13:39:46.023791,-37.9105221667,145.1348858333,-37.91038536,145.1350523933,0,-23,-46,-46,0,-25,-39,-38
2025-05-10T13:39:46.523370,-37.9105221667,145.1348856667,-37.9103893017,145.1350619083,0,-28,-46,-46,0,-28,-38,-38
2025-05-10T13:39:47.027187,-37.9105221667,145.1348856667,-37.9103893017,145.1350619083,0,-19,-47,-47,0,-22,-39,-38
2025-05-10T13:39:47.527374,-37.9105221667,145.1348856667,-37.9103907533,145.1350669867,0,-22,-47,-47,0,-24,-38,-38
2025-05-10T13:39:48.023224,-37.9105221667,145.1348856667,-37.91039341,145.1350701467,0,-28,-45,-45,0,-28,-37,-38
2025-05-10T13:39:48.530947,-37.9105221667,145.1348856667,-37.9103972767,145.1350752983,0,-28,-44,-44,0,-28,-35,-35
2025-05-10T13:39:49.023249,-37.9105221667,145.1348856667,-37.9104220767,145.13508003,0,-25,-48,-49,0,-26,-34,-35
2025-05-10T13:39:49.523391,-37.9105221667,145.1348856667,-37.91042251,145.135081135,0,-28,-44,-44,0,-27,-34,-35
2025-05-10T13:39:50.026913,-37.9105221667,145.1348856667,-37.91042251,145.135081135,0,-26,-44,-44,0,-26,-33,-35
2025-05-10T13:39:50.526767,-37.9105221667,145.1348856667,-37.9104239383,145.135084135,0,-29,-45,-45,0,-25,-32,-35
2025-05-10T13:39:51.022727,-37.9105221667,145.1348856667,-37.910424955,145.1350860517,0,-25,-40,-40,0,-28,-30,-35
2025-05-10T13:39:51.532448,-37.9105221667,145.1348855,-37.9104292483,145.1350884267,0,-28,-43,-43,0,-23,-30,-30
2025-05-10T13:39:52.023477,-37.9105221667,145.1348855,-37.9104335783,145.13509086,0,-20,-47,-46,0,-20,-31,-30
2025-05-10T13:39:52.523562,-37.9105221667,145.1348855,-37.91043497,145.1350918117,0,-25,-43,-43,0,-28,-29,-30
2025-05-10T13:39:53.026924,-37.9105221667,145.1348855,-37.91043497,145.1350918117,0,-28,-45,-46,0,-27,-29,-30
2025-05-10T13:39:53.527657,-37.9105221667,145.1348855,-37.9104396617,145.1350946583,0,-12,-54,-54,0,-26,-29,-30
2025-05-10T13:39:54.026959,-37.9105221667,145.1348855,-37.9104427633,145.1350963417,0,-26,-45,-45,0,-28,-28,-30
2025-05-10T13:39:54.526851,-37.9105221667,145.1348855,-37.9104461617,145.1350983983,0,-30,-46,-46,0,-25,-27,-26
2025-05-10T13:39:55.023661,-37.9105221667,145.1348855,-37.9104490533,145.1351002533,0,-20,-55,-54,0,-28,-27,-26
2025-05-10T13:39:55.523731,-37.9105221667,145.1348853333,-37.9104501317,145.1351010067,0,-28,-51,-51,0,-28,-26,-26
2025-05-10T13:39:56.027014,-37.9105221667,145.1348853333,-37.9104501317,145.1351010067,0,-28,-52,-56,0,-28,-25,-26
2025-05-10T13:39:56.527389,-37.9105221667,145.1348853333,-37.9104531667,145.13510325,0,-27,-48,-47,0,-25,-25,-26
2025-05-10T13:39:57.023837,-37.9105221667,145.1348853333,-37.9104551183,145.13510435,0,-27,-45,-44,0,-27,-27,-26
2025-05-10T13:39:57.527404,-37.9105221667,145.1348853333,-37.91045769,145.135105805,0,-28,-47,-47,0,-27,-25,-26
2025-05-10T13:39:58.023145,-37.9105221667,145.1348853333,-37.910460285,145.1351072,0,-21,-42,-42,0,-27,-24,-26
2025-05-10T13:39:58.522781,-37.9105221667,145.1348853333,-37.9104614267,145.1351074017,0,-26,-41,-40,0,-26,-25,-26
2025-05-10T13:39:59.027104,-37.9105221667,145.1348853333,-37.9104614267,145.1351074017,0,-28,-42,-42,0,-27,-25,-26
2025-05-10T13:39:59.531916,-37.9105221667,145.1348853333,-37.9104644217,145.1351086817,0,-27,-40,-40,0,-25,-25,-26
2025-05-10T13:40:00.022817,-37.9105221667,145.1348853333,-37.9104665967,145.135109355,0,-30,-37,-37,0,-23,-25,-26
2025-05-10T13:40:00.531968,-37.9105221667,145.1348851667,-37.9104693033,145.13511045,0,-29,-37,-37,0,-27,-23,-23
2025-05-10T13:40:01.023300,-37.9105221667,145.1348851667,-37.9104721167,145.1351110817,0,-25,-36,-36,0,-25,-23,-23
2025-05-10T13:40:01.523501,-37.910522,145.1348851667,-37.9104734233,145.13511136,0,-26,-34,-34,0,-26,-23,-23
2025-05-10T13:40:02.022724,-37.910522,145.1348851667,-37.9104734233,145.13511136,0,-23,-34,-34,0,-23,-22,-23
2025-05-10T13:40:02.527971,-37.910522,145.1348851667,-37.910477215,145.1351124317,0,-29,-38,-37,0,-25,-27,-23
2025-05-10T13:40:03.023904,-37.910522,145.1348851667,-37.91047923,145.1351132583,0,-27,-35,-35,0,-28,-27,-23
2025-05-10T13:40:03.527411,-37.910522,145.1348851667,-37.9104828367,145.1351139767,0,-25,-34,-34,0,-31,-24,-24
2025-05-10T13:40:04.023293,-37.910522,145.1348851667,-37.91048636,145.13511495,0,-23,-33,-33,0,-23,-23,-24
2025-05-10T13:40:04.523700,-37.910522,145.1348851667,-37.910486975,145.13511513,0,-28,-37,-37,0,-25,-25,-24
2025-05-10T13:40:05.023201,-37.910522,145.1348851667,-37.910486975,145.13511513,0,-26,-33,-33,0,-27,-23,-24
2025-05-10T13:40:05.527049,-37.910522,145.134885,-37.9104881283,145.1351154467,0,-26,-34,-33,0,-24,-14,-24
2025-05-10T13:40:06.026464,-37.910522,145.134885,-37.9104896167,145.1351158717,0,-28,-33,-33,0,-28,-14,-24
2025-05-10T13:40:06.538303,-37.910522,145.134885,-37.9104926817,145.13511596,0,-24,-33,-33,0,-29,-22,-22
2025-05-10T13:40:07.022933,-37.910522,145.134885,-37.9104954967,145.1351164817,0,-25,-33,-32,0,-25,-23,-22
2025-05-10T13:40:07.522988,-37.910522,145.134885,-37.9104962333,145.13511661,0,-29,-33,-33,0,-29,-23,-22
2025-05-10T13:40:08.027062,-37.910522,145.134885,-37.9104962333,145.13511661,0,-21,-34,-34,0,-21,-23,-22
2025-05-10T13:40:08.527075,-37.910522,145.134885,-37.9104986617,145.1351164333,0,-30,-35,-35,0,-26,-23,-22
2025-05-10T13:40:09.023120,-37.910522,145.134885,-37.9105005733,145.1351165517,0,-26,-34,-34,0,-27,-14,-22
2025-05-10T13:40:09.523009,-37.910522,145.1348851667,-37.9105035267,145.1351163433,0,-27,-35,-35,0,-27,-14,-14
2025-05-10T13:40:10.037305,-37.910522,145.1348851667,-37.9105067367,145.1351162683,0,-22,-36,-36,0,-22,-14,-14
2025-05-10T13:40:10.527212,-37.910522,145.134885,-37.9105076117,145.13511606,0,-28,-36,-36,0,-27,-22,-14
2025-05-10T13:40:11.026696,-37.910522,145.134885,-37.9105076117,145.13511606,0,-20,-38,-36,0,-21,-24,-14
2025-05-10T13:40:11.527212,-37.910522,145.134885,-37.9105081267,145.13511581,0,-30,-39,-39,0,-25,-25,-14
2025-05-10T13:40:12.023529,-37.910522,145.134885,-37.9105081333,145.135115795,0,-30,-38,-38,0,-27,-24,-14
2025-05-10T13:40:12.527203,-37.9105218333,145.134885,-37.91050813,145.13511576,0,-27,-38,-38,0,-28,-23,-23
2025-05-10T13:40:13.022612,-37.9105218333,145.134885,-37.9105081217,145.1351157167,0,-24,-38,-38,0,-24,-24,-23
2025-05-10T13:40:13.522996,-37.9105218333,145.134885,-37.9105081317,145.1351156967,0,-27,-38,-38,0,-28,-24,-23
2025-05-10T13:40:14.026531,-37.9105218333,145.134885,-37.9105081317,145.1351156967,0,-28,-39,-38,0,-28,-24,-23
2025-05-10T13:40:14.526700,-37.9105218333,145.134885,-37.9105081533,145.135115645,0,-28,-38,-38,0,-22,-24,-23
2025-05-10T13:40:15.022995,-37.9105218333,145.134885,-37.91050816,145.1351156067,0,-27,-38,-38,0,-24,-24,-23
2025-05-10T13:40:15.526840,-37.9105218333,145.134885,-37.9105081683,145.1351155383,0,-29,-38,-38,0,-27,-24,-23
2025-05-10T13:40:16.027469,-37.9105218333,145.134885,-37.9105082067,145.135115505,0,-28,-39,-38,0,-28,-24,-23
2025-05-10T13:40:16.522890,-37.9105218333,145.134885,-37.91050822,145.1351154967,0,-28,-38,-38,0,-28,-24,-23
2025-05-10T13:40:17.027365,-37.9105218333,145.134885,-37.91050822,145.1351154967,0,-28,-38,-38,0,-28,-24,-23
2025-05-10T13:40:17.527351,-37.9105218333,145.134885,-37.9105082383,145.135115455,0,-27,-39,-38,0,-24,-24,-23
2025-05-10T13:40:18.023912,-37.9105218333,145.134885,-37.910508265,145.1351154433,0,-27,-38,-37,0,-28,-24,-23
2025-05-10T13:40:18.526756,-37.9105218333,145.1348851667,-37.9105082967,145.1351154067,0,-29,-38,-38,0,-28,-23,-23
2025-05-10T13:40:19.023022,-37.9105218333,145.1348851667,-37.910508345,145.1351153767,0,-26,-38,-37,0,-28,-24,-23
2025-05-10T13:40:19.522742,-37.9105218333,145.134885,-37.9105083533,145.1351153617,0,-28,-38,-38,0,-27,-23,-23
2025-05-10T13:40:20.027453,-37.9105218333,145.134885,-37.9105083533,145.1351153617,0,-23,-38,-38,0,-24,-24,-23
2025-05-10T13:40:20.526473,-37.9105216667,145.134885,-37.9105083867,145.1351153217,0,-26,-39,-38,0,-22,-24,-23
2025-05-10T13:40:21.023345,-37.9105216667,145.134885,-37.9105084017,145.1351153033,0,-26,-38,-38,0,-26,-24,-23
2025-05-10T13:40:21.526311,-37.9105216667,145.134885,-37.9105084333,145.1351152417,0,-26,-38,-38,0,-26,-24,-23
2025-05-10T13:40:22.023053,-37.9105216667,145.134885,-37.9105084567,145.1351151833,0,-24,-38,-38,0,-22,-24,-24
2025-05-10T13:40:22.522530,-37.9105216667,145.134885,-37.9105084733,145.13511516,0,-29,-38,-38,0,-25,-24,-24
2025-05-10T13:40:23.026985,-37.9105216667,145.134885,-37.9105084733,145.13511516,0,-23,-38,-38,0,-24,-24,-24
2025-05-10T13:40:23.526715,-37.9105216667,145.134885,-37.91050853,145.1351150917,0,-27,-38,-38,0,-25,-24,-24
2025-05-10T13:40:24.022874,-37.9105216667,145.134885,-37.9105085783,145.1351150583,0,-29,-38,-38,0,-24,-23,-24
2025-05-10T13:40:24.526844,-37.9105216667,145.134885,-37.9105086467,145.1351150017,0,-27,-38,-38,0,-26,-23,-23
2025-05-10T13:40:25.023212,-37.9105216667,145.134885,-37.9105087267,145.135114955,0,-23,-37,-37,0,-22,-23,-23
2025-05-10T13:40:25.522601,-37.9105215,145.134885,-37.9105087467,145.135114935,0,-29,-37,-37,0,-28,-23,-23
2025-05-10T13:40:26.023044,-37.9105215,145.134885,-37.9105087467,145.135114935,0,-26,-38,-38,0,-26,-24,-23
2025-05-10T13:40:26.526712,-37.9105215,145.134885,-37.9105096567,145.1351146583,0,-27,-37,-37,0,-22,-23,-23
2025-05-10T13:40:27.027309,-37.9105215,145.134885,-37.91050978,145.1351144,0,-28,-37,-37,0,-28,-23,-23
2025-05-10T13:40:27.527085,-37.9105215,145.134885,-37.910509525,145.1351139967,0,-28,-35,-35,0,-26,-14,-14
2025-05-10T13:40:28.023107,-37.9105215,145.134885,-37.9105096317,145.1351137517,0,-23,-39,-37,0,-23,-24,-14
2025-05-10T13:40:28.522968,-37.9105215,145.134885,-37.9105097117,145.1351136067,0,-29,-40,-40,0,-28,-23,-14
2025-05-10T13:40:29.027599,-37.9105215,145.134885,-37.9105097117,145.1351136067,0,-22,-38,-37,0,-22,-14,-14
2025-05-10T13:40:29.526563,-37.9105213333,145.134885,-37.9105108483,145.1351132717,0,-32,-38,-38,0,-26,-22,-14
2025-05-10T13:40:30.023076,-37.9105213333,145.134885,-37.910512875,145.13511359,0,-25,-45,-45,0,-27,-23,-14
2025-05-10T13:40:30.526753,-37.9105213333,145.134885,-37.9105161067,145.1351136117,0,-28,-43,-43,0,-28,-24,-24
2025-05-10T13:40:31.029915,-37.9105213333,145.134885,-37.91051917,145.135113655,0,-15,-52,-52,0,-25,-22,-24
2025-05-10T13:40:31.523213,-37.9105213333,145.134885,-37.9105201383,145.1351135883,0,-24,-52,-52,0,-25,-22,-24
2025-05-10T13:40:32.027015,-37.9105213333,145.134885,-37.9105201383,145.1351135883,0,-25,-49,-51,0,-23,-24,-24
2025-05-10T13:40:32.530918,-37.9105211667,145.134885,-37.9105236367,145.1351135317,0,-26,-44,-44,0,-25,-22,-24
2025-05-10T13:40:33.023201,-37.9105211667,145.134885,-37.9105262,145.1351134983,0,-26,-42,-42,0,-27,-14,-24
2025-05-10T13:40:33.527358,-37.9105211667,145.134885,-37.9105295767,145.1351126283,0,-26,-41,-41,0,-27,-22,-22
2025-05-10T13:40:34.023180,-37.9105211667,145.134885,-37.91053359,145.1351109433,0,-24,-37,-37,0,-24,-23,-22
2025-05-10T13:40:34.523257,-37.910521,145.134885,-37.9105350783,145.1351108917,0,-25,-35,-35,0,-25,-14,-22
2025-05-10T13:40:35.023282,-37.910521,145.134885,-37.9105350783,145.1351108917,0,-23,-35,-35,0,-23,-23,-22
2025-05-10T13:40:35.526392,-37.910521,145.134885,-37.9105388067,145.13510957,0,-29,-33,-33,0,-26,-23,-22
2025-05-10T13:40:36.023142,-37.910521,145.134885,-37.91054146,145.135108665,0,-27,-32,-32,0,-27,-24,-22
2025-05-10T13:40:36.530506,-37.910521,145.134885,-37.9105452633,145.135107005,0,-28,-32,-32,0,-28,-24,-23
2025-05-10T13:40:37.031323,-37.910521,145.134885,-37.9105491867,145.135106345,0,-26,-34,-33,0,-27,-27,-23
2025-05-10T13:40:37.523041,-37.910521,145.134885,-37.9105501217,145.1351059733,0,-28,-33,-33,0,-27,-28,-23
2025-05-10T13:40:38.027322,-37.910521,145.134885,-37.9105501217,145.1351059733,0,-27,-33,-32,0,-27,-28,-23
2025-05-10T13:40:38.526736,-37.910521,145.134885,-37.91055126,145.135105705,0,-27,-30,-31,0,-25,-27,-23
2025-05-10T13:40:39.023164,-37.910521,145.134885,-37.9105527467,145.13510503,0,-28,-30,-29,0,-28,-27,-23
2025-05-10T13:40:39.527177,-37.910521,145.134885,-37.9105554583,145.1351041133,0,-28,-29,-29,0,-27,-27,-26
2025-05-10T13:40:40.023027,-37.910521,145.134885,-37.9105586133,145.13510263,0,-24,-28,-28,0,-25,-26,-26
2025-05-10T13:40:40.537418,-37.9105208333,145.134885,-37.91055943,145.135102005,0,-29,-28,-28,0,-27,-28,-26
2025-05-10T13:40:41.026776,-37.9105208333,145.134885,-37.91055943,145.135102005,0,-26,-28,-27,0,-29,-28,-26
2025-05-10T13:40:41.527219,-37.9105208333,145.134885,-37.9105623583,145.1351010133,0,-28,-27,-27,0,-23,-28,-26
2025-05-10T13:40:42.023722,-37.9105208333,145.134885,-37.91056407,145.13510062,0,-28,-28,-28,0,-20,-23,-26
2025-05-10T13:40:42.523561,-37.9105208333,145.134885,-37.910566935,145.1350992017,0,-25,-27,-26,0,-25,-29,-26
2025-05-10T13:40:43.023059,-37.9105208333,145.134885,-37.9105703333,145.13509777,0,-25,-25,-25,0,-25,-28,-26
2025-05-10T13:40:43.526989,-37.9105208333,145.134885,-37.910571385,145.13509756,0,-29,-25,-25,0,-24,-28,-26
2025-05-10T13:40:44.023129,-37.9105208333,145.134885,-37.910571385,145.13509756,0,-25,-25,-25,0,-24,-31,-26
2025-05-10T13:40:44.526669,-37.9105208333,145.134885,-37.91057428,145.1350966083,0,-31,-25,-24,0,-24,-31,-26
2025-05-10T13:40:45.023095,-37.9105208333,145.134885,-37.9105763683,145.1350959583,0,-30,-24,-24,0,-24,-31,-26
2025-05-10T13:40:45.527397,-37.9105208333,145.134885,-37.91057956,145.1350947,0,-29,-25,-25,0,-29,-32,-32
2025-05-10T13:40:46.023509,-37.9105208333,145.134885,-37.9105822867,145.13509359,0,-24,-25,-25,0,-23,-33,-32
2025-05-10T13:40:46.523103,-37.9105206667,145.134885,-37.9105834483,145.135093305,0,-31,-24,-24,0,-26,-34,-32
2025-05-10T13:40:47.023215,-37.9105206667,145.134885,-37.9105834483,145.135093305,0,-24,-23,-23,0,-24,-33,-32
2025-05-10T13:40:47.526687,-37.9105206667,145.134885,-37.91058652,145.1350917333,0,-27,-24,-24,0,-23,-35,-32
2025-05-10T13:40:48.023291,-37.9105206667,145.134885,-37.9105885967,145.1350909983,0,-27,-23,-23,0,-24,-36,-32
2025-05-10T13:40:48.526986,-37.9105206667,145.134885,-37.9105915067,145.13508937,0,-30,-23,-23,0,-29,-35,-35
2025-05-10T13:40:49.023301,-37.9105206667,145.134885,-37.9105946033,145.1350873617,0,-22,-22,-22,0,-21,-35,-35
2025-05-10T13:40:49.523604,-37.9105206667,145.1348856667,-37.9105957783,145.1350867633,0,-26,-23,-23,0,-27,-35,-35
2025-05-10T13:40:50.026941,-37.9105206667,145.1348856667,-37.9105957783,145.1350867633,0,-24,-25,-24,0,-25,-41,-35
2025-05-10T13:40:50.526943,-37.9105206667,145.1348856667,-37.9105990067,145.1350855167,0,-28,-22,-22,0,-24,-40,-35
2025-05-10T13:40:51.022986,-37.9105206667,145.1348856667,-37.9106012633,145.1350840367,0,-30,-14,-14,0,-28,-40,-35
2025-05-10T13:40:51.532053,-37.9105206667,145.1348856667,-37.9106045167,145.135082095,0,-27,-14,-14,0,-28,-44,-44
2025-05-10T13:40:52.023065,-37.9105206667,145.1348856667,-37.91060718,145.1350808033,0,-24,-23,-23,0,-22,-54,-44
2025-05-10T13:40:52.523240,-37.9105205,145.1348856667,-37.91060808,145.1350803667,0,-28,-25,-25,0,-26,-50,-44
2025-05-10T13:40:53.026908,-37.9105205,145.1348856667,-37.91060808,145.1350803667,0,-25,-13,-13,0,-24,-52,-44
2025-05-10T13:40:53.526664,-37.9105205,145.1348856667,-37.91061148,145.1350777767,0,-28,-12,-13,0,-25,-49,-44
2025-05-10T13:40:54.023004,-37.9105205,145.1348856667,-37.9106133383,145.135076175,0,-30,-14,-14,0,-28,-44,-44
2025-05-10T13:40:54.531923,-37.9105205,145.1348855,-37.910615835,145.1350735067,0,-28,-13,-13,0,-29,-41,-41
2025-05-10T13:40:55.023184,-37.9105205,145.1348855,-37.91061829,145.13507154,0,-26,-13,-13,0,-26,-42,-41
2025-05-10T13:40:55.524009,-37.9105205,145.1348855,-37.9106193717,145.13507114,0,-24,-13,-13,0,-28,-39,-41
2025-05-10T13:40:56.026958,-37.9105205,145.1348855,-37.9106193717,145.13507114,0,-23,-13,-13,0,-24,-37,-41
2025-05-10T13:40:56.527200,-37.9105203333,145.1348855,-37.9106221033,145.13506848,0,-28,-14,-15,0,-22,-39,-41
2025-05-10T13:40:57.022904,-37.9105203333,145.1348855,-37.9106235633,145.1350664783,0,-27,-14,-14,0,-27,-39,-41
2025-05-10T13:40:57.527182,-37.9105203333,145.1348855,-37.91062625,145.1350639917,0,-25,-13,-13,0,-27,-37,-36
2025-05-10T13:40:58.023046,-37.9105203333,145.1348855,-37.9106287917,145.13506183,0,-28,-24,-23,0,-28,-37,-36
2025-05-10T13:40:58.523862,-37.9105203333,145.1348855,-37.9106295433,145.13506093,0,-30,-23,-23,0,-28,-39,-36
2025-05-10T13:40:59.027065,-37.9105203333,145.1348855,-37.9106295433,145.13506093,0,-27,-14,-14,0,-27,-37,-36
2025-05-10T13:40:59.526616,-37.9105203333,145.1348855,-37.91063167,145.1350578083,0,-27,-13,-13,0,-23,-35,-36
2025-05-10T13:41:00.027069,-37.9105203333,145.1348855,-37.9106334,145.1350557867,0,-27,-14,-14,0,-27,-34,-36
2025-05-10T13:41:00.526720,-37.9105201667,145.1348855,-37.910635955,145.1350523717,0,-27,-13,-13,0,-27,-34,-35
2025-05-10T13:41:01.023159,-37.9105201667,145.1348855,-37.91063777,145.135049185,0,-23,-23,-22,0,-28,-35,-35
2025-05-10T13:41:01.530993,-37.9105201667,145.1348853333,-37.9106381333,145.1350487033,0,-28,-25,-25,0,-28,-35,-35
2025-05-10T13:41:02.023082,-37.9105201667,145.1348853333,-37.9106381333,145.1350487033,0,-24,-23,-22,0,-28,-35,-35
2025-05-10T13:41:02.527342,-37.9105201667,145.1348853333,-37.9106380833,145.1350486617,0,-29,-23,-23,0,-25,-36,-35
2025-05-10T13:41:03.023202,-37.9105201667,145.1348853333,-37.9106380467,145.1350486267,0,-29,-23,-23,0,-27,-36,-35
2025-05-10T13:41:03.526959,-37.9105201667,145.1348853333,-37.9106379867,145.1350485417,0,-27,-23,-23,0,-27,-36,-36
2025-05-10T13:41:04.023241,-37.9105201667,145.1348853333,-37.910637915,145.1350484633,0,-26,-23,-23,0,-26,-36,-36
2025-05-10T13:41:04.523283,-37.91052,145.1348851667,-37.9106378933,145.1350484383,0,-30,-22,-22,0,-26,-36,-36
2025-05-10T13:41:05.026986,-37.91052,145.1348851667,-37.9106378933,145.1350484383,0,-24,-23,-23,0,-24,-36,-36
2025-05-10T13:41:05.526942,-37.91052,145.1348851667,-37.9106378367,145.1350483933,0,-28,-23,-23,0,-24,-36,-36
2025-05-10T13:41:06.022881,-37.91052,145.1348851667,-37.9106377917,145.13504836,0,-31,-23,-23,0,-20,-23,-36
2025-05-10T13:41:06.532414,-37.91052,145.1348851667,-37.910637725,145.135048295,0,-26,-23,-23,0,-27,-36,-36
2025-05-10T13:41:07.023024,-37.91052,145.1348851667,-37.9106376633,145.1350482317,0,-25,-23,-23,0,-25,-36,-36
2025-05-10T13:41:07.530418,-37.91052,145.134885,-37.91063764,145.1350482067,0,-30,-23,-23,0,-28,-36,-36
2025-05-10T13:41:08.026998,-37.91052,145.134885,-37.91063764,145.1350482067,0,-24,-23,-23,0,-24,-36,-36
2025-05-10T13:41:08.526900,-37.91052,145.1348848333,-37.91063758,145.1350481483,0,-28,-23,-23,0,-25,-36,-36
2025-05-10T13:41:09.023366,-37.91052,145.1348848333,-37.91063753,145.1350481017,0,-29,-23,-23,0,-28,-36,-36
2025-05-10T13:41:09.526421,-37.91052,145.1348848333,-37.910637465,145.1350480433,0,-28,-23,-23,0,-30,-36,-36
2025-05-10T13:41:10.023382,-37.91052,145.1348848333,-37.9106373933,145.1350479533,0,-21,-23,-23,0,-21,-36,-36
2025-05-10T13:41:10.523051,-37.9105198333,145.1348846667,-37.9106373717,145.1350479133,0,-29,-24,-24,0,-28,-36,-36
2025-05-10T13:41:11.035622,-37.9105198333,145.1348846667,-37.9106373717,145.1350479133,0,-29,-24,-24,0,-28,-36,-36
2025-05-10T13:41:11.526560,-37.9105198333,145.1348846667,-37.9106373133,145.1350478,0,-27,-23,-22,0,-20,-37,-36
2025-05-10T13:41:12.023008,-37.9105198333,145.1348846667,-37.9106372767,145.1350477267,0,-29,-14,-14,0,-26,-35,-36
2025-05-10T13:41:12.526771,-37.9105198333,145.1348845,-37.9106372183,145.1350476617,0,-28,-15,-15,0,-28,-35,-35
2025-05-10T13:41:13.023101,-37.9105198333,145.1348845,-37.9106371817,145.135047625,0,-23,-23,-22,0,-23,-36,-35
2025-05-10T13:41:13.523576,-37.9105198333,145.1348843333,-37.910637175,145.13504762,0,-30,-24,-24,0,-25,-37,-35
2025-05-10T13:41:14.026683,-37.9105198333,145.1348843333,-37.910637175,145.13504762,0,-24,-24,-24,0,-23,-37,-35
2025-05-10T13:41:14.527114,-37.9105196667,145.1348843333,-37.9106395433,145.1350446517,0,-29,-23,-23,0,-24,-36,-35
2025-05-10T13:41:15.023049,-37.9105196667,145.1348843333,-37.9106412983,145.1350421833,0,-25,-26,-26,0,-26,-39,-35
2025-05-10T13:41:15.527477,-37.9105196667,145.1348841667,-37.910643805,145.1350383483,0,-30,-27,-27,0,-28,-40,-35
2025-05-10T13:41:16.023471,-37.9105196667,145.1348841667,-37.910646975,145.1350344983,0,-24,-27,-27,0,-26,-41,-35
2025-05-10T13:41:16.526895,-37.9105196667,145.1348841667,-37.910647805,145.1350331317,0,-30,-26,-26,0,-28,-40,-35
2025-05-10T13:41:17.023161,-37.9105196667,145.1348841667,-37.910647805,145.1350331317,0,-23,-24,-24,0,-23,-39,-35
2025-05-10T13:41:17.526967,-37.9105196667,145.134884,-37.9106500233,145.1350289383,0,-29,-23,-23,0,-25,-37,-35
2025-05-10T13:41:18.023100,-37.9105196667,145.134884,-37.9106517217,145.13502627,0,-30,-23,-23,0,-27,-37,-35
2025-05-10T13:41:18.527475,-37.9105196667,145.134884,-37.910653295,145.135021505,0,-30,-23,-23,0,-28,-40,-40
2025-05-10T13:41:19.023126,-37.9105196667,145.134884,-37.9106550417,145.1350159317,0,-28,-25,-24,0,-27,-44,-40
2025-05-10T13:41:19.523599,-37.9105195,145.1348838333,-37.9106555917,145.1350142267,0,-29,-26,-26,0,-28,-49,-40
2025-05-10T13:41:20.027027,-37.9105195,145.1348838333,-37.9106555917,145.1350142267,0,-27,-25,-25,0,-27,-46,-40
2025-05-10T13:41:20.527193,-37.9105195,145.1348838333,-37.9106560817,145.135012155,0,-26,-26,-25,0,-23,-45,-40
2025-05-10T13:41:21.022832,-37.9105195,145.1348838333,-37.91065608,145.1350121217,0,-28,-26,-26,0,-28,-47,-40
2025-05-10T13:41:21.532762,-37.9105195,145.1348836667,-37.9106560783,145.1350120817,0,-28,-26,-25,0,-29,-47,-47
2025-05-10T13:41:22.022852,-37.9105195,145.1348836667,-37.9106560817,145.135012055,0,-25,-25,-25,0,-28,-47,-47
2025-05-10T13:41:22.523336,-37.9105195,145.1348836667,-37.9106560783,145.135012035,0,-25,-25,-25,0,-29,-47,-47
2025-05-10T13:41:23.026809,-37.9105195,145.1348836667,-37.9106560783,145.135012035,0,-24,-25,-25,0,-28,-47,-47
2025-05-10T13:41:23.526991,-37.9105195,145.1348835,-37.9106560683,145.1350119683,0,-23,-26,-25,0,-28,-47,-47
2025-05-10T13:41:24.023600,-37.9105195,145.1348835,-37.9106560633,145.1350119233,0,-29,-25,-25,0,-20,-47,-47
2025-05-10T13:41:24.526703,-37.9105195,145.1348835,-37.9106560433,145.1350118317,0,-29,-26,-26,0,-29,-47,-47
2025-05-10T13:41:25.023585,-37.9105195,145.1348835,-37.9106560267,145.1350117517,0,-25,-27,-27,0,-25,-48,-47
2025-05-10T13:41:25.523726,-37.9105193333,145.1348835,-37.9106560233,145.1350117283,0,-27,-27,-27,0,-26,-48,-47
2025-05-10T13:41:26.027007,-37.9105193333,145.1348835,-37.9106560233,145.1350117283,0,-23,-27,-27,0,-23,-48,-47
2025-05-10T13:41:26.527598,-37.9105193333,145.1348835,-37.9106560133,145.1350116583,0,-29,-27,-27,0,-25,-48,-47
2025-05-10T13:41:27.022830,-37.9105193333,145.1348835,-37.9106560083,145.1350116133,0,-27,-27,-27,0,-25,-48,-47
2025-05-10T13:41:27.532731,-37.9105193333,145.1348835,-37.910656,145.13501155,0,-28,-26,-26,0,-31,-47,-47
2025-05-10T13:41:28.023456,-37.9105193333,145.1348835,-37.9106559883,145.1350114833,0,-28,-25,-27,0,-28,-46,-47
2025-05-10T13:41:28.523878,-37.9105193333,145.1348833333,-37.9106559783,145.13501145,0,-29,-27,-27,0,-25,-46,-47
2025-05-10T13:41:29.026759,-37.9105193333,145.1348833333,-37.9106559783,145.13501145,0,-22,-26,-25,0,-21,-47,-47
2025-05-10T13:41:29.527225,-37.9105193333,145.1348833333,-37.9106559433,145.1350113417,0,-28,-27,-28,0,-31,-48,-47
2025-05-10T13:41:30.022946,-37.9105193333,145.1348833333,-37.910655925,145.1350112783,0,-25,-27,-27,0,-20,-23,-47
2025-05-10T13:41:30.527220,-37.9105193333,145.1348833333,-37.9106559233,145.1350112667,0,-26,-26,-26,0,-24,-48,-48
2025-05-10T13:41:31.023073,-37.9105193333,145.1348833333,-37.9106559133,145.1350112833,0,-24,-25,-25,0,-24,-43,-48
2025-05-10T13:41:31.523912,-37.9105191667,145.1348833333,-37.9106559083,145.1350112817,0,-27,-24,-24,0,-27,-42,-48
2025-05-10T13:41:32.035978,-37.9105191667,145.1348833333,-37.9106559083,145.1350112817,0,-21,-24,-24,0,-21,-43,-48
2025-05-10T13:41:32.527258,-37.9105191667,145.1348833333,-37.9106573617,145.135013615,0,-27,-24,-23,0,-24,-42,-48
2025-05-10T13:41:33.026917,-37.9105191667,145.1348833333,-37.9106580033,145.1350155317,0,-29,-23,-23,0,-27,-41,-48
2025-05-10T13:41:33.526930,-37.9105191667,145.1348831667,-37.910659075,145.1350199367,0,-26,-24,-24,0,-26,-40,-40
2025-05-10T13:41:34.023211,-37.9105191667,145.1348831667,-37.9106596883,145.1350247867,0,-24,-24,-23,0,-24,-38,-40
2025-05-10T13:41:34.523308,-37.9105191667,145.1348831667,-37.9106597483,145.13502649,0,-30,-24,-24,0,-27,-37,-40
2025-05-10T13:41:35.026701,-37.9105191667,145.1348831667,-37.9106597483,145.13502649,0,-25,-24,-24,0,-25,-36,-40
2025-05-10T13:41:35.526758,-37.9105191667,145.1348831667,-37.910659795,145.1350317233,0,-28,-24,-23,0,-22,-37,-40
2025-05-10T13:41:36.022923,-37.9105191667,145.1348831667,-37.9106593017,145.1350350767,0,-28,-23,-23,0,-27,-38,-40
2025-05-10T13:41:36.526705,-37.9105191667,145.1348831667,-37.9106581633,145.1350389183,0,-30,-23,-23,0,-30,-35,-35
2025-05-10T13:41:37.022838,-37.9105191667,145.1348831667,-37.9106565733,145.1350430467,0,-24,-23,-23,0,-24,-36,-35
2025-05-10T13:41:37.523277,-37.9105191667,145.134883,-37.9106562083,145.1350445617,0,-30,-23,-23,0,-28,-35,-35
2025-05-10T13:41:38.033440,-37.9105191667,145.134883,-37.9106562083,145.1350445617,0,-25,-23,-23,0,-25,-35,-35
2025-05-10T13:41:38.526573,-37.9105191667,145.134883,-37.9106545617,145.1350506267,0,-25,-23,-23,0,-26,-35,-35
2025-05-10T13:41:39.023318,-37.9105191667,145.134883,-37.91065352,145.135052775,0,-29,-23,-23,0,-28,-34,-35
2025-05-10T13:41:39.526784,-37.9105191667,145.134883,-37.9106528817,145.1350546433,0,-29,-23,-23,0,-28,-34,-35
2025-05-10T13:41:40.023680,-37.9105191667,145.134883,-37.91065187,145.1350571783,0,-26,-23,-23,0,-26,-35,-35
2025-05-10T13:41:40.523496,-37.9105191667,145.1348828333,-37.9106515583,145.1350579933,0,-28,-23,-23,0,-27,-35,-35
2025-05-10T13:41:41.027078,-37.9105191667,145.1348828333,-37.9106515583,145.1350579933,0,-28,-25,-24,0,-27,-37,-35
2025-05-10T13:41:41.541579,-37.9105191667,145.1348828333,-37.9106515167,145.1350580117,0,-23,-24,-24,0,-27,-37,-35
2025-05-10T13:41:42.023161,-37.9105191667,145.1348828333,-37.9106514917,145.1350580117,0,-28,-25,-24,0,-28,-36,-35
2025-05-10T13:41:42.527544,-37.910519,145.1348826667,-37.9106514383,145.135057975,0,-29,-24,-24,0,-28,-37,-36
2025-05-10T13:41:43.023308,-37.910519,145.1348826667,-37.9106514017,145.1350579717,0,-27,-25,-25,0,-27,-38,-36
2025-05-10T13:41:43.523525,-37.910519,145.1348826667,-37.9106509067,145.1350588333,0,-26,-24,-24,0,-28,-37,-36
2025-05-10T13:41:44.023460,-37.910519,145.1348826667,-37.9106509067,145.1350588333,0,-24,-25,-25,0,-28,-38,-36
2025-05-10T13:41:44.527147,-37.910519,145.1348825,-37.9106491633,145.135062775,0,-30,-25,-25,0,-27,-39,-36
2025-05-10T13:41:45.023360,-37.910519,145.1348825,-37.9106477017,145.1350652933,0,-29,-24,-24,0,-27,-37,-36
2025-05-10T13:41:45.527469,-37.910519,145.1348825,-37.910645745,145.1350681183,0,-29,-24,-24,0,-25,-39,-38
2025-05-10T13:41:46.023088,-37.910519,145.1348825,-37.910643475,145.1350705167,0,-27,-26,-25,0,-26,-39,-38
2025-05-10T13:41:46.523414,-37.910519,145.1348825,-37.9106429067,145.1350713733,0,-26,-24,-24,0,-24,-39,-38
2025-05-10T13:41:47.026691,-37.910519,145.1348825,-37.9106429067,145.1350713733,0,-23,-24,-23,0,-23,-38,-38
2025-05-10T13:41:47.526887,-37.910519,145.1348823333,-37.9106409583,145.1350738283,0,-30,-23,-24,0,-24,-38,-38
2025-05-10T13:41:48.023033,-37.910519,145.1348823333,-37.9106397033,145.1350750917,0,-29,-24,-24,0,-26,-39,-38
2025-05-10T13:41:48.527383,-37.910519,145.1348823333,-37.9106377167,145.1350778833,0,-26,-24,-24,0,-27,-41,-38
2025-05-10T13:41:49.022942,-37.910519,145.1348823333,-37.9106351333,145.1350799333,0,-24,-24,-24,0,-24,-41,-38
2025-05-10T13:41:49.523051,-37.910519,145.1348821667,-37.9106343667,145.1350806383,0,-30,-24,-24,0,-25,-40,-38
2025-05-10T13:41:50.027000,-37.910519,145.1348821667,-37.9106343667,145.1350806383,0,-23,-25,-25,0,-23,-42,-38
2025-05-10T13:41:50.526366,-37.9105188333,145.1348821667,-37.9106322817,145.135083165,0,-30,-25,-24,0,-24,-44,-38
2025-05-10T13:41:51.024387,-37.9105188333,145.1348821667,-37.9106322817,145.135083165,0,-27,-24,-24,0,-27,-43,-38
2025-05-10T13:41:51.532292,-37.9105188333,145.134882,-37.9106322817,145.135083165,0,-29,-24,-24,0,-27,-43,-43
2025-05-10T13:41:52.023942,-37.9105188333,145.134882,-37.9106322817,145.135083165,0,-26,-25,-24,0,-25,-48,-47
2025-05-10T13:41:52.523172,-37.9105188333,145.134882,-37.9106249483,145.135089565,0,-28,-24,-24,0,-28,-48,-47
2025-05-10T13:41:53.026799,-37.9105188333,145.134882,-37.9106249483,145.135089565,0,-25,-26,-25,0,-22,-56,-47
2025-05-10T13:41:53.526439,-37.9105188333,145.1348818333,-37.9106224867,145.135091365,0,-27,-24,-23,0,-25,-54,-47
2025-05-10T13:41:54.022800,-37.9105188333,145.1348818333,-37.9106207133,145.1350925717,0,-26,-24,-24,0,-18,-23,-47
2025-05-10T13:41:54.531147,-37.9105188333,145.1348818333,-37.9106183517,145.1350944683,0,-30,-24,-24,0,-26,-52,-52
2025-05-10T13:41:55.022928,-37.9105188333,145.1348818333,-37.910615565,145.1350963667,0,-23,-24,-24,0,-26,-50,-52
2025-05-10T13:41:55.522593,-37.9105188333,145.1348816667,-37.9106145733,145.135097055,0,-29,-24,-24,0,-26,-42,-52
2025-05-10T13:41:56.026997,-37.9105188333,145.1348816667,-37.9106145733,145.135097055,0,-20,-24,-24,0,-20,-42,-52
2025-05-10T13:41:56.527276,-37.9105188333,145.1348816667,-37.91061135,145.135099295,0,-30,-24,-24,0,-28,-42,-52
2025-05-10T13:41:57.023177,-37.9105188333,145.1348816667,-37.9106092417,145.13510048,0,-31,-25,-25,0,-27,-39,-52
2025-05-10T13:41:57.526404,-37.9105188333,145.1348816667,-37.91060669,145.135101745,0,-31,-24,-24,0,-27,-40,-40
2025-05-10T13:41:58.023147,-37.9105188333,145.1348816667,-37.9106043617,145.13510315,0,-24,-25,-25,0,-23,-39,-40
2025-05-10T13:41:58.523016,-37.9105188333,145.1348815,-37.9106034833,145.1351035183,0,-26,-24,-24,0,-28,-38,-40
2025-05-10T13:41:59.023309,-37.9105188333,145.1348815,-37.9106034833,145.1351035183,0,-25,-25,-25,0,-25,-38,-40
2025-05-10T13:41:59.526393,-37.9105188333,145.1348815,-37.9106006417,145.1351050983,0,-31,-25,-24,0,-24,-36,-40
2025-05-10T13:42:00.027241,-37.9105188333,145.1348815,-37.91059883,145.1351059567,0,-30,-25,-25,0,-28,-36,-40
2025-05-10T13:42:00.526375,-37.9105188333,145.1348813333,-37.9105963017,145.1351071667,0,-28,-25,-25,0,-27,-35,-35
2025-05-10T13:42:01.023095,-37.9105188333,145.1348813333,-37.91059332,145.13510796,0,-24,-26,-26,0,-24,-36,-35
2025-05-10T13:42:01.523599,-37.9105188333,145.1348813333,-37.910592375,145.1351083767,0,-27,-25,-25,0,-28,-34,-35
2025-05-10T13:42:02.023155,-37.9105188333,145.1348813333,-37.910592375,145.1351083767,0,-28,-26,-26,0,-28,-35,-35
2025-05-10T13:42:02.536117,-37.9105188333,145.1348813333,-37.9105892017,145.1351092417,0,-28,-26,-26,0,-24,-34,-35
2025-05-10T13:42:03.023499,-37.9105188333,145.1348813333,-37.9105871567,145.135109655,0,-28,-27,-26,0,-28,-34,-35
2025-05-10T13:42:03.526135,-37.9105188333,145.1348811667,-37.9105840867,145.1351105417,0,-26,-27,-26,0,-27,-32,-32
2025-05-10T13:42:04.023840,-37.9105188333,145.1348811667,-37.91058149,145.1351116567,0,-29,-26,-26,0,-27,-32,-32
2025-05-10T13:42:04.523877,-37.9105188333,145.1348811667,-37.9105806833,145.1351122283,0,-28,-28,-27,0,-27,-33,-32
2025-05-10T13:42:05.026763,-37.9105188333,145.1348811667,-37.9105806833,145.1351122283,0,-24,-27,-26,0,-27,-31,-32
2025-05-10T13:42:05.526809,-37.910519,145.1348811667,-37.9105777633,145.13511261,0,-26,-28,-28,0,-28,-32,-32
2025-05-10T13:42:06.023238,-37.910519,145.1348811667,-37.91057601,145.135113115,0,-30,-27,-27,0,-27,-30,-32
2025-05-10T13:42:06.532593,-37.910519,145.1348811667,-37.9105734167,145.1351144017,0,-29,-27,-27,0,-27,-30,-30
2025-05-10T13:42:07.023176,-37.910519,145.1348811667,-37.91057026,145.1351151817,0,-23,-29,-28,0,-24,-31,-30
2025-05-10T13:42:07.523297,-37.910519,145.134881,-37.910569365,145.1351155933,0,-31,-29,-29,0,-23,-30,-30
2025-05-10T13:42:08.027278,-37.910519,145.134881,-37.910569365,145.1351155933,0,-24,-28,-29,0,-25,-29,-30
2025-05-10T13:42:08.527443,-37.910519,145.134881,-37.910566315,145.135117215,0,-29,-30,-30,0,-25,-29,-30
2025-05-10T13:42:09.023041,-37.910519,145.134881,-37.9105642617,145.1351173133,0,-27,-30,-30,0,-24,-29,-30
2025-05-10T13:42:09.527387,-37.910519,145.134881,-37.9105618017,145.1351181833,0,-27,-32,-32,0,-28,-29,-29
2025-05-10T13:42:10.023345,-37.910519,145.134881,-37.9105589067,145.1351186883,0,-25,-31,-30,0,-24,-29,-29
2025-05-10T13:42:10.523428,-37.910519,145.134881,-37.9105579983,145.1351188483,0,-29,-30,-30,0,-28,-29,-29
2025-05-10T13:42:11.032444,-37.910519,145.134881,-37.9105579983,145.1351188483,0,-23,-33,-32,0,-24,-29,-29
2025-05-10T13:42:11.526947,-37.910519,145.134881,-37.910554915,145.1351194967,0,-28,-31,-31,0,-27,-27,-29
2025-05-10T13:42:12.040847,-37.910519,145.134881,-37.9105526033,145.1351197033,0,-26,-33,-33,0,-27,-27,-29
2025-05-10T13:42:12.526574,-37.910519,145.1348808333,-37.9105497917,145.135120465,0,-27,-34,-34,0,-26,-27,-27
2025-05-10T13:42:13.023669,-37.910519,145.1348808333,-37.9105497917,145.135120465,0,-25,-33,-32,0,-25,-27,-27
2025-05-10T13:42:13.523264,-37.910519,145.1348808333,-37.9105457083,145.1351207767,0,-26,-35,-35,0,-26,-27,-27
2025-05-10T13:42:14.027029,-37.910519,145.1348808333,-37.9105457083,145.1351207767,0,-25,-34,-34,0,-25,-27,-27
2025-05-10T13:42:14.527038,-37.9105191667,145.1348808333,-37.9105427417,145.1351219,0,-26,-36,-36,0,-25,-26,-27
2025-05-10T13:42:15.023711,-37.9105191667,145.1348808333,-37.910540875,145.1351224933,0,-28,-35,-35,0,-25,-26,-27
2025-05-10T13:42:15.523605,-37.9105191667,145.1348808333,-37.9105381967,145.1351231283,0,-26,-37,-36,0,-26,-25,-25
2025-05-10T13:42:16.023021,-37.9105191667,145.1348808333,-37.9105350967,145.1351238583,0,-22,-37,-36,0,-23,-26,-25
2025-05-10T13:42:16.527358,-37.9105191667,145.1348806667,-37.9105338567,145.1351239167,0,-30,-38,-38,0,-27,-25,-25
2025-05-10T13:42:17.026478,-37.9105191667,145.1348806667,-37.9105338567,145.1351239167,0,-24,-40,-39,0,-25,-26,-25
2025-05-10T13:42:17.527172,-37.9105191667,145.1348806667,-37.9105305533,145.1351247017,0,-27,-42,-43,0,-26,-26,-25
2025-05-10T13:42:18.023565,-37.9105191667,145.1348806667,-37.9105282283,145.1351252433,0,-27,-42,-42,0,-20,-23,-25
2025-05-10T13:42:18.527389,-37.9105191667,145.1348806667,-37.9105251317,145.1351260617,0,-27,-50,-50,0,-24,-25,-25
2025-05-10T13:42:19.022984,-37.9105191667,145.1348806667,-37.9105221767,145.1351267133,0,-24,-50,-50,0,-26,-25,-25
2025-05-10T13:42:19.526261,-37.9105193333,145.1348806667,-37.91052122,145.1351269017,0,-23,-57,-57,0,-26,-25,-25
2025-05-10T13:42:20.027164,-37.9105193333,145.1348806667,-37.91052122,145.1351269017,0,-24,-54,-54,0,-24,-24,-25
2025-05-10T13:42:20.527100,-37.9105193333,145.1348805,-37.9105181283,145.13512808,0,-27,-51,-50,0,-25,-25,-25
2025-05-10T13:42:21.023003,-37.9105193333,145.1348805,-37.910515985,145.13512847,0,-26,-48,-48,0,-27,-24,-25
2025-05-10T13:42:21.532409,-37.9105193333,145.1348805,-37.910512715,145.1351286183,0,-28,-48,-48,0,-30,-24,-24
2025-05-10T13:42:22.023109,-37.9105193333,145.1348805,-37.9105091667,145.1351284717,0,-23,-43,-41,0,-25,-24,-24
2025-05-10T13:42:22.523569,-37.9105193333,145.1348805,-37.9105091667,145.1351284717,0,-29,-40,-40,0,-28,-23,-24
2025-05-10T13:42:23.027288,-37.9105193333,145.1348805,-37.9105091667,145.1351284717,0,-27,-40,-39,0,-27,-23,-24
2025-05-10T13:42:23.523814,-37.9105195,145.1348805,-37.9105091667,145.1351284717,0,-29,-39,-40,0,-26,-25,-24
2025-05-10T13:42:24.023954,-37.9105195,145.1348805,-37.9105060917,145.135127875,0,-31,-41,-41,0,-28,-25,-24
2025-05-10T13:42:24.527411,-37.9105195,145.1348803333,-37.9105060917,145.135127875,0,-28,-39,-39,0,-28,-26,-26
2025-05-10T13:42:25.023959,-37.9105195,145.1348803333,-37.9105060917,145.135127875,0,-28,-38,-38,0,-28,-25,-25
2025-05-10T13:42:25.523935,-37.9105195,145.1348803333,-37.9104964333,145.135127165,0,-27,-36,-36,0,-26,-25,-25
2025-05-10T13:42:26.026865,-37.9105195,145.1348803333,-37.9104964333,145.135127165,0,-25,-35,-35,0,-27,-25,-25
2025-05-10T13:42:26.527497,-37.9105195,145.1348803333,-37.9104964333,145.135127165,0,-29,-35,-34,0,-27,-24,-25
2025-05-10T13:42:27.023980,-37.9105195,145.1348803333,-37.9104964333,145.135127165,0,-27,-36,-36,0,-27,-26,-25
2025-05-10T13:42:27.530900,-37.9105195,145.1348803333,-37.9104964333,145.135127165,0,-29,-36,-36,0,-26,-28,-25
2025-05-10T13:42:28.023852,-37.9105195,145.1348803333,-37.9104886783,145.13512561,0,-25,-37,-37,0,-25,-25,-25
2025-05-10T13:42:28.523412,-37.9105195,145.1348801667,-37.9104886283,145.1351256383,0,-29,-35,-35,0,-24,-25,-25
2025-05-10T13:42:29.027158,-37.9105195,145.1348801667,-37.9104886283,145.1351256383,0,-25,-36,-35,0,-25,-26,-25
2025-05-10T13:42:29.527225,-37.9105195,145.1348801667,-37.9104885967,145.1351256267,0,-29,-36,-35,0,-25,-25,-25
2025-05-10T13:42:30.023093,-37.9105195,145.1348801667,-37.91048858,145.135125625,0,-26,-35,-35,0,-25,-26,-25
2025-05-10T13:42:30.526428,-37.9105195,145.1348801667,-37.910488545,145.1351256433,0,-28,-35,-35,0,-29,-25,-25
2025-05-10T13:42:31.023075,-37.9105195,145.1348801667,-37.910488515,145.135125665,0,-24,-35,-35,0,-24,-25,-25
2025-05-10T13:42:31.523684,-37.9105195,145.1348801667,-37.9104885033,145.135125675,0,-29,-35,-35,0,-25,-25,-25
2025-05-10T13:42:32.026405,-37.9105195,145.1348801667,-37.9104885033,145.135125675,0,-23,-35,-35,0,-27,-25,-25
2025-05-10T13:42:32.526835,-37.9105196667,145.1348801667,-37.9104884633,145.1351257167,0,-27,-35,-36,0,-25,-26,-25
2025-05-10T13:42:33.032245,-37.9105196667,145.1348801667,-37.9104884417,145.1351257167,0,-27,-35,-36,0,-25,-26,-25
2025-05-10T13:42:33.527352,-37.9105195,145.1348801667,-37.9104884033,145.1351257467,0,-28,-35,-35,0,-31,-24,-24
2025-05-10T13:42:34.023064,-37.9105195,145.1348801667,-37.910488375,145.1351257683,0,-24,-36,-36,0,-24,-26,-24
2025-05-10T13:42:34.523226,-37.9105195,145.1348801667,-37.9104883633,145.1351257733,0,-29,-35,-35,0,-27,-25,-24
2025-05-10T13:42:35.027003,-37.9105195,145.1348801667,-37.9104883633,145.1351257733,0,-26,-36,-36,0,-26,-27,-24
2025-05-10T13:42:35.526500,-37.9105195,145.13488,-37.910488305,145.1351258183,0,-26,-34,-34,0,-25,-23,-24
2025-05-10T13:42:36.023958,-37.9105195,145.13488,-37.9104882883,145.1351258283,0,-29,-35,-35,0,-28,-25,-24
2025-05-10T13:42:36.532555,-37.9105196667,145.13488,-37.91048827,145.1351258467,0,-27,-35,-35,0,-27,-23,-23
2025-05-10T13:42:37.023559,-37.9105196667,145.13488,-37.91048827,145.1351258467,0,-23,-34,-34,0,-24,-24,-23
2025-05-10T13:42:37.523839,-37.9105196667,145.13488,-37.9104882433,145.1351258483,0,-29,-34,-34,0,-27,-24,-23
2025-05-10T13:42:38.027078,-37.9105196667,145.13488,-37.9104882433,145.1351258483,0,-25,-35,-35,0,-25,-25,-23
2025-05-10T13:42:38.523194,-37.9105195,145.13488,-37.9104839783,145.135124385,0,-24,-35,-35,0,-23,-25,-23
2025-05-10T13:42:39.022947,-37.9105195,145.13488,-37.9104820033,145.1351235133,0,-29,-35,-35,0,-29,-25,-23
2025-05-10T13:42:39.532320,-37.9105196667,145.13488,-37.910478345,145.13512214,0,-28,-35,-35,0,-28,-25,-25
2025-05-10T13:42:40.023065,-37.9105196667,145.13488,-37.9104740517,145.13512082,0,-25,-35,-36,0,-25,-26,-25
2025-05-10T13:42:40.523222,-37.9105196667,145.13488,-37.910472675,145.135120565,0,-31,-35,-35,0,-28,-25,-25
2025-05-10T13:42:41.026602,-37.9105196667,145.13488,-37.910472675,145.135120565,0,-23,-36,-36,0,-21,-25,-25
2025-05-10T13:42:41.527222,-37.9105196667,145.1348798333,-37.9104688717,145.1351192667,0,-27,-36,-36,0,-25,-25,-25
2025-05-10T13:42:42.023585,-37.9105196667,145.1348798333,-37.9104668233,145.1351187417,0,-31,-35,-35,0,-20,-23,-25
2025-05-10T13:42:42.534870,-37.9105196667,145.1348798333,-37.910464135,145.1351180883,0,-31,-35,-35,0,-20,-23,-25
2025-05-10T13:42:43.023019,-37.9105196667,145.1348798333,-37.9104614583,145.1351167317,0,-24,-37,-36,0,-25,-25,-25
2025-05-10T13:42:43.526775,-37.9105196667,145.1348798333,-37.9104605117,145.1351163217,0,-28,-37,-37,0,-27,-25,-25
2025-05-10T13:42:44.026792,-37.9105196667,145.1348798333,-37.9104605117,145.1351163217,0,-24,-39,-40,0,-25,-25,-25
2025-05-10T13:42:44.526863,-37.9105196667,145.1348798333,-37.91045753,145.135115135,0,-25,-40,-40,0,-25,-25,-25
2025-05-10T13:42:45.023204,-37.9105196667,145.1348798333,-37.9104552783,145.1351142967,0,-29,-40,-40,0,-28,-26,-25
2025-05-10T13:42:45.526672,-37.9105196667,145.1348798333,-37.9104515717,145.1351130683,0,-29,-41,-41,0,-28,-26,-26
2025-05-10T13:42:46.023060,-37.9105196667,145.1348798333,-37.9104483383,145.1351117367,0,-27,-43,-43,0,-27,-26,-26
2025-05-10T13:42:46.522910,-37.9105196667,145.1348798333,-37.9104471867,145.1351113417,0,-28,-47,-46,0,-28,-27,-26
2025-05-10T13:42:47.026561,-37.9105196667,145.1348798333,-37.9104471867,145.1351113417,0,-26,-47,-45,0,-27,-27,-26
2025-05-10T13:42:47.526528,-37.9105196667,145.1348798333,-37.9104438967,145.1351097283,0,-29,-49,-50,0,-24,-28,-26
2025-05-10T13:42:48.023722,-37.9105196667,145.1348798333,-37.910441925,145.1351085233,0,-25,-55,-55,0,-29,-29,-26
2025-05-10T13:42:48.527519,-37.9105196667,145.1348796667,-37.9104383617,145.135106685,0,-30,-54,-54,0,-28,-28,-26
2025-05-10T13:42:49.026946,-37.9105196667,145.1348796667,-37.9104349783,145.135104845,0,-26,-52,-54,0,-27,-28,-26
2025-05-10T13:42:49.523422,-37.9105196667,145.1348796667,-37.91043397,145.1351042717,0,-27,-51,-51,0,-24,-29,-26
2025-05-10T13:42:50.026886,-37.9105196667,145.1348796667,-37.91043397,145.1351042717,0,-20,-48,-47,0,-26,-29,-26
2025-05-10T13:42:50.526946,-37.9105196667,145.1348796667,-37.9104308467,145.1351022783,0,-28,-46,-47,0,-24,-30,-26
2025-05-10T13:42:51.023098,-37.9105196667,145.1348796667,-37.9104285183,145.1351012767,0,-28,-47,-47,0,-26,-31,-26
2025-05-10T13:42:51.532170,-37.9105196667,145.1348796667,-37.910425295,145.135099155,0,-29,-47,-47,0,-30,-30,-30
2025-05-10T13:42:52.022992,-37.9105196667,145.1348796667,-37.9104218217,145.135097075,0,-23,-43,-44,0,-22,-32,-30
2025-05-10T13:42:52.523065,-37.9105196667,145.1348796667,-37.9104207367,145.13509615,0,-29,-41,-41,0,-25,-32,-30
2025-05-10T13:42:53.026852,-37.9105196667,145.1348796667,-37.9104207367,145.13509615,0,-20,-43,-43,0,-20,-33,-30
2025-05-10T13:42:53.527435,-37.9105196667,145.1348795,-37.9104176533,145.13509351,0,-24,-46,-46,0,-24,-35,-30
2025-05-10T13:42:54.023348,-37.9105196667,145.1348795,-37.910415725,145.135091945,0,-29,-45,-45,0,-28,-34,-30
2025-05-10T13:42:54.532118,-37.9105196667,145.1348795,-37.9104126267,145.1350895567,0,-30,-48,-48,0,-31,-36,-36
2025-05-10T13:42:55.022919,-37.9105196667,145.1348795,-37.9104091233,145.1350875117,0,-23,-48,-48,0,-24,-40,-36
2025-05-10T13:42:55.523154,-37.9105196667,145.1348795,-37.91040811,145.13508673,0,-23,-49,-49,0,-27,-39,-36
2025-05-10T13:42:56.026918,-37.9105196667,145.1348795,-37.91040811,145.13508673,0,-25,-49,-48,0,-25,-39,-36
2025-05-10T13:42:56.526734,-37.9105196667,145.1348795,-37.9104054683,145.1350851167,0,-28,-48,-47,0,-26,-42,-36
2025-05-10T13:42:57.023315,-37.9105196667,145.1348795,-37.9104037633,145.135084275,0,-29,-50,-50,0,-25,-42,-36
2025-05-10T13:42:57.527239,-37.9105196667,145.1348795,-37.9104027533,145.1350834783,0,-29,-52,-52,0,-28,-43,-43
2025-05-10T13:42:58.023712,-37.9105196667,145.1348795,-37.9104027817,145.1350834633,0,-27,-52,-52,0,-25,-45,-43
2025-05-10T13:42:58.523961,-37.9105196667,145.1348793333,-37.910402795,145.1350834617,0,-27,-51,-51,0,-28,-43,-43
2025-05-10T13:42:59.023982,-37.9105196667,145.1348793333,-37.910402795,145.1350834617,0,-26,-50,-49,0,-26,-42,-43
2025-05-10T13:42:59.523025,-37.9105198333,145.1348793333,-37.910402795,145.1350834617,0,-23,-48,-48,0,-25,-39,-43
2025-05-10T13:43:00.027599,-37.9105198333,145.1348793333,-37.91040281,145.1350834583,0,-27,-47,-47,0,-27,-41,-43
2025-05-10T13:43:00.527208,-37.9105198333,145.1348793333,-37.9104044967,145.13508098,0,-28,-49,-49,0,-28,-38,-38
2025-05-10T13:43:01.023974,-37.9105198333,145.1348793333,-37.9104045133,145.1350809567,0,-27,-48,-50,0,-26,-36,-36
2025-05-10T13:43:01.523712,-37.9105198333,145.1348791667,-37.9104053517,145.135081385,0,-29,-47,-47,0,-27,-36,-36
2025-05-10T13:43:02.027401,-37.9105198333,145.1348791667,-37.9104053517,145.135081385,0,-20,-48,-47,0,-22,-36,-36
2025-05-10T13:43:02.523728,-37.9105198333,145.1348791667,-37.9104053517,145.135081385,0,-30,-44,-44,0,-25,-34,-36
2025-05-10T13:43:03.021681,-37.9105198333,145.1348791667,-37.9104061233,145.1350820017,0,-28,-42,-42,0,-27,-33,-36
2025-05-10T13:43:03.536516,-37.9105198333,145.1348791667,-37.9104051333,145.1350915183,0,-29,-42,-42,0,-27,-32,-36
2025-05-10T13:43:04.023428,-37.9105198333,145.1348791667,-37.9104039817,145.1350959783,0,-24,-43,-42,0,-26,-33,-36
2025-05-10T13:43:04.523949,-37.9105198333,145.134879,-37.9104037167,145.1350973517,0,-25,-40,-41,0,-26,-32,-36
2025-05-10T13:43:05.027331,-37.9105198333,145.134879,-37.9104037167,145.1350973517,0,-29,-41,-41,0,-29,-32,-36
2025-05-10T13:43:05.523877,-37.9105198333,145.134879,-37.9104037167,145.1350973517,0,-28,-41,-41,0,-26,-33,-36
2025-05-10T13:43:06.023476,-37.9105198333,145.134879,-37.9104037167,145.1350973517,0,-28,-41,-41,0,-25,-33,-36
2025-05-10T13:43:06.531509,-37.9105198333,145.134879,-37.91040155,145.1351084467,0,-26,-40,-40,0,-27,-32,-36
2025-05-10T13:43:07.023291,-37.9105198333,145.134879,-37.9104006683,145.1351129633,0,-28,-41,-40,0,-27,-33,-36
2025-05-10T13:43:07.523699,-37.9105198333,145.134879,-37.910400375,145.1351142917,0,-27,-41,-41,0,-28,-32,-36
2025-05-10T13:43:08.027225,-37.9105198333,145.134879,-37.910400375,145.1351142917,0,-27,-41,-41,0,-26,-33,-36
2025-05-10T13:43:08.523766,-37.9105198333,145.1348788333,-37.910400375,145.1351142917,0,-28,-41,-40,0,-24,-33,-36
2025-05-10T13:43:09.023297,-37.9105198333,145.1348788333,-37.910400375,145.1351142917,0,-25,-43,-43,0,-27,-33,-36
2025-05-10T13:43:09.526814,-37.9105198333,145.1348788333,-37.9103984517,145.1351260917,0,-28,-44,-44,0,-27,-33,-36
2025-05-10T13:43:10.023052,-37.9105198333,145.1348788333,-37.910397785,145.1351308367,0,-21,-50,-47,0,-28,-34,-36
2025-05-10T13:43:10.523231,-37.9105198333,145.1348786667,-37.91039817,145.1351325983,0,-30,-46,-46,0,-24,-33,-36
2025-05-10T13:43:11.027499,-37.9105198333,145.1348786667,-37.91039817,145.1351325983,0,-25,-45,-44,0,-25,-33,-36
2025-05-10T13:43:11.526830,-37.9105198333,145.1348786667,-37.9103989567,145.1351376167,0,-29,-43,-44,0,-25,-32,-36
2025-05-10T13:43:12.026844,-37.9105198333,145.1348786667,-37.9103989733,145.1351406833,0,-25,-43,-43,0,-24,-31,-36
2025-05-10T13:43:12.527689,-37.91052,145.1348786667,-37.91039833,145.1351452317,0,-30,-42,-42,0,-29,-30,-30
2025-05-10T13:43:13.033713,-37.91052,145.1348786667,-37.91039833,145.1351452317,0,-25,-46,-46,0,-26,-32,-31
2025-05-10T13:43:13.523607,-37.91052,145.1348786667,-37.9103980133,145.1351468267,0,-28,-44,-44,0,-24,-33,-31
2025-05-10T13:43:14.027492,-37.91052,145.1348786667,-37.9103980133,145.1351468267,0,-21,-48,-49,0,-23,-34,-31
2025-05-10T13:43:14.522941,-37.91052,145.1348785,-37.9103969717,145.1351572367,0,-28,-53,-53,0,-27,-33,-31
2025-05-10T13:43:15.023401,-37.91052,145.1348785,-37.91039631,145.1351606967,0,-27,-48,-48,0,-25,-32,-31
2025-05-10T13:43:15.532244,-37.91052,145.1348786667,-37.91039592,145.1351622067,0,-28,-50,-50,0,-29,-32,-32
2025-05-10T13:43:16.023236,-37.91052,145.1348786667,-37.9103959733,145.1351621433,0,-30,-50,-51,0,-26,-32,-32
2025-05-10T13:43:16.523007,-37.91052,145.1348786667,-37.9103959867,145.1351621233,0,-28,-50,-50,0,-27,-32,-32
2025-05-10T13:43:17.026873,-37.91052,145.1348786667,-37.9103959867,145.1351621233,0,-24,-50,-50,0,-23,-32,-32
2025-05-10T13:43:17.526743,-37.91052,145.1348786667,-37.910396025,145.1351620983,0,-23,-48,-48,0,-25,-32,-32
2025-05-10T13:43:18.023012,-37.91052,145.1348786667,-37.9103960667,145.1351620817,0,-27,-47,-47,0,-27,-31,-32
2025-05-10T13:43:18.526610,-37.9105201667,145.1348786667,-37.9103961317,145.1351620567,0,-29,-49,-49,0,-28,-31,-31
2025-05-10T13:43:19.022987,-37.9105201667,145.1348786667,-37.91039619,145.1351620333,0,-23,-50,-56,0,-25,-32,-31
2025-05-10T13:43:19.522957,-37.9105201667,145.1348786667,-37.910396215,145.1351620283,0,-31,-51,-51,0,-28,-32,-31
2025-05-10T13:43:20.026857,-37.9105201667,145.1348786667,-37.910396215,145.1351620283,0,-24,-50,-51,0,-25,-33,-31
2025-05-10T13:43:20.527046,-37.9105201667,145.1348786667,-37.910396275,145.135162,0,-29,-53,-53,0,-27,-33,-31
2025-05-10T13:43:21.022934,-37.9105201667,145.1348786667,-37.910396305,145.1351619867,0,-29,-52,-52,0,-27,-32,-31
2025-05-10T13:43:21.532182,-37.9105201667,145.1348788333,-37.9103963117,145.135161965,0,-29,-52,-52,0,-23,-33,-33
2025-05-10T13:43:22.024043,-37.9105201667,145.1348788333,-37.9103963417,145.1351619517,0,-26,-48,-48,0,-25,-32,-33
2025-05-10T13:43:22.522962,-37.9105201667,145.1348788333,-37.910396355,145.1351619483,0,-26,-44,-44,0,-27,-32,-33
2025-05-10T13:43:23.026963,-37.9105201667,145.1348788333,-37.910396355,145.1351619483,0,-21,-48,-48,0,-24,-35,-33
2025-05-10T13:43:23.526677,-37.9105201667,145.1348788333,-37.91039587,145.1351657217,0,-27,-50,-52,0,-27,-34,-33
2025-05-10T13:43:24.023184,-37.9105201667,145.1348788333,-37.91039626,145.13516825,0,-27,-48,-48,0,-26,-33,-33
2025-05-10T13:43:24.526849,-37.9105201667,145.134879,-37.910396995,145.13517201,0,-25,-49,-49,0,-29,-34,-34
2025-05-10T13:43:25.023008,-37.9105201667,145.134879,-37.91039822,145.13517585,0,-24,-51,-51,0,-24,-34,-34
2025-05-10T13:43:25.523533,-37.9105201667,145.134879,-37.9103988767,145.1351771067,0,-25,-51,-51,0,-26,-35,-34
2025-05-10T13:43:26.023062,-37.9105201667,145.134879,-37.9103988767,145.1351771067,0,-22,-55,-54,0,-22,-35,-34
2025-05-10T13:43:26.526670,-37.9105203333,145.134879,-37.9104002167,145.1351811967,0,-29,-53,-53,0,-25,-34,-34
2025-05-10T13:43:27.023707,-37.9105203333,145.134879,-37.9104012267,145.1351839433,0,-25,-58,-58,0,-28,-33,-34
2025-05-10T13:43:27.526950,-37.9105203333,145.134879,-37.9104027167,145.1351885933,0,-28,-58,-58,0,-28,-34,-34
2025-05-10T13:43:28.022944,-37.9105203333,145.134879,-37.9104040367,145.13519253,0,-27,-57,-56,0,-27,-33,-34
2025-05-10T13:43:28.523203,-37.9105205,145.134879,-37.9104044817,145.13519375,0,-26,-52,-52,0,-25,-33,-34
2025-05-10T13:43:29.027207,-37.9105205,145.134879,-37.9104044817,145.13519375,0,-27,-50,-50,0,-27,-32,-34
2025-05-10T13:43:29.527169,-37.9105205,145.134879,-37.910406505,145.13519723,0,-28,-50,-51,0,-24,-34,-34
2025-05-10T13:43:30.023369,-37.9105205,145.134879,-37.9104081667,145.13519955,0,-27,-53,-54,0,-27,-32,-34
2025-05-10T13:43:30.526575,-37.9105205,145.134879,-37.910410225,145.1352030733,0,-28,-51,-51,0,-28,-30,-30
2025-05-10T13:43:31.022934,-37.9105205,145.134879,-37.91041255,145.135206675,0,-17,-50,-47,0,-27,-33,-30
2025-05-10T13:43:31.522709,-37.9105206667,145.134879,-37.9104134317,145.13520786,0,-28,-49,-49,0,-24,-33,-30
2025-05-10T13:43:32.027169,-37.9105206667,145.134879,-37.9104134317,145.13520786,0,-21,-47,-46,0,-23,-31,-30
2025-05-10T13:43:32.526799,-37.9105206667,145.134879,-37.9104159217,145.1352107033,0,-30,-47,-47,0,-22,-32,-30
2025-05-10T13:43:33.023381,-37.9105206667,145.134879,-37.9104178033,145.135212205,0,-24,-47,-47,0,-27,-31,-30
2025-05-10T13:43:33.527191,-37.9105208333,145.1348791667,-37.9104209167,145.1352142,0,-26,-48,-48,0,-26,-30,-30
2025-05-10T13:43:34.040524,-37.9105208333,145.1348791667,-37.9104248417,145.1352164233,0,-22,-47,-45,0,-27,-31,-30
2025-05-10T13:43:34.523323,-37.9105208333,145.1348791667,-37.9104261767,145.135217175,0,-28,-45,-45,0,-24,-30,-30
2025-05-10T13:43:35.026935,-37.9105208333,145.1348791667,-37.9104261767,145.135217175,0,-26,-43,-43,0,-26,-29,-30
2025-05-10T13:43:35.526887,-37.910521,145.1348791667,-37.910429905,145.1352193883,0,-26,-42,-42,0,-22,-30,-30
2025-05-10T13:43:36.023537,-37.910521,145.1348791667,-37.9104324183,145.13522041,0,-29,-41,-41,0,-25,-30,-30
2025-05-10T13:43:36.527077,-37.910521,145.1348791667,-37.910436405,145.1352226433,0,-30,-40,-40,0,-29,-29,-29
2025-05-10T13:43:37.023515,-37.910521,145.1348791667,-37.9104405683,145.13522365,0,-28,-40,-40,0,-26,-28,-29
2025-05-10T13:43:37.522527,-37.910521,145.1348791667,-37.91044191,145.135224015,0,-28,-41,-41,0,-27,-29,-29
2025-05-10T13:43:38.027193,-37.910521,145.1348791667,-37.91044191,145.135224015,0,-23,-39,-39,0,-24,-31,-29
2025-05-10T13:43:38.527175,-37.9105211667,145.1348791667,-37.910446055,145.135224595,0,-29,-37,-37,0,-26,-28,-29
2025-05-10T13:43:39.026798,-37.9105211667,145.1348791667,-37.9104488167,145.1352250233,0,-28,-37,-37,0,-29,-28,-29
2025-05-10T13:43:39.527171,-37.9105211667,145.1348791667,-37.9104529983,145.1352264267,0,-29,-40,-40,0,-30,-28,-28
2025-05-10T13:43:40.023257,-37.9105211667,145.1348791667,-37.9104560783,145.1352276717,0,-23,-38,-37,0,-25,-29,-28
2025-05-10T13:43:40.523533,-37.9105211667,145.1348791667,-37.9104572767,145.1352277467,0,-28,-41,-41,0,-29,-29,-28
2025-05-10T13:43:41.026785,-37.9105211667,145.1348791667,-37.9104572767,145.1352277467,0,-26,-38,-38,0,-25,-30,-28
2025-05-10T13:43:41.527190,-37.9105211667,145.1348791667,-37.9104606883,145.1352277933,0,-27,-41,-41,0,-23,-30,-28
2025-05-10T13:43:42.023550,-37.9105211667,145.1348791667,-37.91046263,145.1352276217,0,-28,-40,-40,0,-27,-31,-28
2025-05-10T13:43:42.526430,-37.9105213333,145.1348791667,-37.910465225,145.1352279983,0,-29,-41,-41,0,-28,-30,-30
2025-05-10T13:43:43.022917,-37.9105213333,145.1348791667,-37.910468605,145.1352280867,0,-24,-39,-39,0,-25,-30,-30
2025-05-10T13:43:43.541120,-37.9105213333,145.1348791667,-37.91046989,145.135228085,0,-28,-37,-37,0,-27,-28,-30
2025-05-10T13:43:44.026972,-37.9105213333,145.1348791667,-37.91046989,145.135228085,0,-26,-39,-39,0,-26,-28,-30
2025-05-10T13:43:44.530703,-37.9105213333,145.1348791667,-37.9104734467,145.1352282433,0,-29,-40,-40,0,-25,-27,-30
2025-05-10T13:43:45.023511,-37.9105213333,145.1348791667,-37.910475695,145.1352288617,0,-28,-37,-37,0,-28,-28,-30
2025-05-10T13:43:45.527027,-37.9105215,145.134879,-37.91047898,145.1352297567,0,-25,-40,-40,0,-28,-28,-28
2025-05-10T13:43:46.023494,-37.9105215,145.134879,-37.91048201,145.1352298517,0,-22,-39,-38,0,-23,-28,-28
2025-05-10T13:43:46.523549,-37.9105215,145.134879,-37.91048335,145.1352296817,0,-30,-39,-39,0,-28,-29,-28
2025-05-10T13:43:47.026801,-37.9105215,145.134879,-37.91048335,145.1352296817,0,-21,-42,-41,0,-21,-29,-28
2025-05-10T13:43:47.526413,-37.9105215,145.134879,-37.9104870533,145.13522968,0,-29,-42,-42,0,-25,-28,-28
2025-05-10T13:43:48.023923,-37.9105215,145.134879,-37.91048977,145.13522973,0,-30,-39,-39,0,-28,-28,-28
2025-05-10T13:43:48.526774,-37.9105216667,145.134879,-37.9104931017,145.1352300033,0,-27,-43,-43,0,-27,-27,-27
2025-05-10T13:43:49.022959,-37.9105216667,145.134879,-37.9104963433,145.1352296533,0,-28,-40,-40,0,-29,-27,-27
2025-05-10T13:43:49.523752,-37.9105216667,145.134879,-37.9104974417,145.13522957,0,-27,-44,-44,0,-28,-27,-27
2025-05-10T13:43:50.030283,-37.9105216667,145.134879,-37.9104974417,145.13522957,0,-27,-46,-44,0,-28,-27,-27
2025-05-10T13:43:50.527226,-37.9105216667,145.134879,-37.9105008433,145.1352298467,0,-26,-49,-48,0,-24,-28,-27
2025-05-10T13:43:51.023018,-37.9105216667,145.134879,-37.9105031933,145.1352300833,0,-28,-45,-45,0,-28,-28,-27
2025-05-10T13:43:51.532215,-37.9105218333,145.134879,-37.9105066667,145.1352302667,0,-27,-46,-46,0,-28,-28,-27
2025-05-10T13:43:52.023485,-37.9105218333,145.134879,-37.9105104483,145.1352299433,0,-24,-50,-49,0,-28,-27,-27
2025-05-10T13:43:52.523195,-37.9105218333,145.134879,-37.9105116317,145.1352298167,0,-29,-50,-50,0,-28,-29,-27
2025-05-10T13:43:53.026988,-37.9105218333,145.134879,-37.9105116317,145.1352298167,0,-26,-51,-52,0,-26,-28,-27
2025-05-10T13:43:53.527245,-37.910522,145.134879,-37.9105150283,145.1352299317,0,-21,-51,-51,0,-21,-27,-27
2025-05-10T13:43:54.023237,-37.910522,145.134879,-37.9105171483,145.1352297583,0,-23,-50,-50,0,-21,-21,-27
2025-05-10T13:43:54.526541,-37.910522,145.134879,-37.9105203167,145.1352292783,0,-31,-52,-52,0,-27,-26,-26
2025-05-10T13:43:55.023245,-37.910522,145.134879,-37.9105241483,145.1352287467,0,-26,-48,-49,0,-25,-28,-26
2025-05-10T13:43:55.526725,-37.910522,145.134879,-37.9105253383,145.1352288183,0,-28,-47,-47,0,-26,-28,-26
2025-05-10T13:43:56.026994,-37.910522,145.134879,-37.9105253383,145.1352288183,0,-20,-47,-47,0,-25,-31,-26
2025-05-10T13:43:56.527052,-37.9105221667,145.1348791667,-37.91052885,145.1352289267,0,-26,-45,-45,0,-26,-31,-26
2025-05-10T13:43:57.023354,-37.9105221667,145.1348791667,-37.910530895,145.1352286017,0,-29,-43,-43,0,-25,-31,-26
2025-05-10T13:43:57.527186,-37.9105221667,145.1348791667,-37.91053417,145.1352286767,0,-30,-40,-40,0,-25,-28,-28
2025-05-10T13:43:58.023086,-37.9105221667,145.1348791667,-37.91053763,145.135228455,0,-20,-41,-40,0,-25,-28,-28
2025-05-10T13:43:58.523206,-37.9105223333,145.1348791667,-37.9105386633,145.1352283817,0,-26,-37,-37,0,-28,-28,-28
2025-05-10T13:43:59.027133,-37.9105223333,145.1348791667,-37.9105386633,145.1352283817,0,-25,-41,-42,0,-22,-30,-28
2025-05-10T13:43:59.527227,-37.9105223333,145.1348793333,-37.9105424483,145.1352282767,0,-30,-39,-39,0,-24,-31,-28
2025-05-10T13:44:00.023160,-37.9105223333,145.1348793333,-37.91054438,145.1352279633,0,-28,-39,-39,0,-28,-29,-28
2025-05-10T13:44:00.527200,-37.9105223333,145.1348793333,-37.9105447533,145.1352278683,0,-29,-39,-39,0,-28,-31,-28
2025-05-10T13:44:01.033089,-37.9105223333,145.1348793333,-37.9105447467,145.13522791,0,-25,-39,-39,0,-25,-30,-28
2025-05-10T13:44:01.523548,-37.9105225,145.1348793333,-37.9105447483,145.135227925,0,-29,-39,-39,0,-27,-31,-28
2025-05-10T13:44:02.026588,-37.9105225,145.1348793333,-37.9105447483,145.135227925,0,-24,-39,-39,0,-24,-30,-28
2025-05-10T13:44:02.527276,-37.9105225,145.1348793333,-37.9105447417,145.1352279517,0,-29,-39,-39,0,-24,-31,-28
2025-05-10T13:44:03.024497,-37.9105225,145.1348793333,-37.91054474,145.1352279667,0,-30,-38,-38,0,-28,-30,-28
2025-05-10T13:44:03.526377,-37.9105225,145.1348795,-37.9105447433,145.1352279783,0,-30,-38,-38,0,-29,-30,-30
2025-05-10T13:44:04.023242,-37.9105225,145.1348795,-37.9105447583,145.1352279833,0,-27,-39,-39,0,-28,-30,-30
2025-05-10T13:44:04.534543,-37.9105225,145.1348795,-37.9105447633,145.135227985,0,-25,-38,-38,0,-27,-30,-30
2025-05-10T13:44:05.027136,-37.9105225,145.1348795,-37.9105447633,145.135227985,0,-23,-40,-39,0,-28,-31,-30
2025-05-10T13:44:05.527148,-37.9105225,145.1348795,-37.9105447633,145.1352279783,0,-30,-39,-39,0,-27,-31,-30
2025-05-10T13:44:06.023808,-37.9105225,145.1348795,-37.9105447617,145.1352279817,0,-27,-38,-38,0,-28,-28,-30
2025-05-10T13:44:06.529907,-37.9105225,145.1348795,-37.9105447633,145.1352279817,0,-26,-39,-39,0,-26,-32,-32
2025-05-10T13:44:07.023397,-37.9105225,145.1348795,-37.9105447483,145.1352279867,0,-24,-39,-38,0,-24,-31,-32
2025-05-10T13:44:07.523435,-37.9105225,145.1348795,-37.9105447417,145.1352279983,0,-27,-41,-41,0,-28,-31,-32
2025-05-10T13:44:08.027325,-37.9105225,145.1348795,-37.9105447417,145.1352279983,0,-27,-40,-40,0,-26,-30,-32
2025-05-10T13:44:08.527219,-37.9105225,145.1348795,-37.91054473,145.1352280217,0,-26,-40,-40,0,-24,-31,-32
2025-05-10T13:44:09.023791,-37.9105225,145.1348795,-37.9105455483,145.1352281733,0,-28,-41,-41,0,-28,-30,-32
2025-05-10T13:44:09.526459,-37.9105225,145.1348796667,-37.9105490533,145.135227955,0,-28,-39,-39,0,-26,-31,-31
2025-05-10T13:44:10.023844,-37.9105225,145.1348796667,-37.910552415,145.135227765,0,-28,-35,-35,0,-28,-30,-31
2025-05-10T13:44:10.523056,-37.9105225,145.1348796667,-37.910553585,145.1352276167,0,-28,-35,-35,0,-28,-30,-31
2025-05-10T13:44:11.026848,-37.9105225,145.1348796667,-37.910553585,145.1352276167,0,-28,-35,-36,0,-25,-30,-31
2025-05-10T13:44:11.526945,-37.9105225,145.1348796667,-37.9105572533,145.1352267,0,-28,-36,-35,0,-24,-31,-31
2025-05-10T13:44:12.026859,-37.9105225,145.1348796667,-37.9105600883,145.1352256483,0,-28,-35,-35,0,-28,-31,-31
2025-05-10T13:44:12.526565,-37.9105225,145.1348796667,-37.91056452,145.1352240867,0,-25,-34,-34,0,-27,-31,-30
2025-05-10T13:44:13.023762,-37.9105225,145.1348796667,-37.9105681117,145.1352228617,0,-21,-33,-33,0,-28,-31,-30
2025-05-10T13:44:13.523037,-37.9105225,145.1348796667,-37.9105692433,145.1352225983,0,-31,-34,-34,0,-27,-32,-30
2025-05-10T13:44:14.036957,-37.9105225,145.1348796667,-37.9105692433,145.1352225983,0,-28,-35,-34,0,-25,-31,-30
2025-05-10T13:44:14.526375,-37.9105225,145.1348796667,-37.9105725383,145.1352212967,0,-28,-32,-32,0,-25,-31,-30
2025-05-10T13:44:15.023873,-37.9105225,145.1348796667,-37.9105747517,145.1352209867,0,-28,-32,-32,0,-24,-32,-30
2025-05-10T13:44:15.526587,-37.9105225,145.1348796667,-37.91057801,145.1352202683,0,-28,-33,-33,0,-28,-31,-31
2025-05-10T13:44:16.023930,-37.9105225,145.1348796667,-37.9105810383,145.13521961,0,-25,-31,-30,0,-26,-33,-31
2025-05-10T13:44:16.523613,-37.9105225,145.1348796667,-37.91058224,145.1352191133,0,-24,-31,-31,0,-24,-33,-31
2025-05-10T13:44:17.026661,-37.9105225,145.1348796667,-37.91058224,145.1352191133,0,-21,-32,-32,0,-20,-33,-31
2025-05-10T13:44:17.530090,-37.9105225,145.1348798333,-37.910585525,145.1352180667,0,-29,-31,-31,0,-23,-33,-31
2025-05-10T13:44:18.023943,-37.9105225,145.1348798333,-37.9105874817,145.1352174233,0,-28,-31,-31,0,-20,-23,-31
2025-05-10T13:44:18.526771,-37.9105225,145.1348798333,-37.9105904067,145.1352163283,0,-27,-32,-32,0,-28,-33,-33
2025-05-10T13:44:19.023747,-37.9105225,145.1348798333,-37.9105932033,145.1352146183,0,-23,-32,-31,0,-24,-35,-33
2025-05-10T13:44:19.523331,-37.9105225,145.1348798333,-37.91059401,145.1352142217,0,-31,-32,-32,0,-30,-36,-33
2025-05-10T13:44:20.027026,-37.9105225,145.1348798333,-37.91059401,145.1352142217,0,-23,-31,-31,0,-23,-34,-33
2025-05-10T13:44:20.526959,-37.9105225,145.1348798333,-37.9105959717,145.13521277,0,-30,-31,-31,0,-24,-36,-33
2025-05-10T13:44:21.023944,-37.9105225,145.1348798333,-37.9105976717,145.1352117133,0,-26,-31,-31,0,-24,-36,-33
2025-05-10T13:44:21.532095,-37.9105225,145.1348798333,-37.91060064,145.13521092,0,-28,-32,-32,0,-28,-37,-37
2025-05-10T13:44:22.023217,-37.9105225,145.1348798333,-37.9106037967,145.1352099583,0,-26,-31,-32,0,-26,-38,-37
2025-05-10T13:44:22.523471,-37.9105223333,145.1348798333,-37.9106048767,145.1352094967,0,-26,-30,-30,0,-27,-39,-37
2025-05-10T13:44:23.032366,-37.9105223333,145.1348798333,-37.9106048767,145.1352094967,0,-25,-29,-29,0,-25,-36,-37
2025-05-10T13:44:23.526665,-37.9105223333,145.1348798333,-37.9106081233,145.135207565,0,-27,-30,-30,0,-24,-37,-37
2025-05-10T13:44:24.023544,-37.9105223333,145.1348798333,-37.9106101233,145.1352064917,0,-26,-29,-29,0,-28,-37,-37
2025-05-10T13:44:24.526622,-37.9105223333,145.1348798333,-37.9106129183,145.1352046767,0,-28,-30,-30,0,-28,-37,-37
2025-05-10T13:44:25.023289,-37.9105223333,145.1348798333,-37.91061593,145.13520197,0,-25,-31,-30,0,-25,-40,-37
2025-05-10T13:44:25.523209,-37.9105223333,145.1348798333,-37.9106168033,145.1352011983,0,-30,-30,-30,0,-28,-39,-37
2025-05-10T13:44:26.027196,-37.9105223333,145.1348798333,-37.9106168033,145.1352011983,0,-25,-29,-28,0,-25,-38,-37
2025-05-10T13:44:26.527228,-37.9105223333,145.1348798333,-37.9106189383,145.1351997383,0,-27,-29,-29,0,-24,-39,-37
2025-05-10T13:44:27.023265,-37.9105223333,145.1348798333,-37.9106209033,145.135198615,0,-28,-28,-28,0,-28,-38,-37
2025-05-10T13:44:27.523928,-37.9105223333,145.1348798333,-37.91062365,145.135196835,0,-26,-29,-28,0,-26,-41,-41
2025-05-10T13:44:28.022860,-37.9105223333,145.1348798333,-37.9106261833,145.1351949417,0,-24,-28,-28,0,-24,-40,-41
2025-05-10T13:44:28.527013,-37.9105223333,145.1348798333,-37.9106272467,145.1351940917,0,-26,-28,-28,0,-27,-42,-41
2025-05-10T13:44:29.027230,-37.9105223333,145.1348798333,-37.9106272467,145.1351940917,0,-22,-28,-27,0,-23,-41,-41
2025-05-10T13:44:29.527026,-37.9105223333,145.1348798333,-37.9106301767,145.135191815,0,-30,-29,-29,0,-24,-44,-41
2025-05-10T13:44:30.023385,-37.9105223333,145.1348798333,-37.9106317367,145.1351903867,0,-26,-27,-27,0,-27,-42,-41
2025-05-10T13:44:30.526800,-37.9105223333,145.1348798333,-37.9106343933,145.135188125,0,-26,-28,-28,0,-28,-42,-42
2025-05-10T13:44:31.023737,-37.9105223333,145.1348798333,-37.9106372583,145.1351858083,0,-26,-27,-27,0,-25,-46,-42
2025-05-10T13:44:31.523409,-37.9105223333,145.1348798333,-37.9106383033,145.1351852783,0,-29,-27,-27,0,-27,-44,-42
2025-05-10T13:44:32.026825,-37.9105223333,145.1348798333,-37.9106383033,145.1351852783,0,-27,-27,-26,0,-26,-45,-42
2025-05-10T13:44:32.527095,-37.9105223333,145.1348798333,-37.91064139,145.135183245,0,-27,-27,-26,0,-22,-46,-42
2025-05-10T13:44:33.023252,-37.9105223333,145.1348798333,-37.9106435433,145.135181735,0,-27,-27,-27,0,-27,-51,-42
2025-05-10T13:44:33.526504,-37.9105223333,145.1348798333,-37.9106467817,145.135179525,0,-27,-27,-27,0,-26,-55,-52
2025-05-10T13:44:34.022989,-37.9105223333,145.1348798333,-37.91064957,145.1351767683,0,-20,-27,-27,0,-28,-55,-52
2025-05-10T13:44:34.523717,-37.9105223333,145.1348798333,-37.9106506517,145.1351758383,0,-26,-27,-27,0,-27,-58,-52
2025-05-10T13:44:35.037761,-37.9105223333,145.1348798333,-37.9106506517,145.1351758383,0,-28,-27,-27,0,-27,-52,-52
2025-05-10T13:44:35.527772,-37.9105223333,145.1348798333,-37.91065374,145.1351726567,0,-29,-26,-26,0,-27,-52,-52
2025-05-10T13:44:36.026717,-37.9105223333,145.1348798333,-37.9106558867,145.1351713433,0,-30,-26,-26,0,-27,-50,-52
2025-05-10T13:44:36.526477,-37.9105223333,145.13488,-37.9106587817,145.13516843,0,-26,-27,-27,0,-29,-45,-45
2025-05-10T13:44:37.023583,-37.9105223333,145.13488,-37.91066108,145.1351656467,0,-25,-27,-27,0,-25,-48,-45
2025-05-10T13:44:37.523648,-37.9105223333,145.13488,-37.910662105,145.1351644933,0,-29,-27,-27,0,-23,-49,-45
2025-05-10T13:44:38.026623,-37.9105223333,145.13488,-37.910662105,145.1351644933,0,-21,-27,-27,0,-20,-48,-45
2025-05-10T13:44:38.528990,-37.9105223333,145.13488,-37.9106645783,145.1351618117,0,-26,-27,-26,0,-24,-44,-45
2025-05-10T13:44:39.023591,-37.9105223333,145.13488,-37.9106665183,145.1351601,0,-30,-27,-27,0,-23,-46,-45
2025-05-10T13:44:39.532281,-37.9105223333,145.13488,-37.91066891,145.1351576217,0,-31,-27,-27,0,-26,-44,-44
2025-05-10T13:44:40.022994,-37.9105223333,145.13488,-37.9106712017,145.1351548567,0,-25,-26,-26,0,-25,-44,-44
2025-05-10T13:44:40.522833,-37.9105223333,145.1348801667,-37.9106718617,145.1351537583,0,-25,-26,-26,0,-24,-44,-44
2025-05-10T13:44:41.026772,-37.9105223333,145.1348801667,-37.9106718617,145.1351537583,0,-26,-27,-27,0,-26,-43,-44
2025-05-10T13:44:41.526940,-37.9105223333,145.1348801667,-37.910674265,145.1351505833,0,-29,-28,-28,0,-25,-42,-44
2025-05-10T13:44:42.023346,-37.9105223333,145.1348801667,-37.9106757167,145.1351479483,0,-30,-27,-27,0,-21,-23,-44
2025-05-10T13:44:42.526945,-37.9105223333,145.1348801667,-37.9106778683,145.1351441417,0,-31,-29,-29,0,-30,-41,-41
2025-05-10T13:44:43.022928,-37.9105223333,145.1348801667,-37.91068004,145.13514148,0,-25,-28,-28,0,-25,-42,-41
2025-05-10T13:44:43.523190,-37.9105223333,145.1348803333,-37.9106809,145.13514065,0,-26,-28,-28,0,-28,-42,-41
2025-05-10T13:44:44.026435,-37.9105223333,145.1348803333,-37.9106809,145.13514065,0,-26,-28,-28,0,-25,-41,-41
2025-05-10T13:44:44.536460,-37.9105223333,145.1348803333,-37.9106833617,145.13513706,0,-29,-28,-28,0,-24,-42,-41
2025-05-10T13:44:45.026475,-37.9105223333,145.1348803333,-37.91068497,145.1351348083,0,-28,-28,-28,0,-24,-41,-41
2025-05-10T13:44:45.526545,-37.9105221667,145.1348803333,-37.910687035,145.1351318167,0,-30,-28,-28,0,-28,-42,-42
2025-05-10T13:44:46.022812,-37.9105221667,145.1348803333,-37.91068836,145.135128955,0,-23,-28,-28,0,-24,-40,-42
2025-05-10T13:44:46.522960,-37.9105221667,145.1348805,-37.9106888267,145.13512828,0,-31,-27,-27,0,-27,-40,-42
2025-05-10T13:44:47.026894,-37.9105221667,145.1348805,-37.9106888267,145.13512828,0,-24,-28,-27,0,-24,-40,-42
2025-05-10T13:44:47.527476,-37.9105221667,145.1348805,-37.9106909267,145.1351269817,0,-30,-28,-28,0,-25,-40,-42
2025-05-10T13:44:48.023247,-37.9105221667,145.1348805,-37.9106924583,145.1351252833,0,-31,-26,-26,0,-27,-39,-42
2025-05-10T13:44:48.526439,-37.9105221667,145.1348806667,-37.9106942433,145.1351217117,0,-30,-28,-28,0,-28,-39,-39
2025-05-10T13:44:49.023054,-37.9105221667,145.1348806667,-37.9106955267,145.1351178667,0,-24,-29,-29,0,-24,-41,-39
2025-05-10T13:44:49.523546,-37.9105221667,145.1348806667,-37.9106958517,145.1351164367,0,-27,-28,-28,0,-28,-41,-39
2025-05-10T13:44:50.026410,-37.9105221667,145.1348806667,-37.9106958517,145.1351164367,0,-26,-28,-29,0,-25,-42,-39
2025-05-10T13:44:50.530598,-37.9105221667,145.1348806667,-37.9106959167,145.135111785,0,-26,-28,-28,0,-24,-41,-39
2025-05-10T13:44:51.023831,-37.9105221667,145.1348806667,-37.91069573,145.1351086967,0,-31,-28,-28,0,-26,-41,-39
2025-05-10T13:44:51.532157,-37.910522,145.1348808333,-37.910695085,145.1351042167,0,-29,-28,-28,0,-28,-41,-41
2025-05-10T13:44:52.022993,-37.910522,145.1348808333,-37.9106942667,145.1350998217,0,-24,-27,-28,0,-24,-40,-41
2025-05-10T13:44:52.522741,-37.910522,145.1348808333,-37.9106940467,145.1350984033,0,-26,-25,-25,0,-28,-39,-41
2025-05-10T13:44:53.026524,-37.910522,145.1348808333,-37.9106940467,145.1350984033,0,-27,-25,-25,0,-27,-37,-41
2025-05-10T13:44:53.527066,-37.910522,145.1348808333,-37.9106933017,145.1350928867,0,-27,-25,-25,0,-25,-37,-41
2025-05-10T13:44:54.023277,-37.910522,145.1348808333,-37.9106924517,145.1350899983,0,-26,-25,-25,0,-26,-37,-41
2025-05-10T13:44:54.527209,-37.910522,145.1348808333,-37.910691495,145.1350869217,0,-27,-25,-24,0,-27,-37,-36
2025-05-10T13:44:55.024783,-37.910522,145.1348808333,-37.9106900533,145.1350820167,0,-25,-25,-24,0,-28,-37,-36
2025-05-10T13:44:55.523445,-37.910522,145.134881,-37.9106895467,145.1350805583,0,-27,-25,-25,0,-27,-38,-36
2025-05-10T13:44:56.026755,-37.910522,145.134881,-37.9106895467,145.1350805583,0,-23,-25,-24,0,-28,-38,-36
2025-05-10T13:44:56.523003,-37.910522,145.134881,-37.9106883333,145.1350768567,0,-24,-24,-24,0,-28,-38,-36
2025-05-10T13:44:57.023024,-37.910522,145.134881,-37.9106874583,145.1350743017,0,-28,-24,-24,0,-24,-38,-36
2025-05-10T13:44:57.527073,-37.910522,145.134881,-37.9106855083,145.1350704217,0,-31,-24,-24,0,-29,-38,-38
2025-05-10T13:44:58.023121,-37.910522,145.134881,-37.9106839233,145.1350663617,0,-24,-24,-24,0,-24,-39,-38
2025-05-10T13:44:58.523056,-37.910522,145.1348811667,-37.9106833167,145.1350650383,0,-27,-24,-24,0,-24,-39,-38
2025-05-10T13:44:59.026528,-37.910522,145.1348811667,-37.9106833167,145.1350650383,0,-24,-24,-24,0,-24,-39,-38
2025-05-10T13:44:59.523437,-37.910522,145.1348811667,-37.9106811083,145.135061295,0,-29,-23,-23,0,-25,-39,-38
2025-05-10T13:45:00.023166,-37.910522,145.1348811667,-37.9106797883,145.1350589383,0,-30,-23,-23,0,-23,-39,-38
2025-05-10T13:45:00.523509,-37.9105218333,145.1348811667,-37.9106784867,145.1350557283,0,-31,-23,-23,0,-25,-39,-38
2025-05-10T13:45:01.023057,-37.9105218333,145.1348811667,-37.910677455,145.13505315,0,-23,-23,-23,0,-23,-38,-38
2025-05-10T13:45:01.527067,-37.9105218333,145.1348811667,-37.910677035,145.1350524183,0,-28,-23,-23,0,-22,-39,-38
2025-05-10T13:45:02.026739,-37.9105218333,145.1348811667,-37.910677035,145.1350524183,0,-24,-23,-23,0,-24,-39,-38
2025-05-10T13:45:02.527839,-37.9105218333,145.1348811667,-37.9106760333,145.1350497583,0,-30,-23,-23,0,-24,-39,-38
2025-05-10T13:45:03.023595,-37.9105218333,145.1348811667,-37.9106751367,145.1350478933,0,-24,-22,-22,0,-29,-39,-38
2025-05-10T13:45:03.526902,-37.9105218333,145.1348811667,-37.9106735267,145.1350449583,0,-30,-23,-23,0,-28,-39,-39
2025-05-10T13:45:04.022961,-37.9105218333,145.1348811667,-37.91067215,145.1350420867,0,-24,-23,-23,0,-25,-39,-39
2025-05-10T13:45:04.523577,-37.9105218333,145.1348811667,-37.9106716517,145.135041135,0,-28,-23,-23,0,-28,-40,-39
2025-05-10T13:45:05.026513,-37.9105218333,145.1348811667,-37.9106716517,145.135041135,0,-27,-23,-22,0,-25,-39,-39
2025-05-10T13:45:05.535321,-37.9105218333,145.1348811667,-37.910669875,145.1350382,0,-27,-23,-22,0,-25,-39,-39
2025-05-10T13:45:06.023690,-37.9105218333,145.1348811667,-37.91066884,145.1350358633,0,-28,-23,-23,0,-20,-23,-39
2025-05-10T13:45:06.526833,-37.9105216667,145.1348811667,-37.9106674083,145.1350327317,0,-29,-22,-22,0,-30,-40,-40
2025-05-10T13:45:07.023005,-37.9105216667,145.1348811667,-37.9106657333,145.1350295367,0,-24,-22,-22,0,-23,-40,-40
2025-05-10T13:45:07.522971,-37.9105216667,145.1348811667,-37.9106652383,145.1350282783,0,-27,-22,-22,0,-28,-40,-40
2025-05-10T13:45:08.026555,-37.9105216667,145.1348811667,-37.9106652383,145.1350282783,0,-22,-22,-22,0,-23,-40,-40
2025-05-10T13:45:08.528236,-37.9105216667,145.1348811667,-37.910663575,145.1350247383,0,-26,-14,-14,0,-24,-40,-40
2025-05-10T13:45:09.027853,-37.9105216667,145.1348811667,-37.9106621433,145.1350223517,0,-30,-23,-23,0,-27,-42,-40
2025-05-10T13:45:09.526838,-37.9105216667,145.1348811667,-37.9106603883,145.135018835,0,-28,-22,-22,0,-28,-40,-40
2025-05-10T13:45:10.022740,-37.9105216667,145.1348811667,-37.9106589067,145.1350159,0,-24,-14,-14,0,-22,-41,-40
2025-05-10T13:45:10.523805,-37.9105216667,145.1348811667,-37.91065845,145.1350148233,0,-30,-22,-22,0,-28,-43,-40
2025-05-10T13:45:11.027224,-37.9105216667,145.1348811667,-37.91065845,145.1350148233,0,-24,-14,-14,0,-22,-45,-40
2025-05-10T13:45:11.523538,-37.9105215,145.134881,-37.9106567917,145.1350111367,0,-27,-14,-14,0,-24,-45,-40
2025-05-10T13:45:12.024532,-37.9105215,145.134881,-37.9106556983,145.1350086717,0,-26,-14,-14,0,-26,-45,-40
2025-05-10T13:45:12.531801,-37.9105215,145.134881,-37.91065327,145.1350054867,0,-25,-14,-14,0,-28,-48,-48
2025-05-10T13:45:13.023068,-37.9105215,145.134881,-37.9106510683,145.1350020767,0,-24,-14,-14,0,-21,-48,-48
2025-05-10T13:45:13.523276,-37.9105215,145.134881,-37.9106503183,145.135001015,0,-26,-22,-22,0,-28,-50,-48
2025-05-10T13:45:14.026320,-37.9105215,145.134881,-37.9106503183,145.135001015,0,-28,-14,-14,0,-28,-49,-48
2025-05-10T13:45:14.523910,-37.9105215,145.1348808333,-37.9106481633,145.1349973917,0,-28,-15,-15,0,-27,-48,-48
2025-05-10T13:45:15.029907,-37.9105215,145.1348808333,-37.9106470733,145.1349950733,0,-27,-22,-22,0,-30,-47,-48
2025-05-10T13:45:15.526906,-37.9105215,145.1348808333,-37.9106453183,145.1349917167,0,-28,-14,-14,0,-28,-49,-49
2025-05-10T13:45:16.023568,-37.9105215,145.1348808333,-37.910643525,145.1349887983,0,-27,-15,-14,0,-26,-48,-49
2025-05-10T13:45:16.524005,-37.9105215,145.1348808333,-37.9106430217,145.134987755,0,-28,-15,-14,0,-27,-44,-49
2025-05-10T13:45:17.027023,-37.9105215,145.1348808333,-37.9106430217,145.134987755,0,-24,-14,-14,0,-25,-45,-49
2025-05-10T13:45:17.528191,-37.9105215,145.1348808333,-37.9106413067,145.13498505,0,-28,-15,-15,0,-28,-44,-49
2025-05-10T13:45:18.027049,-37.9105215,145.1348808333,-37.9106400033,145.1349827533,0,-25,-15,-15,0,-27,-43,-49
2025-05-10T13:45:18.527157,-37.9105215,145.1348806667,-37.9106379717,145.1349795167,0,-27,-22,-22,0,-29,-42,-43
2025-05-10T13:45:19.023608,-37.9105215,145.1348806667,-37.9106363433,145.1349765667,0,-21,-22,-22,0,-21,-43,-43
2025-05-10T13:45:19.524081,-37.9105215,145.1348806667,-37.910635755,145.134975445,0,-30,-22,-22,0,-19,-42,-43
2025-05-10T13:45:20.027108,-37.9105215,145.1348806667,-37.910635755,145.134975445,0,-24,-23,-23,0,-25,-41,-43
2025-05-10T13:45:20.527860,-37.9105215,145.1348806667,-37.9106338517,145.1349718333,0,-31,-24,-24,0,-26,-42,-43
2025-05-10T13:45:21.024178,-37.9105215,145.1348806667,-37.910632535,145.1349692767,0,-27,-23,-23,0,-27,-42,-43
2025-05-10T13:45:21.532071,-37.9105215,145.1348805,-37.91063038,145.134965505,0,-28,-24,-24,0,-29,-40,-40
2025-05-10T13:45:22.022991,-37.9105215,145.1348805,-37.910628285,145.1349617533,0,-24,-24,-23,0,-24,-39,-40
2025-05-10T13:45:22.523879,-37.9105215,145.1348805,-37.91062762,145.13496047,0,-28,-24,-24,0,-26,-39,-40
2025-05-10T13:45:23.027060,-37.9105215,145.1348805,-37.91062762,145.13496047,0,-25,-25,-24,0,-25,-38,-40
2025-05-10T13:45:23.528135,-37.9105213333,145.1348805,-37.9106257733,145.1349574517,0,-26,-25,-25,0,-26,-37,-40
2025-05-10T13:45:24.023308,-37.9105213333,145.1348805,-37.9106245417,145.134955425,0,-26,-25,-25,0,-29,-37,-40
2025-05-10T13:45:24.526807,-37.9105213333,145.1348805,-37.910622775,145.1349521133,0,-26,-26,-26,0,-28,-36,-36
2025-05-10T13:45:25.023165,-37.9105213333,145.1348805,-37.9106203833,145.1349491267,0,-26,-26,-26,0,-26,-36,-36
2025-05-10T13:45:25.523526,-37.9105213333,145.1348803333,-37.9106195217,145.1349479467,0,-28,-26,-26,0,-28,-35,-36
2025-05-10T13:45:26.026789,-37.9105213333,145.1348803333,-37.9106195217,145.1349479467,0,-24,-27,-26,0,-25,-36,-36
2025-05-10T13:45:26.523305,-37.9105213333,145.1348803333,-37.9106171517,145.1349445467,0,-28,-27,-27,0,-25,-36,-36
2025-05-10T13:45:27.024168,-37.9105213333,145.1348803333,-37.9106156533,145.134942165,0,-30,-28,-28,0,-28,-36,-36
2025-05-10T13:45:27.526399,-37.9105213333,145.1348803333,-37.9106132833,145.1349389267,0,-31,-30,-30,0,-29,-36,-36
2025-05-10T13:45:28.023180,-37.9105213333,145.1348803333,-37.9106115033,145.1349354933,0,-25,-31,-31,0,-26,-37,-36
2025-05-10T13:45:28.524678,-37.9105213333,145.1348803333,-37.9106109117,145.1349343433,0,-31,-33,-33,0,-29,-37,-36
2025-05-10T13:45:29.026530,-37.9105213333,145.1348803333,-37.9106109117,145.1349343433,0,-25,-35,-34,0,-25,-38,-36
2025-05-10T13:45:29.523521,-37.9105213333,145.1348801667,-37.9106082917,145.1349300267,0,-28,-37,-37,0,-25,-41,-36
2025-05-10T13:45:30.023584,-37.9105213333,145.1348801667,-37.9106073017,145.13492809,0,-29,-41,-41,0,-19,-23,-36
2025-05-10T13:45:30.526706,-37.9105211667,145.1348801667,-37.9106059583,145.13492656,0,-28,-43,-43,0,-30,-43,-43
2025-05-10T13:45:31.023707,-37.9105211667,145.1348801667,-37.9106036517,145.13492433,0,-25,-42,-44,0,-23,-46,-43
2025-05-10T13:45:31.523309,-37.9105211667,145.1348801667,-37.9106028067,145.1349236317,0,-28,-41,-41,0,-26,-44,-43
2025-05-10T13:45:32.026837,-37.9105211667,145.1348801667,-37.9106028067,145.1349236317,0,-24,-39,-39,0,-26,-42,-43
2025-05-10T13:45:32.523515,-37.9105211667,145.1348801667,-37.91060005,145.1349218,0,-30,-42,-42,0,-22,-41,-43
2025-05-10T13:45:33.023220,-37.9105211667,145.1348801667,-37.91059772,145.1349208533,0,-27,-44,-44,0,-26,-42,-43
2025-05-10T13:45:33.526718,-37.9105211667,145.1348801667,-37.910594955,145.13492008,0,-28,-39,-39,0,-27,-41,-43
2025-05-10T13:45:34.023172,-37.9105211667,145.1348801667,-37.9105937567,145.1349199283,0,-24,-34,-34,0,-24,-36,-43
2025-05-10T13:45:34.527301,-37.9105211667,145.13488,-37.9105929817,145.1349197317,0,-30,-31,-31,0,-26,-36,-43
2025-05-10T13:45:35.026838,-37.9105211667,145.13488,-37.9105929817,145.1349197317,0,-27,-33,-33,0,-28,-37,-43
2025-05-10T13:45:35.524345,-37.910521,145.13488,-37.910592215,145.13491959,0,-29,-32,-32,0,-22,-37,-43
2025-05-10T13:45:36.031735,-37.910521,145.13488,-37.9105921983,145.1349195783,0,-27,-32,-32,0,-28,-37,-43
2025-05-10T13:45:36.532412,-37.910521,145.13488,-37.91059219,145.1349195817,0,-27,-30,-30,0,-27,-39,-39
2025-05-10T13:45:37.023778,-37.910521,145.13488,-37.9105921783,145.13491958,0,-28,-29,-29,0,-28,-39,-39
2025-05-10T13:45:37.526660,-37.910521,145.1348798333,-37.910592175,145.13491958,0,-29,-29,-28,0,-28,-38,-39
2025-05-10T13:45:38.027878,-37.910521,145.1348798333,-37.910592175,145.13491958,0,-25,-26,-27,0,-28,-35,-39
2025-05-10T13:45:38.523887,-37.910521,145.1348798333,-37.91059216,145.1349195883,0,-31,-25,-25,0,-29,-37,-39
2025-05-10T13:45:39.024903,-37.910521,145.1348798333,-37.9105914867,145.1349198433,0,-29,-24,-24,0,-25,-34,-39
2025-05-10T13:45:39.526998,-37.910521,145.1348798333,-37.9105890817,145.1349198183,0,-29,-24,-24,0,-25,-34,-39
2025-05-10T13:45:40.022926,-37.910521,145.1348798333,-37.910586645,145.134919925,0,-25,-23,-23,0,-24,-33,-35
2025-05-10T13:45:40.524233,-37.910521,145.1348798333,-37.910585815,145.1349200767,0,-27,-14,-14,0,-25,-34,-35
2025-05-10T13:45:41.027545,-37.910521,145.1348798333,-37.910585815,145.1349200767,0,-25,-13,-13,0,-24,-31,-35
2025-05-10T13:45:41.524330,-37.9105208333,145.1348798333,-37.910583315,145.134920185,0,-30,-12,-12,0,-26,-31,-35
2025-05-10T13:45:42.023980,-37.9105208333,145.1348798333,-37.9105816167,145.1349198583,0,-28,-11,-11,0,-22,-31,-35
2025-05-10T13:45:42.527193,-37.9105208333,145.1348796667,-37.91057928,145.1349206917,0,-28,-11,-11,0,-28,-32,-32
2025-05-10T13:45:43.023864,-37.9105208333,145.1348796667,-37.9105768367,145.134920975,0,-24,-10,-10,0,-24,-35,-32
2025-05-10T13:45:43.524084,-37.9105208333,145.1348796667,-37.910576055,145.1349210167,0,-29,-10,-10,0,-24,-34,-32
2025-05-10T13:45:44.026828,-37.9105208333,145.1348796667,-37.910576055,145.1349210167,0,-25,-10,-10,0,-24,-33,-32
2025-05-10T13:45:44.523602,-37.9105208333,145.1348796667,-37.9105732333,145.1349209717,0,-30,-8,-8,0,-25,-34,-32
2025-05-10T13:45:45.025011,-37.9105208333,145.1348796667,-37.91057152,145.1349212133,0,-29,-8,-8,0,-29,-34,-32
2025-05-10T13:45:45.537034,-37.9105206667,145.1348796667,-37.910569215,145.134921165,0,-30,-8,-8,0,-28,-34,-34
2025-05-10T13:45:46.023520,-37.9105206667,145.1348796667,-37.910567,145.1349211583,0,-25,-7,-7,0,-26,-31,-34
2025-05-10T13:45:46.524157,-37.9105206667,145.1348796667,-37.9105660567,145.1349212767,0,-27,-6,-6,0,-29,-30,-34
2025-05-10T13:45:47.026919,-37.9105206667,145.1348796667,-37.9105660567,145.1349212767,0,-26,-7,-7,0,-26,-27,-34
2025-05-10T13:45:47.522974,-37.9105206667,145.1348796667,-37.9105624217,145.1349213417,0,-28,-6,-6,0,-25,-26,-34
2025-05-10T13:45:48.024135,-37.9105206667,145.1348796667,-37.9105606467,145.1349215283,0,-27,-5,-5,0,-28,-26,-34
2025-05-10T13:45:48.527061,-37.9105205,145.1348796667,-37.9105590033,145.134921835,0,-31,-5,-5,0,-28,-25,-25
2025-05-10T13:45:49.024094,-37.9105205,145.1348796667,-37.9105563733,145.1349222233,0,-24,-5,-4,0,-24,-25,-25
2025-05-10T13:45:49.523066,-37.9105205,145.1348796667,-37.9105553867,145.1349223083,0,-28,-5,-5,0,-28,-24,-25
2025-05-10T13:45:50.027156,-37.9105205,145.1348796667,-37.9105553867,145.1349223083,0,-24,-4,-4,0,-25,-23,-25
2025-05-10T13:45:50.524620,-37.9105203333,145.1348796667,-37.9105525433,145.1349223417,0,-29,-5,-5,0,-24,-24,-25
2025-05-10T13:45:51.024206,-37.9105203333,145.1348796667,-37.9105508467,145.1349221667,0,-29,-4,-4,0,-28,-25,-25
2025-05-10T13:45:51.533053,-37.9105203333,145.1348796667,-37.9105482617,145.1349226867,0,-25,-5,-5,0,-30,-28,-28
2025-05-10T13:45:52.023855,-37.9105203333,145.1348796667,-37.9105457933,145.1349229667,0,-26,-4,-4,0,-20,-39,-28
2025-05-10T13:45:52.524221,-37.9105203333,145.1348795,-37.910544965,145.1349231817,0,-29,-4,-4,0,-27,-53,-28
2025-05-10T13:45:53.027197,-37.9105203333,145.1348795,-37.910544965,145.1349231817,0,-25,-5,-5,0,-26,-28,-28
2025-05-10T13:45:53.524408,-37.9105203333,145.1348795,-37.9105425883,145.1349240017,0,-27,-6,-6,0,-25,-25,-28
2025-05-10T13:45:54.023397,-37.9105203333,145.1348795,-37.9105408583,145.1349243317,0,-28,-8,-8,0,-20,-23,-28
2025-05-10T13:45:54.527183,-37.9105201667,145.1348795,-37.910538185,145.1349248333,0,-29,-11,-11,0,-24,-22,-22
2025-05-10T13:45:55.023699,-37.9105201667,145.1348795,-37.910535345,145.1349255667,0,-25,-13,-13,0,-24,-13,-22
2025-05-10T13:45:55.523942,-37.9105201667,145.1348795,-37.910534265,145.134925825,0,-26,-24,-24,0,-28,-11,-22
2025-05-10T13:45:56.027184,-37.9105201667,145.1348795,-37.910534265,145.134925825,0,-28,-30,-28,0,-28,-10,-22
2025-05-10T13:45:56.524483,-37.9105201667,145.1348795,-37.91053088,145.1349262817,0,-30,-30,-30,0,-25,-9,-22
2025-05-10T13:45:57.025230,-37.9105201667,145.1348795,-37.9105287333,145.13492647,0,-25,-37,-37,0,-28,-8,-22
2025-05-10T13:45:57.527339,-37.9105201667,145.1348795,-37.9105254733,145.1349274933,0,-29,-41,-41,0,-26,-7,-6
2025-05-10T13:45:58.023660,-37.9105201667,145.1348795,-37.910524505,145.13492772,0,-27,-33,-34,0,-27,-6,-6
2025-05-10T13:45:58.523329,-37.9105201667,145.1348793333,-37.9105211767,145.1349286,0,-27,-31,-31,0,-27,-5,-6
2025-05-10T13:45:59.026653,-37.9105201667,145.1348793333,-37.9105211767,145.1349286,0,-25,-31,-30,0,-27,-7,-6
2025-05-10T13:45:59.521649,-37.9105201667,145.1348793333,-37.9105200933,145.1349288667,0,-28,-30,-30,0,-24,-9,-6
2025-05-10T13:46:00.021515,-37.9105201667,145.1348793333,-37.9105200933,145.1349288667,0,-30,-32,-32,0,-28,-10,-6
2025-05-10T13:46:00.524892,-37.9105201667,145.1348793333,-37.9105200933,145.1349288667,0,-29,-36,-36,0,-26,-11,-11
2025-05-10T13:46:01.021550,-37.9105201667,145.1348793333,-37.9105200933,145.1349288667,0,-21,-43,-42,0,-23,-13,-11
2025-05-10T13:46:01.522957,-37.9105201667,145.1348793333,-37.9105083167,145.1349300883,0,-27,-47,-47,0,-26,-13,-11
2025-05-10T13:46:02.024737,-37.9105201667,145.1348793333,-37.9105083167,145.1349300883,0,-17,-53,-50,0,-21,-15,-11
2025-05-10T13:46:02.524452,-37.9105201667,145.1348791667,-37.9105047533,145.1349306467,0,-28,-40,-40,0,-24,-25,-11
2025-05-10T13:46:03.024763,-37.9105201667,145.1348791667,-37.91050254,145.13493083,0,-25,-42,-42,0,-23,-25,-11
2025-05-10T13:46:03.526861,-37.9105201667,145.1348791667,-37.910498795,145.1349306767,0,-29,-45,-45,0,-28,-29,-29
2025-05-10T13:46:04.023763,-37.9105201667,145.1348791667,-37.9104953083,145.1349297267,0,-26,-45,-46,0,-24,-32,-29
2025-05-10T13:46:04.526938,-37.9105201667,145.1348791667,-37.9104943083,145.134929515,0,-30,-48,-48,0,-21,-36,-29
2025-05-10T13:46:05.027588,-37.9105201667,145.1348791667,-37.9104943083,145.134929515,0,-25,-48,-48,0,-27,-41,-29
2025-05-10T13:46:05.523872,-37.9105201667,145.1348791667,-37.9104943083,145.134929515,0,-28,-52,-52,0,-25,-47,-29
2025-05-10T13:46:06.023549,-37.9105201667,145.1348791667,-37.9104943083,145.134929515,0,-28,-44,-44,0,-21,-45,-29
2025-05-10T13:46:06.544003,-37.9105201667,145.134879,-37.9104853367,145.1349285917,0,-31,-46,-46,0,-29,-41,-29
2025-05-10T13:46:07.024570,-37.9105201667,145.134879,-37.91048198,145.13492854,0,-23,-45,-45,0,-29,-47,-29
2025-05-10T13:46:07.523947,-37.9105201667,145.134879,-37.910480935,145.1349282417,0,-31,-47,-47,0,-24,-35,-29
2025-05-10T13:46:08.027905,-37.9105201667,145.134879,-37.910480935,145.1349282417,0,-17,-50,-50,0,-24,-32,-29
2025-05-10T13:46:08.523913,-37.9105201667,145.134879,-37.9104798717,145.13492771,0,-28,-46,-46,0,-25,-29,-29
2025-05-10T13:46:09.023899,-37.9105201667,145.134879,-37.9104767867,145.134927115,0,-30,-43,-43,0,-28,-28,-29
2025-05-10T13:46:09.527365,-37.9105203333,145.134879,-37.9104758867,145.1349271367,0,-28,-41,-41,0,-27,-27,-27
2025-05-10T13:46:10.034407,-37.9105203333,145.134879,-37.9104758867,145.1349271367,0,-21,-39,-40,0,-22,-26,-26
2025-05-10T13:46:10.523856,-37.9105203333,145.134879,-37.9104758867,145.1349271367,0,-30,-38,-38,0,-26,-26,-26
2025-05-10T13:46:11.028356,-37.9105203333,145.134879,-37.9104703833,145.1349333517,0,-24,-40,-40,0,-25,-25,-26
2025-05-10T13:46:11.524566,-37.9105203333,145.134879,-37.9104680817,145.1349371717,0,-31,-47,-47,0,-26,-26,-26
2025-05-10T13:46:12.028219,-37.9105203333,145.134879,-37.910466265,145.1349396517,0,-22,-48,-48,0,-27,-27,-26
2025-05-10T13:46:12.526688,-37.9105203333,145.1348788333,-37.9104630667,145.13494269,0,-23,-49,-49,0,-30,-26,-26
2025-05-10T13:46:13.024064,-37.9105203333,145.1348788333,-37.9104603817,145.1349468083,0,-21,-45,-46,0,-24,-26,-26
2025-05-10T13:46:13.524032,-37.9105203333,145.1348788333,-37.91045977,145.1349486917,0,-31,-38,-38,0,-27,-25,-26
2025-05-10T13:46:14.026842,-37.9105203333,145.1348788333,-37.91045977,145.1349486917,0,-23,-36,-37,0,-22,-25,-26
2025-05-10T13:46:14.524117,-37.9105203333,145.1348788333,-37.9104578267,145.134953955,0,-28,-34,-34,0,-25,-25,-26
2025-05-10T13:46:15.024004,-37.9105203333,145.1348788333,-37.9104564383,145.134957465,0,-26,-34,-34,0,-27,-25,-26
2025-05-10T13:46:15.527420,-37.9105203333,145.1348788333,-37.9104543517,145.1349626467,0,-28,-33,-33,0,-28,-24,-24
2025-05-10T13:46:16.023022,-37.9105203333,145.1348788333,-37.910452685,145.134966645,0,-23,-34,-33,0,-23,-25,-24
2025-05-10T13:46:16.523508,-37.9105203333,145.1348788333,-37.91045212,145.1349678317,0,-29,-33,-33,0,-28,-25,-24
2025-05-10T13:46:17.027226,-37.9105203333,145.1348788333,-37.91045212,145.1349678317,0,-25,-34,-33,0,-27,-26,-24
2025-05-10T13:46:17.524218,-37.9105203333,145.1348786667,-37.9104502967,145.13497146,0,-28,-33,-33,0,-24,-25,-24
2025-05-10T13:46:18.023595,-37.9105203333,145.1348786667,-37.9104488733,145.134973645,0,-25,-34,-34,0,-28,-26,-24
2025-05-10T13:46:18.527501,-37.9105203333,145.1348786667,-37.9104466383,145.1349768617,0,-30,-35,-35,0,-28,-28,-24
2025-05-10T13:46:19.023018,-37.9105203333,145.1348786667,-37.9104455117,145.1349810133,0,-28,-36,-35,0,-27,-28,-24
2025-05-10T13:46:19.526350,-37.9105203333,145.1348786667,-37.910445225,145.1349824067,0,-28,-36,-36,0,-28,-30,-24
2025-05-10T13:46:20.026349,-37.9105203333,145.1348786667,-37.910445225,145.1349824067,0,-26,-39,-38,0,-26,-32,-24
2025-05-10T13:46:20.522869,-37.9105203333,145.1348786667,-37.9104454817,145.1349861633,0,-30,-45,-43,0,-23,-36,-24
2025-05-10T13:46:21.023232,-37.9105203333,145.1348786667,-37.9104461683,145.1349886317,0,-27,-39,-39,0,-29,-35,-24
2025-05-10T13:46:21.533174,-37.9105203333,145.1348786667,-37.9104476633,145.1349922317,0,-26,-41,-41,0,-28,-38,-37
2025-05-10T13:46:22.023055,-37.9105203333,145.1348786667,-37.9104494783,145.1349950667,0,-22,-41,-40,0,-24,-36,-37
2025-05-10T13:46:22.523585,-37.9105203333,145.1348786667,-37.9104502433,145.134995785,0,-27,-37,-37,0,-27,-36,-37
2025-05-10T13:46:23.027215,-37.9105203333,145.1348786667,-37.9104502433,145.134995785,0,-22,-43,-42,0,-23,-40,-37
2025-05-10T13:46:23.525143,-37.9105203333,145.1348786667,-37.9104532533,145.1349974833,0,-20,-47,-47,0,-27,-43,-37
2025-05-10T13:46:24.024171,-37.9105203333,145.1348786667,-37.9104559117,145.13499887,0,-25,-48,-48,0,-28,-41,-37
2025-05-10T13:46:24.527481,-37.9105203333,145.1348785,-37.910459295,145.13500016,0,-29,-47,-47,0,-30,-34,-34
2025-05-10T13:46:25.023193,-37.9105203333,145.1348785,-37.9104611633,145.13500124,0,-24,-43,-44,0,-24,-31,-34
2025-05-10T13:46:25.523184,-37.9105203333,145.1348785,-37.9104617867,145.13500164,0,-27,-41,-41,0,-24,-31,-34
2025-05-10T13:46:26.026541,-37.9105203333,145.1348785,-37.9104617867,145.13500164,0,-25,-39,-38,0,-26,-29,-34
2025-05-10T13:46:26.524584,-37.9105203333,145.1348785,-37.9104637533,145.1350027983,0,-29,-39,-39,0,-25,-27,-34
2025-05-10T13:46:27.025110,-37.9105203333,145.1348785,-37.9104651917,145.1350035133,0,-28,-35,-35,0,-26,-27,-34
2025-05-10T13:46:27.527296,-37.9105203333,145.1348785,-37.9104676717,145.1350042917,0,-28,-37,-37,0,-30,-24,-24
2025-05-10T13:46:28.023006,-37.9105203333,145.1348785,-37.91047032,145.1350043817,0,-21,-39,-38,0,-23,-23,-24
2025-05-10T13:46:28.525675,-37.9105203333,145.1348785,-37.9104713717,145.1350042783,0,-30,-38,-38,0,-29,-22,-24
2025-05-10T13:46:29.026413,-37.9105203333,145.1348785,-37.9104713717,145.1350042783,0,-19,-42,-41,0,-21,-13,-24
2025-05-10T13:46:29.524735,-37.9105203333,145.1348785,-37.9104748067,145.1350041083,0,-28,-45,-45,0,-24,-14,-24
2025-05-10T13:46:30.023683,-37.9105203333,145.1348785,-37.910476925,145.1350045217,0,-28,-47,-47,0,-28,-14,-24
2025-05-10T13:46:30.532513,-37.9105203333,145.1348783333,-37.9104805,145.1350046267,0,-28,-42,-42,0,-28,-13,-13
2025-05-10T13:46:31.023200,-37.9105203333,145.1348783333,-37.910484205,145.1350047867,0,-28,-40,-41,0,-26,-12,-13
2025-05-10T13:46:31.523814,-37.9105201667,145.1348783333,-37.910485395,145.1350049983,0,-25,-36,-36,0,-27,-12,-13
2025-05-10T13:46:32.026763,-37.9105201667,145.1348783333,-37.910485395,145.1350049983,0,-23,-35,-35,0,-23,-13,-13
2025-05-10T13:46:32.523948,-37.9105201667,145.1348783333,-37.9104887867,145.1350058917,0,-28,-34,-34,0,-27,-13,-13
2025-05-10T13:46:33.023136,-37.9105201667,145.1348783333,-37.9104908733,145.1350061917,0,-28,-31,-31,0,-28,-11,-13
2025-05-10T13:46:33.526860,-37.9105201667,145.1348783333,-37.9104941367,145.1350061383,0,-28,-30,-30,0,-29,-10,-10
2025-05-10T13:46:34.023176,-37.9105201667,145.1348783333,-37.9104971467,145.1350054717,0,-25,-30,-30,0,-25,-9,-10
2025-05-10T13:46:34.523894,-37.9105201667,145.1348783333,-37.9104981367,145.1350052017,0,-28,-30,-30,0,-26,-10,-10
2025-05-10T13:46:35.023655,-37.9105201667,145.1348783333,-37.9104981367,145.1350052017,0,-25,-29,-29,0,-24,-8,-10
2025-05-10T13:46:35.524170,-37.9105201667,145.1348781667,-37.91050063,145.1350047717,0,-28,-28,-28,0,-20,-9,-10
2025-05-10T13:46:36.023787,-37.9105201667,145.1348781667,-37.9105020317,145.1350040883,0,-28,-29,-29,0,-28,-9,-10
2025-05-10T13:46:36.527598,-37.9105201667,145.1348781667,-37.910504695,145.135003185,0,-28,-30,-30,0,-30,-8,-8
2025-05-10T13:46:37.040023,-37.9105201667,145.1348781667,-37.9105072483,145.1350025083,0,-25,-31,-30,0,-25,-9,-8
2025-05-10T13:46:37.524302,-37.9105201667,145.1348781667,-37.9105081267,145.1350023317,0,-27,-31,-31,0,-27,-8,-8
2025-05-10T13:46:38.026922,-37.9105201667,145.1348781667,-37.9105081267,145.1350023317,0,-23,-34,-33,0,-24,-10,-8
2025-05-10T13:46:38.524606,-37.9105201667,145.1348781667,-37.910511055,145.1350013183,0,-24,-34,-34,0,-23,-8,-8
2025-05-10T13:46:39.023606,-37.9105201667,145.1348781667,-37.9105130283,145.1350007383,0,-27,-36,-36,0,-27,-9,-8
2025-05-10T13:46:39.527482,-37.9105201667,145.1348781667,-37.9105162983,145.1349986133,0,-26,-41,-41,0,-27,-9,-9
2025-05-10T13:46:40.023874,-37.9105201667,145.1348781667,-37.9105193817,145.1349948967,0,-29,-48,-46,0,-29,-10,-9
2025-05-10T13:46:40.535910,-37.9105201667,145.1348781667,-37.9105206033,145.1349947167,0,-28,-41,-42,0,-28,-10,-9
2025-05-10T13:46:41.028027,-37.9105201667,145.1348781667,-37.9105206033,145.1349947167,0,-28,-36,-37,0,-27,-10,-9
2025-05-10T13:46:41.524687,-37.9105201667,145.1348781667,-37.910523175,145.13499498,0,-29,-33,-34,0,-23,-10,-9
2025-05-10T13:46:42.024236,-37.9105201667,145.1348781667,-37.910524875,145.1349952317,0,-25,-31,-31,0,-26,-10,-9
2025-05-10T13:46:42.527202,-37.9105201667,145.1348781667,-37.9105280717,145.1349974583,0,-29,-28,-28,0,-25,-10,-10
2025-05-10T13:46:43.023268,-37.9105201667,145.1348781667,-37.9105316833,145.135004005,0,-24,-28,-27,0,-26,-12,-10
2025-05-10T13:46:43.523970,-37.9105201667,145.1348781667,-37.910532885,145.1350041617,0,-31,-26,-26,0,-24,-12,-10
2025-05-10T13:46:44.026795,-37.9105201667,145.1348781667,-37.910532885,145.1350041617,0,-23,-25,-24,0,-21,-13,-10
2025-05-10T13:46:44.525248,-37.9105201667,145.1348781667,-37.910536145,145.1350063283,0,-29,-24,-24,0,-22,-22,-10
2025-05-10T13:46:45.024201,-37.9105201667,145.1348781667,-37.9105382317,145.13500667,0,-28,-24,-24,0,-25,-14,-10
2025-05-10T13:46:45.528125,-37.9105201667,145.1348781667,-37.9105409983,145.1350075933,0,-28,-24,-24,0,-29,-23,-23
2025-05-10T13:46:46.022975,-37.9105201667,145.1348781667,-37.9105438683,145.13500965,0,-23,-23,-23,0,-23,-25,-23
2025-05-10T13:46:46.524111,-37.9105201667,145.1348781667,-37.9105448067,145.1350104167,0,-29,-23,-23,0,-23,-26,-23
2025-05-10T13:46:47.027165,-37.9105201667,145.1348781667,-37.9105448067,145.1350104167,0,-23,-24,-23,0,-23,-26,-23
2025-05-10T13:46:47.524220,-37.9105201667,145.1348781667,-37.91054744,145.13501235,0,-30,-24,-24,0,-24,-29,-23
2025-05-10T13:46:48.024070,-37.9105201667,145.1348781667,-37.9105493217,145.1350136417,0,-27,-23,-23,0,-22,-31,-23
2025-05-10T13:46:48.528104,-37.9105201667,145.1348781667,-37.9105522217,145.135015105,0,-29,-14,-14,0,-30,-30,-30
2025-05-10T13:46:49.023695,-37.9105201667,145.1348781667,-37.9105554717,145.13501568,0,-24,-13,-13,0,-24,-30,-30
2025-05-10T13:46:49.524547,-37.9105201667,145.1348783333,-37.9105565283,145.1350155733,0,-28,-11,-11,0,-29,-30,-30
2025-05-10T13:46:50.027767,-37.9105201667,145.1348783333,-37.9105565283,145.1350155733,0,-23,-11,-11,0,-22,-30,-30
2025-05-10T13:46:50.525106,-37.9105201667,145.1348783333,-37.9105594817,145.1350151267,0,-29,-11,-11,0,-25,-32,-30
2025-05-10T13:46:51.022933,-37.9105201667,145.1348783333,-37.9105615983,145.1350140217,0,-29,-10,-10,0,-25,-33,-30
2025-05-10T13:46:51.533398,-37.9105201667,145.1348783333,-37.9105650933,145.13501258,0,-28,-10,-10,0,-27,-36,-30
2025-05-10T13:46:52.027581,-37.9105201667,145.1348783333,-37.9105686183,145.1350107233,0,-26,-9,-10,0,-28,-41,-30
2025-05-10T13:46:52.524570,-37.9105201667,145.1348783333,-37.9105696967,145.1350099767,0,-27,-9,-9,0,-27,-41,-30
2025-05-10T13:46:53.026769,-37.9105201667,145.1348783333,-37.9105696967,145.1350099767,0,-24,-9,-9,0,-27,-37,-30
2025-05-10T13:46:53.525559,-37.9105201667,145.1348783333,-37.910572895,145.1350084167,0,-28,-9,-9,0,-26,-39,-30
2025-05-10T13:46:54.025511,-37.9105201667,145.1348783333,-37.9105747683,145.1350072367,0,-23,-10,-10,0,-27,-34,-30
2025-05-10T13:46:54.527581,-37.9105201667,145.1348785,-37.9105777117,145.1350046217,0,-27,-9,-9,0,-29,-32,-32
2025-05-10T13:46:55.025194,-37.9105201667,145.1348785,-37.910580545,145.1350015583,0,-25,-8,-8,0,-26,-30,-32
2025-05-10T13:46:55.524030,-37.9105201667,145.1348785,-37.910581185,145.1350009283,0,-30,-11,-11,0,-28,-32,-32
2025-05-10T13:46:56.027151,-37.9105201667,145.1348785,-37.910581185,145.1350009283,0,-24,-12,-12,0,-25,-33,-32
2025-05-10T13:46:56.524611,-37.9105201667,145.1348785,-37.9105833567,145.134999265,0,-29,-12,-12,0,-25,-34,-32
2025-05-10T13:46:57.023676,-37.9105201667,145.1348785,-37.9105849433,145.1349981417,0,-27,-12,-12,0,-28,-32,-32
2025-05-10T13:46:57.530871,-37.9105201667,145.1348785,-37.9105882267,145.1349964833,0,-28,-12,-12,0,-27,-32,-32
2025-05-10T13:46:58.024826,-37.9105201667,145.1348785,-37.91059116,145.13499404,0,-26,-12,-12,0,-25,-32,-32
2025-05-10T13:46:58.524566,-37.9105201667,145.1348785,-37.9105921667,145.1349931567,0,-26,-13,-13,0,-27,-33,-32
2025-05-10T13:46:59.026882,-37.9105201667,145.1348785,-37.9105921667,145.1349931567,0,-25,-11,-10,0,-25,-31,-32
2025-05-10T13:46:59.524878,-37.9105201667,145.1348785,-37.910595295,145.13499113,0,-29,-10,-10,0,-24,-31,-32
2025-05-10T13:47:00.025619,-37.9105201667,145.1348785,-37.9105969683,145.1349902467,0,-30,-11,-11,0,-28,-30,-32
2025-05-10T13:47:00.527524,-37.9105201667,145.1348785,-37.910598935,145.13498953,0,-24,-12,-12,0,-28,-32,-31
2025-05-10T13:47:01.024817,-37.9105201667,145.1348785,-37.9105988933,145.1349894217,0,-28,-14,-14,0,-29,-35,-31
2025-05-10T13:47:01.524892,-37.91052,145.1348786667,-37.9105995533,145.1349885933,0,-27,-12,-12,0,-28,-34,-31
2025-05-10T13:47:02.028130,-37.91052,145.1348786667,-37.9105995533,145.1349885933,0,-27,-13,-13,0,-27,-36,-31
2025-05-10T13:47:02.524774,-37.91052,145.1348786667,-37.910601965,145.13498526,0,-28,-14,-14,0,-25,-37,-31
2025-05-10T13:47:03.027692,-37.91052,145.1348786667,-37.9106039883,145.1349835067,0,-27,-14,-14,0,-27,-41,-31
2025-05-10T13:47:03.527807,-37.91052,145.1348786667,-37.910607405,145.13498178,0,-31,-22,-22,0,-27,-44,-44
2025-05-10T13:47:04.022926,-37.91052,145.1348786667,-37.91061082,145.134979355,0,-24,-14,-14,0,-27,-51,-44
2025-05-10T13:47:04.524922,-37.91052,145.1348786667,-37.9106118033,145.13497869,0,-31,-23,-23,0,-27,-54,-44
2025-05-10T13:47:05.026528,-37.91052,145.1348786667,-37.9106118033,145.13497869,0,-22,-25,-25,0,-27,-48,-44
2025-05-10T13:47:05.523611,-37.91052,145.1348786667,-37.91061437,145.1349771233,0,-28,-27,-27,0,-22,-47,-44
2025-05-10T13:47:06.027607,-37.91052,145.1348786667,-37.9106163383,145.13497558,0,-24,-25,-25,0,-21,-23,-44
2025-05-10T13:47:06.528699,-37.91052,145.1348786667,-37.91061973,145.1349731833,0,-29,-27,-27,0,-29,-42,-42
2025-05-10T13:47:07.024731,-37.91052,145.1348786667,-37.9106218367,145.1349723083,0,-27,-26,-26,0,-26,-41,-42
2025-05-10T13:47:07.537191,-37.91052,145.1348786667,-37.9106218167,145.13497229,0,-29,-24,-24,0,-25,-40,-42
2025-05-10T13:47:08.028740,-37.91052,145.1348786667,-37.9106218167,145.13497229,0,-21,-25,-24,0,-24,-41,-42
2025-05-10T13:47:08.526903,-37.91052,145.1348786667,-37.91062174,145.134972235,0,-29,-26,-26,0,-23,-42,-42
2025-05-10T13:47:09.023492,-37.91052,145.1348786667,-37.91062169,145.1349722017,0,-25,-26,-26,0,-24,-42,-42
2025-05-10T13:47:09.528769,-37.91052,145.1348786667,-37.9106216317,145.13497214,0,-29,-26,-26,0,-29,-41,-41
2025-05-10T13:47:10.023951,-37.91052,145.1348786667,-37.910621565,145.1349720583,0,-25,-26,-25,0,-25,-41,-41
2025-05-10T13:47:10.524197,-37.91052,145.1348786667,-37.910621545,145.1349720317,0,-30,-25,-25,0,-27,-42,-41
2025-05-10T13:47:11.036180,-37.91052,145.1348786667,-37.910621545,145.1349720317,0,-30,-25,-25,0,-27,-42,-41
2025-05-10T13:47:11.523123,-37.91052,145.1348785,-37.9106215,145.13497197,0,-30,-25,-25,0,-24,-41,-41
2025-05-10T13:47:12.023400,-37.91052,145.1348785,-37.910621455,145.1349719067,0,-27,-25,-25,0,-26,-42,-41
2025-05-10T13:47:12.528074,-37.9105198333,145.1348785,-37.9106213983,145.1349718183,0,-29,-25,-25,0,-31,-41,-41
2025-05-10T13:47:13.024245,-37.9105198333,145.1348785,-37.9106213483,145.1349717283,0,-26,-25,-25,0,-26,-42,-41
2025-05-10T13:47:13.524286,-37.9105198333,145.1348785,-37.9106213333,145.1349716983,0,-30,-25,-25,0,-28,-41,-41
2025-05-10T13:47:14.028397,-37.9105198333,145.1348785,-37.9106213333,145.1349716983,0,-21,-25,-25,0,-21,-41,-41
2025-05-10T13:47:14.524259,-37.9105198333,145.1348785,-37.9106212883,145.1349716067,0,-30,-25,-25,0,-24,-41,-41
2025-05-10T13:47:15.023153,-37.9105198333,145.1348785,-37.9106212583,145.1349715467,0,-27,-25,-25,0,-25,-42,-41
2025-05-10T13:47:15.528212,-37.9105198333,145.1348785,-37.9106212167,145.134971455,0,-30,-25,-25,0,-28,-41,-41
2025-05-10T13:47:16.023015,-37.9105198333,145.1348785,-37.9106211783,145.13497136,0,-24,-25,-25,0,-24,-41,-41
2025-05-10T13:47:16.524701,-37.9105198333,145.1348783333,-37.9106211633,145.1349713283,0,-27,-25,-25,0,-27,-41,-41
2025-05-10T13:47:17.028388,-37.9105198333,145.1348783333,-37.9106211633,145.1349713283,0,-25,-25,-25,0,-25,-42,-41
2025-05-10T13:47:17.523665,-37.9105196667,145.1348783333,-37.910621125,145.1349712283,0,-28,-25,-25,0,-25,-42,-41
2025-05-10T13:47:18.023332,-37.9105196667,145.1348783333,-37.9106211,145.13497116,0,-28,-25,-25,0,-28,-41,-41
2025-05-10T13:57:11.671618,-37.9105198333,145.1348816667,-37.9106187617,145.1349614367,0,-26,-43,-42,0,-25,-25,-25
2025-05-10T13:57:12.172045,-37.9105198333,145.1348816667,-37.91061877,145.1349614333,0,-29,-42,-42,0,-30,-25,-25
2025-05-10T13:57:12.666584,-37.9105198333,145.1348815,-37.9106187767,145.1349614283,0,-26,-43,-43,0,-23,-25,-25
2025-05-10T13:57:13.163458,-37.9105198333,145.1348815,-37.9106187883,145.13496142,0,-25,-43,-43,0,-28,-25,-25
2025-05-10T13:57:13.663207,-37.9105198333,145.1348813333,-37.9106187917,145.1349614167,0,-20,-42,-43,0,-22,-28,-25
2025-05-10T13:57:14.166890,-37.9105198333,145.1348813333,-37.9106187917,145.1349614167,0,-24,-41,-43,0,-30,-26,-27
2025-05-10T13:57:14.666201,-37.9105198333,145.1348813333,-37.9106188067,145.134961405,0,-27,-42,-43,0,-27,-26,-24
2025-05-10T13:57:15.163833,-37.9105198333,145.1348813333,-37.910618815,145.1349614,0,-29,-42,-42,0,-26,-25,-26
2025-05-10T13:57:15.666410,-37.9105198333,145.1348811667,-37.910618825,145.1349613967,0,-28,-42,-42,0,-24,-27,-25
2025-05-10T13:57:16.163334,-37.9105198333,145.1348811667,-37.9106188517,145.1349613967,0,-24,-44,-42,0,-29,-27,-26
2025-05-10T13:57:16.663733,-37.9105198333,145.134881,-37.9106188633,145.1349613983,0,-26,-46,-42,0,-25,-27,-27
2025-05-10T13:57:17.167390,-37.9105198333,145.134881,-37.9106188633,145.1349613983,0,-25,-42,-42,0,-28,-25,-25
2025-05-10T13:57:17.666689,-37.9105198333,145.134881,-37.91062012,145.13496271,0,-26,-40,-42,0,-25,-25,-24
2025-05-10T13:57:18.163412,-37.9105198333,145.134881,-37.910620125,145.13496271,0,-29,-42,-42,0,-29,-25,-25
2025-05-10T13:57:18.666617,-37.9105196667,145.134881,-37.9106214583,145.1349614767,0,-23,-41,-41,0,-24,-26,-25
2025-05-10T13:57:19.163152,-37.9105196667,145.134881,-37.91062252,145.1349589817,0,-26,-41,-41,0,-29,-24,-25
2025-05-10T13:57:19.663520,-37.9105193333,145.1348815,-37.91062245,145.1349582033,0,-26,-43,-41,0,-26,-25,-25
2025-05-10T13:57:20.167461,-37.9105193333,145.1348815,-37.91062245,145.1349582033,0,-27,-43,-41,0,-27,-25,-26
2025-05-10T13:57:20.666867,-37.9105193333,145.1348815,-37.9106210467,145.13495618,0,-23,-42,-41,0,-23,-28,-27
2025-05-10T13:57:21.176489,-37.9105193333,145.1348815,-37.91061985,145.1349537,0,-27,-39,-41,0,-29,-26,-26
2025-05-10T13:57:21.672435,-37.9105193333,145.1348815,-37.91061888,145.13495114,0,-27,-36,-36,0,-23,-28,-26
2025-05-10T13:57:22.163236,-37.9105193333,145.1348815,-37.910618265,145.134947735,0,-29,-37,-36,0,-28,-28,-29
2025-05-10T13:57:22.663811,-37.9105193333,145.1348815,-37.9106182433,145.1349466783,0,-21,-38,-36,0,-23,-29,-29
2025-05-10T13:57:23.171227,-37.9105193333,145.1348815,-37.9106182433,145.1349466783,0,-28,-36,-36,0,-29,-28,-28
2025-05-10T13:57:23.666892,-37.9105193333,145.1348815,-37.9106180233,145.134942495,0,-27,-35,-36,0,-28,-30,-29
2025-05-10T13:57:24.163894,-37.9105193333,145.1348815,-37.9106174083,145.1349407483,0,-28,-36,-35,0,-30,-30,-30
2025-05-10T13:57:24.666891,-37.9105193333,145.1348813333,-37.9106174517,145.13494079,0,-28,-35,-35,0,-26,-31,-31
2025-05-10T13:57:25.163482,-37.9105193333,145.1348813333,-37.9106175317,145.1349408617,0,-27,-36,-35,0,-27,-31,-31
2025-05-10T13:57:25.663190,-37.9105193333,145.1348813333,-37.910617555,145.134940885,0,-23,-36,-35,0,-23,-31,-30
2025-05-10T13:57:26.167089,-37.9105193333,145.1348813333,-37.910617555,145.134940885,0,-29,-35,-35,0,-29,-31,-30
2025-05-10T13:57:26.666697,-37.9105193333,145.1348813333,-37.9106176367,145.1349409633,0,-24,-36,-35,0,-28,-30,-30
2025-05-10T13:57:27.163698,-37.9105193333,145.1348813333,-37.9106176633,145.134940995,0,-29,-35,-35,0,-28,-30,-29
2025-05-10T13:57:27.663865,-37.9105193333,145.1348813333,-37.910617685,145.1349410267,0,-26,-37,-35,0,-28,-29,-29
2025-05-10T13:57:28.163739,-37.9105193333,145.1348813333,-37.91061754,145.1349426267,0,-26,-35,-35,0,-25,-27,-27
2025-05-10T13:57:28.663867,-37.9105193333,145.1348813333,-37.9106176317,145.1349440367,0,-23,-38,-35,0,-25,-25,-26
2025-05-10T13:57:29.166453,-37.9105193333,145.1348813333,-37.9106176317,145.1349440367,0,-21,-40,-35,0,-28,-27,-28
2025-05-10T13:57:29.666619,-37.9105193333,145.1348811667,-37.9106165283,145.1349472283,0,-24,-38,-35,0,-22,-29,-27
2025-05-10T13:57:30.163784,-37.9105193333,145.1348811667,-37.910615,145.13494696,0,-30,-38,-38,0,-29,-27,-27
2025-05-10T13:57:30.666713,-37.9105193333,145.1348811667,-37.910612875,145.1349458117,0,-30,-40,-40,0,-24,-28,-28
2025-05-10T13:57:31.163762,-37.9105193333,145.1348811667,-37.9106100217,145.1349431733,0,-25,-39,-40,0,-31,-26,-28
2025-05-10T13:57:31.663238,-37.9105193333,145.1348811667,-37.9106097233,145.134942415,0,-21,-40,-40,0,-21,-30,-28
2025-05-10T13:57:32.166837,-37.9105193333,145.1348811667,-37.9106097233,145.134942415,0,-23,-39,-40,0,-25,-28,-29
2025-05-10T13:57:32.666134,-37.9105193333,145.1348811667,-37.9106097533,145.1349423917,0,-23,-40,-40,0,-23,-29,-27
2025-05-10T13:57:33.163082,-37.9105193333,145.1348811667,-37.910609775,145.1349423717,0,-26,-36,-40,0,-30,-26,-29
2025-05-10T13:57:33.667045,-37.9105193333,145.1348813333,-37.9106097933,145.134942355,0,-28,-38,-38,0,-6,-78,-27
2025-05-10T13:57:34.163819,-37.9105193333,145.1348813333,-37.9106098267,145.13494235,0,-24,-36,-38,0,-27,-25,-24
2025-05-10T13:57:34.663577,-37.9105193333,145.1348813333,-37.910609835,145.1349423517,0,-22,-39,-38,0,-24,-25,-25
2025-05-10T13:57:35.163170,-37.9105193333,145.1348813333,-37.910609835,145.1349423517,0,-26,-39,-38,0,-27,-25,-24
2025-05-10T13:57:35.666702,-37.9105193333,145.1348813333,-37.9106083,145.1349430017,0,-25,-36,-38,0,-24,-24,-24
2025-05-10T13:57:36.167096,-37.9105193333,145.1348813333,-37.91060727,145.1349438617,0,-25,-36,-38,0,-24,-24,-24
2025-05-10T13:57:36.666865,-37.9105195,145.1348813333,-37.9106067517,145.1349443733,0,-28,-41,-41,0,-30,-14,-22
2025-05-10T13:57:37.163221,-37.9105195,145.1348813333,-37.9106061367,145.1349449283,0,-24,-43,-41,0,-29,-13,-13
2025-05-10T13:57:37.663524,-37.9105195,145.1348813333,-37.9106057583,145.1349454983,0,-28,-43,-41,0,-21,-22,-13
2025-05-10T13:57:38.170954,-37.9105195,145.1348813333,-37.9106057583,145.1349454983,0,-25,-40,-41,0,-27,-14,-13
2025-05-10T13:57:38.663566,-37.9105195,145.1348813333,-37.9106057583,145.1349454983,0,-22,-42,-41,0,-19,-12,-10
2025-05-10T13:57:39.163579,-37.9105195,145.1348813333,-37.9106057583,145.1349454983,0,-22,-45,-41,0,-23,-13,-14
2025-05-10T13:57:39.666781,-37.9105195,145.1348811667,-37.9106057583,145.1349454983,0,-30,-42,-42,0,-27,-22,-22
2025-05-10T13:57:40.163703,-37.9105195,145.1348811667,-37.910605635,145.1349459533,0,-25,-43,-42,0,-25,-22,-14
2025-05-10T13:57:40.663329,-37.9105195,145.1348811667,-37.9106056533,145.134945955,0,-23,-43,-42,0,-23,-24,-24
2025-05-10T13:57:41.171665,-37.9105195,145.1348811667,-37.9106056533,145.134945955,0,-27,-44,-42,0,-29,-26,-26
2025-05-10T13:57:41.667289,-37.9105196667,145.1348811667,-37.9106057183,145.13494594,0,-22,-47,-42,0,-7,-67,-23
2025-05-10T13:57:42.172339,-37.9105196667,145.1348811667,-37.9106057183,145.13494594,0,-28,-45,-45,0,-27,-13,-13
2025-05-10T13:57:42.666476,-37.9105196667,145.1348811667,-37.9106040917,145.13494764,0,-25,-55,-55,0,-28,-14,-22
2025-05-10T13:57:43.163508,-37.9105196667,145.1348811667,-37.9106040917,145.13494764,0,-26,-41,-55,0,-27,-12,-12
2025-05-10T13:57:43.663395,-37.9105196667,145.1348811667,-37.9106034467,145.1349480967,0,-28,-41,-41,0,-26,-13,-14
2025-05-10T13:57:44.167283,-37.9105196667,145.1348811667,-37.9106034467,145.1349480967,0,-28,-39,-41,0,-25,-14,-14
2025-05-10T13:57:44.663475,-37.9105196667,145.1348811667,-37.9105986217,145.1349509517,0,-28,-39,-41,0,-25,-12,-11
2025-05-10T13:57:45.164008,-37.9105196667,145.1348811667,-37.9105982633,145.1349512567,0,-27,-34,-41,0,-26,-12,-12
2025-05-10T13:57:45.671695,-37.9105196667,145.1348811667,-37.910597575,145.13495205,0,-28,-35,-34,0,-22,-23,-14
2025-05-10T13:57:46.163528,-37.9105196667,145.1348811667,-37.910596785,145.1349522133,0,-29,-34,-34,0,-28,-12,-10
2025-05-10T13:57:46.663552,-37.9105198333,145.1348811667,-37.9105968067,145.1349522117,0,-22,-33,-34,0,-23,-11,-10
2025-05-10T13:57:47.171584,-37.9105198333,145.1348811667,-37.9105968067,145.1349522117,0,-27,-33,-34,0,-27,-12,-12
2025-05-10T13:57:47.666484,-37.9105198333,145.1348811667,-37.9105956333,145.1349532633,0,-27,-33,-34,0,-27,-13,-12
2025-05-10T13:57:48.163555,-37.9105198333,145.1348811667,-37.9105956333,145.1349532633,0,-28,-31,-31,0,-25,-11,-11
2025-05-10T13:57:48.667253,-37.9105198333,145.1348811667,-37.9105956333,145.1349532633,0,-30,-30,-30,0,-27,-13,-12
2025-05-10T13:57:49.163094,-37.9105198333,145.1348811667,-37.9105956333,145.1349532633,0,-25,-30,-30,0,-27,-13,-13
2025-05-10T13:57:49.663709,-37.9105198333,145.1348811667,-37.9105915317,145.1349546917,0,-24,-30,-30,0,-25,-11,-10
2025-05-10T13:57:50.166522,-37.9105198333,145.1348811667,-37.9105915317,145.1349546917,0,-24,-29,-30,0,-30,-10,-11
2025-05-10T13:57:50.666737,-37.9105196667,145.1348813333,-37.9105884133,145.1349555383,0,-26,-31,-30,0,-25,-12,-12
2025-05-10T13:57:51.163667,-37.9105196667,145.1348813333,-37.9105870367,145.1349558767,0,-25,-30,-30,0,-27,-12,-12
2025-05-10T13:57:51.679567,-37.9105196667,145.1348813333,-37.9105852967,145.1349561317,0,-25,-30,-30,0,-26,-10,-11
2025-05-10T13:57:52.163812,-37.9105196667,145.1348813333,-37.91058279,145.1349567933,0,-25,-32,-30,0,-29,-13,-12
2025-05-10T13:57:52.663730,-37.9105198333,145.1348813333,-37.910581825,145.1349569833,0,-23,-34,-30,0,-24,-13,-13
2025-05-10T13:57:53.166682,-37.9105198333,145.1348813333,-37.910581825,145.1349569833,0,-25,-34,-30,0,-27,-13,-12
2025-05-10T13:57:53.666207,-37.9105198333,145.1348813333,-37.9105790683,145.1349576333,0,-22,-34,-30,0,-22,-21,-11
2025-05-10T13:57:54.163811,-37.9105198333,145.1348813333,-37.9105774,145.13495849,0,-27,-35,-35,0,-29,-12,-13
2025-05-10T13:57:54.666697,-37.9105198333,145.1348813333,-37.9105755917,145.1349591017,0,-27,-35,-35,0,-26,-14,-14
2025-05-10T13:57:55.163574,-37.9105198333,145.1348813333,-37.91057297,145.1349597967,0,-22,-42,-35,0,-27,-12,-12
2025-05-10T13:57:55.663329,-37.9105198333,145.1348813333,-37.9105720133,145.1349600733,0,-22,-43,-35,0,-24,-14,-13
2025-05-10T13:57:56.166772,-37.9105198333,145.1348813333,-37.9105720133,145.1349600733,0,-18,-46,-35,0,-27,-13,-13
2025-05-10T13:57:56.666454,-37.9105198333,145.1348813333,-37.9105690267,145.1349600017,0,-28,-36,-35,0,-26,-12,-12
2025-05-10T13:57:57.163260,-37.9105198333,145.1348813333,-37.910567155,145.1349599183,0,-28,-35,-35,0,-27,-13,-14
2025-05-10T13:57:57.666705,-37.9105196667,145.1348813333,-37.9105654933,145.1349597933,0,-27,-32,-32,0,-6,-68,-14
2025-05-10T13:57:58.167099,-37.9105196667,145.1348813333,-37.9105633683,145.1349596517,0,-23,-33,-32,0,-28,-23,-22
2025-05-10T13:57:58.663120,-37.9105196667,145.1348813333,-37.9105624883,145.1349594983,0,-23,-26,-32,0,-24,-23,-23
2025-05-10T13:57:59.166559,-37.9105196667,145.1348813333,-37.9105624883,145.1349594983,0,-24,-29,-32,0,-32,-24,-24
2025-05-10T13:57:59.666602,-37.9105196667,145.1348813333,-37.9105589983,145.1349602867,0,-26,-25,-32,0,-24,-23,-22
2025-05-10T13:58:00.163562,-37.9105196667,145.1348813333,-37.910557035,145.1349597267,0,-29,-14,-14,0,-27,-24,-25
2025-05-10T13:58:00.667480,-37.9105196667,145.1348813333,-37.9105554483,145.1349596033,0,-27,-24,-24,0,-24,-30,-29
2025-05-10T13:58:01.163817,-37.9105196667,145.1348813333,-37.910552365,145.1349598283,0,-23,-24,-24,0,-27,-28,-28
2025-05-10T13:58:01.662877,-37.9105196667,145.1348813333,-37.910551585,145.1349595767,0,-23,-11,-24,0,-21,-30,-29
2025-05-10T13:58:02.166619,-37.9105196667,145.1348813333,-37.910551585,145.1349595767,0,-27,-13,-24,0,-29,-33,-33
2025-05-10T13:58:02.666646,-37.9105196667,145.1348813333,-37.9105476583,145.1349597,0,-24,-13,-24,0,-24,-35,-35
2025-05-10T13:58:03.163003,-37.9105196667,145.1348813333,-37.9105457083,145.13495967,0,-28,-9,-9,0,-29,-38,-38
2025-05-10T13:58:03.672447,-37.9105196667,145.1348813333,-37.9105434233,145.134959665,0,-30,-9,-9,0,-17,-52,-49
2025-05-10T13:58:04.163680,-37.9105196667,145.1348813333,-37.9105401017,145.1349599667,0,-28,-9,-9,0,-28,-50,-50
2025-05-10T13:58:04.663160,-37.9105196667,145.1348813333,-37.910539175,145.1349596083,0,-25,-11,-9,0,-26,-45,-47
2025-05-10T13:58:05.166504,-37.9105196667,145.1348813333,-37.910539175,145.1349596083,0,-28,-8,-9,0,-29,-35,-34
2025-05-10T13:58:05.666618,-37.9105196667,145.1348815,-37.9105357767,145.1349594733,0,-28,-9,-9,0,-28,-33,-32
2025-05-10T13:58:06.163215,-37.9105196667,145.1348815,-37.9105344833,145.1349596467,0,-27,-12,-9,0,-27,-38,-38
2025-05-10T13:58:06.667058,-37.9105196667,145.1348815,-37.9105333717,145.1349597383,0,-27,-12,-9,0,-27,-38,-38
2025-05-10T13:58:07.163542,-37.9105196667,145.1348815,-37.9105304033,145.134960165,0,-28,-9,-12,0,-27,-30,-30
2025-05-10T13:58:07.663479,-37.9105195,145.1348815,-37.9105293767,145.1349603,0,-22,-9,-12,0,-25,-31,-31
2025-05-10T13:58:08.163237,-37.9105195,145.1348815,-37.9105293767,145.1349603,0,-27,-13,-12,0,-26,-35,-34
2025-05-10T13:58:08.666415,-37.9105195,145.1348815,-37.9105263967,145.1349603867,0,-28,-10,-12,0,-28,-32,-32
2025-05-10T13:58:09.166759,-37.9105195,145.1348815,-37.9105242,145.1349604917,0,-26,-10,-10,0,-28,-34,-34
2025-05-10T13:58:09.666311,-37.9105195,145.1348815,-37.9105220333,145.13496035,0,-29,-10,-10,0,-22,-37,-36
2025-05-10T13:58:10.163658,-37.9105195,145.1348815,-37.91051852,145.1349600333,0,-27,-11,-10,0,-29,-37,-36
2025-05-10T13:58:10.663368,-37.9105195,145.1348815,-37.9105170833,145.1349599533,0,-23,-12,-10,0,-28,-43,-41
2025-05-10T13:58:11.166816,-37.9105195,145.1348815,-37.9105170833,145.1349599533,0,-25,-12,-10,0,-24,-52,-52
2025-05-10T13:58:11.666769,-37.9105195,145.1348815,-37.9105125633,145.1349597867,0,-25,-14,-10,0,-13,-56,-52
2025-05-10T13:58:12.163414,-37.9105195,145.1348815,-37.9105102167,145.1349597583,0,-29,-14,-14,0,-29,-46,-43
2025-05-10T13:58:12.666464,-37.9105193333,145.1348815,-37.91050821,145.134959585,0,-26,-23,-23,0,-23,-41,-40
2025-05-10T13:58:13.163403,-37.9105193333,145.1348815,-37.9105047833,145.1349592033,0,-26,-25,-23,0,-26,-36,-36
2025-05-10T13:58:13.663436,-37.9105193333,145.1348813333,-37.910503635,145.134959265,0,-21,-25,-23,0,-23,-37,-37
2025-05-10T13:58:14.166339,-37.9105193333,145.1348813333,-37.910503635,145.134959265,0,-23,-26,-23,0,-29,-37,-38
2025-05-10T13:58:14.666619,-37.9105193333,145.1348813333,-37.9104989817,145.13495909,0,-24,-30,-23,0,-23,-42,-43
2025-05-10T13:58:15.163751,-37.9105193333,145.1348813333,-37.9104966867,145.1349588233,0,-27,-31,-31,0,-30,-41,-41
2025-05-10T13:58:15.666728,-37.9105193333,145.1348813333,-37.9104948883,145.1349580317,0,-30,-36,-36,0,-23,-48,-48
2025-05-10T13:58:16.163517,-37.9105193333,145.1348813333,-37.910492085,145.1349563467,0,-20,-50,-36,0,-28,-42,-41
2025-05-10T13:58:16.663488,-37.9105191667,145.1348813333,-37.9104908767,145.13495603,0,-25,-40,-36,0,-19,-47,-46
2025-05-10T13:58:17.166796,-37.9105191667,145.1348813333,-37.9104908767,145.13495603,0,-25,-39,-36,0,-28,-43,-43
2025-05-10T13:58:17.666751,-37.9105191667,145.1348811667,-37.9104864817,145.1349532367,0,-23,-34,-36,0,-21,-42,-41
2025-05-10T13:58:18.164034,-37.9105191667,145.1348811667,-37.9104837717,145.1349524033,0,-29,-31,-31,0,-29,-38,-37
2025-05-10T13:58:18.666668,-37.9105191667,145.1348811667,-37.9104815567,145.1349513517,0,-29,-32,-32,0,-24,-39,-38
2025-05-10T13:58:19.163573,-37.9105191667,145.1348811667,-37.9104785833,145.1349494233,0,-27,-33,-32,0,-26,-40,-40
2025-05-10T13:58:19.663220,-37.9105191667,145.1348811667,-37.9104774683,145.1349491083,0,-23,-31,-32,0,-25,-39,-39
2025-05-10T13:58:20.171849,-37.9105191667,145.1348811667,-37.9104774683,145.1349491083,0,-24,-31,-32,0,-30,-38,-40
2025-05-10T13:58:20.666481,-37.910519,145.134881,-37.9104746033,145.1349478017,0,-24,-30,-32,0,-24,-37,-38
2025-05-10T13:58:21.163664,-37.910519,145.134881,-37.9104724733,145.1349475267,0,-27,-31,-32,0,-26,-38,-39
2025-05-10T13:58:21.671838,-37.910519,145.134881,-37.9104717733,145.1349476383,0,-28,-30,-30,0,-22,-38,-37
2025-05-10T13:58:22.179786,-37.910519,145.134881,-37.9104717967,145.13494767,0,-23,-31,-30,0,-30,-41,-41
2025-05-10T13:58:22.663064,-37.910519,145.134881,-37.9104717983,145.1349476767,0,-21,-34,-30,0,-21,-44,-43
2025-05-10T13:58:23.166528,-37.910519,145.134881,-37.9104717983,145.1349476767,0,-28,-35,-30,0,-27,-42,-42
2025-05-10T13:58:23.666706,-37.9105188333,145.1348808333,-37.9104718067,145.1349477183,0,-23,-33,-30,0,-24,-41,-40
2025-05-10T13:58:24.163011,-37.9105188333,145.1348808333,-37.9104718033,145.134947745,0,-27,-30,-30,0,-29,-38,-38
2025-05-10T13:58:24.663749,-37.9105188333,145.1348808333,-37.9104718,145.1349477783,0,-29,-31,-30,0,-26,-38,-43
2025-05-10T13:58:25.163545,-37.9105188333,145.1348808333,-37.9104721167,145.1349461483,0,-29,-29,-30,0,-27,-38,-37
2025-05-10T13:58:25.662878,-37.9105188333,145.1348808333,-37.910472215,145.1349460533,0,-23,-30,-30,0,-22,-41,-39
2025-05-10T13:58:26.166773,-37.9105188333,145.1348808333,-37.910472215,145.1349460533,0,-29,-29,-30,0,-25,-35,-36
2025-05-10T13:58:26.666329,-37.9105188333,145.1348806667,-37.910473155,145.13494648,0,-24,-28,-30,0,-23,-36,-36
2025-05-10T13:58:27.163285,-37.9105188333,145.1348806667,-37.9104748733,145.1349483517,0,-27,-31,-31,0,-30,-38,-38
2025-05-10T13:58:27.666961,-37.9105186667,145.1348806667,-37.91047647,145.1349505383,0,-28,-32,-31,0,-21,-40,-40
2025-05-10T13:58:28.163835,-37.9105186667,145.1348806667,-37.9104787483,145.1349540083,0,-28,-34,-31,0,-29,-40,-41
2025-05-10T13:58:28.662992,-37.9105186667,145.1348805,-37.91047937,145.1349551867,0,-24,-35,-31,0,-25,-42,-41
2025-05-10T13:58:29.166511,-37.9105186667,145.1348805,-37.91047937,145.1349551867,0,-28,-43,-31,0,-28,-48,-46
2025-05-10T13:58:29.666447,-37.9105186667,145.1348803333,-37.9104820933,145.134958665,0,-28,-40,-31,0,-26,-45,-45
2025-05-10T13:58:30.162985,-37.9105186667,145.1348803333,-37.9104842467,145.1349599783,0,-26,-41,-31,0,-25,-42,-42
2025-05-10T13:58:30.666991,-37.9105185,145.1348801667,-37.9104861233,145.1349615633,0,-26,-43,-42,0,-23,-42,-42
2025-05-10T13:58:31.163677,-37.9105185,145.1348801667,-37.9104890267,145.13496381,0,-25,-41,-42,0,-28,-49,-49
2025-05-10T13:58:31.663008,-37.9105185,145.13488,-37.9104900167,145.1349645083,0,-26,-34,-42,0,-28,-46,-47
2025-05-10T13:58:32.166826,-37.9105185,145.13488,-37.9104900167,145.1349645083,0,-27,-31,-42,0,-27,-43,-43
2025-05-10T13:58:32.666725,-37.9105185,145.1348798333,-37.9104939517,145.1349663567,0,-24,-29,-42,0,-24,-42,-42
2025-05-10T13:58:33.164097,-37.9105185,145.1348798333,-37.9104962133,145.1349667967,0,-27,-26,-26,0,-26,-39,-39
2025-05-10T13:58:33.666584,-37.9105185,145.1348796667,-37.91049869,145.1349673733,0,-30,-24,-24,0,-22,-38,-38
2025-05-10T13:58:34.163875,-37.9105185,145.1348796667,-37.9105022983,145.13496827,0,-24,-25,-24,0,-28,-37,-38
2025-05-10T13:58:34.663591,-37.9105183333,145.1348796667,-37.9105032583,145.1349687933,0,-25,-24,-24,0,-26,-41,-41
2025-05-10T13:58:35.166283,-37.9105183333,145.1348796667,-37.9105032583,145.1349687933,0,-25,-14,-24,0,-28,-43,-42
2025-05-10T13:58:35.666610,-37.9105183333,145.1348795,-37.910507955,145.1349705433,0,-25,-22,-24,0,-21,-48,-50
2025-05-10T13:58:36.163303,-37.9105183333,145.1348795,-37.91051035,145.13497103,0,-29,-13,-13,0,-26,-48,-48
2025-05-10T13:58:36.671229,-37.9105183333,145.1348793333,-37.9105125017,145.134971365,0,-29,-11,-11,0,-23,-42,-41
2025-05-10T13:58:37.175541,-37.9105183333,145.1348793333,-37.910516305,145.1349716667,0,-24,-11,-11,0,-28,-38,-38
2025-05-10T13:58:37.662999,-37.9105181667,145.1348791667,-37.9105174783,145.134972115,0,-23,-10,-11,0,-27,-36,-35
2025-05-10T13:58:38.166237,-37.9105181667,145.1348791667,-37.9105186933,145.1349723733,0,-24,-10,-11,0,-29,-32,-32
2025-05-10T13:58:38.666808,-37.9105181667,145.134879,-37.9105229283,145.1349726817,0,-24,-9,-11,0,-24,-32,-32
2025-05-10T13:58:39.163220,-37.9105181667,145.134879,-37.9105257083,145.134972555,0,-23,-10,-10,0,-26,-31,-31
2025-05-10T13:58:39.666413,-37.9105181667,145.1348788333,-37.9105281167,145.1349729917,0,-29,-9,-9,0,-27,-30,-30
2025-05-10T13:58:40.163556,-37.9105181667,145.1348788333,-37.9105309967,145.1349737133,0,-25,-10,-9,0,-26,-30,-30
2025-05-10T13:58:40.663127,-37.910518,145.1348788333,-37.9105318933,145.1349738683,0,-23,-9,-9,0,-25,-29,-29
2025-05-10T13:58:41.166835,-37.910518,145.1348788333,-37.9105328433,145.1349739333,0,-24,-10,-9,0,-29,-30,-30
2025-05-10T13:58:41.666878,-37.910518,145.1348786667,-37.9105361467,145.1349744317,0,-24,-9,-9,0,-21,-32,-30
2025-05-10T13:58:42.166572,-37.910518,145.1348786667,-37.9105383983,145.1349744383,0,-28,-8,-8,0,-29,-31,-31
2025-05-10T13:58:42.666615,-37.910518,145.1348786667,-37.91054071,145.134974455,0,-29,-8,-8,0,-23,-32,-31
2025-05-10T13:58:43.163599,-37.910518,145.1348786667,-37.91054467,145.1349743917,0,-27,-8,-8,0,-26,-34,-36
2025-05-10T13:58:43.663139,-37.9105178333,145.1348786667,-37.9105459933,145.1349742933,0,-22,-8,-8,0,-21,-39,-38
2025-05-10T13:58:44.166161,-37.9105178333,145.1348786667,-37.9105471783,145.1349741133,0,-29,-9,-8,0,-27,-43,-46
2025-05-10T13:58:44.666599,-37.9105178333,145.1348786667,-37.9105507417,145.1349732033,0,-26,-9,-8,0,-25,-45,-43
2025-05-10T13:58:45.162998,-37.9105178333,145.1348786667,-37.9105525783,145.1349730417,0,-29,-8,-8,0,-30,-43,-43
2025-05-10T13:58:45.667050,-37.9105178333,145.1348785,-37.9105539183,145.1349731967,0,-26,-9,-9,0,-26,-37,-37
2025-05-10T13:58:46.163689,-37.9105178333,145.1348785,-37.9105543783,145.13497326,0,-28,-12,-9,0,-25,-35,-35
2025-05-10T13:58:46.663410,-37.9105178333,145.1348785,-37.910555225,145.1349732667,0,-22,-10,-9,0,-25,-34,-33
2025-05-10T13:58:47.166372,-37.9105178333,145.1348785,-37.9105560883,145.1349733017,0,-27,-10,-9,0,-30,-30,-30
2025-05-10T13:58:47.667164,-37.9105176667,145.1348785,-37.910558705,145.1349729517,0,-25,-11,-9,0,-27,-29,-29
2025-05-10T13:58:48.163917,-37.9105176667,145.1348785,-37.91056045,145.1349727567,0,-28,-12,-12,0,-28,-28,-28
2025-05-10T13:58:48.667069,-37.9105176667,145.1348785,-37.91056225,145.134972565,0,-28,-12,-12,0,-26,-26,-27
2025-05-10T13:58:49.163744,-37.9105176667,145.1348785,-37.91056459,145.13497231,0,-28,-12,-12,0,-32,-25,-25
2025-05-10T13:58:49.663034,-37.9105176667,145.1348783333,-37.91056461,145.1349723133,0,-23,-14,-12,0,-22,-27,-25
2025-05-10T13:58:50.166729,-37.9105176667,145.1348783333,-37.91056538,145.134972275,0,-27,-24,-12,0,-32,-25,-24
2025-05-10T13:58:50.666764,-37.9105176667,145.1348783333,-37.91056794,145.1349716967,0,-27,-24,-12,0,-27,-24,-23
2025-05-10T13:58:51.163453,-37.9105176667,145.1348783333,-37.91056978,145.1349715717,0,-24,-26,-12,0,-25,-23,-23
2025-05-10T13:58:51.671276,-37.9105176667,145.1348783333,-37.9105717267,145.1349712233,0,-26,-27,-28,0,-27,-24,-24
2025-05-10T13:58:52.163338,-37.9105176667,145.1348783333,-37.9105744133,145.1349709067,0,-24,-28,-28,0,-28,-24,-23
2025-05-10T13:58:52.679910,-37.9105176667,145.1348783333,-37.910575235,145.1349708933,0,-22,-29,-28,0,-29,-22,-22
2025-05-10T13:58:53.166965,-37.9105176667,145.1348783333,-37.9105761683,145.1349707483,0,-22,-29,-28,0,-28,-14,-14
2025-05-10T13:58:53.666760,-37.9105176667,145.1348783333,-37.9105787517,145.13497041,0,-26,-30,-28,0,-26,-15,-15
2025-05-10T13:58:54.163789,-37.9105176667,145.1348783333,-37.910580395,145.1349701483,0,-29,-32,-32,0,-23,-14,-14
2025-05-10T13:58:54.666831,-37.9105176667,145.1348783333,-37.910582255,145.1349701233,0,-29,-34,-34,0,-21,-14,-14
2025-05-10T13:58:55.163711,-37.9105176667,145.1348783333,-37.910585035,145.1349694517,0,-25,-35,-34,0,-26,-13,-13
2025-05-10T13:58:55.663127,-37.9105176667,145.1348783333,-37.9105858383,145.134969265,0,-23,-40,-34,0,-25,-13,-13
2025-05-10T13:58:56.166882,-37.9105176667,145.1348783333,-37.9105867917,145.1349689617,0,-22,-41,-34,0,-30,-12,-12
2025-05-10T13:58:56.666959,-37.9105176667,145.1348783333,-37.9105898833,145.13496778,0,-28,-39,-34,0,-25,-13,-13
2025-05-10T13:58:57.163813,-37.9105176667,145.1348783333,-37.9105916917,145.1349672183,0,-30,-40,-40,0,-27,-12,-12
2025-05-10T13:58:57.666824,-37.9105176667,145.1348783333,-37.9105935767,145.13496679,0,-23,-36,-40,0,-22,-22,-12
2025-05-10T13:58:58.163814,-37.9105176667,145.1348783333,-37.9105969517,145.1349658483,0,-25,-37,-40,0,-27,-12,-12
2025-05-10T13:58:58.662996,-37.9105176667,145.1348783333,-37.9105981517,145.1349655217,0,-22,-34,-40,0,-25,-12,-11
2025-05-10T13:58:59.166959,-37.9105176667,145.1348783333,-37.9105992083,145.1349653117,0,-23,-34,-40,0,-26,-12,-12
2025-05-10T13:58:59.666261,-37.9105176667,145.1348783333,-37.9106025333,145.134963695,0,-22,-34,-40,0,-23,-12,-12
2025-05-10T13:59:00.163276,-37.9105176667,145.1348783333,-37.91060499,145.1349629517,0,-28,-31,-31,0,-22,-11,-11
2025-05-10T13:59:00.666587,-37.9105176667,145.1348783333,-37.9106070833,145.134961985,0,-26,-33,-33,0,-24,-12,-11
2025-05-10T13:59:01.163575,-37.9105176667,145.1348783333,-37.9106100217,145.13496045,0,-25,-32,-33,0,-23,-12,-12
2025-05-10T13:59:01.663150,-37.9105176667,145.1348783333,-37.9106110867,145.13496007,0,-23,-33,-33,0,-8,-73,-13
2025-05-10T13:59:02.166823,-37.9105176667,145.1348783333,-37.910612195,145.13495955,0,-23,-33,-33,0,-26,-13,-13
2025-05-10T13:59:02.666765,-37.9105176667,145.1348783333,-37.9106150517,145.13495832,0,-25,-33,-33,0,-26,-12,-12
2025-05-10T13:59:03.163267,-37.9105176667,145.1348783333,-37.9106165383,145.1349576317,0,-27,-33,-33,0,-27,-14,-14
2025-05-10T13:59:03.666884,-37.9105176667,145.1348783333,-37.9106180067,145.134956795,0,-29,-34,-34,0,-21,-13,-14
2025-05-10T13:59:04.163521,-37.9105176667,145.1348783333,-37.9106203867,145.13495518,0,-25,-35,-34,0,-26,-13,-13
2025-05-10T13:59:04.663420,-37.9105176667,145.1348783333,-37.91062121,145.1349545583,0,-28,-37,-34,0,-21,-14,-13
2025-05-10T13:59:05.167221,-37.9105176667,145.1348783333,-37.91062204,145.1349539717,0,-28,-38,-34,0,-27,-23,-14
2025-05-10T13:59:05.666857,-37.9105176667,145.1348783333,-37.9106249983,145.13495231,0,-24,-40,-34,0,-22,-26,-14
2025-05-10T13:59:06.166889,-37.9105176667,145.1348783333,-37.910627005,145.13495146,0,-28,-43,-43,0,-26,-22,-23
2025-05-10T13:59:06.667110,-37.9105176667,145.1348783333,-37.9106288,145.134950295,0,-27,-51,-51,0,-24,-24,-24
2025-05-10T13:59:07.163551,-37.9105176667,145.1348783333,-37.910631625,145.1349480917,0,-25,-58,-51,0,-30,-23,-23
2025-05-10T13:59:07.676503,-37.9105178333,145.1348783333,-37.9106323083,145.1349473117,0,-15,-55,-51,0,-25,-24,-23
2025-05-10T13:59:08.166591,-37.9105178333,145.1348783333,-37.9106330367,145.1349466867,0,-28,-48,-51,0,-29,-24,-25
2025-05-10T13:59:08.666772,-37.9105178333,145.1348783333,-37.910635625,145.134944775,0,-25,-43,-51,0,-25,-26,-26
2025-05-10T13:59:09.163428,-37.9105178333,145.1348783333,-37.9106372817,145.1349432233,0,-29,-44,-44,0,-29,-27,-27
2025-05-10T13:59:09.671864,-37.9105178333,145.1348783333,-37.91063855,145.13494204,0,-30,-41,-41,0,-23,-28,-27
2025-05-10T13:59:10.163669,-37.9105178333,145.1348783333,-37.9106403383,145.134940555,0,-26,-40,-41,0,-30,-30,-30
2025-05-10T13:59:10.663292,-37.9105178333,145.1348781667,-37.910640945,145.1349399933,0,-23,-40,-41,0,-26,-30,-29
2025-05-10T13:59:11.166656,-37.9105178333,145.1348781667,-37.9106414,145.1349396333,0,-27,-37,-41,0,-29,-25,-26
2025-05-10T13:59:11.666648,-37.9105178333,145.1348781667,-37.9106413117,145.1349396667,0,-26,-39,-41,0,-27,-27,-27
2025-05-10T13:59:12.163970,-37.9105178333,145.1348781667,-37.910641235,145.1349397167,0,-26,-38,-38,0,-27,-27,-27
2025-05-10T13:59:12.666360,-37.9105178333,145.1348781667,-37.91064117,145.1349397667,0,-27,-38,-38,0,-27,-26,-26
2025-05-10T13:59:13.163379,-37.9105178333,145.1348781667,-37.9106410833,145.1349398233,0,-26,-38,-38,0,-27,-26,-25
2025-05-10T13:59:13.663234,-37.9105178333,145.1348781667,-37.9106410567,145.13493983,0,-23,-39,-38,0,-21,-27,-25
2025-05-10T13:59:14.167162,-37.9105178333,145.1348781667,-37.9106410317,145.1349398383,0,-25,-39,-38,0,-26,-24,-23
2025-05-10T13:59:14.666852,-37.9105178333,145.1348781667,-37.91064047,145.1349406733,0,-24,-44,-38,0,-26,-24,-23
2025-05-10T13:59:15.167016,-37.9105178333,145.1348781667,-37.9106391233,145.13494245,0,-27,-42,-42,0,-28,-23,-22
2025-05-10T13:59:15.666277,-37.9105178333,145.1348781667,-37.9106376967,145.1349434033,0,-25,-44,-44,0,-25,-24,-24
2025-05-10T13:59:16.163715,-37.9105178333,145.1348781667,-37.910635385,145.13494469,0,-20,-51,-44,0,-29,-24,-24
2025-05-10T13:59:16.663375,-37.9105178333,145.1348781667,-37.9106346417,145.134945115,0,-20,-50,-44,0,-27,-23,-23
2025-05-10T13:59:17.167819,-37.9105178333,145.1348781667,-37.91063386,145.1349456533,0,-16,-57,-44,0,-28,-14,-13
2025-05-10T13:59:17.666722,-37.9105178333,145.1348781667,-37.91063151,145.1349472717,0,-27,-46,-44,0,-27,-14,-13
2025-05-10T13:59:18.163562,-37.9105178333,145.1348781667,-37.9106297533,145.13494839,0,-28,-44,-44,0,-29,-14,-14
2025-05-10T13:59:18.666525,-37.9105178333,145.1348781667,-37.9106278317,145.1349499517,0,-24,-40,-40,0,-25,-13,-13
2025-05-10T13:59:19.163971,-37.9105178333,145.1348781667,-37.910625245,145.134952135,0,-23,-39,-40,0,-29,-13,-13
2025-05-10T13:59:19.663824,-37.9105178333,145.1348781667,-37.9106246017,145.134952645,0,-27,-39,-40,0,-26,-13,-13
2025-05-10T13:59:20.167255,-37.9105178333,145.1348781667,-37.9106245767,145.1349526683,0,-24,-38,-40,0,-30,-13,-13
2025-05-10T13:59:20.666915,-37.9105178333,145.1348781667,-37.9106244683,145.1349527517,0,-24,-36,-40,0,-23,-13,-12
2025-05-10T13:59:21.163871,-37.9105178333,145.1348781667,-37.9106231883,145.13495407,0,-27,-36,-40,0,-28,-13,-13
2025-05-10T13:59:21.672747,-37.9105178333,145.1348781667,-37.9106220817,145.1349550333,0,-26,-34,-34,0,-22,-22,-12
2025-05-10T13:59:22.163744,-37.9105178333,145.1348781667,-37.91061933,145.134957025,0,-23,-33,-34,0,-25,-12,-12
2025-05-10T13:59:22.663222,-37.9105178333,145.134878,-37.910618535,145.13495749,0,-23,-33,-34,0,-23,-12,-11
2025-05-10T13:59:23.175851,-37.9105178333,145.134878,-37.9106177017,145.1349579933,0,-24,-33,-34,0,-30,-12,-12
2025-05-10T13:59:23.666870,-37.9105178333,145.134878,-37.91061601,145.1349589633,0,-24,-33,-34,0,-24,-12,-12
2025-05-10T13:59:24.163666,-37.9105178333,145.134878,-37.9106159167,145.134959005,0,-26,-31,-31,0,-29,-12,-12
2025-05-10T13:59:24.666897,-37.9105178333,145.134878,-37.910615065,145.134959525,0,-29,-32,-32,0,-26,-12,-11
2025-05-10T13:59:25.163682,-37.9105178333,145.134878,-37.9106124,145.1349611933,0,-26,-32,-32,0,-27,-11,-11
2025-05-10T13:59:25.663282,-37.9105178333,145.134878,-37.910611645,145.134961595,0,-23,-31,-32,0,-25,-11,-11
2025-05-10T13:59:26.167115,-37.9105178333,145.134878,-37.9106115983,145.1349616183,0,-21,-31,-32,0,-29,-11,-11
2025-05-10T13:59:26.666711,-37.9105178333,145.134878,-37.9106114567,145.134961685,0,-25,-31,-32,0,-26,-11,-11
2025-05-10T13:59:27.163847,-37.9105178333,145.134878,-37.910611365,145.13496173,0,-27,-30,-30,0,-27,-11,-11
2025-05-10T13:59:27.666787,-37.910518,145.1348778333,-37.9106112817,145.1349617767,0,-28,-31,-31,0,-24,-11,-10
2025-05-10T13:59:28.163715,-37.910518,145.1348778333,-37.9106104283,145.1349623117,0,-25,-31,-31,0,-23,-11,-11
2025-05-10T13:59:28.663492,-37.910518,145.1348778333,-37.91061037,145.13496233,0,-21,-31,-31,0,-24,-11,-11
2025-05-10T13:59:29.166961,-37.910518,145.1348778333,-37.9106103183,145.13496235,0,-26,-32,-31,0,-29,-10,-9
2025-05-10T13:59:29.666900,-37.910518,145.1348778333,-37.910610175,145.1349624283,0,-24,-33,-31,0,-22,-20,-11
2025-05-10T13:59:30.163908,-37.910518,145.1348778333,-37.9106100867,145.13496248,0,-27,-31,-31,0,-29,-11,-11
2025-05-10T13:59:30.666963,-37.910518,145.1348778333,-37.9106091667,145.1349631,0,-28,-33,-31,0,-24,-11,-11
2025-05-10T13:59:31.163409,-37.910518,145.1348778333,-37.9106072483,145.1349642933,0,-27,-33,-31,0,-26,-10,-10
2025-05-10T13:59:31.665246,-37.910518,145.1348778333,-37.91060638,145.1349647833,0,-23,-32,-31,0,-25,-11,-11
2025-05-10T13:59:32.166908,-37.910518,145.1348778333,-37.9106054717,145.1349651733,0,-27,-33,-31,0,-28,-11,-11
2025-05-10T13:59:32.666577,-37.910518,145.1348778333,-37.9106026667,145.1349663783,0,-28,-35,-31,0,-27,-11,-11
2025-05-10T13:59:33.163907,-37.910518,145.1348778333,-37.9106018017,145.1349667167,0,-27,-34,-34,0,-27,-11,-11
2025-05-10T13:59:33.666672,-37.910518,145.1348778333,-37.91060103,145.1349671117,0,-27,-36,-35,0,-25,-11,-11
2025-05-10T13:59:34.163558,-37.910518,145.1348778333,-37.91059928,145.1349680367,0,-27,-37,-35,0,-27,-12,-11
2025-05-10T13:59:34.663046,-37.910518,145.1348778333,-37.91059923,145.1349680567,0,-23,-38,-35,0,-27,-12,-11
2025-05-10T13:59:35.166900,-37.910518,145.1348778333,-37.910599185,145.1349680783,0,-26,-37,-35,0,-28,-11,-11
2025-05-10T13:59:35.666959,-37.910518,145.1348778333,-37.910599045,145.13496817,0,-24,-38,-35,0,-27,-12,-11
2025-05-10T13:59:36.163875,-37.910518,145.1348778333,-37.910598955,145.1349682667,0,-27,-40,-35,0,-29,-11,-11
2025-05-10T13:59:36.666485,-37.910518,145.1348778333,-37.9105988683,145.1349683633,0,-27,-42,-42,0,-25,-11,-11
2025-05-10T13:59:37.163700,-37.910518,145.1348778333,-37.9105987383,145.134968495,0,-26,-39,-42,0,-29,-11,-11
2025-05-10T13:59:37.663702,-37.910518,145.1348778333,-37.9105986933,145.134968535,0,-22,-41,-42,0,-22,-21,-11
2025-05-10T13:59:38.176792,-37.910518,145.1348778333,-37.9105986367,145.1349685717,0,-22,-41,-42,0,-22,-21,-11
2025-05-10T13:59:38.666709,-37.910518,145.1348778333,-37.9105984883,145.1349686867,0,-26,-39,-42,0,-25,-11,-11
2025-05-10T13:59:39.163512,-37.910518,145.1348778333,-37.9105983833,145.1349687567,0,-29,-34,-34,0,-28,-11,-11
2025-05-10T13:59:39.666807,-37.9105181667,145.1348778333,-37.910597395,145.13496923,0,-28,-34,-34,0,-24,-12,-11
2025-05-10T13:59:40.163783,-37.9105181667,145.1348778333,-37.910595555,145.1349701817,0,-24,-34,-34,0,-29,-12,-12
2025-05-10T13:59:40.663508,-37.9105181667,145.1348778333,-37.910595495,145.1349702217,0,-24,-32,-34,0,-24,-12,-11
2025-05-10T13:59:41.166808,-37.9105181667,145.1348778333,-37.9105954317,145.1349702567,0,-23,-31,-34,0,-28,-13,-13
2025-05-10T13:59:41.666747,-37.9105181667,145.1348778333,-37.910594375,145.1349707783,0,-24,-31,-34,0,-24,-13,-12
2025-05-10T13:59:42.167020,-37.9105181667,145.1348778333,-37.9105942633,145.1349708617,0,-29,-29,-29,0,-28,-12,-13
2025-05-10T13:59:42.666640,-37.9105181667,145.1348778333,-37.9105941333,145.134970935,0,-30,-29,-29,0,-24,-13,-13
2025-05-10T13:59:43.163716,-37.9105181667,145.1348778333,-37.9105939517,145.1349710517,0,-24,-28,-29,0,-28,-14,-14
2025-05-10T13:59:43.663834,-37.9105183333,145.1348778333,-37.9105928667,145.1349713867,0,-22,-27,-29,0,-23,-14,-14
2025-05-10T13:59:44.166660,-37.9105183333,145.1348778333,-37.9105928017,145.1349714283,0,-27,-27,-29,0,-27,-14,-14
2025-05-10T13:59:44.666701,-37.9105183333,145.1348778333,-37.9105915383,145.1349719033,0,-23,-25,-29,0,-23,-14,-14
2025-05-10T13:59:45.163565,-37.9105183333,145.1348778333,-37.9105904233,145.1349724483,0,-27,-24,-24,0,-28,-22,-22
2025-05-10T13:59:45.666504,-37.9105183333,145.1348778333,-37.9105891783,145.1349729867,0,-28,-24,-24,0,-22,-25,-22
2025-05-10T13:59:46.163724,-37.9105183333,145.1348778333,-37.9105854867,145.1349741817,0,-23,-24,-24,0,-28,-23,-23
2025-05-10T13:59:46.663452,-37.9105183333,145.1348778333,-37.9105841867,145.13497458,0,-22,-23,-24,0,-23,-23,-23
2025-05-10T13:59:47.166959,-37.9105183333,145.1348778333,-37.9105828167,145.1349749567,0,-24,-23,-24,0,-28,-24,-24
2025-05-10T13:59:47.674062,-37.9105185,145.1348778333,-37.910578305,145.1349766033,0,-26,-14,-24,0,-25,-25,-24
2025-05-10T13:59:48.163495,-37.9105185,145.1348778333,-37.9105753767,145.13497805,0,-25,-12,-12,0,-30,-24,-24
2025-05-10T13:59:48.666566,-37.9105185,145.1348778333,-37.9105722083,145.1349799933,0,-26,-12,-12,0,-23,-28,-27
2025-05-10T13:59:49.164022,-37.9105185,145.1348778333,-37.9105672333,145.1349824083,0,-25,-13,-12,0,-30,-28,-28
2025-05-10T13:59:49.663725,-37.9105185,145.1348776667,-37.9105658417,145.1349825733,0,-23,-12,-12,0,-23,-31,-30
2025-05-10T13:59:50.166888,-37.9105185,145.1348776667,-37.91056434,145.134982775,0,-27,-12,-12,0,-28,-31,-30
2025-05-10T13:59:50.667033,-37.9105185,145.1348776667,-37.9105607417,145.1349834683,0,-24,-10,-12,0,-24,-31,-32
2025-05-10T13:59:51.163976,-37.9105185,145.1348776667,-37.9105597383,145.1349837317,0,-28,-10,-12,0,-27,-34,-34
2025-05-10T13:59:51.671676,-37.9105185,145.1348776667,-37.910557365,145.1349848067,0,-30,-11,-11,0,-23,-39,-39
2025-05-10T13:59:52.163694,-37.9105185,145.1348776667,-37.910553475,145.1349861783,0,-27,-10,-11,0,-24,-43,-42
2025-05-10T13:59:52.663411,-37.9105185,145.1348776667,-37.910552195,145.13498657,0,-28,-9,-11,0,-25,-47,-46
2025-05-10T13:59:53.169941,-37.9105185,145.1348776667,-37.9105510067,145.13498696,0,-27,-10,-11,0,-30,-41,-40
2025-05-10T13:59:53.669075,-37.9105186667,145.1348775,-37.910547165,145.1349886383,0,-27,-10,-11,0,-22,-39,-38
2025-05-10T13:59:54.163381,-37.9105186667,145.1348775,-37.9105449733,145.1349892533,0,-27,-9,-9,0,-31,-35,-35
2025-05-10T13:59:54.666575,-37.9105186667,145.1348775,-37.9105429517,145.134989695,0,-26,-9,-9,0,-21,-34,-34
2025-05-10T13:59:55.163731,-37.9105186667,145.1348775,-37.9105392133,145.134990465,0,-29,-10,-9,0,-28,-33,-33
2025-05-10T13:59:55.663457,-37.9105186667,145.1348775,-37.9105381117,145.13499039,0,-26,-10,-9,0,-26,-32,-32
2025-05-10T13:59:56.166835,-37.9105186667,145.1348775,-37.9105370883,145.1349903217,0,-25,-9,-9,0,-28,-32,-31
2025-05-10T13:59:56.666897,-37.9105186667,145.1348775,-37.91053368,145.1349922733,0,-24,-10,-9,0,-27,-31,-31
2025-05-10T13:59:57.163345,-37.9105186667,145.1348775,-37.9105311533,145.1349944367,0,-28,-9,-9,0,-28,-30,-30
2025-05-10T13:59:57.666941,-37.9105186667,145.1348775,-37.9105288417,145.1349969267,0,-28,-9,-9,0,-23,-30,-29
2025-05-10T13:59:58.163598,-37.9105186667,145.1348775,-37.910524995,145.1350014017,0,-25,-10,-9,0,-25,-30,-30
2025-05-10T13:59:58.667698,-37.9105186667,145.1348775,-37.9105234583,145.1350020217,0,-22,-10,-9,0,-25,-30,-30
2025-05-10T13:59:59.166895,-37.9105186667,145.1348775,-37.9105220367,145.135003625,0,-24,-10,-9,0,-28,-31,-30
2025-05-10T13:59:59.666668,-37.9105186667,145.1348773333,-37.910517,145.1350142767,0,-24,-11,-9,0,-24,-32,-32
2025-05-10T14:00:00.163215,-37.9105186667,145.1348773333,-37.9105146933,145.1350164183,0,-27,-11,-11,0,-30,-33,-33
2025-05-10T14:00:00.666887,-37.9105186667,145.1348773333,-37.9105126767,145.1350171633,0,-30,-10,-10,0,-24,-33,-33
2025-05-10T14:00:01.163716,-37.9105186667,145.1348773333,-37.91050965,145.1350173783,0,-21,-11,-10,0,-28,-34,-34
2025-05-10T14:00:01.663584,-37.9105185,145.1348776667,-37.9105087033,145.13501745,0,-24,-11,-10,0,-22,-36,-35
2025-05-10T14:00:02.166862,-37.9105185,145.1348776667,-37.9105078217,145.1350175683,0,-24,-11,-10,0,-29,-36,-37
2025-05-10T14:00:02.667143,-37.9105185,145.1348776667,-37.91050505,145.135017355,0,-25,-12,-10,0,-23,-41,-42
2025-05-10T14:00:03.163842,-37.9105185,145.1348776667,-37.91050277,145.1350174417,0,-24,-12,-12,0,-23,-44,-43
2025-05-10T14:00:03.667426,-37.9105186667,145.1348776667,-37.9105006133,145.13501667,0,-27,-12,-12,0,-29,-51,-50
2025-05-10T14:00:04.167520,-37.9105186667,145.1348776667,-37.9104972667,145.1350145933,0,-20,-14,-12,0,-29,-50,-48
2025-05-10T14:00:04.663971,-37.9105186667,145.1348776667,-37.9104961667,145.1350144717,0,-28,-22,-12,0,-21,-43,-43
2025-05-10T14:00:05.166213,-37.9105186667,145.1348776667,-37.9104951667,145.1350143383,0,-26,-22,-12,0,-29,-40,-39
2025-05-10T14:00:05.667149,-37.9105186667,145.1348776667,-37.9104923267,145.13501406,0,-24,-22,-12,0,-24,-39,-40
2025-05-10T14:00:06.166910,-37.9105186667,145.1348776667,-37.9104902717,145.1350138917,0,-29,-24,-24,0,-29,-40,-40
2025-05-10T14:00:06.666594,-37.9105186667,145.1348775,-37.9104882767,145.135013585,0,-30,-26,-26,0,-22,-40,-40
2025-05-10T14:00:07.163549,-37.9105186667,145.1348775,-37.9104850983,145.13501341,0,-22,-26,-26,0,-29,-37,-37
2025-05-10T14:00:07.663804,-37.9105186667,145.1348775,-37.9104839117,145.1350132683,0,-28,-27,-26,0,-25,-36,-35
2025-05-10T14:00:08.167170,-37.9105186667,145.1348775,-37.9104827233,145.1350132367,0,-25,-28,-26,0,-28,-38,-39
2025-05-10T14:00:08.671759,-37.9105186667,145.1348775,-37.9104792383,145.1350128633,0,-25,-28,-26,0,-28,-38,-39
2025-05-10T14:00:09.163265,-37.9105186667,145.1348775,-37.91047669,145.1350127233,0,-27,-33,-26,0,-25,-48,-48
2025-05-10T14:00:09.672086,-37.910519,145.1348768333,-37.9104744133,145.1350124417,0,-29,-35,-35,0,-21,-47,-50
2025-05-10T14:00:10.163798,-37.910519,145.1348768333,-37.910471435,145.1350117567,0,-23,-38,-35,0,-28,-44,-44
2025-05-10T14:00:10.663554,-37.910519,145.1348768333,-37.910470335,145.1350115233,0,-27,-44,-35,0,-20,-51,-50
2025-05-10T14:00:11.166932,-37.910519,145.1348768333,-37.910469185,145.13501132,0,-28,-48,-35,0,-27,-48,-48
2025-05-10T14:00:11.667172,-37.910519,145.134877,-37.9104662117,145.1350106783,0,-22,-41,-35,0,-23,-43,-43
2025-05-10T14:00:12.163402,-37.910519,145.134877,-37.91046422,145.13501019,0,-28,-40,-40,0,-31,-47,-47
2025-05-10T14:00:12.666777,-37.910519,145.134877,-37.9104623583,145.1350093367,0,-30,-35,-35,0,-24,-37,-37
2025-05-10T14:00:13.163777,-37.910519,145.134877,-37.910459115,145.1350082583,0,-27,-34,-35,0,-27,-37,-37
2025-05-10T14:00:13.663367,-37.910519,145.134877,-37.9104578267,145.135008015,0,-26,-33,-35,0,-23,-37,-36
2025-05-10T14:00:14.163243,-37.910519,145.134877,-37.910456715,145.135007605,0,-25,-31,-35,0,-25,-37,-37
2025-05-10T14:00:14.667178,-37.910519,145.1348771667,-37.9104535083,145.135006165,0,-28,-30,-35,0,-28,-37,-36
2025-05-10T14:00:15.166946,-37.910519,145.1348771667,-37.91045133,145.135005505,0,-28,-31,-31,0,-27,-37,-37
2025-05-10T14:00:15.666819,-37.910519,145.1348771667,-37.910449885,145.135004935,0,-28,-31,-31,0,-21,-39,-39
2025-05-10T14:00:16.163528,-37.910519,145.1348771667,-37.91044985,145.13500494,0,-27,-32,-31,0,-27,-39,-38
2025-05-10T14:00:16.663320,-37.910519,145.1348773333,-37.91044983,145.1350049267,0,-25,-31,-31,0,-22,-38,-38
2025-05-10T14:00:17.166904,-37.910519,145.1348773333,-37.91044981,145.1350049083,0,-24,-31,-31,0,-29,-39,-39
2025-05-10T14:00:17.667104,-37.910519,145.1348773333,-37.9104497383,145.1350048633,0,-23,-32,-31,0,-22,-39,-39
2025-05-10T14:00:18.170595,-37.910519,145.1348773333,-37.91044969,145.1350048367,0,-27,-32,-32,0,-28,-39,-38
2025-05-10T14:00:18.666970,-37.910519,145.1348775,-37.9104496467,145.1350048033,0,-28,-31,-31,0,-24,-39,-38
2025-05-10T14:00:19.163663,-37.910519,145.1348775,-37.9104495983,145.1350047417,0,-23,-32,-31,0,-28,-39,-39
2025-05-10T14:00:19.663199,-37.910519,145.1348775,-37.91044958,145.1350047183,0,-24,-32,-31,0,-22,-39,-40
2025-05-10T14:00:20.166828,-37.910519,145.1348775,-37.9104495633,145.135004695,0,-25,-32,-31,0,-24,-39,-39
2025-05-10T14:00:20.670766,-37.910519,145.1348775,-37.9104495283,145.1350046217,0,-24,-32,-31,0,-24,-38,-38
2025-05-10T14:00:21.163078,-37.910519,145.1348775,-37.9104494833,145.1350045833,0,-27,-32,-31,0,-31,-38,-38
2025-05-10T14:00:21.672143,-37.910519,145.1348776667,-37.9104494467,145.1350045483,0,-29,-30,-30,0,-22,-37,-38
2025-05-10T14:00:22.163788,-37.910519,145.1348776667,-37.91044939,145.1350045183,0,-23,-30,-30,0,-29,-38,-38
2025-05-10T14:00:22.663744,-37.910519,145.1348776667,-37.9104493733,145.1350045133,0,-28,-33,-30,0,-24,-39,-39
2025-05-10T14:00:23.167249,-37.910519,145.1348776667,-37.9104493583,145.1350045167,0,-23,-32,-30,0,-27,-40,-39
2025-05-10T14:00:23.667092,-37.910519,145.1348778333,-37.910449325,145.1350045067,0,-23,-34,-30,0,-23,-41,-40
2025-05-10T14:00:24.167286,-37.910519,145.1348778333,-37.9104493167,145.1350045183,0,-29,-31,-31,0,-28,-39,-39
2025-05-10T14:00:24.666669,-37.910519,145.1348778333,-37.9104493133,145.1350045383,0,-28,-32,-32,0,-20,-39,-38
2025-05-10T14:00:25.163429,-37.910519,145.1348778333,-37.9104493017,145.1350045917,0,-27,-32,-32,0,-26,-38,-39
2025-05-10T14:00:25.663328,-37.9105191667,145.1348778333,-37.9104493067,145.1350045967,0,-27,-32,-32,0,-22,-39,-39
2025-05-10T14:00:26.171871,-37.9105191667,145.1348778333,-37.91044931,145.135004605,0,-26,-31,-32,0,-27,-38,-38
2025-05-10T14:00:26.666805,-37.9105191667,145.134878,-37.910449315,145.13500465,0,-26,-33,-32,0,-26,-39,-39
2025-05-10T14:00:27.163623,-37.9105191667,145.134878,-37.9104493133,145.13500469,0,-29,-33,-33,0,-24,-40,-40
2025-05-10T14:00:27.666714,-37.9105191667,145.134878,-37.9104499983,145.1350051733,0,-25,-33,-33,0,-27,-39,-38
2025-05-10T14:00:28.163434,-37.9105191667,145.134878,-37.9104530817,145.135006765,0,-24,-35,-33,0,-28,-39,-39
2025-05-10T14:00:28.663062,-37.9105191667,145.1348781667,-37.910454315,145.1350073417,0,-28,-39,-33,0,-21,-43,-43
2025-05-10T14:00:29.167024,-37.9105191667,145.1348781667,-37.9104554783,145.1350081483,0,-23,-41,-33,0,-28,-45,-45
2025-05-10T14:00:29.666933,-37.9105191667,145.1348781667,-37.9104591517,145.1350109517,0,-21,-44,-33,0,-24,-45,-44
2025-05-10T14:00:30.162681,-37.9105191667,145.1348781667,-37.9104618283,145.135012795,0,-26,-35,-35,0,-26,-43,-43
2025-05-10T14:00:30.662952,-37.9105191667,145.1348783333,-37.9104644333,145.1350147817,0,-25,-34,-35,0,-12,-47,-44
2025-05-10T14:00:31.163539,-37.9105191667,145.1348783333,-37.9104677517,145.1350184217,0,-28,-32,-35,0,-29,-41,-41
2025-05-10T14:00:31.666996,-37.9105191667,145.1348783333,-37.9104687167,145.1350198133,0,-28,-29,-35,0,-27,-40,-40
2025-05-10T14:00:32.166959,-37.9105191667,145.1348783333,-37.9104696633,145.1350210583,0,-28,-29,-35,0,-29,-38,-38
2025-05-10T14:00:32.667059,-37.9105191667,145.1348783333,-37.910472795,145.1350243767,0,-26,-26,-35,0,-22,-39,-37
2025-05-10T14:00:33.162981,-37.9105191667,145.1348783333,-37.9104749567,145.1350261633,0,-29,-23,-23,0,-29,-39,-39
2025-05-10T14:00:33.667125,-37.9105191667,145.1348785,-37.91047725,145.1350276233,0,-28,-14,-14,0,-21,-44,-40
2025-05-10T14:00:34.163698,-37.9105191667,145.1348785,-37.91048144,145.1350297483,0,-28,-14,-14,0,-27,-53,-53
2025-05-10T14:00:34.663175,-37.9105191667,145.1348785,-37.9104828867,145.135030505,0,-28,-13,-14,0,-22,-50,-52
2025-05-10T14:00:35.166883,-37.9105191667,145.1348785,-37.9104842033,145.1350311883,0,-28,-13,-14,0,-27,-47,-47
2025-05-10T14:00:35.667235,-37.9105191667,145.1348785,-37.91048704,145.1350331517,0,-27,-13,-14,0,-27,-44,-44
2025-05-10T14:00:36.163420,-37.9105191667,145.1348785,-37.9104884367,145.13503423,0,-28,-12,-14,0,-28,-39,-40
2025-05-10T14:00:36.666871,-37.9105191667,145.1348786667,-37.9104900783,145.1350352267,0,-27,-14,-13,0,-24,-37,-37
2025-05-10T14:00:37.167415,-37.9105191667,145.1348786667,-37.91049261,145.1350367233,0,-28,-13,-13,0,-28,-35,-35
2025-05-10T14:00:37.663236,-37.9105193333,145.1348786667,-37.9104935733,145.135037235,0,-26,-10,-13,0,-24,-33,-34
2025-05-10T14:00:38.167046,-37.9105193333,145.1348786667,-37.9104946267,145.13503771,0,-28,-11,-13,0,-28,-33,-32
2025-05-10T14:00:38.667196,-37.9105193333,145.1348786667,-37.9104976333,145.1350389717,0,-24,-11,-13,0,-28,-31,-31
2025-05-10T14:00:39.179840,-37.9105193333,145.1348786667,-37.9105001017,145.1350397833,0,-25,-10,-10,0,-26,-31,-30
2025-05-10T14:00:39.666464,-37.9105193333,145.1348786667,-37.9105023067,145.13504042,0,-28,-10,-10,0,-29,-30,-30
2025-05-10T14:00:40.163773,-37.9105193333,145.1348786667,-37.9105058217,145.1350412533,0,-26,-10,-10,0,-29,-30,-30
2025-05-10T14:00:40.662715,-37.9105193333,145.1348786667,-37.9105070867,145.1350414367,0,-24,-10,-10,0,-26,-30,-30
2025-05-10T14:00:41.166994,-37.9105193333,145.1348786667,-37.9105082883,145.13504162,0,-21,-10,-10,0,-30,-30,-30
2025-05-10T14:00:41.667084,-37.9105193333,145.1348786667,-37.9105120483,145.1350419933,0,-24,-10,-10,0,-21,-32,-30
2025-05-10T14:00:42.163065,-37.9105193333,145.1348786667,-37.9105147317,145.1350426333,0,-30,-10,-10,0,-29,-32,-32
2025-05-10T14:00:42.671593,-37.9105195,145.1348786667,-37.9105173667,145.1350432333,0,-26,-9,-9,0,-24,-33,-33
2025-05-10T14:00:43.163898,-37.9105195,145.1348786667,-37.9105211683,145.1350438867,0,-25,-10,-9,0,-24,-34,-34
2025-05-10T14:00:43.663702,-37.9105195,145.1348786667,-37.9105222517,145.1350441733,0,-27,-10,-9,0,-22,-36,-35
2025-05-10T14:00:44.167126,-37.9105195,145.1348786667,-37.9105232567,145.1350442517,0,-25,-10,-9,0,-30,-39,-39
2025-05-10T14:00:44.667200,-37.9105195,145.1348786667,-37.9105264567,145.1350443567,0,-23,-9,-9,0,-19,-46,-43
2025-05-10T14:00:45.163425,-37.9105195,145.1348786667,-37.9105283283,145.1350446533,0,-28,-10,-10,0,-27,-50,-50
2025-05-10T14:00:45.667081,-37.9105195,145.1348786667,-37.9105300133,145.1350446083,0,-27,-10,-10,0,-20,-42,-42
2025-05-10T14:00:46.163948,-37.9105195,145.1348786667,-37.9105329633,145.13504449,0,-25,-11,-10,0,-26,-37,-37
2025-05-10T14:00:46.663885,-37.9105196667,145.1348786667,-37.910533935,145.1350445517,0,-28,-10,-10,0,-25,-34,-34
2025-05-10T14:00:47.167335,-37.9105196667,145.1348786667,-37.9105348567,145.13504459,0,-25,-11,-10,0,-29,-33,-33
2025-05-10T14:00:47.666778,-37.9105196667,145.1348786667,-37.910537395,145.1350444817,0,-25,-13,-10,0,-27,-31,-32
2025-05-10T14:00:48.166850,-37.9105196667,145.1348786667,-37.910539365,145.1350445817,0,-28,-12,-12,0,-29,-29,-29
2025-05-10T14:00:48.677097,-37.9105196667,145.1348786667,-37.9105414633,145.13504476,0,-30,-13,-13,0,-24,-29,-29
2025-05-10T14:00:49.163905,-37.9105196667,145.1348786667,-37.9105445267,145.13504506,0,-24,-23,-13,0,-29,-29,-29
2025-05-10T14:00:49.663102,-37.9105195,145.1348788333,-37.9105455833,145.1350451067,0,-29,-13,-13,0,-21,-28,-27
2025-05-10T14:00:50.166743,-37.9105195,145.1348788333,-37.91054654,145.135045045,0,-24,-12,-13,0,-29,-24,-24
2025-05-10T14:00:50.666571,-37.9105195,145.1348788333,-37.9105494133,145.13504476,0,-24,-14,-13,0,-25,-25,-25
2025-05-10T14:00:51.164034,-37.9105195,145.1348788333,-37.9105515283,145.13504443,0,-28,-23,-13,0,-29,-24,-24
2025-05-10T14:00:51.672305,-37.9105196667,145.1348788333,-37.910553715,145.1350439283,0,-27,-24,-24,0,-23,-24,-23
2025-05-10T14:00:52.163365,-37.9105196667,145.1348788333,-37.9105564517,145.1350433433,0,-21,-24,-24,0,-30,-23,-23
2025-05-10T14:00:52.663336,-37.9105196667,145.1348788333,-37.9105573767,145.1350432217,0,-25,-27,-24,0,-23,-23,-24
2025-05-10T14:00:53.166965,-37.9105196667,145.1348788333,-37.9105584533,145.1350430467,0,-27,-26,-24,0,-26,-22,-22
2025-05-10T14:00:53.666504,-37.9105196667,145.1348788333,-37.9105615,145.1350422017,0,-26,-27,-24,0,-6,-74,-23
2025-05-10T14:00:54.163102,-37.9105196667,145.1348788333,-37.91056337,145.1350422583,0,-26,-27,-27,0,-27,-15,-15
2025-05-10T14:00:54.666515,-37.9105198333,145.1348788333,-37.91056522,145.135042215,0,-27,-30,-30,0,-23,-24,-23
2025-05-10T14:00:55.163545,-37.9105198333,145.1348788333,-37.9105680633,145.1350418217,0,-27,-32,-30,0,-23,-24,-24
2025-05-10T14:00:55.663373,-37.9105198333,145.1348788333,-37.9105692233,145.1350418117,0,-27,-34,-30,0,-31,-24,-24
2025-05-10T14:00:56.166957,-37.9105198333,145.1348788333,-37.9105692233,145.1350418117,0,-28,-35,-30,0,-31,-22,-22
2025-05-10T14:00:56.663296,-37.9105198333,145.1348788333,-37.9105692233,145.1350418117,0,-28,-36,-30,0,-28,-23,-22
2025-05-10T14:00:57.163109,-37.9105198333,145.1348788333,-37.9105774083,145.13504102,0,-27,-37,-37,0,-27,-13,-13
2025-05-10T14:00:57.666828,-37.9105198333,145.134879,-37.9105804283,145.1350405283,0,-28,-41,-37,0,-22,-13,-13
2025-05-10T14:00:58.163560,-37.9105198333,145.134879,-37.9105850633,145.13503925,0,-27,-41,-37,0,-30,-12,-12
2025-05-10T14:00:58.663264,-37.9105198333,145.134879,-37.9105866283,145.135038915,0,-29,-47,-37,0,-24,-13,-13
2025-05-10T14:00:59.166696,-37.9105198333,145.134879,-37.9105881933,145.1350386533,0,-28,-42,-37,0,-28,-14,-13
2025-05-10T14:00:59.666780,-37.91052,145.134879,-37.9105920917,145.13503788,0,-26,-41,-37,0,-28,-23,-22
2025-05-10T14:01:00.163220,-37.91052,145.134879,-37.9105946067,145.1350372583,0,-26,-40,-40,0,-28,-22,-22
2025-05-10T14:01:00.666799,-37.91052,145.134879,-37.9105967367,145.1350369483,0,-29,-37,-37,0,-23,-11,-10
2025-05-10T14:01:01.163766,-37.91052,145.134879,-37.9105997,145.1350353317,0,-25,-35,-37,0,-25,-12,-11
2025-05-10T14:01:01.663245,-37.91052,145.134879,-37.9106009667,145.135034485,0,-25,-35,-37,0,-26,-73,-13
2025-05-10T14:01:02.167075,-37.91052,145.134879,-37.9106021533,145.13503361,0,-26,-36,-37,0,-26,-12,-12
2025-05-10T14:01:02.666457,-37.91052,145.134879,-37.9106056517,145.13503094,0,-23,-35,-37,0,-23,-13,-12
2025-05-10T14:01:03.163794,-37.91052,145.134879,-37.910607575,145.13502876,0,-26,-34,-34,0,-23,-13,-13
2025-05-10T14:01:03.666940,-37.91052,145.134879,-37.9106097783,145.1350264233,0,-29,-34,-34,0,-29,-13,-13
2025-05-10T14:01:04.163682,-37.91052,145.134879,-37.9106124783,145.1350232667,0,-25,-34,-34,0,-24,-13,-13
2025-05-10T14:01:04.663454,-37.91052,145.1348791667,-37.9106133533,145.1350224183,0,-26,-33,-34,0,-24,-14,-13
2025-05-10T14:01:05.163890,-37.91052,145.1348791667,-37.910614185,145.1350215017,0,-27,-34,-34,0,-30,-14,-14
2025-05-10T14:01:05.666731,-37.91052,145.1348791667,-37.910616575,145.1350187367,0,-25,-35,-34,0,-22,-26,-14
2025-05-10T14:01:06.166848,-37.91052,145.1348791667,-37.91061785,145.1350172267,0,-29,-34,-34,0,-30,-13,-13
2025-05-10T14:01:06.666987,-37.91052,145.1348791667,-37.910619395,145.1350155917,0,-28,-33,-33,0,-22,-14,-13
2025-05-10T14:01:07.163801,-37.91052,145.1348791667,-37.91062161,145.13501211,0,-24,-34,-33,0,-27,-11,-11
2025-05-10T14:01:07.663287,-37.9105201667,145.1348791667,-37.9106222833,145.135010955,0,-26,-31,-33,0,-25,-12,-12
2025-05-10T14:01:08.166755,-37.9105201667,145.1348791667,-37.9106229967,145.1350096833,0,-25,-35,-33,0,-29,-12,-12
2025-05-10T14:01:08.666723,-37.9105201667,145.1348791667,-37.9106248767,145.13500601,0,-24,-36,-33,0,-23,-13,-12
2025-05-10T14:01:09.163970,-37.9105201667,145.1348791667,-37.910625795,145.13500322,0,-26,-35,-35,0,-28,-13,-13
2025-05-10T14:01:09.678900,-37.9105201667,145.1348791667,-37.91062658,145.1350013283,0,-27,-35,-35,0,-25,-12,-13
2025-05-10T14:01:10.163777,-37.9105201667,145.1348791667,-37.9106274233,145.13499843,0,-23,-37,-35,0,-27,-13,-13
2025-05-10T14:01:10.666832,-37.9105201667,145.1348793333,-37.9106277683,145.13499723,0,-26,-39,-35,0,-26,-13,-13
2025-05-10T14:01:11.167347,-37.9105201667,145.1348793333,-37.9106281017,145.1349958967,0,-23,-41,-35,0,-26,-14,-14
2025-05-10T14:01:11.666784,-37.9105201667,145.1348791667,-37.9106283717,145.1349916767,0,-23,-44,-35,0,-25,-14,-14
2025-05-10T14:01:12.163024,-37.9105201667,145.1348791667,-37.9106285583,145.1349885783,0,-31,-49,-49,0,-26,-14,-14
2025-05-10T14:01:12.666973,-37.9105201667,145.1348791667,-37.9106281067,145.1349856133,0,-27,-52,-52,0,-21,-15,-14
2025-05-10T14:01:13.163856,-37.9105201667,145.1348791667,-37.9106269333,145.1349813617,0,-26,-50,-52,0,-29,-14,-14
2025-05-10T14:01:13.663049,-37.9105201667,145.1348791667,-37.91062651,145.1349799483,0,-28,-51,-52,0,-24,-25,-23
2025-05-10T14:01:14.167009,-37.9105201667,145.1348791667,-37.9106261417,145.13497852,0,-27,-48,-52,0,-30,-22,-22
2025-05-10T14:01:14.667065,-37.9105203333,145.1348791667,-37.9106247033,145.134974325,0,-27,-43,-52,0,-25,-22,-14
2025-05-10T14:01:15.163343,-37.9105203333,145.1348791667,-37.910624075,145.1349715783,0,-28,-40,-52,0,-27,-15,-15
2025-05-10T14:01:15.667074,-37.9105203333,145.1348791667,-37.9106234883,145.1349688017,0,-29,-38,-38,0,-23,-22,-15
2025-05-10T14:01:16.163775,-37.9105203333,145.1348791667,-37.9106223183,145.13496546,0,-26,-38,-38,0,-28,-22,-22
2025-05-10T14:01:16.663921,-37.9105203333,145.1348791667,-37.9106218717,145.1349643183,0,-28,-37,-38,0,-26,-24,-23
2025-05-10T14:01:17.166856,-37.9105203333,145.1348791667,-37.910621425,145.13496336,0,-29,-37,-38,0,-26,-24,-24
2025-05-10T14:01:17.666930,-37.9105203333,145.1348791667,-37.9106204817,145.1349599417,0,-29,-37,-38,0,-29,-25,-24
2025-05-10T14:01:18.163553,-37.9105203333,145.1348791667,-37.910619915,145.1349573817,0,-29,-37,-37,0,-26,-25,-25
2025-05-10T14:01:18.666369,-37.9105205,145.1348791667,-37.9106194217,145.1349548967,0,-27,-38,-37,0,-21,-26,-25
2025-05-10T14:01:19.175173,-37.9105205,145.1348791667,-37.9106184317,145.13495158,0,-28,-37,-37,0,-28,-25,-25
2025-05-10T14:01:19.663244,-37.9105205,145.134879,-37.9106181133,145.1349504283,0,-29,-38,-37,0,-26,-26,-26
2025-05-10T14:01:20.166944,-37.9105205,145.134879,-37.9106177067,145.1349492683,0,-28,-39,-37,0,-28,-27,-27
2025-05-10T14:01:20.666717,-37.9105205,145.134879,-37.9106163483,145.134946595,0,-29,-39,-37,0,-27,-28,-26
2025-05-10T14:01:21.163128,-37.9105205,145.134879,-37.9106154117,145.1349448867,0,-23,-40,-37,0,-28,-28,-27
2025-05-10T14:01:21.666323,-37.9105206667,145.134879,-37.9106151883,145.1349439233,0,-23,-40,-37,0,-28,-28,-27
2025-05-10T14:01:22.163608,-37.9105206667,145.134879,-37.91061403,145.1349408083,0,-25,-38,-39,0,-28,-28,-28
2025-05-10T14:01:22.663284,-37.9105206667,145.134879,-37.9106137767,145.13493967,0,-26,-37,-39,0,-24,-30,-29
2025-05-10T14:01:23.166862,-37.9105206667,145.134879,-37.9106134867,145.1349385667,0,-24,-36,-39,0,-26,-29,-29
2025-05-10T14:01:23.666516,-37.9105206667,145.134879,-37.9106122617,145.1349353067,0,-26,-38,-39,0,-25,-31,-31
2025-05-10T14:01:24.162897,-37.9105206667,145.134879,-37.91061135,145.1349330633,0,-27,-38,-38,0,-26,-33,-33
2025-05-10T14:01:24.666952,-37.9105208333,145.134879,-37.9106103533,145.1349307483,0,-28,-39,-39,0,-27,-34,-34
2025-05-10T14:01:25.163603,-37.9105208333,145.134879,-37.9106088083,145.1349277467,0,-25,-40,-39,0,-29,-35,-35
2025-05-10T14:01:25.663204,-37.9105208333,145.134879,-37.9106082167,145.13492683,0,-29,-41,-39,0,-20,-39,-37
2025-05-10T14:01:26.167194,-37.9105208333,145.134879,-37.9106077017,145.1349258367,0,-24,-47,-39,0,-27,-45,-45
2025-05-10T14:01:26.667083,-37.910521,145.134879,-37.91060603,145.1349228167,0,-16,-51,-39,0,-26,-45,-47
2025-05-10T14:01:27.167041,-37.910521,145.134879,-37.9106048217,145.13492101,0,-30,-50,-50,0,-29,-41,-41
2025-05-10T14:01:27.667268,-37.910521,145.134879,-37.9106035383,145.1349189883,0,-25,-58,-58,0,-18,-46,-44
2025-05-10T14:01:28.163843,-37.910521,145.134879,-37.9106020583,145.1349161067,0,-25,-54,-58,0,-28,-42,-42
2025-05-10T14:01:28.663318,-37.9105211667,145.134879,-37.9106016683,145.134915195,0,-29,-49,-58,0,-26,-41,-41
2025-05-10T14:01:29.166798,-37.9105211667,145.134879,-37.9106012717,145.1349143917,0,-26,-41,-58,0,-29,-38,-38
2025-05-10T14:01:29.666459,-37.9105211667,145.134879,-37.910599805,145.1349117617,0,-27,-37,-58,0,-22,-36,-35
2025-05-10T14:01:30.162900,-37.9105211667,145.134879,-37.9105987583,145.1349095867,0,-31,-35,-35,0,-28,-31,-31
2025-05-10T14:01:30.666873,-37.9105213333,145.134879,-37.9105975283,145.1349074,0,-31,-34,-34,0,-30,-29,-30
2025-05-10T14:01:31.163709,-37.9105213333,145.134879,-37.910595665,145.1349043533,0,-24,-33,-34,0,-26,-30,-30
2025-05-10T14:01:31.662737,-37.9105213333,145.134879,-37.9105951017,145.1349034017,0,-25,-33,-34,0,-25,-29,-29
2025-05-10T14:01:32.166445,-37.9105213333,145.134879,-37.9105945967,145.134902395,0,-25,-34,-34,0,-29,-29,-29
2025-05-10T14:01:32.666751,-37.9105215,145.134879,-37.9105931767,145.1348999017,0,-26,-32,-34,0,-27,-29,-29
2025-05-10T14:01:33.163359,-37.9105215,145.134879,-37.91059185,145.1348982983,0,-31,-31,-31,0,-28,-28,-28
2025-05-10T14:01:33.666817,-37.9105215,145.134879,-37.9105902817,145.1348963867,0,-29,-32,-32,0,-25,-28,-28
2025-05-10T14:01:34.163767,-37.9105215,145.134879,-37.9105881217,145.13489447,0,-27,-31,-32,0,-31,-29,-29
2025-05-10T14:01:34.662879,-37.9105216667,145.134879,-37.9105874517,145.1348936933,0,-27,-31,-32,0,-26,-28,-27
2025-05-10T14:01:35.167079,-37.9105216667,145.134879,-37.9105865567,145.134892985,0,-29,-31,-32,0,-30,-29,-29
2025-05-10T14:01:35.666736,-37.9105216667,145.134879,-37.9105841167,145.13489199,0,-22,-30,-32,0,-22,-27,-28
2025-05-10T14:01:36.163807,-37.9105216667,145.134879,-37.9105829367,145.1348917217,0,-28,-30,-30,0,-28,-27,-27
2025-05-10T14:01:36.671843,-37.9105218333,145.134879,-37.9105824617,145.1348918033,0,-24,-31,-31,0,-28,-27,-27
2025-05-10T14:01:37.163851,-37.9105218333,145.134879,-37.91058154,145.1348916917,0,-29,-30,-31,0,-28,-26,-26
2025-05-10T14:01:37.663053,-37.9105218333,145.134879,-37.9105809533,145.13489169,0,-27,-29,-31,0,-26,-27,-25
2025-05-10T14:01:38.167057,-37.9105218333,145.134879,-37.910580955,145.1348916933,0,-27,-29,-31,0,-26,-24,-24
2025-05-10T14:01:38.666821,-37.9105218333,145.134879,-37.91058095,145.134891705,0,-26,-29,-31,0,-25,-25,-24
2025-05-10T14:01:39.163183,-37.9105218333,145.134879,-37.91058012,145.1348922367,0,-29,-29,-29,0,-28,-26,-26
2025-05-10T14:01:39.666754,-37.910522,145.134879,-37.9105781117,145.1348930233,0,-27,-31,-32,0,-30,-24,-25
2025-05-10T14:01:40.179719,-37.910522,145.134879,-37.9105754433,145.1348942217,0,-26,-31,-32,0,-27,-25,-25
2025-05-10T14:01:40.662981,-37.910522,145.134879,-37.9105745583,145.1348946533,0,-28,-37,-32,0,-26,-27,-27
2025-05-10T14:01:41.167046,-37.910522,145.134879,-37.910573725,145.134895035,0,-29,-46,-32,0,-28,-29,-28
2025-05-10T14:01:41.666803,-37.910522,145.134879,-37.9105710583,145.1348958017,0,-28,-39,-32,0,-9,-74,-27
2025-05-10T14:01:42.163205,-37.910522,145.134879,-37.91057032,145.134896045,0,-30,-40,-39,0,-28,-30,-30
2025-05-10T14:01:42.666704,-37.9105221667,145.134879,-37.9105687933,145.13489639,0,-22,-39,-39,0,-28,-42,-40
2025-05-10T14:01:43.163790,-37.9105221667,145.134879,-37.9105660883,145.1348975383,0,-28,-39,-39,0,-28,-35,-36
2025-05-10T14:01:43.666921,-37.9105221667,145.134879,-37.910565065,145.134897915,0,-25,-34,-39,0,-28,-27,-28
2025-05-10T14:01:44.166596,-37.9105221667,145.134879,-37.910564065,145.13489819,0,-25,-30,-39,0,-26,-14,-14
2025-05-10T14:01:44.666954,-37.9105221667,145.134879,-37.910561265,145.1348994583,0,-24,-28,-39,0,-24,-10,-10
2025-05-10T14:01:45.162871,-37.9105221667,145.134879,-37.910559135,145.1349004533,0,-28,-27,-27,0,-29,-6,-6
2025-05-10T14:01:45.666817,-37.9105221667,145.134879,-37.9105580733,145.1349009733,0,-27,-27,-27,0,-21,-6,-4
2025-05-10T14:01:46.162672,-37.9105221667,145.134879,-37.9105570667,145.13490117,0,-25,-29,-27,0,-27,-1,-1
2025-05-10T14:01:46.663408,-37.9105223333,145.134879,-37.9105570667,145.13490117,0,-31,-33,-33,0,-29,1,1
2025-05-10T14:01:47.162825,-37.9105223333,145.134879,-37.9105531367,145.134902105,0,-21,-37,-33,0,-26,2,2
2025-05-10T14:01:47.663045,-37.9105223333,145.134879,-37.91054961,145.1349027467,0,-27,-35,-33,0,-24,2,2
2025-05-10T14:01:48.166858,-37.9105223333,145.134879,-37.9105480283,145.1349029283,0,-27,-26,-26,0,-29,3,3
2025-05-10T14:01:48.663020,-37.9105223333,145.134879,-37.9105464733,145.134903415,0,-26,-13,-26,0,-26,4,4
2025-05-10T14:01:49.163417,-37.9105223333,145.134879,-37.9105443867,145.134904055,0,-26,-11,-26,0,-31,3,3
2025-05-10T14:01:49.676492,-37.9105225,145.1348788333,-37.9105443867,145.134904055,0,-26,-11,-26,0,-31,3,3
2025-05-10T14:01:50.162671,-37.9105225,145.1348788333,-37.91054249,145.134904435,0,-24,-13,-10,0,-25,-3,-1
2025-05-10T14:01:50.663481,-37.9105225,145.134879,-37.91054249,145.134904435,0,-24,-25,-10,0,-26,-6,-5
2025-05-10T14:01:51.167002,-37.9105225,145.134879,-37.91054249,145.134904435,0,-28,-24,-24,0,-29,-10,-10
2025-05-10T14:01:51.672252,-37.9105225,145.1348788333,-37.91054249,145.134904435,0,-24,-13,-13,0,-28,-22,-22
2025-05-10T14:01:52.163579,-37.9105225,145.1348788333,-37.9105381,145.134905035,0,-23,-10,-13,0,-30,-27,-27
2025-05-10T14:01:52.663446,-37.9105225,145.1348788333,-37.9105381,145.134905035,0,-27,-7,-7,0,-27,-28,-28
2025-05-10T14:01:53.167368,-37.9105225,145.1348788333,-37.9105304917,145.1349058067,0,-26,-5,-7,0,-29,-28,-28
2025-05-10T14:01:53.662470,-37.9105226667,145.1348788333,-37.910529,145.1349057333,0,-25,-4,-7,0,-26,-31,-30
2025-05-10T14:01:54.167322,-37.9105226667,145.1348788333,-37.9105289917,145.1349057167,0,-28,-3,-3,0,-28,-28,-28
2025-05-10T14:01:54.666764,-37.9105226667,145.1348786667,-37.9105289683,145.1349056533,0,-28,-2,-3,0,-29,-26,-27
2025-05-10T14:01:55.163383,-37.9105226667,145.1348786667,-37.9105289483,145.1349056617,0,-18,1,-3,0,-30,-23,-23
2025-05-10T14:01:55.663081,-37.9105226667,145.1348786667,-37.910528965,145.13490566,0,-27,2,-3,0,-23,-23,-15
2025-05-10T14:01:56.166730,-37.9105226667,145.1348786667,-37.9105289683,145.1349056367,0,-28,2,-3,0,-30,-23,-23
2025-05-10T14:01:56.666433,-37.9105226667,145.1348786667,-37.91052771,145.1349053183,0,-25,2,-3,0,-25,-26,-25
2025-05-10T14:01:57.163387,-37.9105226667,145.1348786667,-37.91052681,145.1349039017,0,-27,2,2,0,-29,-30,-30
2025-05-10T14:01:57.666918,-37.9105228333,145.1348786667,-37.910526315,145.1349037867,0,-27,0,1,0,-27,-35,-35
2025-05-10T14:01:58.163333,-37.9105228333,145.1348786667,-37.9105244383,145.13490296,0,-27,-3,1,0,-28,-33,-33
2025-05-10T14:01:58.663178,-37.9105228333,145.1348785,-37.9105237233,145.1349027183,0,-26,-5,1,0,-17,-35,-32
2025-05-10T14:01:59.166892,-37.9105228333,145.1348785,-37.91052299,145.1349023233,0,-27,-9,1,0,-26,-31,-31
2025-05-10T14:01:59.666562,-37.9105228333,145.1348785,-37.9105210067,145.1349005317,0,-22,-9,1,0,-22,-32,-32
2025-05-10T14:02:00.162952,-37.9105228333,145.1348785,-37.9105209717,145.13490054,0,-28,-13,1,0,-25,-34,-34
2025-05-10T14:02:00.666989,-37.9105228333,145.1348785,-37.9105209717,145.13490054,0,-25,-23,-23,0,-31,-40,-40
2025-05-10T14:02:01.163434,-37.9105228333,145.1348785,-37.9105209567,145.1349005483,0,-28,-24,-23,0,-29,-32,-32
2025-05-10T14:02:01.663608,-37.910523,145.1348785,-37.9105172783,145.134898885,0,-27,-25,-23,0,-28,-34,-32
2025-05-10T14:02:02.166945,-37.910523,145.1348785,-37.9105172783,145.134898885,0,-25,-26,-23,0,-29,-32,-32
2025-05-10T14:02:02.663548,-37.910523,145.1348785,-37.9105172783,145.134898885,0,-25,-14,-23,0,-26,-37,-35
2025-05-10T14:02:03.163054,-37.910523,145.1348785,-37.9105130817,145.13489796,0,-28,-25,-24,0,-28,-50,-44
2025-05-10T14:02:03.666424,-37.910523,145.1348785,-37.9105110717,145.1348985083,0,-28,-47,-24,0,-26,-41,-40
2025-05-10T14:02:04.163268,-37.910523,145.1348785,-37.9105076267,145.1348986083,0,-26,-30,-24,0,-27,-49,-52
2025-05-10T14:02:04.663060,-37.910523,145.1348783333,-37.9105067333,145.1348989833,0,-24,-29,-24,0,-29,-38,-39
2025-05-10T14:02:05.166781,-37.910523,145.1348783333,-37.910505915,145.1348993983,0,-23,-29,-24,0,-27,-34,-34
2025-05-10T14:02:05.666961,-37.910523,145.1348783333,-37.910505915,145.1348993983,0,-24,-33,-24,0,-27,-32,-32
2025-05-10T14:02:06.163613,-37.910523,145.1348783333,-37.910505915,145.1348993983,0,-28,-32,-32,0,-28,-33,-33
2025-05-10T14:02:06.672150,-37.9105228333,145.1348783333,-37.910505915,145.1348993983,0,-27,-32,-32,0,-29,-35,-35
2025-05-10T14:02:07.164033,-37.9105228333,145.1348783333,-37.910505915,145.1348993983,0,-23,-32,-32,0,-31,-34,-34
2025-05-10T14:02:07.663402,-37.9105228333,145.1348783333,-37.9105012983,145.134903295,0,-30,-32,-32,0,-26,-34,-34
2025-05-10T14:02:08.167082,-37.9105228333,145.1348783333,-37.9105012983,145.134903295,0,-23,-33,-32,0,-29,-35,-35
2025-05-10T14:02:08.663124,-37.9105228333,145.1348783333,-37.9104925817,145.1349116217,0,-24,-33,-32,0,-25,-35,-34
2025-05-10T14:02:09.163123,-37.9105228333,145.1348783333,-37.910490315,145.1349138917,0,-31,-32,-32,0,-24,-34,-34
2025-05-10T14:02:09.672389,-37.9105228333,145.1348781667,-37.9104882683,145.1349160483,0,-30,-33,-33,0,-27,-37,-36
2025-05-10T14:02:10.163839,-37.9105228333,145.1348781667,-37.91048602,145.1349190417,0,-25,-32,-33,0,-27,-43,-43
2025-05-10T14:02:10.673897,-37.9105228333,145.1348781667,-37.91048541,145.13492034,0,-27,-30,-33,0,-30,-41,-42
2025-05-10T14:02:11.166543,-37.9105228333,145.1348781667,-37.9104847633,145.1349217217,0,-26,-28,-33,0,-30,-40,-40
2025-05-10T14:02:11.670796,-37.910523,145.1348781667,-37.9104830767,145.1349260583,0,-25,-27,-33,0,-23,-41,-41
2025-05-10T14:02:12.162964,-37.910523,145.1348781667,-37.9104819767,145.134928575,0,-27,-27,-27,0,-29,-50,-50
2025-05-10T14:02:12.667028,-37.910523,145.134878,-37.910480545,145.1349310533,0,-28,-27,-27,0,-23,-49,-50
2025-05-10T14:02:13.163531,-37.910523,145.134878,-37.9104781183,145.1349350183,0,-23,-27,-27,0,-25,-49,-49
2025-05-10T14:02:13.663079,-37.910523,145.134878,-37.9104774567,145.1349363833,0,-29,-27,-27,0,-25,-44,-43
2025-05-10T14:02:14.166762,-37.910523,145.134878,-37.91047683,145.1349378833,0,-23,-25,-27,0,-27,-39,-39
2025-05-10T14:02:14.667049,-37.910523,145.1348778333,-37.9104750133,145.1349425867,0,-21,-25,-27,0,-22,-38,-37
2025-05-10T14:02:15.162414,-37.910523,145.1348778333,-37.910473745,145.13494583,0,-29,-26,-26,0,-30,-36,-36
2025-05-10T14:02:15.667274,-37.910523,145.1348778333,-37.9104725533,145.1349486933,0,-26,-27,-27,0,-28,-35,-34
2025-05-10T14:02:16.163224,-37.910523,145.1348778333,-37.91047035,145.1349531417,0,-23,-27,-27,0,-25,-34,-35
2025-05-10T14:02:16.663395,-37.910523,145.1348776667,-37.9104695517,145.13495479,0,-29,-28,-27,0,-25,-35,-35
2025-05-10T14:02:17.170029,-37.910523,145.1348776667,-37.9104687567,145.1349562933,0,-24,-29,-27,0,-29,-35,-35
2025-05-10T14:02:17.666977,-37.910523,145.1348776667,-37.9104667367,145.1349605467,0,-27,-29,-27,0,-22,-36,-35
2025-05-10T14:02:18.163217,-37.910523,145.1348776667,-37.91046546,145.134963425,0,-29,-28,-28,0,-25,-34,-34
2025-05-10T14:02:18.666806,-37.910523,145.1348775,-37.9104645967,145.1349666933,0,-29,-30,-30,0,-27,-36,-36
2025-05-10T14:02:19.163552,-37.910523,145.1348775,-37.9104636133,145.134971025,0,-27,-30,-30,0,-27,-36,-36
2025-05-10T14:02:19.663495,-37.910523,145.1348775,-37.91046318,145.13497232,0,-26,-31,-30,0,-25,-37,-37
2025-05-10T14:02:20.177810,-37.910523,145.1348775,-37.910462705,145.1349736767,0,-27,-33,-30,0,-25,-38,-39
2025-05-10T14:02:20.666295,-37.910523,145.1348775,-37.910461155,145.1349778333,0,-18,-31,-30,0,-18,-37,-36
2025-05-10T14:02:21.162465,-37.910523,145.1348775,-37.910460165,145.1349805483,0,-27,-32,-30,0,-29,-37,-37
2025-05-10T14:02:21.663338,-37.910523,145.1348773333,-37.9104589483,145.1349826967,0,-28,-35,-35,0,-27,-41,-41
2025-05-10T14:02:22.163557,-37.910523,145.1348773333,-37.910457345,145.134986055,0,-29,-36,-35,0,-29,-40,-40
2025-05-10T14:02:22.666410,-37.910523,145.1348773333,-37.9104570483,145.1349871933,0,-27,-36,-35,0,-22,-41,-40
2025-05-10T14:02:23.166560,-37.910523,145.1348773333,-37.9104566917,145.1349882833,0,-28,-35,-35,0,-28,-40,-40
2025-05-10T14:02:23.666195,-37.910523,145.1348771667,-37.9104555683,145.1349917367,0,-27,-36,-35,0,-27,-41,-41
2025-05-10T14:02:24.162616,-37.910523,145.1348771667,-37.9104544883,145.1349940633,0,-28,-34,-33,0,-27,-40,-40
2025-05-10T14:02:24.666346,-37.910523,145.1348771667,-37.9104536183,145.134996275,0,-28,-34,-33,0,-28,-40,-39
2025-05-10T14:02:25.162926,-37.910523,145.1348771667,-37.91045207,145.1349992717,0,-24,-38,-33,0,-27,-44,-44
2025-05-10T14:02:25.662477,-37.910523,145.134877,-37.910451665,145.1350003867,0,-26,-40,-33,0,-22,-47,-46
2025-05-10T14:02:26.166858,-37.910523,145.134877,-37.91045138,145.1350015367,0,-22,-42,-33,0,-28,-47,-47
2025-05-10T14:02:26.666991,-37.910523,145.134877,-37.9104509833,145.135004255,0,-22,-45,-33,0,-21,-48,-49
2025-05-10T14:02:27.163360,-37.910523,145.134877,-37.9104509833,145.135004255,0,-25,-51,-51,0,-23,-53,-51
2025-05-10T14:02:27.666840,-37.910523,145.1348768333,-37.9104509833,145.135004255,0,-27,-51,-51,0,-24,-55,-55
2025-05-10T14:02:28.166525,-37.910523,145.1348768333,-37.9104489483,145.135012665,0,-24,-49,-51,0,-23,-52,-52
2025-05-10T14:02:28.663520,-37.910523,145.1348768333,-37.9104489483,145.135012665,0,-24,-57,-57,0,-26,-50,-50
2025-05-10T14:02:29.172263,-37.910523,145.1348768333,-37.9104489483,145.135012665,0,-16,-58,-57,0,-26,-52,-52
2025-05-10T14:02:29.663838,-37.910523,145.1348766667,-37.9104489483,145.135012665,0,-20,-52,-57,0,-21,-56,-57
2025-05-10T14:02:30.164315,-37.910523,145.1348766667,-37.910447085,145.135016455,0,-17,-57,-57,0,-28,-58,-58
2025-05-10T14:02:30.667264,-37.910523,145.1348766667,-37.910447085,145.135016455,0,-26,-44,-44,0,-26,-54,-54
2025-05-10T14:02:31.163347,-37.910523,145.1348766667,-37.9104467583,145.135017505,0,-20,-45,-44,0,-26,-53,-53
2025-05-10T14:02:31.662690,-37.910523,145.1348766667,-37.9104458283,145.1350198017,0,-29,-41,-41,0,-28,-45,-45
2025-05-10T14:02:32.166605,-37.910523,145.1348766667,-37.9104435733,145.1350303033,0,-27,-41,-41,0,-30,-46,-46
2025-05-10T14:02:32.663243,-37.910523,145.1348765,-37.910442935,145.1350348317,0,-25,-38,-41,0,-22,-45,-44
2025-05-10T14:02:33.166586,-37.910523,145.1348765,-37.91044214,145.1350377117,0,-28,-38,-38,0,-30,-42,-42
2025-05-10T14:02:33.666927,-37.910523,145.1348765,-37.9104412283,145.135040335,0,-27,-37,-38,0,-28,-45,-43
2025-05-10T14:02:34.163745,-37.910523,145.1348765,-37.9104395117,145.1350441933,0,-25,-37,-38,0,-28,-44,-44
2025-05-10T14:02:34.666834,-37.910523,145.1348765,-37.910439025,145.1350458567,0,-27,-37,-38,0,-25,-42,-42
2025-05-10T14:02:35.166749,-37.910523,145.1348765,-37.9104385617,145.1350475583,0,-25,-37,-38,0,-30,-41,-41
2025-05-10T14:02:35.667207,-37.910523,145.1348763333,-37.9104381417,145.135049185,0,-23,-36,-38,0,-23,-42,-42
2025-05-10T14:02:36.163375,-37.910523,145.1348763333,-37.9104381417,145.135049185,0,-28,-36,-36,0,-26,-42,-42
2025-05-10T14:02:36.672061,-37.910523,145.1348763333,-37.9104381417,145.135049185,0,-25,-36,-36,0,-30,-42,-42
2025-05-10T14:02:37.162969,-37.910523,145.1348763333,-37.9104349233,145.13505938,0,-21,-37,-36,0,-29,-42,-42
2025-05-10T14:02:37.663286,-37.910523,145.1348763333,-37.9104349233,145.13505938,0,-27,-37,-37,0,-28,-42,-42
2025-05-10T14:02:38.166922,-37.910523,145.1348763333,-37.9104349233,145.13505938,0,-24,-38,-37,0,-23,-44,-44
2025-05-10T14:02:38.663699,-37.910523,145.1348763333,-37.910433475,145.135063485,0,-26,-38,-37,0,-23,-46,-46
2025-05-10T14:02:39.163201,-37.910523,145.1348763333,-37.910433475,145.135063485,0,-26,-38,-38,0,-30,-48,-48
2025-05-10T14:02:39.662802,-37.910523,145.1348761667,-37.91043009,145.135074525,0,-27,-38,-38,0,-29,-50,-50
2025-05-10T14:02:40.163712,-37.910523,145.1348761667,-37.9104297517,145.13507766,0,-26,-37,-38,0,-30,-46,-46
2025-05-10T14:02:40.662805,-37.910523,145.1348761667,-37.9104295883,145.1350790567,0,-27,-34,-38,0,-27,-42,-44
2025-05-10T14:02:41.173902,-37.910523,145.1348761667,-37.9104294167,145.1350803533,0,-27,-34,-38,0,-27,-42,-44
2025-05-10T14:02:41.665969,-37.910523,145.1348761667,-37.9104287817,145.1350835683,0,-27,-36,-38,0,-27,-47,-46
2025-05-10T14:02:42.163579,-37.910523,145.1348761667,-37.91042851,145.135086175,0,-27,-35,-35,0,-27,-46,-46
2025-05-10T14:02:42.666922,-37.910523,145.1348761667,-37.9104282483,145.1350872417,0,-29,-34,-34,0,-30,-44,-43
2025-05-10T14:02:43.163604,-37.910523,145.1348761667,-37.9104282117,145.1350871983,0,-27,-33,-34,0,-26,-43,-43
2025-05-10T14:02:43.662495,-37.910523,145.134876,-37.9104281933,145.1350871767,0,-28,-32,-34,0,-26,-42,-43
2025-05-10T14:02:44.166332,-37.910523,145.134876,-37.9104281717,145.135087155,0,-26,-34,-34,0,-28,-46,-46
2025-05-10T14:02:44.666352,-37.9105228333,145.134876,-37.9104261517,145.135088865,0,-27,-35,-34,0,-20,-46,-48
2025-05-10T14:02:45.162517,-37.9105228333,145.134876,-37.9104251067,145.135090775,0,-27,-34,-34,0,-24,-47,-46
2025-05-10T14:02:45.666719,-37.9105228333,145.134876,-37.910424605,145.1350932333,0,-25,-34,-34,0,-25,-45,-45
2025-05-10T14:02:46.163402,-37.9105228333,145.134876,-37.9104237517,145.1350964067,0,-26,-34,-34,0,-26,-43,-46
2025-05-10T14:02:46.662509,-37.9105228333,145.1348758333,-37.9104236017,145.1350973183,0,-27,-35,-34,0,-22,-44,-43
2025-05-10T14:02:47.171621,-37.9105228333,145.1348758333,-37.9104233883,145.135098255,0,-24,-33,-34,0,-28,-43,-43
2025-05-10T14:02:47.666548,-37.9105228333,145.1348758333,-37.9104222183,145.1351015283,0,-25,-33,-34,0,-26,-42,-43
2025-05-10T14:02:48.163553,-37.9105228333,145.1348758333,-37.910421025,145.135103905,0,-26,-33,-33,0,-30,-43,-44
2025-05-10T14:02:48.666682,-37.9105228333,145.1348758333,-37.9104201117,145.135106905,0,-29,-32,-32,0,-29,-42,-42
2025-05-10T14:02:49.163595,-37.9105228333,145.1348758333,-37.9104193167,145.1351109933,0,-25,-33,-32,0,-30,-44,-44
2025-05-10T14:02:49.662795,-37.9105228333,145.1348756667,-37.910419025,145.1351124083,0,-26,-34,-32,0,-23,-47,-45
2025-05-10T14:02:50.167221,-37.9105228333,145.1348756667,-37.91041867,145.1351138967,0,-25,-34,-32,0,-28,-47,-47
2025-05-10T14:02:50.683962,-37.9105228333,145.1348756667,-37.9104182217,145.1351184933,0,-25,-33,-32,0,-23,-47,-46
2025-05-10T14:02:51.163545,-37.9105228333,145.1348756667,-37.9104176717,145.1351216517,0,-26,-33,-32,0,-28,-49,-49
2025-05-10T14:02:51.662868,-37.9105226667,145.1348756667,-37.9104172017,145.13512484,0,-25,-34,-32,0,-27,-49,-51
2025-05-10T14:02:52.163666,-37.9105226667,145.1348756667,-37.9104165933,145.1351297317,0,-28,-33,-32,0,-29,-46,-46
2025-05-10T14:02:52.666808,-37.9105226667,145.1348755,-37.910416405,145.1351314683,0,-28,-32,-32,0,-23,-45,-44
2025-05-10T14:02:53.166620,-37.9105226667,145.1348755,-37.91041621,145.1351331483,0,-23,-33,-32,0,-28,-43,-43
2025-05-10T14:02:53.666314,-37.9105226667,145.1348755,-37.9104152567,145.13513789,0,-25,-31,-32,0,-25,-42,-42
2025-05-10T14:02:54.162694,-37.9105226667,145.1348755,-37.91041455,145.13514125,0,-29,-32,-32,0,-28,-45,-45
2025-05-10T14:02:54.666779,-37.9105226667,145.1348753333,-37.9104139967,145.1351447633,0,-30,-34,-34,0,-27,-47,-47
2025-05-10T14:02:55.163718,-37.9105226667,145.1348753333,-37.9104136333,145.1351501183,0,-26,-34,-34,0,-30,-51,-51
2025-05-10T14:02:55.663231,-37.9105225,145.1348753333,-37.9104135,145.1351519733,0,-27,-32,-34,0,-22,-48,-48
2025-05-10T14:02:56.166784,-37.9105225,145.1348753333,-37.9104131867,145.1351538367,0,-24,-33,-34,0,-26,-46,-46
2025-05-10T14:02:56.667084,-37.9105225,145.1348753333,-37.910412545,145.1351572833,0,-25,-35,-34,0,-19,-49,-50
2025-05-10T14:02:57.163558,-37.9105225,145.1348753333,-37.910412545,145.1351572833,0,-27,-32,-32,0,-26,-51,-50
2025-05-10T14:02:57.667007,-37.9105225,145.1348751667,-37.910412545,145.1351572833,0,-28,-32,-32,0,-27,-48,-48
2025-05-10T14:02:58.164050,-37.9105225,145.1348751667,-37.9104118567,145.1351646367,0,-21,-32,-32,0,-23,-48,-47
2025-05-10T14:02:58.663349,-37.9105225,145.1348751667,-37.91041169,145.1351648783,0,-26,-32,-32,0,-25,-49,-49
2025-05-10T14:02:59.166618,-37.9105225,145.1348751667,-37.9104116583,145.1351648683,0,-24,-32,-32,0,-23,-48,-48
2025-05-10T14:02:59.666072,-37.9105223333,145.134875,-37.9104115783,145.1351648417,0,-24,-33,-32,0,-25,-48,-48
2025-05-10T14:03:00.163099,-37.9105223333,145.134875,-37.9104115383,145.1351648383,0,-30,-31,-31,0,-29,-48,-48
2025-05-10T14:03:00.667063,-37.9105223333,145.134875,-37.9104114983,145.1351648333,0,-28,-32,-32,0,-27,-48,-48
2025-05-10T14:03:01.163832,-37.9105223333,145.134875,-37.9104114383,145.135164825,0,-24,-32,-32,0,-29,-48,-48
2025-05-10T14:03:01.663228,-37.9105223333,145.1348748333,-37.9104114083,145.1351648167,0,-27,-32,-32,0,-25,-49,-48
2025-05-10T14:03:02.166898,-37.9105223333,145.1348748333,-37.9104113783,145.1351648083,0,-27,-32,-32,0,-28,-48,-48
2025-05-10T14:03:02.666877,-37.9105221667,145.1348748333,-37.9104113133,145.1351647967,0,-27,-32,-32,0,-27,-48,-48
2025-05-10T14:03:03.163265,-37.9105221667,145.1348748333,-37.9104112917,145.1351648017,0,-27,-32,-32,0,-29,-48,-48
2025-05-10T14:03:03.671690,-37.9105221667,145.1348746667,-37.91041125,145.1351647933,0,-30,-33,-33,0,-23,-49,-50
2025-05-10T14:03:04.163425,-37.9105221667,145.1348746667,-37.9104111867,145.1351647767,0,-28,-31,-33,0,-25,-47,-47
2025-05-10T14:03:04.663129,-37.9105221667,145.1348746667,-37.910411175,145.1351647783,0,-26,-32,-33,0,-24,-49,-48
2025-05-10T14:03:05.166352,-37.9105221667,145.1348746667,-37.9104111583,145.135164775,0,-28,-32,-33,0,-22,-50,-50
2025-05-10T14:03:05.670944,-37.910522,145.1348745,-37.9104111117,145.1351647717,0,-27,-32,-33,0,-17,-50,-49
2025-05-10T14:03:06.163855,-37.910522,145.1348745,-37.91041108,145.1351647683,0,-27,-32,-33,0,-29,-47,-47
2025-05-10T14:03:06.670447,-37.910522,145.1348745,-37.9104110567,145.1351647683,0,-28,-32,-32,0,-27,-49,-49
2025-05-10T14:03:07.163935,-37.910522,145.1348745,-37.9104110217,145.1351647583,0,-28,-31,-32,0,-28,-47,-47
2025-05-10T14:03:07.663240,-37.9105218333,145.1348743333,-37.91041101,145.1351647533,0,-21,-32,-32,0,-22,-49,-49
2025-05-10T14:03:08.163092,-37.9105218333,145.1348743333,-37.9104109967,145.1351647467,0,-27,-32,-32,0,-27,-48,-49
2025-05-10T14:03:08.667078,-37.9105218333,145.1348743333,-37.9104109533,145.13516473,0,-25,-32,-32,0,-27,-49,-49
2025-05-10T14:03:09.166401,-37.9105218333,145.1348743333,-37.9104109333,145.1351647283,0,-29,-32,-32,0,-29,-49,-47
2025-05-10T14:03:09.666600,-37.9105218333,145.1348741667,-37.9104108983,145.1351647217,0,-30,-31,-31,0,-30,-48,-48
2025-05-10T14:03:10.163774,-37.9105218333,145.1348741667,-37.91041083,145.1351646983,0,-25,-32,-31,0,-26,-49,-49
2025-05-10T14:03:10.662967,-37.9105216667,145.1348741667,-37.9104108083,145.1351646917,0,-24,-32,-31,0,-22,-48,-48
2025-05-10T14:03:11.166237,-37.9105216667,145.1348741667,-37.9104107867,145.1351646833,0,-22,-32,-31,0,-29,-48,-48
2025-05-10T14:03:11.671884,-37.9105216667,145.1348741667,-37.910410705,145.1351646517,0,-22,-32,-31,0,-29,-48,-48
2025-05-10T14:03:12.163230,-37.9105216667,145.1348741667,-37.9104106483,145.13516463,0,-28,-32,-32,0,-27,-48,-48
2025-05-10T14:03:12.666458,-37.9105215,145.134874,-37.9104105983,145.135164615,0,-29,-32,-32,0,-30,-49,-49
2025-05-10T14:03:13.163180,-37.9105215,145.134874,-37.91041032,145.13516438,0,-24,-32,-32,0,-28,-49,-49
2025-05-10T14:03:13.663162,-37.9105215,145.134874,-37.9104102683,145.1351643383,0,-26,-32,-32,0,-27,-48,-48
2025-05-10T14:03:14.166813,-37.9105215,145.134874,-37.91041026,145.1351643283,0,-23,-31,-32,0,-28,-48,-48
2025-05-10T14:03:14.666310,-37.9105213333,145.1348738333,-37.9104100383,145.13516418,0,-25,-32,-32,0,-25,-48,-48
2025-05-10T14:03:15.163723,-37.9105213333,145.1348738333,-37.9104099033,145.135164125,0,-29,-32,-32,0,-24,-48,-48
2025-05-10T14:03:15.666687,-37.9105213333,145.1348736667,-37.9104097167,145.135164,0,-27,-32,-32,0,-28,-48,-48
2025-05-10T14:03:16.163215,-37.9105213333,145.1348736667,-37.9104095967,145.1351639683,0,-24,-33,-32,0,-29,-49,-49
2025-05-10T14:03:16.663277,-37.9105211667,145.1348736667,-37.910409575,145.1351639783,0,-27,-33,-32,0,-22,-48,-49
2025-05-10T14:03:17.166584,-37.9105211667,145.1348736667,-37.9104095267,145.135163965,0,-24,-32,-32,0,-30,-48,-48
2025-05-10T14:03:17.666601,-37.9105211667,145.1348735,-37.9104092633,145.135163815,0,-26,-32,-32,0,-25,-47,-48
2025-05-10T14:03:18.163710,-37.9105211667,145.1348735,-37.9104091633,145.1351637817,0,-26,-31,-31,0,-28,-47,-47
2025-05-10T14:03:18.666453,-37.910521,145.1348735,-37.91040904,145.1351637283,0,-30,-31,-31,0,-25,-47,-47
2025-05-10T14:03:19.163785,-37.910521,145.1348735,-37.9104089167,145.1351637167,0,-22,-32,-31,0,-21,-49,-48
2025-05-10T14:03:19.664713,-37.910521,145.1348733333,-37.9104089083,145.1351637417,0,-26,-33,-31,0,-25,-48,-48
2025-05-10T14:03:20.172593,-37.910521,145.1348733333,-37.9104088733,145.135163745,0,-25,-32,-31,0,-29,-48,-48
2025-05-10T14:03:20.666711,-37.9105208333,145.1348733333,-37.9104086617,145.13516366,0,-22,-32,-31,0,-22,-49,-49
2025-05-10T14:03:21.177817,-37.9105208333,145.1348733333,-37.9104085517,145.1351636283,0,-29,-31,-31,0,-29,-48,-49
2025-05-10T14:03:21.671414,-37.9105208333,145.1348731667,-37.9104084167,145.1351635733,0,-28,-32,-32,0,-20,-47,-49
2025-05-10T14:03:22.163529,-37.9105208333,145.1348731667,-37.91040831,145.135163585,0,-25,-31,-32,0,-28,-47,-47
2025-05-10T14:03:22.663722,-37.9105208333,145.1348731667,-37.910408275,145.1351635883,0,-28,-31,-32,0,-28,-49,-49
2025-05-10T14:03:23.167101,-37.9105208333,145.1348731667,-37.910408275,145.1351635883,0,-28,-31,-32,0,-24,-45,-45
2025-05-10T14:03:23.663544,-37.9105206667,145.1348731667,-37.910408275,145.1351635883,0,-24,-33,-32,0,-22,-48,-46
2025-05-10T14:03:24.163741,-37.9105206667,145.1348731667,-37.910408275,145.1351635883,0,-26,-34,-34,0,-26,-49,-49
2025-05-10T14:03:24.667497,-37.9105206667,145.134873,-37.910408275,145.1351635883,0,-29,-33,-33,0,-27,-49,-49
2025-05-10T14:03:25.164861,-37.9105206667,145.134873,-37.9104082583,145.1351636067,0,-24,-31,-33,0,-25,-47,-47
2025-05-10T14:03:25.663046,-37.9105205,145.134873,-37.9104079433,145.135163565,0,-29,-32,-33,0,-23,-45,-44
2025-05-10T14:03:26.166536,-37.9105205,145.134873,-37.9104073217,145.13516417,0,-29,-36,-33,0,-25,-48,-48
2025-05-10T14:03:26.666734,-37.9105205,145.134873,-37.910406265,145.13516753,0,-28,-34,-33,0,-25,-51,-52
2025-05-10T14:03:27.163895,-37.9105205,145.134873,-37.91040616,145.1351703433,0,-27,-35,-35,0,-26,-50,-50
2025-05-10T14:03:27.671754,-37.9105205,145.1348731667,-37.9104060517,145.1351732567,0,-29,-36,-36,0,-25,-48,-48
2025-05-10T14:03:28.162922,-37.9105205,145.1348731667,-37.9104060167,145.1351773317,0,-28,-35,-36,0,-27,-48,-48
2025-05-10T14:03:28.664452,-37.9105203333,145.1348731667,-37.9104061033,145.1351785383,0,-25,-34,-36,0,-19,-51,-50
2025-05-10T14:03:29.166901,-37.9105203333,145.1348731667,-37.9104062583,145.13517967,0,-25,-34,-36,0,-27,-50,-49
2025-05-10T14:03:29.667780,-37.9105203333,145.1348731667,-37.9104082267,145.1351824517,0,-23,-34,-36,0,-27,-52,-52
2025-05-10T14:03:30.163401,-37.9105203333,145.1348731667,-37.9104101967,145.1351840783,0,-29,-33,-33,0,-27,-52,-52
2025-05-10T14:03:30.667984,-37.9105203333,145.1348731667,-37.91041258,145.1351855733,0,-28,-32,-32,0,-24,-55,-55
2025-05-10T14:03:31.163243,-37.9105203333,145.1348731667,-37.9104161783,145.135187455,0,-21,-33,-32,0,-26,-54,-54
2025-05-10T14:03:31.662834,-37.9105201667,145.1348731667,-37.9104171,145.1351880967,0,-23,-31,-32,0,-16,-58,-57
2025-05-10T14:03:32.167338,-37.9105201667,145.1348731667,-37.9104182467,145.1351888683,0,-28,-31,-32,0,-30,-49,-49
2025-05-10T14:03:32.667471,-37.9105201667,145.1348731667,-37.9104212667,145.1351910567,0,-26,-31,-32,0,-23,-49,-51
2025-05-10T14:03:33.167886,-37.9105201667,145.1348731667,-37.910423355,145.1351919517,0,-29,-31,-31,0,-30,-53,-53
2025-05-10T14:03:33.667008,-37.91052,145.1348731667,-37.91042531,145.1351931133,0,-29,-29,-29,0,-25,-48,-48
2025-05-10T14:03:34.163029,-37.91052,145.1348731667,-37.9104283967,145.13519471,0,-24,-31,-29,0,-30,-48,-48
2025-05-10T14:03:34.663980,-37.91052,145.1348733333,-37.910429345,145.135195285,0,-27,-31,-29,0,-25,-46,-47
2025-05-10T14:03:35.167375,-37.91052,145.1348733333,-37.9104303283,145.135195985,0,-25,-32,-29,0,-30,-47,-47
2025-05-10T14:03:35.666657,-37.91052,145.1348733333,-37.91043323,145.135197725,0,-23,-32,-29,0,-19,-46,-46
2025-05-10T14:03:36.166406,-37.91052,145.1348733333,-37.9104351117,145.1351989117,0,-28,-31,-29,0,-28,-42,-42
2025-05-10T14:03:36.667088,-37.9105198333,145.1348733333,-37.9104369917,145.1352001867,0,-28,-31,-31,0,-28,-45,-45
2025-05-10T14:03:37.163349,-37.9105198333,145.1348733333,-37.9104397283,145.135202515,0,-26,-31,-31,0,-27,-48,-48
2025-05-10T14:03:37.663729,-37.9105198333,145.1348735,-37.9104406117,145.1352034,0,-26,-30,-31,0,-20,-45,-40
2025-05-10T14:03:38.167340,-37.9105198333,145.1348735,-37.910441465,145.1352040317,0,-25,-30,-31,0,-29,-42,-42
2025-05-10T14:03:38.667374,-37.9105198333,145.1348733333,-37.9104443833,145.1352056733,0,-22,-29,-31,0,-22,-42,-42
2025-05-10T14:03:39.163253,-37.9105198333,145.1348733333,-37.910446025,145.135207155,0,-27,-30,-30,0,-23,-42,-42
2025-05-10T14:03:39.666830,-37.9105196667,145.1348735,-37.9104475517,145.1352086883,0,-28,-30,-30,0,-28,-41,-41
2025-05-10T14:03:40.163113,-37.9105196667,145.1348735,-37.9104504883,145.1352114867,0,-24,-29,-30,0,-30,-39,-39
2025-05-10T14:03:40.664774,-37.9105196667,145.1348735,-37.910451445,145.1352122967,0,-27,-30,-30,0,-25,-39,-39
2025-05-10T14:03:41.168277,-37.9105196667,145.1348735,-37.910452335,145.1352130167,0,-24,-29,-30,0,-30,-39,-39
2025-05-10T14:03:41.664057,-37.9105195,145.1348733333,-37.910454885,145.135215145,0,-25,-29,-30,0,-24,-40,-39
2025-05-10T14:03:42.171934,-37.9105195,145.1348733333,-37.910456285,145.135216645,0,-30,-29,-29,0,-29,-39,-39
2025-05-10T14:03:42.667178,-37.9105195,145.1348735,-37.9104578017,145.1352179883,0,-25,-30,-30,0,-28,-38,-38
2025-05-10T14:03:43.162881,-37.9105195,145.1348735,-37.9104606417,145.1352196633,0,-25,-29,-30,0,-29,-40,-40
2025-05-10T14:03:43.664745,-37.9105195,145.1348735,-37.910461445,145.135219995,0,-29,-29,-30,0,-20,-38,-37
2025-05-10T14:03:44.166902,-37.9105195,145.1348735,-37.910461445,145.135219995,0,-28,-28,-30,0,-28,-36,-36
2025-05-10T14:03:44.667551,-37.9105193333,145.1348733333,-37.9104654417,145.1352217183,0,-26,-28,-30,0,-26,-38,-38
2025-05-10T14:03:45.163984,-37.9105193333,145.1348733333,-37.9104674583,145.1352222233,0,-29,-28,-28,0,-29,-37,-37
2025-05-10T14:03:45.668069,-37.9105193333,145.1348735,-37.9104695567,145.1352227267,0,-27,-29,-29,0,-30,-39,-39
2025-05-10T14:03:46.163496,-37.9105193333,145.1348735,-37.910472295,145.1352236183,0,-28,-28,-29,0,-27,-39,-39
2025-05-10T14:03:46.664572,-37.9105191667,145.1348735,-37.910473195,145.1352239217,0,-27,-29,-29,0,-22,-37,-36
2025-05-10T14:03:47.166719,-37.9105191667,145.1348735,-37.910473195,145.1352239217,0,-28,-28,-29,0,-27,-37,-37
2025-05-10T14:03:47.667435,-37.9105191667,145.1348736667,-37.9104763767,145.1352252417,0,-28,-28,-29,0,-28,-38,-38
2025-05-10T14:03:48.162915,-37.9105191667,145.1348736667,-37.910478185,145.1352259817,0,-25,-27,-28,0,-30,-37,-37
2025-05-10T14:03:48.668493,-37.910519,145.1348736667,-37.91048019,145.13522637,0,-27,-29,-28,0,-26,-40,-40
2025-05-10T14:03:49.163669,-37.910519,145.1348736667,-37.9104831833,145.1352270833,0,-27,-29,-28,0,-26,-40,-40
2025-05-10T14:03:49.663095,-37.910519,145.1348738333,-37.9104843067,145.1352275033,0,-28,-28,-28,0,-20,-40,-39
2025-05-10T14:03:50.166928,-37.910519,145.1348738333,-37.9104843067,145.1352275033,0,-24,-30,-28,0,-28,-39,-39
2025-05-10T14:03:50.668511,-37.9105188333,145.134874,-37.9104886517,145.1352291267,0,-26,-30,-28,0,-26,-39,-42
2025-05-10T14:03:51.163877,-37.9105188333,145.134874,-37.9104905267,145.1352298883,0,-27,-29,-28,0,-27,-39,-40
2025-05-10T14:03:51.686943,-37.9105188333,145.134874,-37.9104928417,145.135230395,0,-26,-28,-28,0,-28,-44,-43
2025-05-10T14:03:52.163712,-37.9105188333,145.134874,-37.910496235,145.135231225,0,-26,-28,-28,0,-29,-39,-39
2025-05-10T14:03:52.663560,-37.9105186667,145.1348741667,-37.9104971583,145.1352314283,0,-22,-27,-28,0,-26,-43,-43
2025-05-10T14:03:53.167260,-37.9105186667,145.1348741667,-37.9104971583,145.1352314283,0,-21,-28,-28,0,-29,-41,-41
2025-05-10T14:03:53.666887,-37.9105185,145.1348741667,-37.9105000667,145.135233385,0,-24,-28,-28,0,-24,-45,-43
2025-05-10T14:03:54.163041,-37.9105185,145.1348741667,-37.910501795,145.13523412,0,-21,-20,-28,0,-27,-46,-46
2025-05-10T14:03:54.670543,-37.9105185,145.1348743333,-37.9105035833,145.135234315,0,-30,-29,-29,0,-28,-47,-47
2025-05-10T14:03:55.163888,-37.9105185,145.1348743333,-37.9105066467,145.1352354233,0,-22,-29,-29,0,-30,-46,-46
2025-05-10T14:03:55.663271,-37.9105183333,145.1348743333,-37.9105078317,145.1352357567,0,-28,-30,-29,0,-29,-46,-47
2025-05-10T14:03:56.166783,-37.9105183333,145.1348743333,-37.9105078317,145.1352357567,0,-24,-30,-29,0,-21,-54,-54
2025-05-10T14:03:56.666958,-37.9105181667,145.1348743333,-37.9105125,145.1352376333,0,-21,-30,-29,0,-24,-54,-53
2025-05-10T14:03:57.163370,-37.9105181667,145.1348743333,-37.9105145483,145.1352389467,0,-30,-30,-30,0,-26,-53,-53
2025-05-10T14:03:57.667127,-37.9105181667,145.1348743333,-37.9105163583,145.135239595,0,-30,-31,-31,0,-29,-53,-53
2025-05-10T14:03:58.163439,-37.9105181667,145.1348743333,-37.9105193083,145.1352406967,0,-26,-31,-31,0,-29,-51,-51
2025-05-10T14:03:58.662867,-37.910518,145.1348743333,-37.9105202583,145.1352412983,0,-28,-30,-31,0,-22,-52,-51
2025-05-10T14:03:59.167692,-37.910518,145.1348743333,-37.9105202583,145.1352412983,0,-22,-29,-31,0,-26,-49,-50
2025-05-10T14:03:59.667074,-37.9105178333,145.1348743333,-37.9105241383,145.1352418983,0,-27,-29,-31,0,-13,-52,-51
2025-05-10T14:04:00.166647,-37.9105178333,145.1348743333,-37.9105261983,145.13524241,0,-29,-27,-27,0,-27,-46,-46
2025-05-10T14:04:00.667083,-37.9105178333,145.1348745,-37.9105283017,145.1352427133,0,-30,-28,-28,0,-28,-43,-43
2025-05-10T14:04:01.163889,-37.9105178333,145.1348745,-37.9105319383,145.1352423933,0,-26,-29,-28,0,-28,-43,-43
2025-05-10T14:04:01.663706,-37.9105176667,145.1348745,-37.9105333683,145.135242215,0,-28,-29,-28,0,-21,-43,-41
2025-05-10T14:04:02.166564,-37.9105176667,145.1348745,-37.9105333683,145.135242215,0,-24,-28,-28,0,-29,-41,-41
2025-05-10T14:04:02.666621,-37.9105175,145.1348745,-37.9105383683,145.1352425617,0,-22,-30,-28,0,-18,-40,-39
2025-05-10T14:04:03.163324,-37.9105175,145.1348745,-37.91054085,145.1352427217,0,-25,-30,-30,0,-26,-41,-41
2025-05-10T14:04:03.666976,-37.9105175,145.1348745,-37.910543435,145.1352433633,0,-28,-31,-31,0,-28,-37,-37
2025-05-10T14:04:04.163513,-37.9105175,145.1348745,-37.9105467383,145.135243695,0,-23,-30,-31,0,-27,-37,-37
2025-05-10T14:04:04.662881,-37.9105173333,145.1348745,-37.910547995,145.1352436583,0,-28,-30,-31,0,-24,-36,-36
2025-05-10T14:04:05.166727,-37.9105173333,145.1348745,-37.910547995,145.1352436583,0,-26,-30,-31,0,-29,-35,-35
2025-05-10T14:04:05.670536,-37.9105171667,145.1348745,-37.9105529283,145.1352445667,0,-24,-30,-31,0,-23,-35,-35
2025-05-10T14:04:06.163535,-37.9105171667,145.1348745,-37.9105557017,145.1352448933,0,-28,-30,-31,0,-28,-34,-34
2025-05-10T14:04:06.676355,-37.9105171667,145.1348745,-37.9105582083,145.1352445567,0,-28,-30,-31,0,-28,-34,-34
2025-05-10T14:04:07.163501,-37.9105171667,145.1348745,-37.91056212,145.1352440933,0,-28,-31,-30,0,-28,-34,-34
2025-05-10T14:04:07.662895,-37.910517,145.1348745,-37.9105634433,145.13524387,0,-27,-31,-30,0,-23,-34,-34
2025-05-10T14:04:08.167126,-37.910517,145.1348745,-37.9105648033,145.13524338,0,-28,-31,-30,0,-27,-34,-34
2025-05-10T14:04:08.667487,-37.910517,145.1348745,-37.9105687167,145.13524226,0,-29,-33,-30,0,-29,-35,-35
2025-05-10T14:04:09.163214,-37.910517,145.1348745,-37.9105719733,145.1352412483,0,-28,-32,-32,0,-27,-33,-33
2025-05-10T14:04:09.666543,-37.9105168333,145.1348745,-37.9105755483,145.1352408767,0,-27,-33,-32,0,-30,-34,-33
2025-05-10T14:04:10.163498,-37.9105168333,145.1348745,-37.910580765,145.13524054,0,-24,-33,-32,0,-24,-33,-33
2025-05-10T14:04:10.663277,-37.9105168333,145.1348746667,-37.9105825233,145.1352403383,0,-27,-32,-32,0,-22,-33,-32
2025-05-10T14:04:11.171611,-37.9105168333,145.1348746667,-37.9105825233,145.1352403383,0,-27,-32,-32,0,-27,-30,-30
2025-05-10T14:04:11.666668,-37.9105166667,145.1348746667,-37.9105888717,145.135238955,0,-24,-33,-32,0,-29,-31,-31
2025-05-10T14:04:12.163539,-37.9105166667,145.1348746667,-37.910591365,145.135237905,0,-27,-33,-33,0,-27,-33,-33
2025-05-10T14:04:12.671018,-37.9105166667,145.1348746667,-37.91059371,145.1352367133,0,-28,-34,-34,0,-27,-32,-31
2025-05-10T14:04:13.162805,-37.9105166667,145.1348746667,-37.9105970883,145.1352338883,0,-26,-34,-34,0,-25,-32,-31
2025-05-10T14:04:13.663258,-37.9105166667,145.1348746667,-37.91059815,145.135232965,0,-25,-35,-34,0,-24,-31,-31
2025-05-10T14:04:14.166496,-37.9105166667,145.1348746667,-37.9105991783,145.1352320333,0,-25,-36,-34,0,-30,-31,-31
2025-05-10T14:04:14.666657,-37.9105166667,145.1348746667,-37.9106023033,145.13522963,0,-22,-37,-34,0,-21,-32,-31
2025-05-10T14:04:15.163132,-37.9105166667,145.1348746667,-37.9106045283,145.1352284567,0,-26,-38,-38,0,-25,-30,-30
2025-05-10T14:04:15.663197,-37.9105165,145.1348748333,-37.9106068433,145.1352271883,0,-21,-36,-35,0,-21,-29,-29
2025-05-10T14:04:16.167740,-37.9105165,145.1348748333,-37.9106097267,145.135225065,0,-24,-36,-35,0,-25,-29,-29
2025-05-10T14:04:16.666269,-37.9105165,145.1348748333,-37.9106105783,145.1352242433,0,-24,-36,-35,0,-21,-30,-29
2025-05-10T14:04:17.167646,-37.9105165,145.1348748333,-37.9106105783,145.1352242433,0,-23,-38,-35,0,-27,-31,-31
2025-05-10T14:04:17.666764,-37.9105165,145.1348748333,-37.9106139967,145.135221275,0,-26,-40,-35,0,-26,-32,-31
2025-05-10T14:04:18.162917,-37.9105165,145.1348748333,-37.910615795,145.1352199383,0,-29,-39,-39,0,-30,-30,-30
2025-05-10T14:04:18.666565,-37.9105163333,145.134875,-37.910617595,145.135218125,0,-28,-37,-37,0,-29,-28,-28
2025-05-10T14:04:19.163695,-37.9105163333,145.134875,-37.9106207633,145.1352159883,0,-21,-39,-37,0,-31,-29,-29
2025-05-10T14:04:19.663305,-37.9105163333,145.134875,-37.9106218583,145.1352151667,0,-27,-41,-37,0,-24,-29,-29
2025-05-10T14:04:20.166963,-37.9105163333,145.134875,-37.910622785,145.1352144983,0,-24,-39,-37,0,-28,-26,-26
2025-05-10T14:04:20.666431,-37.9105163333,145.1348751667,-37.9106258367,145.1352126217,0,-26,-41,-37,0,-27,-27,-27
2025-05-10T14:04:21.163156,-37.9105163333,145.1348751667,-37.910627765,145.1352113667,0,-25,-40,-37,0,-25,-27,-27
2025-05-10T14:04:21.671688,-37.9105161667,145.1348751667,-37.9106297583,145.1352105133,0,-28,-42,-42,0,-28,-76,-27
2025-05-10T14:04:22.172915,-37.9105161667,145.1348751667,-37.9106327983,145.1352082317,0,-23,-45,-42,0,-28,-28,-28
2025-05-10T14:04:22.663059,-37.9105161667,145.1348753333,-37.9106338433,145.1352075583,0,-28,-47,-42,0,-24,-27,-28
2025-05-10T14:04:23.166890,-37.9105161667,145.1348753333,-37.9106348633,145.1352069633,0,-23,-45,-42,0,-29,-26,-26
2025-05-10T14:04:23.666958,-37.9105161667,145.1348753333,-37.91063744,145.13520547,0,-24,-47,-42,0,-25,-27,-27
2025-05-10T14:04:24.163099,-37.9105161667,145.1348753333,-37.9106391367,145.1352039267,0,-29,-48,-48,0,-28,-27,-27
2025-05-10T14:04:24.666125,-37.9105161667,145.1348755,-37.9106410033,145.135202275,0,-29,-50,-50,0,-30,-26,-26
2025-05-10T14:04:25.163757,-37.9105161667,145.1348755,-37.9106438483,145.1352001367,0,-21,-53,-50,0,-30,-27,-27
2025-05-10T14:04:25.663681,-37.9105161667,145.1348755,-37.9106446917,145.1351991217,0,-28,-56,-50,0,-23,-28,-27
2025-05-10T14:04:26.167056,-37.9105161667,145.1348755,-37.91064563,145.1351980483,0,-27,-52,-50,0,-28,-27,-27
2025-05-10T14:04:26.666742,-37.910516,145.1348756667,-37.910648865,145.13519488,0,-26,-51,-50,0,-25,-27,-28
2025-05-10T14:04:27.162906,-37.910516,145.1348756667,-37.9106507133,145.1351930783,0,-29,-53,-53,0,-24,-26,-26
2025-05-10T14:04:27.671845,-37.910516,145.1348756667,-37.9106522117,145.1351917317,0,-30,-50,-50,0,-33,-26,-26
2025-05-10T14:04:28.163788,-37.910516,145.1348756667,-37.9106543733,145.1351887933,0,-25,-46,-50,0,-25,-27,-27
2025-05-10T14:04:28.663237,-37.910516,145.1348756667,-37.910655045,145.1351879617,0,-27,-48,-50,0,-23,-30,-30
2025-05-10T14:04:29.166867,-37.910516,145.1348756667,-37.910655045,145.1351879617,0,-27,-53,-50,0,-30,-28,-28
2025-05-10T14:04:29.666844,-37.910516,145.1348758333,-37.9106577483,145.1351843283,0,-23,-50,-50,0,-25,-77,-26
2025-05-10T14:04:30.163062,-37.910516,145.1348758333,-37.9106593417,145.1351824883,0,-25,-48,-48,0,-28,-26,-26
2025-05-10T14:04:30.666574,-37.910516,145.1348758333,-37.91066112,145.1351804883,0,-28,-43,-43,0,-27,-26,-26
2025-05-10T14:04:31.163392,-37.910516,145.1348758333,-37.9106637117,145.1351780367,0,-26,-45,-43,0,-27,-26,-26
2025-05-10T14:04:31.663326,-37.910516,145.1348758333,-37.910664485,145.1351771017,0,-27,-44,-43,0,-23,-26,-26
2025-05-10T14:04:32.163083,-37.910516,145.1348758333,-37.910664485,145.1351771017,0,-28,-44,-43,0,-28,-27,-26
2025-05-10T14:04:32.666718,-37.9105158333,145.1348758333,-37.9106675933,145.13517291,0,-25,-43,-43,0,-28,-28,-28
2025-05-10T14:04:33.166819,-37.9105158333,145.1348758333,-37.91066899,145.13517095,0,-28,-41,-41,0,-28,-27,-26
2025-05-10T14:04:33.666280,-37.9105158333,145.1348758333,-37.9106707867,145.13516868,0,-27,-41,-41,0,-28,-29,-27
2025-05-10T14:04:34.163192,-37.9105158333,145.1348758333,-37.910673755,145.1351656517,0,-25,-41,-41,0,-27,-28,-27
2025-05-10T14:04:34.663254,-37.9105158333,145.1348758333,-37.9106746,145.1351645133,0,-25,-41,-41,0,-23,-27,-28
2025-05-10T14:04:35.163199,-37.9105158333,145.1348758333,-37.9106746,145.1351645133,0,-23,-40,-41,0,-23,-27,-27
2025-05-10T14:04:35.666954,-37.9105158333,145.134876,-37.9106778933,145.135159235,0,-24,-40,-41,0,-23,-27,-27
2025-05-10T14:04:36.166593,-37.9105158333,145.134876,-37.9106798167,145.1351566917,0,-30,-40,-40,0,-27,-27,-27
2025-05-10T14:04:36.666459,-37.9105158333,145.134876,-37.9106817567,145.1351543283,0,-30,-40,-40,0,-31,-28,-28
2025-05-10T14:04:37.176275,-37.9105158333,145.134876,-37.910683865,145.135150425,0,-23,-40,-40,0,-27,-27,-27
2025-05-10T14:04:37.663397,-37.9105158333,145.134876,-37.9106846883,145.13514922,0,-27,-39,-40,0,-22,-27,-27
2025-05-10T14:04:38.166610,-37.9105158333,145.134876,-37.9106846883,145.13514922,0,-27,-38,-40,0,-28,-27,-27
2025-05-10T14:04:38.667019,-37.9105158333,145.134876,-37.9106886083,145.13514354,0,-23,-40,-40,0,-23,-28,-27
2025-05-10T14:04:39.163601,-37.9105158333,145.134876,-37.9106904533,145.1351407417,0,-29,-44,-44,0,-27,-31,-31
2025-05-10T14:04:39.666576,-37.9105158333,145.134876,-37.9106925967,145.13513834,0,-29,-43,-43,0,-29,-31,-31
2025-05-10T14:04:40.162903,-37.9105158333,145.134876,-37.91069449,145.135135055,0,-27,-42,-43,0,-30,-28,-28
2025-05-10T14:04:40.663313,-37.9105158333,145.134876,-37.9106947883,145.1351344733,0,-28,-39,-43,0,-26,-30,-30
2025-05-10T14:04:41.167710,-37.9105158333,145.134876,-37.9106947883,145.1351344733,0,-24,-40,-43,0,-29,-28,-28
2025-05-10T14:04:41.666775,-37.9105158333,145.134876,-37.9106957033,145.1351368033,0,-23,-41,-43,0,-23,-30,-29
2025-05-10T14:04:42.162743,-37.9105158333,145.134876,-37.9106964417,145.1351382717,0,-30,-39,-39,0,-27,-27,-27
2025-05-10T14:04:42.666961,-37.9105158333,145.134876,-37.9106971633,145.1351397517,0,-29,-39,-39,0,-30,-27,-27
2025-05-10T14:04:43.163667,-37.9105158333,145.134876,-37.9106971633,145.1351397517,0,-24,-40,-39,0,-29,-27,-27
2025-05-10T14:04:43.663610,-37.9105158333,145.134876,-37.9106983533,145.13514267,0,-26,-41,-41,0,-28,-27,-27
2025-05-10T14:04:44.167186,-37.9105158333,145.134876,-37.9106983533,145.13514267,0,-26,-40,-41,0,-23,-27,-27
2025-05-10T14:04:44.663555,-37.9105158333,145.134876,-37.9106994217,145.1351449233,0,-24,-40,-41,0,-24,-27,-27
2025-05-10T14:04:45.163345,-37.9105158333,145.134876,-37.910704085,145.1351499133,0,-27,-40,-41,0,-31,-27,-27
2025-05-10T14:04:45.666269,-37.9105158333,145.1348758333,-37.9107045333,145.1351490067,0,-29,-40,-40,0,-29,-28,-28
2025-05-10T14:04:46.163597,-37.9105158333,145.1348758333,-37.910703795,145.1351372433,0,-23,-40,-40,0,-30,-27,-27
2025-05-10T14:04:46.670792,-37.9105158333,145.1348758333,-37.9107041933,145.1351381,0,-26,-39,-40,0,-23,-27,-28
2025-05-10T14:04:47.171092,-37.9105158333,145.1348758333,-37.9107041933,145.1351381,0,-27,-40,-40,0,-31,-28,-28
2025-05-10T14:04:47.666827,-37.9105158333,145.1348758333,-37.91070534,145.1351408667,0,-25,-39,-40,0,-25,-27,-27
2025-05-10T14:04:48.163015,-37.9105158333,145.1348758333,-37.910705765,145.135142065,0,-27,-38,-40,0,-28,-27,-27
2025-05-10T14:04:48.666763,-37.9105158333,145.1348758333,-37.9107065533,145.1351441383,0,-29,-39,-39,0,-29,-28,-28
2025-05-10T14:04:49.163737,-37.9105158333,145.1348758333,-37.9107076367,145.1351496733,0,-27,-40,-39,0,-28,-28,-28
2025-05-10T14:04:49.663767,-37.9105158333,145.1348758333,-37.9107079633,145.1351510033,0,-27,-39,-39,0,-24,-28,-27
2025-05-10T14:04:50.166495,-37.9105158333,145.1348758333,-37.9107079633,145.1351510033,0,-27,-41,-39,0,-26,-28,-28
2025-05-10T14:04:50.666792,-37.9105158333,145.1348758333,-37.91070911,145.1351555617,0,-24,-39,-39,0,-24,-28,-27
2025-05-10T14:04:51.163900,-37.9105158333,145.1348758333,-37.9107104333,145.135159,0,-28,-39,-39,0,-26,-28,-28
2025-05-10T14:04:51.671198,-37.910516,145.1348758333,-37.9107116217,145.135162265,0,-28,-40,-40,0,-26,-28,-28
2025-05-10T14:04:52.163090,-37.910516,145.1348758333,-37.9107135,145.135165565,0,-28,-41,-40,0,-26,-29,-29
2025-05-10T14:04:52.672137,-37.910516,145.1348756667,-37.9107143883,145.13516661,0,-27,-41,-40,0,-23,-30,-29
2025-05-10T14:04:53.166129,-37.910516,145.1348756667,-37.9107143883,145.13516661,0,-28,-40,-40,0,-28,-28,-28
2025-05-10T14:04:53.666585,-37.910516,145.1348756667,-37.9107179533,145.1351695117,0,-27,-39,-40,0,-28,-77,-27
2025-05-10T14:04:54.163423,-37.910516,145.1348756667,-37.91071977,145.135170885,0,-29,-39,-39,0,-28,-28,-28
2025-05-10T14:04:54.672472,-37.910516,145.1348756667,-37.9107215467,145.1351731267,0,-24,-41,-41,0,-26,-32,-31
2025-05-10T14:04:55.162963,-37.910516,145.1348756667,-37.910723895,145.13517701,0,-26,-41,-41,0,-25,-30,-29
2025-05-10T14:04:55.663175,-37.910516,145.1348756667,-37.9107245683,145.1351783683,0,-26,-43,-41,0,-22,-32,-32
2025-05-10T14:04:56.166258,-37.910516,145.1348756667,-37.9107245683,145.1351783683,0,-26,-43,-41,0,-27,-31,-31
2025-05-10T14:04:56.666805,-37.910516,145.1348756667,-37.9107268433,145.1351834783,0,-23,-40,-41,0,-23,-30,-30
2025-05-10T14:04:57.163564,-37.910516,145.1348756667,-37.910727765,145.13518621,0,-27,-41,-41,0,-26,-31,-31
2025-05-10T14:04:57.666457,-37.9105161667,145.1348755,-37.9107283017,145.1351889983,0,-28,-42,-42,0,-27,-33,-31
2025-05-10T14:04:58.163159,-37.9105161667,145.1348755,-37.9107295933,145.1351931367,0,-24,-42,-42,0,-29,-29,-29
2025-05-10T14:04:58.663500,-37.9105161667,145.1348755,-37.9107300433,145.135194715,0,-21,-42,-42,0,-29,-31,-29
2025-05-10T14:04:59.166325,-37.9105161667,145.1348755,-37.9107300433,145.135194715,0,-24,-42,-42,0,-28,-30,-30
2025-05-10T14:04:59.666894,-37.9105161667,145.1348753333,-37.9107315267,145.1352007433,0,-22,-42,-42,0,-22,-30,-29
2025-05-10T14:05:00.166217,-37.9105161667,145.1348753333,-37.91073218,145.1352038333,0,-28,-43,-43,0,-30,-30,-30
2025-05-10T14:05:00.666421,-37.9105161667,145.1348753333,-37.9107328,145.1352067783,0,-26,-43,-43,0,-27,-30,-30
2025-05-10T14:05:01.163907,-37.9105161667,145.1348753333,-37.9107339367,145.135211355,0,-22,-44,-43,0,-29,-30,-30
2025-05-10T14:05:01.663812,-37.9105161667,145.1348751667,-37.9107343167,145.1352128733,0,-26,-44,-43,0,-27,-31,-30
2025-05-10T14:05:02.167414,-37.9105161667,145.1348751667,-37.9107343167,145.1352128733,0,-24,-44,-43,0,-28,-30,-30
2025-05-10T14:05:02.667097,-37.9105163333,145.1348751667,-37.91073575,145.13521816,0,-24,-45,-43,0,-25,-31,-31
2025-05-10T14:05:03.163830,-37.9105163333,145.1348751667,-37.91073623,145.1352208333,0,-29,-44,-44,0,-28,-31,-31
2025-05-10T14:05:03.666137,-37.9105163333,145.134875,-37.91073648,145.1352232767,0,-29,-45,-45,0,-29,-31,-31
2025-05-10T14:05:04.163675,-37.9105163333,145.134875,-37.910736725,145.1352271267,0,-25,-45,-45,0,-29,-32,-32
2025-05-10T14:05:04.663174,-37.9105163333,145.134875,-37.9107363783,145.1352285467,0,-28,-45,-45,0,-29,-33,-32
2025-05-10T14:05:05.166805,-37.9105163333,145.134875,-37.9107363783,145.1352285467,0,-24,-48,-45,0,-31,-32,-32
2025-05-10T14:05:05.666677,-37.9105163333,145.134875,-37.9107348083,145.1352339433,0,-25,-48,-45,0,-26,-33,-32
2025-05-10T14:05:06.163719,-37.9105163333,145.134875,-37.9107337117,145.1352362217,0,-25,-48,-48,0,-29,-33,-33
2025-05-10T14:05:06.671897,-37.9105163333,145.1348748333,-37.9107327417,145.135237835,0,-28,-50,-50,0,-28,-35,-35
2025-05-10T14:05:07.163812,-37.9105163333,145.1348748333,-37.9107310433,145.1352405867,0,-25,-48,-50,0,-28,-31,-31
2025-05-10T14:05:07.674294,-37.9105163333,145.1348748333,-37.91073026,145.1352414317,0,-28,-51,-50,0,-24,-34,-34
2025-05-10T14:05:08.166655,-37.9105163333,145.1348748333,-37.91073026,145.1352414317,0,-28,-49,-50,0,-30,-31,-31
2025-05-10T14:05:08.667222,-37.9105163333,145.1348748333,-37.91072707,145.1352452,0,-25,-50,-50,0,-25,-32,-32
2025-05-10T14:05:09.163336,-37.9105163333,145.1348748333,-37.9107255633,145.135246675,0,-27,-47,-47,0,-28,-32,-32
2025-05-10T14:05:09.666667,-37.9105165,145.1348748333,-37.91072394,145.1352479033,0,-30,-51,-51,0,-27,-31,-31
2025-05-10T14:05:10.163496,-37.9105165,145.1348748333,-37.9107218933,145.13524978,0,-29,-49,-51,0,-29,-32,-32
2025-05-10T14:05:10.663442,-37.9105165,145.1348748333,-37.9107211683,145.1352505317,0,-28,-52,-51,0,-29,-34,-33
2025-05-10T14:05:11.166308,-37.9105165,145.1348748333,-37.9107211683,145.1352505317,0,-27,-51,-51,0,-26,-32,-32
2025-05-10T14:05:11.667035,-37.9105165,145.1348748333,-37.91071819,145.13525296,0,-28,-51,-51,0,-25,-33,-32
2025-05-10T14:05:12.163189,-37.9105165,145.1348748333,-37.9107170267,145.1352543233,0,-28,-54,-54,0,-26,-31,-31
2025-05-10T14:05:12.666828,-37.9105165,145.1348748333,-37.9107156433,145.1352556,0,-28,-52,-52,0,-31,-32,-32
2025-05-10T14:05:13.163242,-37.9105165,145.1348748333,-37.910713115,145.135258055,0,-27,-54,-52,0,-28,-34,-34
2025-05-10T14:05:13.662900,-37.9105165,145.1348748333,-37.9107122333,145.1352588033,0,-27,-60,-52,0,-31,-34,-31
2025-05-10T14:05:14.166555,-37.9105165,145.1348748333,-37.9107114333,145.1352594883,0,-23,-52,-52,0,-29,-31,-31
2025-05-10T14:05:14.667034,-37.9105165,145.1348748333,-37.9107086117,145.1352614467,0,-27,-53,-52,0,-25,-34,-33
2025-05-10T14:05:15.163918,-37.9105165,145.1348748333,-37.910706755,145.1352621783,0,-29,-51,-52,0,-26,-33,-32
2025-05-10T14:05:15.663000,-37.9105166667,145.1348748333,-37.9107048983,145.1352635167,0,-22,-54,-52,0,-27,-32,-32
2025-05-10T14:05:16.163822,-37.9105166667,145.1348748333,-37.91070256,145.135265385,0,-25,-52,-52,0,-28,-33,-32
2025-05-10T14:05:16.666907,-37.9105166667,145.1348748333,-37.9107017217,145.1352658883,0,-20,-57,-52,0,-26,-33,-32
2025-05-10T14:05:17.173886,-37.9105166667,145.1348748333,-37.9107017217,145.1352658883,0,-23,-52,-52,0,-26,-33,-33
2025-05-10T14:05:17.667119,-37.9105166667,145.1348748333,-37.9106981867,145.1352674567,0,-17,-56,-52,0,-19,-35,-34
2025-05-10T14:05:18.163737,-37.9105166667,145.1348748333,-37.9106963217,145.1352683433,0,-27,-54,-54,0,-31,-32,-32
2025-05-10T14:05:18.666732,-37.9105166667,145.1348748333,-37.9106943983,145.1352695333,0,-26,-58,-58,0,-26,-33,-33
2025-05-10T14:05:19.163674,-37.9105166667,145.1348748333,-37.9106925367,145.1352714217,0,-28,-53,-58,0,-30,-34,-34
2025-05-10T14:05:19.663188,-37.9105166667,145.1348748333,-37.9106918917,145.1352719733,0,-22,-53,-58,0,-30,-32,-31
2025-05-10T14:05:20.166876,-37.9105166667,145.1348748333,-37.9106918917,145.1352719733,0,-22,-54,-58,0,-29,-33,-33
2025-05-10T14:05:20.666890,-37.9105166667,145.1348748333,-37.9106889583,145.13527482,0,-14,-57,-58,0,-20,-33,-32
2025-05-10T14:05:21.164015,-37.9105166667,145.1348748333,-37.910687555,145.1352759883,0,-27,-59,-58,0,-28,-32,-32
2025-05-10T14:05:21.671618,-37.9105166667,145.1348748333,-37.9106860367,145.1352765733,0,-30,-58,-58,0,-26,-33,-32
2025-05-10T14:05:22.163619,-37.9105166667,145.1348748333,-37.9106829183,145.1352776467,0,-27,-55,-58,0,-25,-33,-33
2025-05-10T14:05:22.663297,-37.9105166667,145.1348748333,-37.9106820383,145.1352782017,0,-25,-57,-58,0,-26,-32,-33
2025-05-10T14:05:23.170237,-37.9105166667,145.1348748333,-37.9106820383,145.1352782017,0,-23,-53,-58,0,-31,-35,-35
2025-05-10T14:05:23.666957,-37.9105168333,145.1348748333,-37.910678815,145.1352801667,0,-17,-53,-58,0,-21,-32,-32
2025-05-10T14:05:24.164051,-37.9105168333,145.1348748333,-37.9106773833,145.13528128,0,-29,-54,-54,0,-27,-34,-34
2025-05-10T14:05:24.666931,-37.9105168333,145.1348748333,-37.9106758567,145.1352824467,0,-25,-52,-52,0,-23,-34,-34
2025-05-10T14:05:25.163058,-37.9105168333,145.1348748333,-37.9106733833,145.1352833867,0,-21,-59,-52,0,-25,-34,-34
2025-05-10T14:05:25.663360,-37.9105168333,145.1348748333,-37.9106725767,145.1352837967,0,-27,-55,-52,0,-27,-32,-32
2025-05-10T14:05:26.166579,-37.9105168333,145.1348748333,-37.9106725767,145.1352837967,0,-23,-52,-52,0,-30,-33,-33
2025-05-10T14:05:26.666841,-37.9105168333,145.1348748333,-37.910669,145.135285065,0,-27,-49,-52,0,-26,-34,-33
2025-05-10T14:05:27.163651,-37.9105168333,145.1348748333,-37.9106671633,145.1352865033,0,-25,-51,-51,0,-27,-33,-33
2025-05-10T14:05:27.671571,-37.9105168333,145.1348748333,-37.9106654983,145.135287335,0,-29,-48,-48,0,-29,-33,-33
2025-05-10T14:05:28.163605,-37.9105168333,145.1348748333,-37.9106627217,145.13528839,0,-24,-49,-48,0,-24,-33,-33
2025-05-10T14:05:28.663387,-37.9105168333,145.1348748333,-37.910661795,145.1352888617,0,-27,-48,-48,0,-30,-33,-32
2025-05-10T14:05:29.166858,-37.9105168333,145.1348748333,-37.9106608133,145.13528937,0,-22,-47,-48,0,-29,-34,-34
2025-05-10T14:05:29.666801,-37.9105168333,145.1348748333,-37.9106576133,145.1352906,0,-25,-46,-48,0,-24,-34,-33
2025-05-10T14:05:30.163328,-37.9105168333,145.1348748333,-37.9106553717,145.135291305,0,-23,-47,-47,0,-29,-33,-33
2025-05-10T14:05:30.666737,-37.9105168333,145.1348748333,-37.91065316,145.135292245,0,-26,-43,-43,0,-30,-33,-33
2025-05-10T14:05:31.163606,-37.9105168333,145.1348748333,-37.9106501917,145.135293415,0,-22,-45,-43,0,-28,-33,-33
2025-05-10T14:05:31.663821,-37.9105168333,145.1348748333,-37.9106491817,145.1352938483,0,-28,-43,-43,0,-29,-33,-33
2025-05-10T14:05:32.166567,-37.9105168333,145.1348748333,-37.9106491817,145.1352938483,0,-28,-44,-43,0,-29,-33,-33
2025-05-10T14:05:32.667167,-37.9105168333,145.1348748333,-37.9106455317,145.1352944333,0,-24,-46,-43,0,-24,-34,-33
2025-05-10T14:05:33.166919,-37.9105168333,145.1348748333,-37.9106438783,145.1352949283,0,-25,-44,-44,0,-25,-33,-33
2025-05-10T14:05:33.666818,-37.9105168333,145.1348748333,-37.91064196,145.1352956483,0,-28,-43,-43,0,-30,-32,-32
2025-05-10T14:05:34.162796,-37.9105168333,145.1348748333,-37.9106390933,145.1352966667,0,-27,-42,-43,0,-30,-33,-33
2025-05-10T14:05:34.663753,-37.9105168333,145.1348748333,-37.91063796,145.1352968833,0,-27,-42,-43,0,-27,-34,-34
2025-05-10T14:05:35.166729,-37.9105168333,145.1348748333,-37.91063796,145.1352968833,0,-28,-42,-43,0,-27,-33,-33
2025-05-10T14:05:35.667093,-37.9105168333,145.1348748333,-37.91063405,145.1352982817,0,-26,-42,-43,0,-27,-35,-35
2025-05-10T14:05:36.166606,-37.9105168333,145.1348748333,-37.9106321267,145.13529873,0,-27,-44,-43,0,-27,-35,-35
2025-05-10T14:05:36.666962,-37.9105168333,145.1348746667,-37.9106300417,145.1352991183,0,-28,-42,-42,0,-28,-35,-35
2025-05-10T14:05:37.163461,-37.9105168333,145.1348746667,-37.9106270583,145.1353002583,0,-24,-44,-42,0,-27,-34,-35
2025-05-10T14:05:37.663836,-37.910517,145.1348746667,-37.9106270583,145.1353002583,0,-25,-43,-42,0,-25,-36,-35
2025-05-10T14:05:38.171730,-37.910517,145.1348746667,-37.9106270583,145.1353002583,0,-25,-43,-42,0,-25,-36,-35
2025-05-10T14:05:38.663620,-37.910517,145.1348748333,-37.9106270583,145.1353002583,0,-25,-41,-42,0,-26,-35,-35
2025-05-10T14:05:39.163548,-37.910517,145.1348748333,-37.910626175,145.135300515,0,-24,-40,-42,0,-28,-35,-35
2025-05-10T14:05:39.667152,-37.910517,145.1348748333,-37.910626175,145.135300515,0,-30,-40,-40,0,-24,-34,-34
2025-05-10T14:05:40.163790,-37.910517,145.1348748333,-37.9106147733,145.1353046833,0,-23,-40,-40,0,-27,-36,-36
2025-05-10T14:05:40.663828,-37.910517,145.1348748333,-37.910613845,145.1353052517,0,-25,-41,-40,0,-29,-35,-34
2025-05-10T14:05:41.166729,-37.910517,145.1348748333,-37.910613845,145.1353052517,0,-22,-40,-40,0,-29,-35,-35
2025-05-10T14:05:41.667185,-37.910517,145.1348748333,-37.910609965,145.13530662,0,-19,-41,-40,0,-18,-36,-35
2025-05-10T14:05:42.163806,-37.910517,145.1348748333,-37.9106082317,145.1353072283,0,-25,-40,-40,0,-31,-35,-35
2025-05-10T14:05:42.666917,-37.910517,145.1348748333,-37.91060672,145.135307715,0,-27,-42,-42,0,-30,-38,-38
2025-05-10T14:05:43.163555,-37.910517,145.1348748333,-37.910604225,145.135308875,0,-24,-40,-42,0,-28,-36,-36
2025-05-10T14:05:43.663307,-37.910517,145.1348748333,-37.9106034517,145.1353089783,0,-27,-40,-42,0,-29,-38,-37
2025-05-10T14:05:44.167090,-37.910517,145.1348748333,-37.9106034517,145.1353089783,0,-25,-41,-42,0,-30,-37,-37
2025-05-10T14:05:44.666950,-37.910517,145.1348748333,-37.9106028967,145.1353090833,0,-24,-39,-42,0,-23,-37,-36
2025-05-10T14:05:45.163009,-37.910517,145.1348748333,-37.91060291,145.1353091,0,-29,-40,-40,0,-31,-37,-37
2025-05-10T14:05:45.666900,-37.910517,145.1348748333,-37.91060293,145.13530909,0,-24,-40,-40,0,-30,-37,-38
2025-05-10T14:05:46.163558,-37.910517,145.1348748333,-37.9106029567,145.13530907,0,-26,-40,-40,0,-29,-37,-37
2025-05-10T14:05:46.663442,-37.910517,145.1348748333,-37.9106029633,145.1353090617,0,-27,-39,-40,0,-28,-38,-37
2025-05-10T14:05:47.167302,-37.910517,145.1348748333,-37.91060297,145.13530906,0,-26,-40,-40,0,-30,-36,-36
2025-05-10T14:05:47.675138,-37.910517,145.1348748333,-37.9106029883,145.1353090517,0,-26,-40,-40,0,-30,-36,-36
2025-05-10T14:05:48.163986,-37.910517,145.1348748333,-37.910603,145.1353090517,0,-23,-38,-38,0,-28,-35,-35
2025-05-10T14:05:48.666791,-37.910517,145.1348748333,-37.9106030083,145.1353090517,0,-28,-42,-38,0,-28,-34,-34
2025-05-10T14:05:49.163897,-37.910517,145.1348748333,-37.91060303,145.13530903,0,-25,-40,-38,0,-29,-35,-35
2025-05-10T14:05:49.666717,-37.9105171667,145.1348748333,-37.9106030367,145.135309025,0,-27,-39,-38,0,-30,-35,-35
2025-05-10T14:05:50.167030,-37.9105171667,145.1348748333,-37.9106030367,145.135309025,0,-24,-40,-38,0,-30,-36,-36
2025-05-10T14:05:50.667044,-37.9105171667,145.134875,-37.91060304,145.135309055,0,-25,-39,-38,0,-26,-37,-37
2025-05-10T14:05:51.163524,-37.9105171667,145.134875,-37.9106013467,145.1353098967,0,-29,-39,-38,0,-26,-38,-38
2025-05-10T14:05:51.671615,-37.9105171667,145.134875,-37.91059933,145.135310155,0,-29,-38,-38,0,-30,-36,-36
2025-05-10T14:05:52.163348,-37.9105171667,145.134875,-37.91059635,145.135310435,0,-27,-38,-38,0,-28,-35,-35
2025-05-10T14:05:52.663230,-37.9105171667,145.134875,-37.9105953217,145.1353106383,0,-27,-37,-38,0,-28,-37,-37
2025-05-10T14:05:53.166787,-37.9105171667,145.134875,-37.9105953217,145.1353106383,0,-25,-37,-38,0,-29,-37,-37
2025-05-10T14:05:53.666898,-37.9105171667,145.134875,-37.91059135,145.1353115867,0,-26,-37,-38,0,-25,-37,-35
2025-05-10T14:05:54.163623,-37.9105171667,145.134875,-37.9105891783,145.135311855,0,-27,-36,-38,0,-28,-36,-36
2025-05-10T14:05:54.666706,-37.9105171667,145.134875,-37.9105874333,145.13531215,0,-29,-37,-37,0,-29,-37,-37
2025-05-10T14:05:55.163157,-37.9105171667,145.134875,-37.9105846317,145.1353127667,0,-26,-37,-37,0,-27,-36,-36
2025-05-10T14:05:55.663497,-37.9105173333,145.1348751667,-37.9105836717,145.1353129433,0,-27,-37,-37,0,-29,-37,-37
2025-05-10T14:05:56.167175,-37.9105173333,145.1348751667,-37.9105827517,145.13531315,0,-28,-35,-37,0,-30,-38,-38
2025-05-10T14:05:56.666915,-37.9105173333,145.1348751667,-37.910579815,145.1353137067,0,-27,-37,-37,0,-27,-38,-37
2025-05-10T14:05:57.163543,-37.9105173333,145.1348751667,-37.9105777017,145.13531414,0,-27,-37,-36,0,-27,-38,-37
2025-05-10T14:05:57.667184,-37.9105173333,145.1348751667,-37.9105756167,145.1353145933,0,-27,-36,-35,0,-28,-38,-38
2025-05-10T14:05:58.163248,-37.9105173333,145.1348751667,-37.9105726033,145.1353152033,0,-24,-36,-35,0,-29,-38,-38
2025-05-10T14:05:58.663866,-37.9105173333,145.1348753333,-37.9105714617,145.13531546,0,-26,-37,-35,0,-28,-39,-39
2025-05-10T14:05:59.167023,-37.9105173333,145.1348753333,-37.91057028,145.1353156183,0,-23,-36,-35,0,-29,-40,-40
2025-05-10T14:05:59.667439,-37.9105173333,145.1348753333,-37.91056721,145.13531552,0,-24,-36,-35,0,-24,-40,-40
2025-05-10T14:06:00.163556,-37.9105173333,145.1348753333,-37.910565455,145.1353157717,0,-29,-36,-36,0,-27,-39,-39
2025-05-10T14:06:00.672610,-37.9105175,145.1348753333,-37.9105635583,145.135316325,0,-28,-34,-34,0,-26,-39,-39
2025-05-10T14:06:01.164139,-37.9105175,145.1348753333,-37.9105607133,145.135317,0,-25,-37,-34,0,-28,-42,-42
2025-05-10T14:06:01.663817,-37.9105175,145.1348755,-37.9105597733,145.1353172967,0,-25,-36,-34,0,-27,-38,-38
2025-05-10T14:06:02.167699,-37.9105175,145.1348755,-37.9105597733,145.1353172967,0,-24,-35,-34,0,-28,-41,-41
2025-05-10T14:06:02.666956,-37.9105175,145.1348755,-37.9105558483,145.1353184533,0,-25,-34,-34,0,-25,-39,-39
2025-05-10T14:06:03.163574,-37.9105175,145.1348755,-37.9105537567,145.135319075,0,-28,-34,-34,0,-28,-39,-39
2025-05-10T14:06:03.667460,-37.9105175,145.1348755,-37.9105518483,145.1353193517,0,-25,-32,-32,0,-28,-41,-41
2025-05-10T14:06:04.163013,-37.9105175,145.1348755,-37.91054865,145.1353200017,0,-26,-33,-32,0,-30,-40,-40
2025-05-10T14:06:04.664009,-37.9105175,145.1348755,-37.9105475167,145.1353203033,0,-27,-33,-32,0,-28,-40,-40
2025-05-10T14:06:05.166919,-37.9105175,145.1348755,-37.9105475167,145.1353203033,0,-22,-34,-32,0,-27,-44,-44
2025-05-10T14:06:05.667046,-37.9105175,145.1348756667,-37.9105430667,145.1353212283,0,-23,-33,-32,0,-23,-44,-44
2025-05-10T14:06:06.163443,-37.9105175,145.1348756667,-37.9105407383,145.1353214567,0,-6,-67,-32,0,-26,-44,-44
2025-05-10T14:06:06.667003,-37.9105175,145.1348756667,-37.9105389367,145.1353214283,0,-29,-33,-33,0,-28,-46,-46
2025-05-10T14:06:07.163756,-37.9105175,145.1348756667,-37.9105365367,145.13532171,0,-26,-34,-33,0,-29,-45,-45
2025-05-10T14:06:07.663907,-37.9105175,145.1348756667,-37.91053572,145.13532186,0,-28,-32,-33,0,-28,-43,-42
2025-05-10T14:06:08.166668,-37.9105175,145.1348756667,-37.9105349067,145.1353219617,0,-25,-34,-33,0,-27,-47,-47
2025-05-10T14:06:08.683437,-37.9105175,145.1348756667,-37.910532175,145.13532228,0,-25,-33,-33,0,-25,-47,-47
2025-05-10T14:06:09.163577,-37.9105175,145.1348756667,-37.910530075,145.13532273,0,-29,-33,-33,0,-31,-49,-49
2025-05-10T14:06:09.666880,-37.9105175,145.1348756667,-37.91052802,145.13532298,0,-26,-33,-33,0,-26,-52,-50
2025-05-10T14:06:10.163689,-37.9105175,145.1348756667,-37.9105252033,145.1353233933,0,-25,-34,-33,0,-28,-50,-50
2025-05-10T14:06:10.662851,-37.9105175,145.1348756667,-37.9105242117,145.1353234733,0,-27,-33,-33,0,-26,-51,-52
2025-05-10T14:06:11.166573,-37.9105175,145.1348756667,-37.91052318,145.135323505,0,-22,-33,-33,0,-23,-56,-56
2025-05-10T14:06:11.666995,-37.9105175,145.1348756667,-37.9105200383,145.1353236,0,-26,-32,-33,0,-21,-51,-50
2025-05-10T14:06:12.162876,-37.9105175,145.1348756667,-37.9105181017,145.1353241433,0,-29,-33,-33,0,-29,-53,-53
2025-05-10T14:06:12.667036,-37.9105175,145.1348756667,-37.910516285,145.1353247033,0,-28,-32,-32,0,-29,-56,-56
2025-05-10T14:06:13.162946,-37.9105175,145.1348756667,-37.9105138217,145.1353249067,0,-24,-34,-32,0,-24,-58,-58
2025-05-10T14:06:13.662868,-37.9105175,145.1348756667,-37.9105128317,145.1353249683,0,-27,-34,-32,0,-25,-58,-58
2025-05-10T14:06:14.166957,-37.9105175,145.1348756667,-37.910511715,145.1353251783,0,-27,-34,-32,0,-29,-51,-51
2025-05-10T14:06:14.667095,-37.9105173333,145.1348756667,-37.910508505,145.13532554,0,-26,-33,-32,0,-26,-54,-53
2025-05-10T14:06:15.162583,-37.9105173333,145.1348756667,-37.910506485,145.135325515,0,-26,-33,-33,0,-28,-48,-48
2025-05-10T14:06:15.666480,-37.9105173333,145.1348756667,-37.91050449,145.1353258033,0,-29,-34,-34,0,-25,-47,-47
2025-05-10T14:06:16.163175,-37.9105173333,145.1348756667,-37.91050138,145.1353251867,0,-27,-33,-34,0,-30,-47,-47
2025-05-10T14:06:16.662926,-37.9105173333,145.1348756667,-37.9105003733,145.13532493,0,-27,-33,-34,0,-24,-53,-53
2025-05-10T14:06:17.166883,-37.9105173333,145.1348756667,-37.9104993767,145.1353248017,0,-28,-33,-34,0,-31,-48,-48
2025-05-10T14:06:17.667323,-37.9105173333,145.1348756667,-37.910496085,145.1353245617,0,-26,-32,-34,0,-15,-48,-46
2025-05-10T14:06:18.179365,-37.9105173333,145.1348756667,-37.91049396,145.13532424,0,-28,-32,-32,0,-25,-49,-49
2025-05-10T14:06:18.667224,-37.9105173333,145.1348756667,-37.910491855,145.1353241033,0,-28,-32,-32,0,-28,-52,-51
2025-05-10T14:06:19.163303,-37.9105173333,145.1348756667,-37.9104887,145.1353243683,0,-25,-34,-32,0,-26,-45,-46
2025-05-10T14:06:19.663101,-37.9105173333,145.1348756667,-37.9104877717,145.1353243417,0,-25,-34,-32,0,-28,-48,-48
2025-05-10T14:06:20.167054,-37.9105173333,145.1348756667,-37.9104867283,145.1353242867,0,-24,-33,-32,0,-27,-45,-44
2025-05-10T14:06:20.667115,-37.9105173333,145.1348755,-37.9104837117,145.13532457,0,-25,-34,-32,0,-27,-46,-49
2025-05-10T14:06:21.163198,-37.9105173333,145.1348755,-37.91048213,145.1353241533,0,-25,-35,-32,0,-26,-48,-48
2025-05-10T14:06:21.672225,-37.9105173333,145.1348755,-37.91048037,145.1353232167,0,-27,-35,-32,0,-30,-53,-53
2025-05-10T14:06:22.162703,-37.9105173333,145.1348755,-37.9104771167,145.1353222317,0,-25,-33,-32,0,-21,-48,-44
2025-05-10T14:06:22.667164,-37.9105173333,145.1348755,-37.9104771167,145.1353222317,0,-27,-33,-32,0,-26,-44,-44
2025-05-10T14:06:23.172107,-37.9105173333,145.1348755,-37.9104771167,145.1353222317,0,-24,-34,-32,0,-29,-43,-43
2025-05-10T14:06:23.663586,-37.9105173333,145.1348753333,-37.9104771167,145.1353222317,0,-25,-33,-32,0,-22,-44,-43
2025-05-10T14:06:24.162530,-37.9105173333,145.1348753333,-37.9104696733,145.1353216833,0,-22,-33,-32,0,-22,-42,-42
2025-05-10T14:06:24.667538,-37.9105173333,145.1348753333,-37.9104678367,145.1353216733,0,-27,-33,-32,0,-28,-45,-45
2025-05-10T14:06:25.163738,-37.9105173333,145.1348753333,-37.9104648583,145.13532158,0,-24,-33,-32,0,-29,-42,-42
2025-05-10T14:06:25.663838,-37.9105173333,145.1348753333,-37.9104639533,145.135321475,0,-28,-33,-32,0,-25,-42,-42
2025-05-10T14:06:26.167394,-37.9105173333,145.1348753333,-37.91046295,145.1353212617,0,-23,-34,-32,0,-26,-45,-45
2025-05-10T14:06:26.667081,-37.9105173333,145.1348751667,-37.91045987,145.13532079,0,-24,-33,-32,0,-24,-42,-41
2025-05-10T14:06:27.163203,-37.9105173333,145.1348751667,-37.9104577967,145.135320565,0,-27,-33,-32,0,-26,-41,-41
2025-05-10T14:06:27.670577,-37.9105173333,145.1348751667,-37.9104561017,145.13532001,0,-27,-32,-32,0,-30,-43,-43
2025-05-10T14:06:28.163672,-37.9105173333,145.1348751667,-37.910453625,145.1353190717,0,-24,-34,-32,0,-27,-46,-46
2025-05-10T14:06:28.663418,-37.9105173333,145.1348751667,-37.9104524383,145.135318855,0,-28,-34,-32,0,-27,-43,-43
2025-05-10T14:06:29.167001,-37.9105173333,145.1348751667,-37.91045133,145.135318555,0,-20,-34,-32,0,-29,-42,-42
2025-05-10T14:06:29.666979,-37.9105171667,145.134875,-37.9104481933,145.13531724,0,-25,-33,-32,0,-23,-45,-44
2025-05-10T14:06:30.163686,-37.9105171667,145.134875,-37.910446075,145.1353167367,0,-29,-32,-32,0,-30,-42,-42
2025-05-10T14:06:30.666877,-37.9105171667,145.134875,-37.9104439567,145.135316015,0,-29,-32,-32,0,-27,-41,-41
2025-05-10T14:06:31.163840,-37.9105171667,145.134875,-37.9104410133,145.1353144383,0,-23,-33,-32,0,-30,-41,-41
2025-05-10T14:06:31.663017,-37.9105171667,145.1348748333,-37.910439805,145.13531423,0,-28,-32,-32,0,-28,-41,-41
2025-05-10T14:06:32.166383,-37.9105171667,145.1348748333,-37.9104385567,145.1353139933,0,-23,-33,-32,0,-28,-43,-43
2025-05-10T14:06:32.666829,-37.9105171667,145.1348748333,-37.9104356517,145.13531272,0,-25,-34,-32,0,-24,-43,-42
2025-05-10T14:06:33.167101,-37.9105171667,145.1348748333,-37.9104336117,145.1353119617,0,-25,-34,-34,0,-29,-43,-43
2025-05-10T14:06:33.666898,-37.910517,145.1348748333,-37.910431695,145.1353111683,0,-30,-34,-34,0,-27,-45,-43
2025-05-10T14:06:34.163909,-37.910517,145.1348748333,-37.9104287633,145.1353098017,0,-25,-33,-34,0,-30,-43,-43
2025-05-10T14:06:34.663724,-37.910517,145.1348748333,-37.91042778,145.135309405,0,-27,-34,-34,0,-26,-47,-47
2025-05-10T14:06:35.167058,-37.910517,145.1348748333,-37.91042778,145.135309405,0,-27,-34,-34,0,-30,-42,-42
2025-05-10T14:06:35.666546,-37.910517,145.1348748333,-37.9104238,145.1353081567,0,-26,-34,-34,0,-23,-47,-47
2025-05-10T14:06:36.163949,-37.910517,145.1348748333,-37.9104216967,145.1353075183,0,-31,-34,-34,0,-26,-45,-45
2025-05-10T14:06:36.672738,-37.910517,145.1348746667,-37.9104196917,145.1353069917,0,-30,-34,-34,0,-29,-43,-43
2025-05-10T14:06:37.163981,-37.910517,145.1348746667,-37.9104165483,145.1353060567,0,-27,-34,-34,0,-28,-46,-46
2025-05-10T14:06:37.663668,-37.9105168333,145.1348746667,-37.9104154833,145.1353058433,0,-27,-33,-34,0,-25,-45,-44
2025-05-10T14:06:38.167096,-37.9105168333,145.1348746667,-37.9104154833,145.1353058433,0,-27,-34,-34,0,-30,-44,-44
2025-05-10T14:06:38.670576,-37.9105168333,145.1348746667,-37.9104114167,145.135304485,0,-25,-34,-34,0,-26,-46,-46
2025-05-10T14:06:39.178903,-37.9105168333,145.1348746667,-37.9104092867,145.1353039967,0,-27,-33,-33,0,-27,-44,-44
2025-05-10T14:06:39.666785,-37.9105168333,145.1348746667,-37.910407205,145.1353032283,0,-28,-35,-34,0,-26,-46,-46
2025-05-10T14:06:40.163905,-37.9105168333,145.1348746667,-37.9104039267,145.1353020867,0,-28,-34,-34,0,-26,-45,-45
2025-05-10T14:06:40.663155,-37.9105168333,145.1348746667,-37.910402885,145.1353018633,0,-25,-35,-34,0,-26,-45,-46
2025-05-10T14:06:41.166936,-37.9105168333,145.1348746667,-37.9104020033,145.1353017183,0,-25,-35,-34,0,-28,-48,-47
2025-05-10T14:06:41.666728,-37.9105166667,145.1348746667,-37.9103993417,145.1353011867,0,-24,-34,-34,0,-27,-48,-48
2025-05-10T14:06:42.162927,-37.9105166667,145.1348746667,-37.9103977367,145.1353007367,0,-27,-34,-34,0,-29,-48,-46
2025-05-10T14:06:42.667016,-37.9105166667,145.1348746667,-37.9103962583,145.1353003317,0,-25,-35,-35,0,-24,-53,-53
2025-05-10T14:06:43.163917,-37.9105166667,145.1348746667,-37.9103937967,145.1352999267,0,-21,-35,-35,0,-23,-46,-46
2025-05-10T14:06:43.663119,-37.9105165,145.1348746667,-37.9103928333,145.1352997767,0,-22,-35,-35,0,-27,-48,-48
2025-05-10T14:06:44.170369,-37.9105165,145.1348746667,-37.9103917983,145.135299595,0,-22,-35,-35,0,-26,-51,-51
2025-05-10T14:06:44.666736,-37.9105165,145.1348746667,-37.9103887283,145.1352987983,0,-24,-35,-35,0,-24,-48,-48
2025-05-10T14:06:45.163245,-37.9105165,145.1348746667,-37.9103866767,145.1352985067,0,-24,-34,-34,0,-21,-52,-52
2025-05-10T14:06:45.667037,-37.9105165,145.1348746667,-37.910384655,145.1352981183,0,-28,-36,-36,0,-30,-53,-53
2025-05-10T14:06:46.164026,-37.9105165,145.1348746667,-37.910381465,145.13529704,0,-25,-37,-36,0,-27,-55,-55
2025-05-10T14:06:46.663455,-37.9105163333,145.1348746667,-37.9103803617,145.135296725,0,-26,-36,-36,0,-23,-59,-59
2025-05-10T14:06:47.167053,-37.9105163333,145.1348746667,-37.9103793883,145.1352964267,0,-27,-36,-36,0,-29,-54,-54
2025-05-10T14:06:47.666962,-37.9105163333,145.1348746667,-37.9103766317,145.1352953567,0,-26,-37,-36,0,-25,-58,-59
2025-05-10T14:06:48.163415,-37.9105163333,145.1348746667,-37.9103748567,145.13529482,0,-29,-37,-37,0,-29,-54,-54
2025-05-10T14:06:48.680459,-37.9105163333,145.1348748333,-37.9103732317,145.1352946333,0,-28,-38,-38,0,-23,-57,-57
2025-05-10T14:06:49.163491,-37.9105163333,145.1348748333,-37.91037192,145.1352943133,0,-25,-37,-38,0,-24,-54,-54
2025-05-10T14:06:49.666758,-37.9105161667,145.1348748333,-37.9103719167,145.135294315,0,-26,-37,-38,0,-26,-54,-54
2025-05-10T14:06:50.166924,-37.9105161667,145.1348748333,-37.9103719133,145.1352943133,0,-25,-36,-38,0,-31,-56,-56
2025-05-10T14:06:50.666836,-37.9105161667,145.134875,-37.9103718883,145.135294325,0,-22,-38,-38,0,-23,-55,-55
2025-05-10T14:06:51.163308,-37.9105161667,145.134875,-37.91037187,145.135294345,0,-29,-38,-38,0,-26,-55,-55
2025-05-10T14:06:51.671697,-37.910516,145.134875,-37.9103718467,145.1352943717,0,-29,-37,-37,0,-28,-56,-56
2025-05-10T14:06:52.163455,-37.910516,145.134875,-37.910371845,145.1352943767,0,-24,-38,-37,0,-30,-56,-56
2025-05-10T14:06:52.663393,-37.910516,145.134875,-37.9103718433,145.1352943833,0,-29,-38,-37,0,-29,-55,-55
2025-05-10T14:06:53.168912,-37.910516,145.134875,-37.9103718367,145.1352943917,0,-25,-37,-37,0,-26,-56,-56
2025-05-10T14:06:53.666686,-37.910516,145.1348751667,-37.9103718133,145.1352944317,0,-25,-37,-37,0,-25,-56,-56
2025-05-10T14:06:54.162808,-37.910516,145.1348751667,-37.910371805,145.1352944467,0,-28,-36,-36,0,-26,-57,-57
2025-05-10T14:06:54.666819,-37.9105158333,145.1348751667,-37.9103717817,145.1352944733,0,-27,-38,-36,0,-27,-54,-54
2025-05-10T14:06:55.167123,-37.9105158333,145.1348751667,-37.9103717533,145.1352944983,0,-29,-38,-36,0,-24,-54,-54
2025-05-10T14:06:55.663669,-37.9105158333,145.1348753333,-37.91037174,145.1352945133,0,-27,-37,-36,0,-28,-55,-55
2025-05-10T14:06:56.167046,-37.9105158333,145.1348753333,-37.9103717317,145.1352945217,0,-28,-35,-36,0,-30,-56,-56
2025-05-10T14:06:56.666473,-37.9105158333,145.1348753333,-37.9103717083,145.1352945533,0,-24,-39,-36,0,-26,-58,-58
2025-05-10T14:06:57.163509,-37.9105158333,145.1348753333,-37.9103717083,145.1352945533,0,-29,-38,-38,0,-28,-51,-51
2025-05-10T14:06:57.667375,-37.9105158333,145.1348755,-37.9103716983,145.1352945667,0,-29,-34,-34,0,-28,-55,-56
2025-05-10T14:06:58.162941,-37.9105158333,145.1348755,-37.9103752833,145.1352888967,0,-27,-32,-34,0,-29,-51,-51
2025-05-10T14:06:58.662847,-37.9105156667,145.1348755,-37.9103763867,145.1352882733,0,-28,-31,-34,0,-29,-54,-54
2025-05-10T14:06:59.167211,-37.9105156667,145.1348755,-37.9103763867,145.1352882733,0,-29,-32,-34,0,-27,-50,-50
2025-05-10T14:06:59.663001,-37.9105156667,145.1348755,-37.9103763867,145.1352882733,0,-28,-33,-34,0,-21,-50,-49
2025-05-10T14:07:00.163695,-37.9105156667,145.1348755,-37.9103763867,145.1352882733,0,-27,-33,-34,0,-24,-51,-51
2025-05-10T14:07:00.670578,-37.9105156667,145.1348755,-37.9103763867,145.1352882733,0,-27,-31,-31,0,-26,-53,-53
2025-05-10T14:07:01.163749,-37.9105156667,145.1348755,-37.91037701,145.13528817,0,-27,-32,-31,0,-26,-52,-51
2025-05-10T14:07:01.663508,-37.9105156667,145.1348756667,-37.91037701,145.13528817,0,-29,-31,-32,0,-27,-52,-52
2025-05-10T14:07:02.167170,-37.9105156667,145.1348756667,-37.9103743883,145.1353039183,0,-26,-33,-32,0,-28,-49,-49
2025-05-10T14:07:02.666884,-37.9105156667,145.1348756667,-37.9103737933,145.1353073917,0,-23,-33,-32,0,-27,-56,-52
2025-05-10T14:07:03.163752,-37.9105156667,145.1348756667,-37.9103732917,145.1353097233,0,-30,-32,-32,0,-26,-53,-52
2025-05-10T14:07:03.666722,-37.9105156667,145.1348756667,-37.9103728317,145.1353125067,0,-29,-32,-32,0,-28,-51,-49
2025-05-10T14:07:04.162690,-37.9105156667,145.1348756667,-37.91037189,145.1353172683,0,-24,-32,-32,0,-29,-50,-50
2025-05-10T14:07:04.663012,-37.9105156667,145.1348756667,-37.9103719667,145.1353189467,0,-23,-32,-32,0,-26,-49,-49
2025-05-10T14:07:05.166307,-37.9105156667,145.1348756667,-37.910371915,145.1353207533,0,-23,-33,-32,0,-28,-53,-53
2025-05-10T14:07:05.666595,-37.9105155,145.1348758333,-37.9103713883,145.1353261467,0,-24,-32,-32,0,-23,-51,-54
2025-05-10T14:07:06.162942,-37.9105155,145.1348758333,-37.9103711867,145.135329645,0,-27,-32,-32,0,-29,-51,-51
2025-05-10T14:07:06.666960,-37.9105155,145.1348758333,-37.9103712483,145.1353328917,0,-27,-32,-32,0,-29,-51,-51
2025-05-10T14:07:07.163869,-37.9105155,145.1348758333,-37.91037085,145.135336905,0,-23,-33,-32,0,-24,-50,-50
2025-05-10T14:07:07.663262,-37.9105155,145.1348758333,-37.9103709083,145.13533824,0,-24,-34,-32,0,-25,-52,-52
2025-05-10T14:07:08.166344,-37.9105155,145.1348758333,-37.9103712167,145.1353396317,0,-24,-35,-32,0,-29,-50,-50
2025-05-10T14:07:08.666565,-37.9105155,145.1348758333,-37.9103726117,145.13534463,0,-26,-34,-32,0,-17,-51,-51
2025-05-10T14:07:09.163100,-37.9105155,145.1348758333,-37.9103736217,145.1353478133,0,-29,-33,-33,0,-29,-50,-50
2025-05-10T14:07:09.675962,-37.9105155,145.1348758333,-37.9103746833,145.1353508867,0,-29,-33,-33,0,-29,-50,-50
2025-05-10T14:07:10.163590,-37.9105155,145.1348758333,-37.9103750883,145.13535624,0,-24,-32,-34,0,-27,-47,-47
2025-05-10T14:07:10.663171,-37.9105155,145.1348758333,-37.9103752667,145.1353583867,0,-28,-33,-34,0,-30,-49,-49
2025-05-10T14:07:11.166799,-37.9105155,145.1348758333,-37.91037554,145.1353604967,0,-23,-35,-34,0,-28,-47,-47
2025-05-10T14:07:11.667322,-37.9105155,145.134876,-37.9103757967,145.1353660083,0,-25,-34,-34,0,-25,-50,-51
2025-05-10T14:07:12.163059,-37.9105155,145.134876,-37.9103754667,145.135369285,0,-29,-34,-34,0,-29,-48,-48
2025-05-10T14:07:12.666963,-37.9105155,145.134876,-37.9103755833,145.1353723267,0,-27,-34,-34,0,-29,-49,-49
2025-05-10T14:07:13.163587,-37.9105155,145.134876,-37.91037567,145.1353769333,0,-24,-33,-34,0,-29,-46,-46
2025-05-10T14:07:13.663578,-37.9105155,145.134876,-37.9103755767,145.1353783133,0,-28,-33,-34,0,-30,-47,-47
2025-05-10T14:07:14.166601,-37.9105155,145.134876,-37.91037546,145.1353796233,0,-24,-34,-34,0,-31,-49,-49
2025-05-10T14:07:14.667125,-37.9105155,145.134876,-37.9103748733,145.135383435,0,-22,-34,-34,0,-25,-50,-49
2025-05-10T14:07:15.162852,-37.9105155,145.134876,-37.9103736217,145.135386015,0,-27,-39,-34,0,-27,-54,-54
2025-05-10T14:07:15.670060,-37.9105155,145.134876,-37.9103722517,145.1353879233,0,-28,-37,-37,0,-26,-54,-54
2025-05-10T14:07:16.163520,-37.9105155,145.134876,-37.9103702367,145.1353891617,0,-21,-38,-37,0,-28,-55,-55
2025-05-10T14:07:16.663449,-37.9105155,145.134876,-37.9103694283,145.1353899183,0,-21,-38,-37,0,-28,-55,-55
2025-05-10T14:07:17.167311,-37.9105155,145.134876,-37.9103694283,145.1353899183,0,-21,-38,-37,0,-19,-22,0
2025-05-10T14:07:17.663259,-37.9105155,145.134876,-37.9103694283,145.1353899183,0,-21,-38,-37,0,-19,-22,0
2025-05-10T14:07:18.163519,-37.9105155,145.134876,-37.9103694283,145.1353899183,0,-21,-38,-37,0,-19,-22,0
2025-05-10T14:07:18.667021,-37.9105155,145.134876,-37.9103694283,145.1353899183,0,-21,-38,-37,0,-19,-22,0
2025-05-10T14:07:19.172708,-37.9105155,145.134876,-37.9103694283,145.1353899183,0,-21,-38,-37,0,-19,-22,0
2025-05-10T14:07:19.663521,-37.9105155,145.134876,-37.9103694283,145.1353899183,0,-21,-38,-37,0,-19,-22,0
2025-05-10T14:07:20.167181,-37.9105155,145.134876,-37.9103694283,145.1353899183,0,-21,-38,-37,0,-19,-22,0
2025-05-10T14:07:20.664345,-37.9105155,145.134876,-37.9103694283,145.1353899183,0,-21,-38,-37,0,-19,-22,0
2025-05-10T14:07:21.163445,-37.9105155,145.134876,-37.9103694283,145.1353899183,0,-21,-38,0,0,-19,-22,0
2025-05-10T14:07:21.672258,-37.9105155,145.134876,-37.9103694283,145.1353899183,0,-21,-38,0,0,-19,-22,0
2025-05-10T14:07:22.163565,-37.9105155,145.134876,-37.9103694283,145.1353899183,0,-21,-38,0,0,-19,-22,0
2025-05-10T14:07:22.663316,-37.9105155,145.134876,-37.9103694283,145.1353899183,0,-21,-38,0,0,-19,-22,0
2025-05-10T14:07:23.167370,-37.9105155,145.134876,-37.9103694283,145.1353899183,0,-21,-38,0,0,-19,-22,0
2025-05-10T14:07:23.664693,-37.9105155,145.134876,-37.9103694283,145.1353899183,0,-21,-38,0,0,-19,-22,0
2025-05-10T14:07:24.163797,-37.9105155,145.134876,-37.9103694283,145.1353899183,0,-21,-38,0,0,-19,-22,0
2025-05-10T14:07:24.666772,-37.9105155,145.1348758333,-37.9103694283,145.1353899183,0,-21,-38,0,0,-19,-22,0
2025-05-10T14:07:25.163741,-37.9105155,145.1348758333,-37.9103694283,145.1353899183,0,-21,-38,0,0,-19,-22,0
2025-05-10T14:07:25.663443,-37.9105155,145.1348758333,-37.9103694283,145.1353899183,0,-21,-38,0,0,-19,-22,0
2025-05-10T14:07:26.167400,-37.9105155,145.1348758333,-37.9103694283,145.1353899183,0,-21,-38,0,0,-19,-22,0
2025-05-10T14:07:26.663553,-37.9105155,145.1348758333,-37.9103694283,145.1353899183,0,-21,-38,0,0,-19,-22,0
2025-05-10T14:07:27.163717,-37.9105155,145.1348758333,-37.9103694283,145.1353899183,0,-21,-38,0,0,-19,-22,0
2025-05-10T14:07:27.666970,-37.9105155,145.1348758333,-37.9103694283,145.1353899183,0,-21,-38,0,0,-19,-22,0
2025-05-10T14:07:28.163957,-37.9105155,145.1348758333,-37.9103694283,145.1353899183,0,-21,-38,0,0,-19,-22,0
2025-05-10T14:07:28.663526,-37.9105155,145.1348758333,-37.9103694283,145.1353899183,0,-21,-38,0,0,-19,-22,0
2025-05-10T14:07:29.167100,-37.9105155,145.1348758333,-37.9103694283,145.1353899183,0,-21,-38,0,0,-19,-22,0
2025-05-10T14:07:29.663517,-37.9105155,145.1348758333,-37.9103694283,145.1353899183,0,-21,-38,0,0,-19,-22,0
2025-05-10T14:07:30.163718,-37.9105155,145.1348758333,-37.9103694283,145.1353899183,0,-21,-38,0,0,-19,-22,0
2025-05-10T14:07:30.666790,-37.9105155,145.1348756667,-37.9103694283,145.1353899183,0,-21,-38,0,0,-19,-22,0
2025-05-10T14:07:31.163715,-37.9105155,145.1348756667,-37.9103694283,145.1353899183,0,-21,-38,0,0,-19,-22,0
2025-05-10T14:07:31.663431,-37.9105155,145.1348756667,-37.9103694283,145.1353899183,0,-21,-38,0,0,-19,-22,0
2025-05-10T14:07:32.167014,-37.9105155,145.1348756667,-37.9103694283,145.1353899183,0,-21,-38,0,0,-19,-22,0
2025-05-10T14:07:32.663322,-37.9105153333,145.1348756667,-37.9103694283,145.1353899183,0,-21,-38,0,0,-19,-22,0
2025-05-10T14:07:33.163556,-37.9105153333,145.1348756667,-37.9103694283,145.1353899183,0,-21,-38,0,0,-19,-22,0
2025-05-10T14:07:33.667198,-37.9105153333,145.1348755,-37.9103694283,145.1353899183,0,-21,-38,0,0,-19,-22,0
2025-05-10T14:07:34.168538,-37.9105153333,145.1348755,-37.9103694283,145.1353899183,0,-21,-38,0,0,-19,-22,0
2025-05-10T14:07:34.663193,-37.9105153333,145.1348755,-37.9103694283,145.1353899183,0,-21,-38,0,0,-19,-22,0
2025-05-10T14:07:35.167108,-37.9105153333,145.1348755,-37.9103694283,145.1353899183,0,-21,-38,0,0,-19,-22,0
2025-05-10T14:07:35.663264,-37.9105151667,145.1348755,-37.9103694283,145.1353899183,0,-21,-38,0,0,-19,-22,0
2025-05-10T14:07:36.163827,-37.9105151667,145.1348755,-37.9103694283,145.1353899183,0,-21,-38,0,0,-19,-22,0
2025-05-10T14:07:36.667019,-37.9105151667,145.1348755,-37.9103694283,145.1353899183,0,-21,-38,0,0,-19,-22,0
2025-05-10T14:07:37.163542,-37.9105151667,145.1348755,-37.9103694283,145.1353899183,0,-21,-38,0,0,-19,-22,0
2025-05-10T14:07:37.663398,-37.9105151667,145.1348753333,-37.9103694283,145.1353899183,0,-21,-38,0,0,-19,-22,0
2025-05-10T14:07:38.166978,-37.9105151667,145.1348753333,-37.9103694283,145.1353899183,0,-21,-38,0,0,-19,-22,0
2025-05-10T14:07:38.663480,-37.9105151667,145.1348753333,-37.9103694283,145.1353899183,0,-21,-38,0,0,-19,-22,0
2025-05-10T14:07:39.163451,-37.9105151667,145.1348753333,-37.9103694283,145.1353899183,0,-21,-38,0,0,-19,-22,0
2025-05-10T14:07:39.667043,-37.9105151667,145.1348753333,-37.9103694283,145.1353899183,0,-21,-38,0,0,-19,-22,0
2025-05-10T14:07:40.163665,-37.9105151667,145.1348753333,-37.9103694283,145.1353899183,0,-21,-38,0,0,-19,-22,0
2025-05-10T14:07:40.663312,-37.910515,145.1348751667,-37.9103694283,145.1353899183,0,-21,-38,0,0,-19,-22,0
2025-05-10T14:07:41.167111,-37.910515,145.1348751667,-37.9103694283,145.1353899183,0,-21,-38,0,0,-19,-22,0
2025-05-10T14:07:41.663211,-37.910515,145.1348751667,-37.9103694283,145.1353899183,0,-21,-38,0,0,-19,-22,0
2025-05-10T14:07:42.163273,-37.910515,145.1348751667,-37.9103694283,145.1353899183,0,-21,-38,0,0,-19,-22,0
2025-05-10T14:07:42.667254,-37.910515,145.134875,-37.9103694283,145.1353899183,0,-21,-38,0,0,-19,-22,0
2025-05-10T14:07:43.163561,-37.910515,145.134875,-37.9103694283,145.1353899183,0,-21,-38,0,0,-19,-22,0
2025-05-10T14:07:43.668015,-37.910515,145.134875,-37.9103694283,145.1353899183,0,-21,-38,0,0,-19,-22,0
2025-05-10T14:07:44.167171,-37.910515,145.134875,-37.9103694283,145.1353899183,0,-21,-38,0,0,-19,-22,0
2025-05-10T14:07:44.663559,-37.9105148333,145.1348748333,-37.9103694283,145.1353899183,0,-21,-38,0,0,-19,-22,0
2025-05-10T14:07:45.163305,-37.9105148333,145.1348748333,-37.9103694283,145.1353899183,0,-21,-38,0,0,-19,-22,0
2025-05-10T14:07:45.666948,-37.9105148333,145.1348746667,-37.9103694283,145.1353899183,0,-21,-38,0,0,-19,-22,0
2025-05-10T14:07:46.163592,-37.9105148333,145.1348746667,-37.9103694283,145.1353899183,0,-21,-38,0,0,-19,-22,0
2025-05-10T14:07:46.663391,-37.9105148333,145.1348745,-37.9103694283,145.1353899183,0,-21,-38,0,0,-19,-22,0
2025-05-10T14:07:47.167281,-37.9105148333,145.1348745,-37.9103694283,145.1353899183,0,-21,-38,0,0,-19,-22,0
2025-05-10T14:07:47.663246,-37.9105148333,145.1348745,-37.9103694283,145.1353899183,0,-21,-38,0,0,-19,-22,0
2025-05-10T14:07:48.163684,-37.9105148333,145.1348745,-37.9103694283,145.1353899183,0,-21,-38,0,0,-19,-22,0
2025-05-10T14:07:48.667338,-37.9105148333,145.1348743333,-37.9103694283,145.1353899183,0,-21,-38,0,0,-19,-22,0
2025-05-10T14:07:49.163703,-37.9105148333,145.1348743333,-37.9103694283,145.1353899183,0,-21,-38,0,0,-19,-22,0
2025-05-10T14:07:49.663463,-37.9105148333,145.1348741667,-37.9103694283,145.1353899183,0,-21,-38,0,0,-19,-22,0
2025-05-10T14:07:50.167327,-37.9105148333,145.1348741667,-37.9103694283,145.1353899183,0,-21,-38,0,0,-19,-22,0
2025-05-10T14:07:50.663504,-37.9105148333,145.134874,-37.9103694283,145.1353899183,0,-21,-38,0,0,-19,-22,0
2025-05-10T14:07:51.163574,-37.9105148333,145.134874,-37.9103694283,145.1353899183,0,-21,-38,0,0,-19,-22,0
2025-05-10T14:07:51.666678,-37.9105146667,145.1348738333,-37.9103694283,145.1353899183,0,-21,-38,0,0,-19,-22,0
2025-05-10T14:07:52.163924,-37.9105146667,145.1348738333,-37.9103694283,145.1353899183,0,-21,-38,0,0,-19,-22,0
2025-05-10T14:07:52.665764,-37.9105146667,145.1348736667,-37.9103694283,145.1353899183,0,-21,-38,0,0,-19,-22,0
2025-05-10T14:07:53.168812,-37.9105146667,145.1348736667,-37.9103694283,145.1353899183,0,-21,-38,0,0,-19,-22,0
2025-05-10T14:07:53.663273,-37.9105146667,145.1348735,-37.9103694283,145.1353899183,0,-21,-38,0,0,-19,-22,0
2025-05-10T14:07:54.164018,-37.9105146667,145.1348735,-37.9103694283,145.1353899183,0,-21,-38,0,0,-19,-22,0
2025-05-10T14:07:54.667016,-37.9105146667,145.1348733333,-37.9103694283,145.1353899183,0,-21,-38,0,0,-19,-22,0
2025-05-10T14:07:55.163513,-37.9105146667,145.1348733333,-37.9103694283,145.1353899183,0,-21,-38,0,0,-19,-22,0
2025-05-10T14:07:55.663718,-37.9105146667,145.1348731667,-37.9103694283,145.1353899183,0,-21,-38,0,0,-19,-22,0
2025-05-10T14:07:56.167039,-37.9105146667,145.1348731667,-37.9103694283,145.1353899183,0,-21,-38,0,0,-19,-22,0
2025-05-10T14:07:56.668037,-37.9105145,145.1348731667,-37.9103694283,145.1353899183,0,-21,-38,0,0,-19,-22,0
2025-05-10T14:07:57.163298,-37.9105145,145.1348731667,-37.9103694283,145.1353899183,0,-21,-38,0,0,-19,-22,0
2025-05-10T14:07:57.667067,-37.9105145,145.134873,-37.9103694283,145.1353899183,0,-21,-38,0,0,-19,-22,0
2025-05-10T14:07:58.166452,-37.9105145,145.134873,-37.9103694283,145.1353899183,0,-21,-38,0,0,-19,-22,0
2025-05-10T14:07:58.663501,-37.9105145,145.1348728333,-37.9103694283,145.1353899183,0,-21,-38,0,0,-19,-22,0
2025-05-10T14:07:59.166935,-37.9105145,145.1348728333,-37.9103694283,145.1353899183,0,-21,-38,0,0,-19,-22,0
2025-05-10T14:07:59.663098,-37.9105145,145.1348726667,-37.9103694283,145.1353899183,0,-21,-38,0,0,-19,-22,0
2025-05-10T14:08:00.163570,-37.9105145,145.1348726667,-37.9103694283,145.1353899183,0,-21,-38,0,0,-19,-22,0
2025-05-10T14:08:00.666907,-37.9105145,145.1348725,-37.9103694283,145.1353899183,0,-21,-38,0,0,-19,-22,0
2025-05-10T14:08:01.163687,-37.9105145,145.1348725,-37.9103694283,145.1353899183,0,-21,-38,0,0,-19,-22,0
2025-05-10T14:08:01.663675,-37.9105145,145.1348725,-37.9103694283,145.1353899183,0,-21,-38,0,0,-22,-52,-52
2025-05-10T14:08:02.171409,-37.9105145,145.1348725,-37.9103694283,145.1353899183,0,-21,-38,0,0,-22,-52,-52
2025-05-10T14:08:02.663714,-37.9105145,145.1348723333,-37.9103694283,145.1353899183,0,-23,-33,-33,0,-19,-52,-51
2025-05-10T14:08:03.163661,-37.9105145,145.1348723333,-37.9103694283,145.1353899183,0,-24,-35,-33,0,-20,-51,-51
2025-05-10T14:08:03.667000,-37.9105145,145.1348721667,-37.9103694283,145.1353899183,0,-22,-36,-35,0,-18,-51,-51
2025-05-10T14:08:04.163424,-37.9105145,145.1348721667,-37.9103694283,145.1353899183,0,-25,-36,-37,0,-26,-52,-52
2025-05-10T14:08:04.678073,-37.9105143333,145.134872,-37.9103694283,145.1353899183,0,-24,-35,-37,0,-26,-52,-52
2025-05-10T14:08:05.167035,-37.9105143333,145.134872,-37.9103694283,145.1353899183,0,-23,-34,-34,0,-26,-51,-51
2025-05-10T14:08:05.663217,-37.9105143333,145.134872,-37.9103694283,145.1353899183,0,-21,-35,-34,0,-19,-52,-51
2025-05-10T14:08:06.163525,-37.9105143333,145.134872,-37.9103694283,145.1353899183,0,-23,-35,-34,0,-20,-52,-52
2025-05-10T14:08:06.667156,-37.9105143333,145.1348718333,-37.9103694283,145.1353899183,0,-25,-36,-36,0,-22,-51,-51
2025-05-10T14:08:07.163657,-37.9105143333,145.1348718333,-37.9103694283,145.1353899183,0,-20,-34,-38,0,-20,-53,-53
2025-05-10T14:08:07.663388,-37.9105143333,145.1348716667,-37.9103694283,145.1353899183,0,-24,-34,-38,0,-23,-53,-53
2025-05-10T14:08:08.171793,-37.9105143333,145.1348716667,-37.9103694283,145.1353899183,0,-24,-35,-34,0,-25,-54,-54
2025-05-10T14:08:08.663509,-37.9105141667,145.1348716667,-37.9103694283,145.1353899183,0,-21,-34,-34,0,-22,-52,-52
2025-05-10T14:08:09.163404,-37.9105141667,145.1348716667,-37.9103694283,145.1353899183,0,-20,-36,-34,0,-24,-51,-51
2025-05-10T14:08:09.665251,-37.9105141667,145.1348715,-37.9103694283,145.1353899183,0,-25,-35,-34,0,-22,-50,-50
2025-05-10T14:08:10.163463,-37.9105141667,145.1348715,-37.9103694283,145.1353899183,0,-22,-34,-34,0,-25,-51,-51
2025-05-10T14:08:10.663224,-37.9105141667,145.1348715,-37.9103694283,145.1353899183,0,-19,-34,-34,0,-26,-51,-51
2025-05-10T14:08:11.167207,-37.9105141667,145.1348715,-37.9103694283,145.1353899183,0,-18,-35,-34,0,-21,-51,-51
2025-05-10T14:08:11.663288,-37.9105141667,145.1348713333,-37.9103694283,145.1353899183,0,-15,-35,-34,0,-22,-51,-51
2025-05-10T14:08:12.163528,-37.9105141667,145.1348713333,-37.9103694283,145.1353899183,0,-25,-35,-34,0,-24,-51,-50
2025-05-10T14:08:12.663433,-37.9105141667,145.1348713333,-37.9103694283,145.1353899183,0,-20,-34,-34,0,-19,-50,-51
2025-05-10T14:08:13.163706,-37.9105141667,145.1348713333,-37.9103694283,145.1353899183,0,-18,-35,-34,0,-20,-50,-50
2025-05-10T14:08:13.663700,-37.9105141667,145.1348713333,-37.9103694283,145.1353899183,0,-22,-34,-34,0,-22,-51,-50
2025-05-10T14:08:14.163152,-37.9105141667,145.1348713333,-37.9103694283,145.1353899183,0,-22,-34,-34,0,-22,-51,-50
2025-05-10T14:08:14.663532,-37.9105141667,145.1348713333,-37.9103694283,145.1353899183,0,-21,-34,-34,0,-23,-50,-50
2025-05-10T14:08:15.167766,-37.9105141667,145.1348713333,-37.9103694283,145.1353899183,0,-25,-35,-34,0,-18,-50,-50
2025-05-10T14:08:15.667475,-37.9105141667,145.1348713333,-37.9103694283,145.1353899183,0,-24,-35,-34,0,-24,-50,-50
2025-05-10T14:08:16.163688,-37.9105141667,145.1348713333,-37.9103694283,145.1353899183,0,-23,-35,-34,0,-22,-50,-50
2025-05-10T14:08:16.663325,-37.9105141667,145.1348713333,-37.9103694283,145.1353899183,0,-25,-35,-34,0,-22,-51,-51
2025-05-10T14:08:17.167146,-37.9105141667,145.1348713333,-37.9103694283,145.1353899183,0,-22,-35,-35,0,-24,-51,-51
2025-05-10T14:08:17.663521,-37.9105141667,145.1348713333,-37.9103694283,145.1353899183,0,-20,-35,-35,0,-23,-51,-51
2025-05-10T14:08:18.163576,-37.9105141667,145.1348713333,-37.9103694283,145.1353899183,0,-25,-35,-35,0,-23,-51,-51
2025-05-10T14:08:18.666761,-37.9105141667,145.1348713333,-37.9103694283,145.1353899183,0,-26,-35,-35,0,-23,-51,-51
2025-05-10T14:08:19.163574,-37.9105141667,145.1348713333,-37.9103694283,145.1353899183,0,-21,-35,-35,0,-22,-51,-51
2025-05-10T14:08:19.663365,-37.9105141667,145.1348713333,-37.9103694283,145.1353899183,0,-26,-34,-35,0,-24,-51,-51
2025-05-10T14:08:20.167574,-37.9105141667,145.1348713333,-37.9103694283,145.1353899183,0,-19,-36,-35,0,-24,-51,-51
2025-05-10T14:08:20.663530,-37.9105141667,145.1348713333,-37.9103694283,145.1353899183,0,-21,-35,-35,0,-22,-51,-51
2025-05-10T14:08:21.163671,-37.9105141667,145.1348713333,-37.9103694283,145.1353899183,0,-25,-34,-35,0,-21,-51,-51
2025-05-10T14:08:21.670477,-37.9105141667,145.1348713333,-37.9103694283,145.1353899183,0,-18,-35,-34,0,-22,-51,-52
2025-05-10T14:08:22.163569,-37.9105141667,145.1348713333,-37.9103694283,145.1353899183,0,-21,-35,-34,0,-24,-51,-51
2025-05-10T14:08:22.665516,-37.9105141667,145.1348713333,-37.9103694283,145.1353899183,0,-23,-35,-34,0,-24,-52,-52
2025-05-10T14:08:23.167150,-37.9105141667,145.1348713333,-37.9103694283,145.1353899183,0,-24,-34,-34,0,-20,-52,-52
2025-05-10T14:08:23.663617,-37.9105141667,145.1348711667,-37.9103694283,145.1353899183,0,-23,-34,-34,0,-19,-52,-52
2025-05-10T14:08:24.167948,-37.9105141667,145.1348711667,-37.9103694283,145.1353899183,0,-23,-35,-34,0,-22,-51,-51
2025-05-10T14:08:24.667125,-37.9105141667,145.1348711667,-37.9103694283,145.1353899183,0,-23,-35,-34,0,-26,-51,-51
2025-05-10T14:08:25.163703,-37.9105141667,145.1348711667,-37.9103694283,145.1353899183,0,-24,-34,-34,0,-25,-52,-52
2025-05-10T14:08:25.663811,-37.9105141667,145.1348711667,-37.9103694283,145.1353899183,0,-23,-34,-34,0,-26,-51,-51
2025-05-10T14:08:26.166976,-37.9105141667,145.1348711667,-37.9103694283,145.1353899183,0,-24,-35,-34,0,-23,-51,-51
2025-05-10T14:08:26.663274,-37.9105141667,145.1348711667,-37.9103694283,145.1353899183,0,-22,-34,-34,0,-21,-51,-51
2025-05-10T14:08:27.171384,-37.9105141667,145.1348711667,-37.9103694283,145.1353899183,0,-25,-35,-34,0,-21,-51,-51
2025-05-10T14:08:27.667093,-37.9105141667,145.1348711667,-37.9103694283,145.1353899183,0,-25,-35,-34,0,-25,-51,-51
2025-05-10T14:08:28.163829,-37.9105141667,145.1348711667,-37.9103694283,145.1353899183,0,-24,-35,-34,0,-24,-49,-49
2025-05-10T14:08:28.663506,-37.9105141667,145.1348711667,-37.9103694283,145.1353899183,0,-24,-33,-34,0,-24,-51,-51
2025-05-10T14:08:29.172036,-37.9105141667,145.1348711667,-37.9103694283,145.1353899183,0,-24,-33,-34,0,-24,-51,-51
2025-05-10T14:08:29.663190,-37.9105141667,145.134871,-37.9103694283,145.1353899183,0,-21,-34,-34,0,-21,-52,-52
2025-05-10T14:08:30.163703,-37.9105141667,145.134871,-37.9103694283,145.1353899183,0,-25,-34,-34,0,-20,-49,-49
2025-05-10T14:08:30.663393,-37.9105143333,145.134871,-37.9103694283,145.1353899183,0,-22,-36,-34,0,-24,-51,-52
2025-05-10T14:08:31.166591,-37.9105143333,145.134871,-37.9103694283,145.1353899183,0,-24,-35,-34,0,-19,-51,-51
2025-05-10T14:08:31.670567,-37.9105143333,145.134871,-37.9103694283,145.1353899183,0,-24,-35,-34,0,-19,-51,0
2025-05-10T14:08:32.163592,-37.9105143333,145.134871,-37.9103694283,145.1353899183,0,-24,-35,-34,0,-19,-51,0
2025-05-10T14:08:32.663400,-37.9105143333,145.134871,-37.9103694283,145.1353899183,0,-24,-35,-34,0,-19,-51,0
2025-05-10T14:08:33.163455,-37.9105143333,145.134871,-37.9103694283,145.1353899183,0,-24,-35,-34,0,-19,-51,0
2025-05-10T14:08:33.667241,-37.9105145,145.134871,-37.9103694283,145.1353899183,0,-24,-35,-34,0,-19,-51,0
2025-05-10T14:08:34.163466,-37.9105145,145.134871,-37.9103694283,145.1353899183,0,-24,-35,-34,0,-19,-51,0
2025-05-10T14:08:34.663332,-37.9105145,145.134871,-37.9103694283,145.1353899183,0,-24,-35,-34,0,-19,-51,0
2025-05-10T14:08:35.163479,-37.9105145,145.134871,-37.9103694283,145.1353899183,0,-24,-35,-34,0,-19,-51,0
2025-05-10T14:08:35.663419,-37.9105145,145.134871,-37.9103694283,145.1353899183,0,-24,-35,0,0,-19,-51,0
2025-05-10T14:08:36.163564,-37.9105145,145.134871,-37.9103694283,145.1353899183,0,-24,-35,0,0,-19,-51,0
2025-05-10T14:08:36.666894,-37.9105146667,145.134871,-37.9103694283,145.1353899183,0,-24,-35,0,0,-19,-51,0
2025-05-10T14:08:37.163542,-37.9105146667,145.134871,-37.9103694283,145.1353899183,0,-24,-35,0,0,-19,-51,0
2025-05-10T14:08:37.663623,-37.9105146667,145.134871,-37.9103694283,145.1353899183,0,-24,-35,0,0,-19,-51,0
2025-05-10T14:08:38.163443,-37.9105146667,145.134871,-37.9103694283,145.1353899183,0,-24,-35,0,0,-19,-51,0
2025-05-10T14:08:38.672278,-37.9105146667,145.134871,-37.9103694283,145.1353899183,0,-24,-35,0,0,-19,-51,0
2025-05-10T14:08:39.163410,-37.9105146667,145.134871,-37.9103694283,145.1353899183,0,-24,-35,0,0,-19,-51,0
2025-05-10T14:08:39.663366,-37.9105148333,145.134871,-37.9103694283,145.1353899183,0,-24,-35,0,0,-19,-51,0
2025-05-10T14:08:40.163576,-37.9105148333,145.134871,-37.9103694283,145.1353899183,0,-24,-35,0,0,-19,-51,0
2025-05-10T14:08:40.663455,-37.9105148333,145.134871,-37.9103694283,145.1353899183,0,-24,-35,0,0,-19,-51,0
2025-05-10T14:08:41.167156,-37.9105148333,145.134871,-37.9103694283,145.1353899183,0,-24,-35,0,0,-19,-51,0
2025-05-10T14:08:41.663519,-37.910515,145.134871,-37.9103694283,145.1353899183,0,-24,-35,0,0,-19,-51,0
2025-05-10T14:08:42.163565,-37.910515,145.134871,-37.9103694283,145.1353899183,0,-24,-35,0,0,-19,-51,0
2025-05-10T14:08:42.663348,-37.910515,145.1348711667,-37.9103694283,145.1353899183,0,-24,-35,0,0,-19,-51,0
2025-05-10T14:08:43.163418,-37.910515,145.1348711667,-37.9103694283,145.1353899183,0,-24,-35,0,0,-19,-51,0
2025-05-10T14:08:43.663727,-37.910515,145.1348711667,-37.9103694283,145.1353899183,0,-24,-35,0,0,-19,-51,0
2025-05-10T14:08:44.167196,-37.910515,145.1348711667,-37.9103694283,145.1353899183,0,-24,-35,0,0,-19,-51,0
2025-05-10T14:08:44.663580,-37.910515,145.1348711667,-37.9103694283,145.1353899183,0,-24,-35,0,0,-19,-51,0
2025-05-10T14:08:45.163551,-37.910515,145.1348711667,-37.9103694283,145.1353899183,0,-24,-35,0,0,-19,-51,0
2025-05-10T14:08:45.666793,-37.9105151667,145.1348711667,-37.9103694283,145.1353899183,0,-24,-35,0,0,-19,-51,0
2025-05-10T14:08:46.163582,-37.9105151667,145.1348711667,-37.9103694283,145.1353899183,0,-24,-35,0,0,-19,-51,0
2025-05-10T14:08:46.663607,-37.9105151667,145.1348711667,-37.9103694283,145.1353899183,0,-24,-35,0,0,-19,-51,0
2025-05-10T14:08:47.167201,-37.9105151667,145.1348711667,-37.9103694283,145.1353899183,0,-24,-35,0,0,-19,-51,0
2025-05-10T14:08:47.663560,-37.9105151667,145.1348711667,-37.9103694283,145.1353899183,0,-24,-35,0,0,-19,-51,0
2025-05-10T14:08:48.163692,-37.9105151667,145.1348711667,-37.9103694283,145.1353899183,0,-24,-35,0,0,-19,-51,0
2025-05-10T14:08:48.666866,-37.9105151667,145.1348711667,-37.9103694283,145.1353899183,0,-24,-35,0,0,-19,-51,0
2025-05-10T14:08:49.163418,-37.9105151667,145.1348711667,-37.9103694283,145.1353899183,0,-24,-35,0,0,-19,-51,0
2025-05-10T14:08:49.663591,-37.9105151667,145.1348713333,-37.9103694283,145.1353899183,0,-24,-35,0,0,-19,-51,0
2025-05-10T14:08:50.166987,-37.9105151667,145.1348713333,-37.9103694283,145.1353899183,0,-24,-35,0,0,-19,-51,0
2025-05-10T14:08:50.663583,-37.9105153333,145.1348713333,-37.9103694283,145.1353899183,0,-24,-35,0,0,-19,-51,0
2025-05-10T14:08:51.163708,-37.9105153333,145.1348713333,-37.9103694283,145.1353899183,0,-24,-35,0,0,-19,-51,0
2025-05-10T14:08:51.663578,-37.9105153333,145.1348715,-37.9103694283,145.1353899183,0,-24,-35,0,0,-19,-51,0
2025-05-10T14:08:52.163489,-37.9105153333,145.1348715,-37.9103694283,145.1353899183,0,-24,-35,0,0,-19,-51,0
2025-05-10T14:08:52.663393,-37.9105153333,145.1348715,-37.9103694283,145.1353899183,0,-24,-35,0,0,-19,-51,0
2025-05-10T14:08:53.166972,-37.9105153333,145.1348715,-37.9103694283,145.1353899183,0,-24,-35,0,0,-19,-51,0
2025-05-10T14:08:53.667780,-37.9105153333,145.1348715,-37.9103694283,145.1353899183,0,-24,-35,0,0,-19,-51,0
2025-05-10T14:08:54.163450,-37.9105153333,145.1348715,-37.9103694283,145.1353899183,0,-24,-35,0,0,-19,-51,0
2025-05-10T14:08:54.666952,-37.9105153333,145.1348716667,-37.9103694283,145.1353899183,0,-24,-35,0,0,-19,-51,0
2025-05-10T14:08:55.163276,-37.9105153333,145.1348716667,-37.9103694283,145.1353899183,0,-21,-14,-14,0,-21,-33,-33
2025-05-10T14:08:55.663459,-37.9105155,145.1348716667,-37.9103694283,145.1353899183,0,-26,-23,-14,0,-25,-33,-33
2025-05-10T14:08:56.167169,-37.9105155,145.1348716667,-37.9103694283,145.1353899183,0,-22,-22,-23,0,-25,-34,-34
2025-05-10T14:08:56.663685,-37.9105155,145.1348716667,-37.9103694283,145.1353899183,0,-23,-23,-23,0,-23,-35,-34
2025-05-10T14:08:57.163360,-37.9105155,145.1348716667,-37.9103694283,145.1353899183,0,-26,-23,-23,0,-24,-32,-32
2025-05-10T14:08:57.663435,-37.9105155,145.1348718333,-37.9103694283,145.1353899183,0,-26,-14,-23,0,-24,-32,-32
2025-05-10T14:08:58.163414,-37.9105155,145.1348718333,-37.9103694283,145.1353899183,0,-22,-13,-13,0,-25,-32,-32
2025-05-10T14:08:58.663449,-37.9105156667,145.1348718333,-37.9103694283,145.1353899183,0,-26,-13,-13,0,-24,-31,-31
2025-05-10T14:08:59.163436,-37.9105156667,145.1348718333,-37.9103694283,145.1353899183,0,-23,-12,-13,0,-27,-32,-32
2025-05-10T14:08:59.663532,-37.9105156667,145.1348718333,-37.9103694283,145.1353899183,0,-23,-11,-13,0,-23,-32,-32
2025-05-10T14:09:00.163229,-37.9105156667,145.1348718333,-37.9103694283,145.1353899183,0,-27,-11,-13,0,-22,-31,-31
2025-05-10T14:09:00.663331,-37.9105156667,145.134872,-37.9103694283,145.1353899183,0,-26,-10,-10,0,-26,-31,-30
2025-05-10T14:09:01.163481,-37.9105156667,145.134872,-37.9103694283,145.1353899183,0,-22,-11,-10,0,-26,-31,-31
2025-05-10T14:09:01.663467,-37.9105158333,145.134872,-37.9103694283,145.1353899183,0,-26,-10,-10,0,-26,-31,-31
2025-05-10T14:09:02.167044,-37.9105158333,145.134872,-37.9103694283,145.1353899183,0,-27,-10,-10,0,-27,-31,-31
2025-05-10T14:09:02.663517,-37.9105158333,145.1348721667,-37.9103694283,145.1353899183,0,-24,-10,-10,0,-25,-31,-31
2025-05-10T14:09:03.169182,-37.9105158333,145.1348721667,-37.9103694283,145.1353899183,0,-26,-9,-10,0,-25,-31,-31
2025-05-10T14:09:03.666963,-37.9105158333,145.1348721667,-37.9103694283,145.1353899183,0,-25,-9,-8,0,-22,-31,-31
2025-05-10T14:09:04.163256,-37.9105158333,145.1348721667,-37.9103694283,145.1353899183,0,-27,-8,-8,0,-27,-31,-31
2025-05-10T14:09:04.663446,-37.910516,145.1348721667,-37.9103694283,145.1353899183,0,-25,-8,-8,0,-25,-32,-32
2025-05-10T14:09:05.163579,-37.910516,145.1348721667,-37.9103694283,145.1353899183,0,-26,-7,-8,0,-22,-32,-32
2025-05-10T14:09:05.663499,-37.910516,145.1348723333,-37.9103694283,145.1353899183,0,-25,-7,-8,0,-26,-34,-34
2025-05-10T14:09:06.163618,-37.910516,145.1348723333,-37.9103694283,145.1353899183,0,-26,-6,-8,0,-25,-36,-36
2025-05-10T14:09:06.663480,-37.910516,145.1348723333,-37.9103694283,145.1353899183,0,-25,-7,-8,0,-28,-34,-34
2025-05-10T14:09:07.163518,-37.910516,145.1348723333,-37.9103694283,145.1353899183,0,-25,-7,-6,0,-25,-31,-31
2025-05-10T14:09:07.663454,-37.9105161667,145.1348723333,-37.9103694283,145.1353899183,0,-27,-5,-6,0,-27,-25,-25
2025-05-10T14:09:08.167258,-37.9105161667,145.1348723333,-37.9103694283,145.1353899183,0,-25,-2,-6,0,-26,-23,-23
2025-05-10T14:09:08.663533,-37.9105161667,145.1348723333,-37.9103694283,145.1353899183,0,-25,-1,-6,0,-23,-25,-24
2025-05-10T14:09:09.171713,-37.9105161667,145.1348723333,-37.9103694283,145.1353899183,0,-23,0,-6,0,-23,-14,-14
2025-05-10T14:09:09.666964,-37.9105161667,145.1348725,-37.9103694283,145.1353899183,0,-25,4,-6,0,-23,-11,-11
2025-05-10T14:09:10.163457,-37.9105161667,145.1348725,-37.9103694283,145.1353899183,0,-18,6,-6,0,-27,-10,-9
2025-05-10T14:09:10.663515,-37.9105163333,145.1348725,-37.9103694283,145.1353899183,0,-21,-12,-6,0,-23,-9,-9
2025-05-10T14:09:11.166988,-37.9105163333,145.1348725,-37.9103694283,145.1353899183,0,-11,8,-6,0,-24,-11,-11
2025-05-10T14:09:11.663526,-37.9105163333,145.1348725,-37.9103694283,145.1353899183,0,-14,8,-6,0,-29,-2,-4
2025-05-10T14:09:12.163581,-37.9105163333,145.1348725,-37.9103694283,145.1353899183,0,-15,1,-6,0,-27,-36,-36
2025-05-10T14:09:12.666993,-37.9105163333,145.1348725,-37.9103694283,145.1353899183,0,-15,8,7,0,-24,-6,-6
2025-05-10T14:09:13.163548,-37.9105163333,145.1348725,-37.9103694283,145.1353899183,0,-14,7,7,0,-29,-10,-10
2025-05-10T14:09:13.663585,-37.9105163333,145.1348726667,-37.9103694283,145.1353899183,0,-13,7,7,0,-23,-9,-10
2025-05-10T14:09:14.167088,-37.9105163333,145.1348726667,-37.9103694283,145.1353899183,0,-16,7,7,0,-27,-9,-9
2025-05-10T14:09:14.663581,-37.9105163333,145.1348726667,-37.9103694283,145.1353899183,0,-16,7,7,0,-23,-9,-9
2025-05-10T14:09:15.163545,-37.9105163333,145.1348726667,-37.9103694283,145.1353899183,0,-19,6,7,0,-27,-10,-10
2025-05-10T14:09:15.667136,-37.9105163333,145.1348726667,-37.9103694283,145.1353899183,0,-23,6,6,0,-26,-10,-10
2025-05-10T14:09:16.163770,-37.9105163333,145.1348726667,-37.9103694283,145.1353899183,0,-18,6,6,0,-25,-11,-11
2025-05-10T14:09:16.663740,-37.9105165,145.1348728333,-37.9103694283,145.1353899183,0,-16,7,7,0,-25,-11,-11
2025-05-10T14:09:17.167223,-37.9105165,145.1348728333,-37.9103694283,145.1353899183,0,-16,6,7,0,-25,-10,-10
2025-05-10T14:09:17.663706,-37.9105165,145.1348728333,-37.9103694283,145.1353899183,0,-15,7,7,0,-22,-10,-9
2025-05-10T14:09:18.169101,-37.9105165,145.1348728333,-37.9103694283,145.1353899183,0,-15,7,7,0,-24,-9,-9
2025-05-10T14:09:18.667055,-37.9105165,145.1348728333,-37.9103694283,145.1353899183,0,-19,-14,7,0,-25,-10,-10
2025-05-10T14:09:19.163605,-37.9105165,145.1348728333,-37.9103694283,145.1353899183,0,-14,8,7,0,-23,-9,-9
2025-05-10T14:09:19.663804,-37.9105166667,145.134873,-37.9103694283,145.1353899183,0,-16,7,7,0,-25,-10,-10
2025-05-10T14:09:20.167112,-37.9105166667,145.134873,-37.9103694283,145.1353899183,0,-13,8,7,0,-25,-9,-9
2025-05-10T14:09:20.670262,-37.9105166667,145.134873,-37.9103694283,145.1353899183,0,-14,8,7,0,-22,-12,-11
2025-05-10T14:09:21.163361,-37.9105166667,145.134873,-37.9103694283,145.1353899183,0,-17,7,7,0,-24,-8,-8
2025-05-10T14:09:21.663356,-37.9105166667,145.134873,-37.9103694283,145.1353899183,0,-13,7,8,0,-24,-9,-9
2025-05-10T14:09:22.163785,-37.9105166667,145.134873,-37.9103694283,145.1353899183,0,-13,7,8,0,-24,-8,-8
2025-05-10T14:09:22.663155,-37.9105168333,145.134873,-37.9103694283,145.1353899183,0,-14,7,7,0,-26,-9,-10
2025-05-10T14:09:23.163472,-37.9105168333,145.134873,-37.9103694283,145.1353899183,0,-18,7,7,0,-26,-10,-10
2025-05-10T14:09:23.663543,-37.9105168333,145.1348731667,-37.9103694283,145.1353899183,0,-17,7,7,0,-24,-8,-8
2025-05-10T14:09:24.168225,-37.9105168333,145.1348731667,-37.9103694283,145.1353899183,0,-17,7,7,0,-25,-8,-8
2025-05-10T14:09:24.667136,-37.9105168333,145.1348731667,-37.9103694283,145.1353899183,0,-14,7,7,0,-27,-8,-8
2025-05-10T14:09:25.163258,-37.9105168333,145.1348731667,-37.9103694283,145.1353899183,0,-13,7,7,0,-27,-8,-8
2025-05-10T14:09:25.663330,-37.9105168333,145.1348733333,-37.9103694283,145.1353899183,0,-16,7,7,0,-24,-11,-11
2025-05-10T14:09:26.167098,-37.9105168333,145.1348733333,-37.9103694283,145.1353899183,0,-18,7,7,0,-22,-8,-8
2025-05-10T14:09:26.663458,-37.910517,145.1348733333,-37.9103694283,145.1353899183,0,-11,8,7,0,-22,-9,-9
2025-05-10T14:09:27.163754,-37.910517,145.1348733333,-37.9103694283,145.1353899183,0,-16,7,7,0,-25,-9,-9
2025-05-10T14:09:27.667198,-37.910517,145.1348733333,-37.9103694283,145.1353899183,0,-16,7,7,0,-28,-9,-9
2025-05-10T14:09:28.163157,-37.910517,145.1348733333,-37.9103694283,145.1353899183,0,-17,7,7,0,-22,-7,-7
2025-05-10T14:09:28.663526,-37.9105171667,145.1348735,-37.9103694283,145.1353899183,0,-17,7,7,0,-27,-8,-8
2025-05-10T14:09:29.167106,-37.9105171667,145.1348735,-37.9103694283,145.1353899183,0,-16,7,7,0,-29,-8,-8
2025-05-10T14:09:29.663471,-37.9105171667,145.1348735,-37.9103694283,145.1353899183,0,-15,7,7,0,-27,-8,-8
2025-05-10T14:09:30.163309,-37.9105171667,145.1348735,-37.9103694283,145.1353899183,0,-17,7,7,0,-24,-8,-8
2025-05-10T14:09:30.667144,-37.9105171667,145.1348735,-37.9103694283,145.1353899183,0,-14,8,7,0,-28,-8,-8
2025-05-10T14:09:31.163505,-37.9105171667,145.1348735,-37.9103694283,145.1353899183,0,-13,8,7,0,-26,-9,-9
2025-05-10T14:09:31.663469,-37.9105173333,145.1348736667,-37.9103694283,145.1353899183,0,-11,7,7,0,-26,-9,-9
2025-05-10T14:09:32.163607,-37.9105173333,145.1348736667,-37.9103694283,145.1353899183,0,-12,8,7,0,-24,-11,-11
2025-05-10T14:09:32.663540,-37.9105173333,145.1348736667,-37.9103694283,145.1353899183,0,-14,8,7,0,-25,-8,-8
2025-05-10T14:09:33.163568,-37.9105173333,145.1348736667,-37.9103694283,145.1353899183,0,-13,8,7,0,-28,-8,-8
2025-05-10T14:09:33.670516,-37.9105175,145.1348738333,-37.9103694283,145.1353899183,0,-11,7,7,0,-24,-8,-8
2025-05-10T14:09:34.163713,-37.9105175,145.1348738333,-37.9103694283,145.1353899183,0,-14,7,7,0,-25,-6,-6
2025-05-10T14:09:34.663781,-37.9105175,145.1348738333,-37.9103694283,145.1353899183,0,-15,8,8,0,-27,-10,-8
2025-05-10T14:09:35.167659,-37.9105175,145.1348738333,-37.9103694283,145.1353899183,0,-14,8,8,0,-27,-9,-9
2025-05-10T14:09:35.663246,-37.9105176667,145.134874,-37.9103694283,145.1353899183,0,-12,8,8,0,-25,-9,-9
2025-05-10T14:09:36.163519,-37.9105176667,145.134874,-37.9103694283,145.1353899183,0,-16,4,8,0,-25,-9,-9
2025-05-10T14:09:36.667014,-37.9105176667,145.134874,-37.9103694283,145.1353899183,0,-12,7,7,0,-26,-10,-10
2025-05-10T14:09:37.163504,-37.9105176667,145.134874,-37.9103694283,145.1353899183,0,-14,8,7,0,-23,-11,-11
2025-05-10T14:09:37.663510,-37.9105176667,145.1348741667,-37.9103694283,145.1353899183,0,-14,7,7,0,-24,-10,-10
2025-05-10T14:09:38.167164,-37.9105176667,145.1348741667,-37.9103694283,145.1353899183,0,-12,8,7,0,-27,-11,-11
2025-05-10T14:09:38.663617,-37.9105178333,145.1348741667,-37.9103694283,145.1353899183,0,-14,7,7,0,-22,-12,-12
2025-05-10T14:09:39.163466,-37.9105178333,145.1348741667,-37.9103694283,145.1353899183,0,-16,7,7,0,-24,-9,-9
2025-05-10T14:09:39.671891,-37.9105178333,145.1348743333,-37.9103694283,145.1353899183,0,-18,7,7,0,-29,-13,-13
2025-05-10T14:09:40.163468,-37.9105178333,145.1348743333,-37.9103694283,145.1353899183,0,-13,8,7,0,-25,-11,-11
2025-05-10T14:09:40.663504,-37.910518,145.1348743333,-37.9103694283,145.1353899183,0,-16,7,7,0,-29,-8,-8
2025-05-10T14:09:41.167466,-37.910518,145.1348743333,-37.9103694283,145.1353899183,0,-14,8,7,0,-28,-8,-8
2025-05-10T14:09:41.663246,-37.910518,145.1348745,-37.9103694283,145.1353899183,0,-13,8,7,0,-18,-8,-7
2025-05-10T14:09:42.163801,-37.910518,145.1348745,-37.9103694283,145.1353899183,0,-17,7,7,0,-28,-6,-6
2025-05-10T14:09:42.663737,-37.9105181667,145.1348745,-37.9103694283,145.1353899183,0,-13,7,7,0,-27,-22,-24
2025-05-10T14:09:43.163670,-37.9105181667,145.1348745,-37.9103694283,145.1353899183,0,-14,8,7,0,-27,-8,-8
2025-05-10T14:09:43.663373,-37.9105181667,145.1348746667,-37.9103694283,145.1353899183,0,-14,8,8,0,-28,-7,-8
2025-05-10T14:09:44.166857,-37.9105181667,145.1348746667,-37.9103694283,145.1353899183,0,-14,8,8,0,-24,-13,-13
2025-05-10T14:09:44.663696,-37.9105181667,145.1348746667,-37.9103694283,145.1353899183,0,-15,8,8,0,-26,-9,-8
2025-05-10T14:09:45.163551,-37.9105181667,145.1348746667,-37.9103694283,145.1353899183,0,-17,7,8,0,-25,-8,-8
2025-05-10T14:09:45.663491,-37.9105183333,145.1348748333,-37.9103694283,145.1353899183,0,-17,7,8,0,-27,-11,-11
2025-05-10T14:09:46.163787,-37.9105183333,145.1348748333,-37.9103694283,145.1353899183,0,-15,8,8,0,-29,-9,-9
2025-05-10T14:09:46.663529,-37.9105183333,145.1348748333,-37.9103694283,145.1353899183,0,-17,7,8,0,-27,-9,-9
2025-05-10T14:09:47.163865,-37.9105183333,145.1348748333,-37.9103694283,145.1353899183,0,-15,7,8,0,-25,-11,-11
2025-05-10T14:09:47.663249,-37.9105183333,145.134875,-37.9103694283,145.1353899183,0,-10,8,8,0,-18,-11,-10
2025-05-10T14:09:48.163387,-37.9105183333,145.134875,-37.9103694283,145.1353899183,0,-16,7,8,0,-26,-9,-9
2025-05-10T14:09:48.675774,-37.9105185,145.1348751667,-37.9103694283,145.1353899183,0,-16,7,8,0,-26,-9,-9
2025-05-10T14:09:49.163422,-37.9105185,145.1348751667,-37.9103694283,145.1353899183,0,-16,7,8,0,-26,-10,-10
2025-05-10T14:09:49.663263,-37.9105185,145.1348751667,-37.9103694283,145.1353899183,0,-16,7,8,0,-26,-8,-8
2025-05-10T14:09:50.167092,-37.9105185,145.1348751667,-37.9103694283,145.1353899183,0,-16,7,8,0,-24,-8,-8
2025-05-10T14:09:50.663165,-37.9105185,145.1348753333,-37.9103694283,145.1353899183,0,-16,7,8,0,-25,-10,-10
2025-05-10T14:09:51.163687,-37.9105185,145.1348753333,-37.9103694283,145.1353899183,0,-16,7,8,0,-26,-7,-7
2025-05-10T14:09:51.663365,-37.9105185,145.1348755,-37.9103694283,145.1353899183,0,-13,8,8,0,-26,-12,-10
2025-05-10T14:09:52.163386,-37.9105185,145.1348755,-37.9103694283,145.1353899183,0,-12,8,8,0,-27,-10,-10
2025-05-10T14:09:52.663384,-37.9105186667,145.1348755,-37.9103694283,145.1353899183,0,-12,8,7,0,-27,-6,-5
2025-05-10T14:09:53.167075,-37.9105186667,145.1348755,-37.9103694283,145.1353899183,0,-15,8,7,0,-27,-12,-12
2025-05-10T14:09:53.663437,-37.9105186667,145.1348756667,-37.9103694283,145.1353899183,0,-13,8,7,0,-24,-9,-8
2025-05-10T14:09:54.163436,-37.9105186667,145.1348756667,-37.9103694283,145.1353899183,0,-15,7,7,0,-24,-8,-8
2025-05-10T14:09:54.667004,-37.9105186667,145.1348756667,-37.9103694283,145.1353899183,0,-12,7,7,0,-23,-8,-8
2025-05-10T14:09:55.163466,-37.9105186667,145.1348756667,-37.9103694283,145.1353899183,0,-11,8,7,0,-27,-9,-9
2025-05-10T14:09:55.663409,-37.9105186667,145.1348758333,-37.9103694283,145.1353899183,0,-14,7,7,0,-23,-8,-8
2025-05-10T14:09:56.167151,-37.9105186667,145.1348758333,-37.9103694283,145.1353899183,0,-13,8,7,0,-24,-9,-9
2025-05-10T14:09:56.663547,-37.9105186667,145.134876,-37.9103694283,145.1353899183,0,-12,8,7,0,-22,-9,-9
2025-05-10T14:09:57.163468,-37.9105186667,145.134876,-37.9103694283,145.1353899183,0,-16,7,7,0,-29,-8,-8
2025-05-10T14:09:57.667097,-37.9105188333,145.1348761667,-37.9103694283,145.1353899183,0,-13,7,7,0,-24,-8,-8
2025-05-10T14:09:58.163487,-37.9105188333,145.1348761667,-37.9103694283,145.1353899183,0,-14,8,7,0,-27,-8,-8
2025-05-10T14:09:58.663447,-37.9105188333,145.1348761667,-37.9103694283,145.1353899183,0,-19,-15,7,0,-24,-9,-9
2025-05-10T14:09:59.163486,-37.9105188333,145.1348761667,-37.9103694283,145.1353899183,0,-13,8,7,0,-29,-9,-9
2025-05-10T14:09:59.663367,-37.9105188333,145.1348763333,-37.9103694283,145.1353899183,0,-13,8,7,0,-23,-9,-9
2025-05-10T14:10:00.163586,-37.9105188333,145.1348763333,-37.9103694283,145.1353899183,0,-16,7,7,0,-22,-9,-9
2025-05-10T14:10:00.667130,-37.9105188333,145.1348765,-37.9103694283,145.1353899183,0,-13,8,7,0,-27,-9,-9
2025-05-10T14:10:01.163309,-37.9105188333,145.1348765,-37.9103694283,145.1353899183,0,-12,8,7,0,-25,-9,-9
2025-05-10T14:10:01.663399,-37.9105188333,145.1348765,-37.9103694283,145.1353899183,0,-13,7,7,0,-27,-9,-8
2025-05-10T14:10:02.167082,-37.9105188333,145.1348765,-37.9103694283,145.1353899183,0,-15,8,7,0,-28,-8,-8
2025-05-10T14:10:02.663826,-37.910519,145.1348766667,-37.9103694283,145.1353899183,0,-12,8,7,0,-21,-9,-8
2025-05-10T14:10:03.163511,-37.910519,145.1348766667,-37.9103694283,145.1353899183,0,-13,8,8,0,-26,-8,-8
2025-05-10T14:10:03.663317,-37.910519,145.1348766667,-37.9103694283,145.1353899183,0,-12,8,8,0,-24,-8,-8
2025-05-10T14:10:04.174850,-37.910519,145.1348766667,-37.9103694283,145.1353899183,0,-12,8,8,0,-26,-9,-9
2025-05-10T14:10:04.667886,-37.910519,145.1348768333,-37.9103694283,145.1353899183,0,-13,7,7,0,-25,-8,-8
2025-05-10T14:10:05.163605,-37.910519,145.1348768333,-37.9105282633,145.1349145533,0,-11,7,7,0,-25,-9,-8
2025-05-10T14:10:05.663537,-37.9105188333,145.1348768333,-37.910528255,145.1349145067,0,-13,8,7,0,-23,-9,-8
2025-05-10T14:10:06.166551,-37.9105188333,145.1348768333,-37.9105282,145.1349144267,0,-12,8,8,0,-24,-8,-8
2025-05-10T14:10:06.667071,-37.9105188333,145.134877,-37.9105282117,145.1349143817,0,-16,7,8,0,-26,-8,-8
2025-05-10T14:10:07.162955,-37.9105188333,145.134877,-37.9105282083,145.1349143467,0,-13,8,8,0,-24,-8,-8
2025-05-10T14:10:07.663125,-37.9105188333,145.134877,-37.9105282017,145.1349143583,0,-15,7,8,0,-26,-7,-7
2025-05-10T14:10:08.166968,-37.9105188333,145.134877,-37.9105281933,145.1349143667,0,-17,7,8,0,-28,-8,-8
2025-05-10T14:10:08.663701,-37.9105188333,145.134877,-37.910528175,145.1349144133,0,-15,8,8,0,-25,-8,-8
2025-05-10T14:10:09.168065,-37.9105188333,145.134877,-37.9105281717,145.1349144067,0,-15,8,8,0,-28,-8,-8
2025-05-10T14:10:09.666846,-37.9105188333,145.1348771667,-37.910528185,145.1349143933,0,-14,7,7,0,-27,-8,-8
2025-05-10T14:10:10.163563,-37.9105188333,145.1348771667,-37.910528185,145.134914405,0,-16,7,7,0,-27,-8,-8
2025-05-10T14:10:10.663030,-37.9105188333,145.1348771667,-37.91052818,145.1349144133,0,-18,7,7,0,-28,-7,-7
2025-05-10T14:10:11.166498,-37.9105188333,145.1348771667,-37.9105281767,145.1349144283,0,-15,7,7,0,-27,-8,-8
2025-05-10T14:10:11.662994,-37.9105188333,145.1348771667,-37.9105281633,145.134914445,0,-16,7,7,0,-26,-8,-8
2025-05-10T14:10:12.166698,-37.9105188333,145.1348771667,-37.9105281567,145.134914455,0,-16,7,7,0,-28,-8,-8
2025-05-10T14:10:12.666717,-37.9105188333,145.1348773333,-37.9105281483,145.13491445,0,-13,7,7,0,-21,-8,-8
2025-05-10T14:10:13.163864,-37.9105188333,145.1348773333,-37.9105281467,145.1349144717,0,-14,8,7,0,-25,-8,-8
2025-05-10T14:10:13.662920,-37.9105188333,145.1348773333,-37.910528145,145.1349144767,0,-14,8,7,0,-26,-8,-7
2025-05-10T14:10:14.166822,-37.9105188333,145.1348773333,-37.9105281433,145.1349144767,0,-13,8,7,0,-26,-8,-8
2025-05-10T14:10:14.662837,-37.9105188333,145.1348773333,-37.91052815,145.1349144917,0,-14,8,7,0,-23,-8,-8
2025-05-10T14:10:15.166868,-37.9105188333,145.1348773333,-37.9105281067,145.1349144583,0,-13,7,7,0,-27,-8,-8
2025-05-10T14:10:15.666759,-37.9105188333,145.1348773333,-37.9105280367,145.1349144183,0,-12,7,7,0,-28,-8,-8
2025-05-10T14:10:16.163722,-37.9105188333,145.1348773333,-37.91052793,145.1349143567,0,-15,8,7,0,-26,-8,-8
2025-05-10T14:10:16.663174,-37.9105188333,145.1348773333,-37.9105278983,145.1349143417,0,-12,8,7,0,-25,-8,-8
2025-05-10T14:10:17.166880,-37.9105188333,145.1348773333,-37.910527865,145.13491432,0,-11,8,7,0,-23,-8,-8
2025-05-10T14:10:17.662931,-37.9105188333,145.1348773333,-37.91052776,145.134914245,0,-14,8,7,0,-23,-8,-8
2025-05-10T14:10:18.166912,-37.9105188333,145.1348773333,-37.91052769,145.1349141917,0,-15,7,7,0,-28,-8,-8
2025-05-10T14:10:18.666456,-37.9105188333,145.1348775,-37.910527635,145.1349141017,0,-6,-56,7,0,-27,-7,-7
2025-05-10T14:10:19.176007,-37.9105188333,145.1348775,-37.910527595,145.13491395,0,-10,8,7,0,-27,-7,-7
2025-05-10T14:10:19.665877,-37.9105188333,145.1348775,-37.91052758,145.1349139,0,-16,7,7,0,-25,-8,-8
2025-05-10T14:10:20.166871,-37.9105188333,145.1348775,-37.9105275717,145.134913855,0,-14,8,7,0,-29,-8,-8
2025-05-10T14:10:20.663240,-37.9105188333,145.1348775,-37.9105275583,145.1349137417,0,-12,8,7,0,-21,-8,-8
2025-05-10T14:10:21.166888,-37.9105188333,145.1348775,-37.9105275917,145.1349136883,0,-12,8,8,0,-24,-8,-8
2025-05-10T14:10:21.672578,-37.9105188333,145.1348773333,-37.9105276283,145.1349136333,0,-13,7,7,0,-25,-8,-8
2025-05-10T14:10:22.163834,-37.9105188333,145.1348773333,-37.9105276517,145.1349135933,0,-12,8,7,0,-27,-8,-8
