timestamp,temperature(C),pressure(Pa),humidity(%),wind speed(m/s)
2023-06-01 19:00:46.937709,0.0,0.0,0.0,0.0
2023-06-01 19:00:46.946274,0.0,0.0,0.0,0.0
2023-06-01 19:00:46.954712,0.0,0.0,0.0,0.0
2023-06-01 19:00:46.969245,0.0,0.0,0.0,0.0
2023-06-01 19:00:46.979483,0.0,0.0,0.0,0.0
2023-06-01 19:00:47.099265,0.0,0.0,0.0,0.0
2023-06-01 19:00:47.179951,0.0,0.0,0.0,0.0
2023-06-01 19:00:47.186236,0.0,0.0,0.0,0.0
2023-06-01 19:00:47.193179,0.0,0.0,0.0,0.0
2023-06-01 19:00:47.201005,0.0,0.0,0.0,0.0
2023-06-01 19:00:47.211047,0.0,0.0,0.0,0.0
2023-06-01 19:00:47.221355,0.0,0.0,0.0,0.0
2023-06-01 19:00:47.230754,0.0,0.0,0.0,0.0
2023-06-01 19:00:47.240777,0.0,0.0,0.0,0.0
2023-06-01 19:00:47.250964,0.0,0.0,0.0,0.0
2023-06-01 19:00:47.261608,0.0,0.0,0.0,0.0
2023-06-01 19:00:47.270920,0.0,0.0,0.0,0.0
2023-06-01 19:00:47.281056,0.0,0.0,0.0,0.0
2023-06-01 19:00:47.290695,0.0,0.0,0.0,0.0
2023-06-01 19:00:47.301371,0.0,0.0,0.0,0.0
2023-06-01 19:00:47.311164,0.0,0.0,0.0,0.0
2023-06-01 19:00:47.320904,0.0,0.0,0.0,0.0
2023-06-01 19:00:47.330785,0.0,0.0,0.0,0.0
2023-06-01 19:00:47.340449,0.0,0.0,0.0,0.0
2023-06-01 19:00:47.350502,0.0,0.0,0.0,0.0
2023-06-01 19:00:47.361223,0.0,0.0,0.0,0.0
2023-06-01 19:00:47.425456,0.0,0.0,0.0,0.0
2023-06-01 19:00:47.431713,0.0,0.0,0.0,0.0
2023-06-01 19:00:47.440750,0.0,0.0,0.0,0.0
2023-06-01 19:00:47.451176,0.0,0.0,0.0,0.0
2023-06-01 19:00:47.461888,0.0,0.0,0.0,0.0
2023-06-01 19:00:47.471158,0.0,0.0,0.0,0.0
2023-06-01 19:00:47.480944,0.0,0.0,0.0,0.0
2023-06-01 19:00:47.491031,0.0,0.0,0.0,0.0
2023-06-01 19:00:47.500879,0.0,0.0,0.0,0.0
2023-06-01 19:00:47.511160,0.0,0.0,0.0,0.0
2023-06-01 19:00:47.522888,0.0,0.0,0.0,0.0
2023-06-01 19:00:47.530789,0.0,0.0,0.0,0.0
2023-06-01 19:00:47.540813,0.0,0.0,0.0,0.0
2023-06-01 19:00:47.550657,0.0,0.0,0.0,0.0
2023-06-01 19:00:47.561013,0.0,0.0,0.0,0.0
2023-06-01 19:00:47.571001,0.0,0.0,0.0,0.0
2023-06-01 19:00:47.580791,0.0,0.0,0.0,0.0
2023-06-01 19:00:47.590750,0.0,0.0,0.0,0.0
2023-06-01 19:00:47.601091,0.0,0.0,0.0,0.0
2023-06-01 19:00:47.611718,0.0,0.0,0.0,0.0
2023-06-01 19:00:47.621786,0.0,0.0,0.0,0.0
2023-06-01 19:00:47.631173,0.0,0.0,0.0,0.0
2023-06-01 19:00:47.641495,0.0,0.0,0.0,0.0
2023-06-01 19:00:47.651518,0.0,0.0,0.0,0.0
2023-06-01 19:00:47.662591,0.0,0.0,0.0,0.0
2023-06-01 19:00:47.670688,0.0,0.0,0.0,0.0
2023-06-01 19:00:47.680765,0.0,0.0,0.0,0.0
2023-06-01 19:00:47.690706,0.0,0.0,0.0,0.0
2023-06-01 19:00:47.701016,0.0,0.0,0.0,0.0
2023-06-01 19:00:47.710996,0.0,0.0,0.0,0.0
2023-06-01 19:00:47.720803,0.0,0.0,0.0,0.0
2023-06-01 19:00:47.730683,0.0,0.0,0.0,0.0
2023-06-01 19:00:47.740820,0.0,0.0,0.0,0.0
2023-06-01 19:00:47.751021,0.0,0.0,0.0,0.0
2023-06-01 19:00:47.761370,0.0,0.0,0.0,0.0
2023-06-01 19:00:47.771200,0.0,0.0,0.0,0.0
2023-06-01 19:00:47.780787,0.0,0.0,0.0,0.0
2023-06-01 19:00:47.790761,0.0,0.0,0.0,0.0
2023-06-01 19:00:47.800909,0.0,0.0,0.0,0.0
2023-06-01 19:00:47.810906,0.0,0.0,0.0,0.0
2023-06-01 19:00:47.820733,0.0,0.0,0.0,0.0
2023-06-01 19:00:47.830365,0.0,0.0,0.0,0.0
2023-06-01 19:00:47.840329,0.0,0.0,0.0,0.0
2023-06-01 19:00:47.850220,0.0,0.0,0.0,0.0
2023-06-01 19:00:47.860343,0.0,0.0,0.0,0.0
2023-06-01 19:00:47.870181,0.0,0.0,0.0,0.0
2023-06-01 19:00:47.880614,0.0,0.0,0.0,0.0
2023-06-01 19:00:47.890418,0.0,0.0,0.0,0.0
2023-06-01 19:00:47.900610,0.0,0.0,0.0,0.0
2023-06-01 19:00:47.910888,0.0,0.0,0.0,0.0
2023-06-01 19:00:47.920974,0.0,0.0,0.0,0.0
2023-06-01 19:00:47.930645,0.0,0.0,0.0,0.0
2023-06-01 19:00:47.940653,0.0,0.0,0.0,0.0
2023-06-01 19:00:47.950582,0.0,0.0,0.0,0.0
2023-06-01 19:00:47.960449,0.0,0.0,0.0,0.0
2023-06-01 19:00:47.970901,0.0,0.0,0.0,0.0
2023-06-01 19:00:47.980812,0.0,0.0,0.0,0.0
2023-06-01 19:00:47.990834,0.0,0.0,0.0,0.0
2023-06-01 19:00:48.000997,0.0,0.0,0.0,0.0
2023-06-01 19:00:48.010920,0.0,0.0,0.0,0.0
2023-06-01 19:00:48.020971,0.0,0.0,0.0,0.0
2023-06-01 19:00:48.030714,0.0,0.0,0.0,0.0
2023-06-01 19:00:48.040661,0.0,0.0,0.0,0.0
2023-06-01 19:00:48.050453,0.0,0.0,0.0,0.0
2023-06-01 19:00:48.060950,0.0,0.0,0.0,0.0
2023-06-01 19:00:48.070835,0.0,0.0,0.0,0.0
2023-06-01 19:00:48.080929,0.0,0.0,0.0,0.0
2023-06-01 19:00:48.091955,0.0,0.0,0.0,0.0
2023-06-01 19:00:48.100818,0.0,0.0,0.0,0.0
2023-06-01 19:00:48.110824,0.0,0.0,0.0,0.0
2023-06-01 19:00:48.120951,0.0,0.0,0.0,0.0
2023-06-01 19:00:48.131037,0.0,0.0,0.0,0.0
2023-06-01 19:00:48.140604,0.0,0.0,0.0,0.0
2023-06-01 19:00:48.150964,0.0,0.0,0.0,0.0
2023-06-01 19:00:48.161529,0.0,0.0,0.0,0.0
2023-06-01 19:00:48.171225,0.0,0.0,0.0,0.0
2023-06-01 19:00:48.180864,0.0,0.0,0.0,0.0
2023-06-01 19:00:48.190641,0.0,0.0,0.0,0.0
2023-06-01 19:00:48.200835,0.0,0.0,0.0,0.0
2023-06-01 19:00:48.210852,0.0,0.0,0.0,0.0
2023-06-01 19:00:48.220842,0.0,0.0,0.0,0.0
2023-06-01 19:00:48.230662,0.0,0.0,0.0,0.0
2023-06-01 19:00:48.240822,0.0,0.0,0.0,0.0
2023-06-01 19:00:48.251096,0.0,0.0,0.0,0.0
2023-06-01 19:00:48.261533,0.0,0.0,0.0,0.0
2023-06-01 19:00:48.270896,0.0,0.0,0.0,0.0
2023-06-01 19:00:48.280760,0.0,0.0,0.0,0.0
2023-06-01 19:00:48.290495,0.0,0.0,0.0,0.0
2023-06-01 19:00:48.300659,0.0,0.0,0.0,0.0
2023-06-01 19:00:48.310669,0.0,0.0,0.0,0.0
2023-06-01 19:00:48.320914,0.0,0.0,0.0,0.0
2023-06-01 19:00:48.330772,0.0,0.0,0.0,0.0
2023-06-01 19:00:48.340611,0.0,0.0,0.0,0.0
2023-06-01 19:00:48.350773,0.0,0.0,0.0,0.0
2023-06-01 19:00:48.361509,0.0,0.0,0.0,0.0
2023-06-01 19:00:48.371223,0.0,0.0,0.0,0.0
2023-06-01 19:00:48.380396,0.0,0.0,0.0,0.0
2023-06-01 19:00:48.390642,0.0,0.0,0.0,0.0
2023-06-01 19:00:48.401027,0.0,0.0,0.0,0.0
2023-06-01 19:00:48.411048,0.0,0.0,0.0,0.0
2023-06-01 19:00:48.420878,0.0,0.0,0.0,0.0
2023-06-01 19:00:48.430931,0.0,0.0,0.0,0.0
2023-06-01 19:00:48.440646,0.0,0.0,0.0,0.0
2023-06-01 19:00:48.451094,0.0,0.0,0.0,0.0
2023-06-01 19:00:48.461455,0.0,0.0,0.0,0.0
2023-06-01 19:00:48.471013,0.0,0.0,0.0,0.0
2023-06-01 19:00:48.480657,0.0,0.0,0.0,0.0
2023-06-01 19:00:48.491043,0.0,0.0,0.0,0.0
2023-06-01 19:00:48.500704,0.0,0.0,0.0,0.0
2023-06-01 19:00:48.510596,0.0,0.0,0.0,0.0
2023-06-01 19:00:48.520874,0.0,0.0,0.0,0.0
2023-06-01 19:00:48.530749,0.0,0.0,0.0,0.0
2023-06-01 19:00:48.540559,0.0,0.0,0.0,0.0
2023-06-01 19:00:48.550722,0.0,0.0,0.0,0.0
2023-06-01 19:00:48.560813,0.0,0.0,0.0,0.0
2023-06-01 19:00:48.570613,0.0,0.0,0.0,0.0
2023-06-01 19:00:48.580609,0.0,0.0,0.0,0.0
2023-06-01 19:00:48.590779,0.0,0.0,0.0,0.0
2023-06-01 19:00:48.600768,0.0,0.0,0.0,0.0
2023-06-01 19:00:48.610806,0.0,0.0,0.0,0.0
2023-06-01 19:00:48.621598,0.0,0.0,0.0,0.0
2023-06-01 19:00:48.630796,0.0,0.0,0.0,0.0
2023-06-01 19:00:48.640728,0.0,0.0,0.0,0.0
2023-06-01 19:00:48.650939,0.0,0.0,0.0,0.0
2023-06-01 19:00:48.661865,0.0,0.0,0.0,0.0
2023-06-01 19:00:48.670953,0.0,0.0,0.0,0.0
2023-06-01 19:00:48.680897,0.0,0.0,0.0,0.0
2023-06-01 19:00:48.690841,0.0,0.0,0.0,0.0
2023-06-01 19:00:48.700935,0.0,0.0,0.0,0.0
2023-06-01 19:00:48.710855,0.0,0.0,0.0,0.0
2023-06-01 19:00:48.720780,0.0,0.0,0.0,0.0
2023-06-01 19:00:48.733383,0.0,0.0,0.0,0.0
2023-06-01 19:00:48.747872,0.0,0.0,0.0,0.0
2023-06-01 19:00:48.757302,0.0,0.0,0.0,0.0
2023-06-01 19:00:48.765666,0.0,0.0,0.0,0.0
2023-06-01 19:00:48.773600,0.0,0.0,0.0,0.0
2023-06-01 19:00:48.783610,0.0,0.0,0.0,0.0
2023-06-01 19:00:48.791961,0.0,0.0,0.0,0.0
2023-06-01 19:00:48.806542,0.0,0.0,0.0,0.0
2023-06-01 19:00:48.820360,0.0,0.0,0.0,0.0
2023-06-01 19:00:48.834904,0.0,0.0,0.0,0.0
2023-06-01 19:00:48.847187,0.0,0.0,0.0,0.0
2023-06-01 19:00:48.857219,0.0,0.0,0.0,0.0
2023-06-01 19:00:48.865285,0.0,0.0,0.0,0.0
2023-06-01 19:00:48.874302,0.0,0.0,0.0,0.0
2023-06-01 19:00:48.882235,0.0,0.0,0.0,0.0
2023-06-01 19:00:48.896443,0.0,0.0,0.0,0.0
2023-06-01 19:00:48.910083,0.0,0.0,0.0,0.0
2023-06-01 19:00:48.924556,0.0,0.0,0.0,0.0
2023-06-01 19:00:48.938676,0.0,0.0,0.0,0.0
2023-06-01 19:00:48.948620,0.0,0.0,0.0,0.0
2023-06-01 19:00:48.957127,0.0,0.0,0.0,0.0
2023-06-01 19:00:48.966082,0.0,0.0,0.0,0.0
2023-06-01 19:00:48.973753,0.0,0.0,0.0,0.0
2023-06-01 19:00:48.982462,0.0,0.0,0.0,0.0
2023-06-01 19:00:48.996377,0.0,0.0,0.0,0.0
2023-06-01 19:00:49.005589,0.0,0.0,0.0,0.0
2023-06-01 19:00:49.014979,0.0,0.0,0.0,0.0
2023-06-01 19:00:49.022881,0.0,0.0,0.0,0.0
2023-06-01 19:00:49.035481,0.0,0.0,0.0,0.0
2023-06-01 19:00:49.048993,0.0,0.0,0.0,0.0
2023-06-01 19:00:49.063210,0.0,0.0,0.0,0.0
2023-06-01 19:00:49.076930,0.0,0.0,0.0,0.0
2023-06-01 19:00:49.085373,0.0,0.0,0.0,0.0
2023-06-01 19:00:49.094350,0.0,0.0,0.0,0.0
2023-06-01 19:00:49.101832,0.0,0.0,0.0,0.0
2023-06-01 19:00:49.115224,0.0,0.0,0.0,0.0
2023-06-01 19:00:49.128001,0.0,0.0,0.0,0.0
2023-06-01 19:00:49.140975,0.0,0.0,0.0,0.0
2023-06-01 19:00:49.150179,0.0,0.0,0.0,0.0
2023-06-01 19:00:49.159051,0.0,0.0,0.0,0.0
2023-06-01 19:00:49.166740,0.0,0.0,0.0,0.0
2023-06-01 19:00:49.174310,0.0,0.0,0.0,0.0
2023-06-01 19:00:49.183624,0.0,0.0,0.0,0.0
2023-06-01 19:00:49.192115,0.0,0.0,0.0,0.0
2023-06-01 19:00:49.206394,0.0,0.0,0.0,0.0
2023-06-01 19:00:49.220320,0.0,0.0,0.0,0.0
2023-06-01 19:00:49.231542,0.0,0.0,0.0,0.0
2023-06-01 19:00:49.240522,0.0,0.0,0.0,0.0
2023-06-01 19:00:49.248207,0.0,0.0,0.0,0.0
2023-06-01 19:00:49.256022,0.0,0.0,0.0,0.0
2023-06-01 19:00:49.277721,0.0,0.0,0.0,0.0
2023-06-01 19:00:49.286794,0.0,0.0,0.0,0.0
2023-06-01 19:00:49.294703,0.0,0.0,0.0,0.0
2023-06-01 19:00:49.302610,0.0,0.0,0.0,0.0
2023-06-01 19:00:49.315417,0.0,0.0,0.0,0.0
2023-06-01 19:00:49.330529,0.0,0.0,0.0,0.0
2023-06-01 19:00:49.343060,0.0,0.0,0.0,0.0
2023-06-01 19:00:49.356427,0.0,0.0,0.0,0.0
2023-06-01 19:00:49.366774,0.0,0.0,0.0,0.0
2023-06-01 19:00:49.374438,0.0,0.0,0.0,0.0
2023-06-01 19:00:49.382005,0.0,0.0,0.0,0.0
2023-06-01 19:00:49.396343,0.0,0.0,0.0,0.0
2023-06-01 19:00:49.410071,0.0,0.0,0.0,0.0
2023-06-01 19:00:49.422951,0.0,0.0,0.0,0.0
2023-06-01 19:00:49.436361,0.0,0.0,0.0,0.0
2023-06-01 19:00:49.449057,0.0,0.0,0.0,0.0
2023-06-01 19:00:49.459763,0.0,0.0,0.0,0.0
2023-06-01 19:00:49.467578,0.0,0.0,0.0,0.0
2023-06-01 19:00:49.475360,0.0,0.0,0.0,0.0
2023-06-01 19:00:49.483743,0.0,0.0,0.0,0.0
2023-06-01 19:00:49.493160,0.0,0.0,0.0,0.0
2023-06-01 19:00:49.505254,0.0,0.0,0.0,0.0
2023-06-01 19:00:49.518328,0.0,0.0,0.0,0.0
2023-06-01 19:00:49.531362,0.0,0.0,0.0,0.0
2023-06-01 19:00:49.544619,0.0,0.0,0.0,0.0
2023-06-01 19:00:49.557247,0.0,0.0,0.0,0.0
2023-06-01 19:00:49.566382,0.0,0.0,0.0,0.0
2023-06-01 19:00:49.574368,0.0,0.0,0.0,0.0
2023-06-01 19:00:49.582091,0.0,0.0,0.0,0.0
2023-06-01 19:00:49.595644,0.0,0.0,0.0,0.0
2023-06-01 19:00:49.610428,0.0,0.0,0.0,0.0
2023-06-01 19:00:49.620616,0.0,0.0,0.0,0.0
2023-06-01 19:00:49.628535,0.0,0.0,0.0,0.0
2023-06-01 19:00:49.637696,0.0,0.0,0.0,0.0
2023-06-01 19:00:49.645457,0.0,0.0,0.0,0.0
2023-06-01 19:00:49.653931,0.0,0.0,0.0,0.0
2023-06-01 19:00:49.662253,0.0,0.0,0.0,0.0
2023-06-01 19:00:49.672102,0.0,0.0,0.0,0.0
2023-06-01 19:00:49.681823,0.0,0.0,0.0,0.0
2023-06-01 19:00:49.692264,0.0,0.0,0.0,0.0
2023-06-01 19:00:49.702127,0.0,0.0,0.0,0.0
2023-06-01 19:00:49.713762,0.0,0.0,0.0,0.0
2023-06-01 19:00:49.722096,0.0,0.0,0.0,0.0
2023-06-01 19:00:49.731881,0.0,0.0,0.0,0.0
2023-06-01 19:00:49.741987,0.0,0.0,0.0,0.0
2023-06-01 19:00:49.751956,0.0,0.0,0.0,0.0
2023-06-01 19:00:49.762178,0.0,0.0,0.0,0.0
2023-06-01 19:00:49.772281,0.0,0.0,0.0,0.0
2023-06-01 19:00:49.781869,0.0,0.0,0.0,0.0
2023-06-01 19:00:49.792188,0.0,0.0,0.0,0.0
2023-06-01 19:00:49.803064,0.0,0.0,0.0,0.0
2023-06-01 19:00:49.812168,0.0,0.0,0.0,0.0
2023-06-01 19:00:49.822410,0.0,0.0,0.0,0.0
2023-06-01 19:00:49.832189,0.0,0.0,0.0,0.0
2023-06-01 19:00:49.842135,0.0,0.0,0.0,0.0
2023-06-01 19:00:49.852091,0.0,0.0,0.0,0.0
2023-06-01 19:00:49.862274,0.0,0.0,0.0,0.0
2023-06-01 19:00:49.872270,0.0,0.0,0.0,0.0
2023-06-01 19:00:49.882586,0.0,0.0,0.0,0.0
2023-06-01 19:00:49.892693,0.0,0.0,0.0,0.0
2023-06-01 19:00:49.902156,0.0,0.0,0.0,0.0
2023-06-01 19:00:49.912726,0.0,0.0,0.0,0.0
2023-06-01 19:00:49.922719,0.0,0.0,0.0,0.0
2023-06-01 19:00:49.932306,0.0,0.0,0.0,0.0
2023-06-01 19:00:49.942042,0.0,0.0,0.0,0.0
2023-06-01 19:00:49.952228,0.0,0.0,0.0,0.0
2023-06-01 19:00:49.962083,0.0,0.0,0.0,0.0
2023-06-01 19:00:49.972274,0.0,0.0,0.0,0.0
2023-06-01 19:00:49.982064,0.0,0.0,0.0,0.0
2023-06-01 19:00:49.992185,0.0,0.0,0.0,0.0
2023-06-01 19:00:50.002191,0.0,0.0,0.0,0.0
2023-06-01 19:00:50.012273,0.0,0.0,0.0,0.0
2023-06-01 19:00:50.022372,0.0,0.0,0.0,0.0
2023-06-01 19:00:50.032263,0.0,0.0,0.0,0.0
2023-06-01 19:00:50.042302,0.0,0.0,0.0,0.0
2023-06-01 19:00:50.052211,0.0,0.0,0.0,0.0
2023-06-01 19:00:50.062016,0.0,0.0,0.0,0.0
2023-06-01 19:00:50.072197,0.0,0.0,0.0,0.0
2023-06-01 19:00:50.082620,0.0,0.0,0.0,0.0
2023-06-01 19:00:50.092708,0.0,0.0,0.0,0.0
2023-06-01 19:00:50.102229,0.0,0.0,0.0,0.0
2023-06-01 19:00:50.115729,0.0,0.0,0.0,0.0
2023-06-01 19:00:50.124184,0.0,0.0,0.0,0.0
2023-06-01 19:00:50.132399,0.0,0.0,0.0,0.0
2023-06-01 19:00:50.142213,0.0,0.0,0.0,0.0
2023-06-01 19:00:50.152501,0.0,0.0,0.0,0.0
2023-06-01 19:00:50.162634,0.0,0.0,0.0,0.0
2023-06-01 19:00:50.173745,0.0,0.0,0.0,0.0
2023-06-01 19:00:50.181821,0.0,0.0,0.0,0.0
2023-06-01 19:00:50.192306,0.0,0.0,0.0,0.0
2023-06-01 19:00:50.201987,0.0,0.0,0.0,0.0
2023-06-01 19:00:50.212289,0.0,0.0,0.0,0.0
2023-06-01 19:00:50.222071,0.0,0.0,0.0,0.0
2023-06-01 19:00:50.232133,0.0,0.0,0.0,0.0
2023-06-01 19:00:50.243148,0.0,0.0,0.0,0.0
2023-06-01 19:00:50.252141,0.0,0.0,0.0,0.0
2023-06-01 19:00:50.262129,0.0,0.0,0.0,0.0
2023-06-01 19:00:50.272187,0.0,0.0,0.0,0.0
2023-06-01 19:00:50.282027,0.0,0.0,0.0,0.0
2023-06-01 19:00:50.292162,0.0,0.0,0.0,0.0
2023-06-01 19:00:50.301959,0.0,0.0,0.0,0.0
2023-06-01 19:00:50.312289,0.0,0.0,0.0,0.0
2023-06-01 19:00:50.321904,0.0,0.0,0.0,0.0
2023-06-01 19:00:50.332415,0.0,0.0,0.0,0.0
2023-06-01 19:00:50.342119,0.0,0.0,0.0,0.0
2023-06-01 19:00:50.352236,0.0,0.0,0.0,0.0
2023-06-01 19:00:50.362357,0.0,0.0,0.0,0.0
2023-06-01 19:00:50.372201,0.0,0.0,0.0,0.0
2023-06-01 19:00:50.381980,0.0,0.0,0.0,0.0
2023-06-01 19:00:50.392314,0.0,0.0,0.0,0.0
2023-06-01 19:00:50.402142,0.0,0.0,0.0,0.0
2023-06-01 19:00:50.412593,0.0,0.0,0.0,0.0
2023-06-01 19:00:50.422328,0.0,0.0,0.0,0.0
2023-06-01 19:00:50.432599,0.0,0.0,0.0,0.0
2023-06-01 19:00:50.442258,0.0,0.0,0.0,0.0
2023-06-01 19:00:50.452195,0.0,0.0,0.0,0.0
2023-06-01 19:00:50.462042,0.0,0.0,0.0,0.0
2023-06-01 19:00:50.472242,0.0,0.0,0.0,0.0
2023-06-01 19:00:50.481975,0.0,0.0,0.0,0.0
2023-06-01 19:00:50.492625,0.0,0.0,0.0,0.0
2023-06-01 19:00:50.502005,0.0,0.0,0.0,0.0
2023-06-01 19:00:50.512084,0.0,0.0,0.0,0.0
2023-06-01 19:00:50.521982,0.0,0.0,0.0,0.0
2023-06-01 19:00:50.532267,0.0,0.0,0.0,0.0
2023-06-01 19:00:50.541946,0.0,0.0,0.0,0.0
2023-06-01 19:00:50.551964,0.0,0.0,0.0,0.0
2023-06-01 19:00:50.562110,0.0,0.0,0.0,0.0
2023-06-01 19:00:50.572304,0.0,0.0,0.0,0.0
2023-06-01 19:00:50.583093,0.0,0.0,0.0,0.0
2023-06-01 19:00:50.592136,0.0,0.0,0.0,0.0
2023-06-01 19:00:50.602048,0.0,0.0,0.0,0.0
2023-06-01 19:00:50.612931,0.0,0.0,0.0,0.0
2023-06-01 19:00:50.623615,0.0,0.0,0.0,0.0
2023-06-01 19:00:50.632173,0.0,0.0,0.0,0.0
2023-06-01 19:00:50.641901,0.0,0.0,0.0,0.0
2023-06-01 19:00:50.652451,0.0,0.0,0.0,0.0
2023-06-01 19:00:50.662470,0.0,0.0,0.0,0.0
2023-06-01 19:00:50.674378,0.0,0.0,0.0,0.0
2023-06-01 19:00:50.682738,0.0,0.0,0.0,0.0
2023-06-01 19:00:50.691089,0.0,0.0,0.0,0.0
2023-06-01 19:00:50.700585,0.0,0.0,0.0,0.0
2023-06-01 19:00:50.712241,0.0,0.0,0.0,0.0
2023-06-01 19:00:50.722516,0.0,0.0,0.0,0.0
2023-06-01 19:00:50.732120,0.0,0.0,0.0,0.0
2023-06-01 19:00:50.741981,0.0,0.0,0.0,0.0
2023-06-01 19:00:50.752177,0.0,0.0,0.0,0.0
2023-06-01 19:00:50.762254,0.0,0.0,0.0,0.0
2023-06-01 19:00:50.772200,0.0,0.0,0.0,0.0
2023-06-01 19:00:50.782273,0.0,0.0,0.0,0.0
2023-06-01 19:00:50.795386,0.0,0.0,0.0,0.0
2023-06-01 19:00:50.803565,0.0,0.0,0.0,0.0
2023-06-01 19:00:50.812373,0.0,0.0,0.0,0.0
2023-06-01 19:00:50.822287,0.0,0.0,0.0,0.0
2023-06-01 19:00:50.832385,0.0,0.0,0.0,0.0
2023-06-01 19:00:50.842234,0.0,0.0,0.0,0.0
2023-06-01 19:00:50.852197,0.0,0.0,0.0,0.0
2023-06-01 19:00:50.862152,0.0,0.0,0.0,0.0
2023-06-01 19:00:50.872286,0.0,0.0,0.0,0.0
2023-06-01 19:00:50.881918,0.0,0.0,0.0,0.0
2023-06-01 19:00:50.891852,0.0,0.0,0.0,0.0
2023-06-01 19:00:50.901814,0.0,0.0,0.0,0.0
2023-06-01 19:00:50.912166,0.0,0.0,0.0,0.0
2023-06-01 19:00:50.922175,0.0,0.0,0.0,0.0
2023-06-01 19:00:50.932294,0.0,0.0,0.0,0.0
2023-06-01 19:00:50.941921,0.0,0.0,0.0,0.0
2023-06-01 19:00:50.952310,0.0,0.0,0.0,0.0
2023-06-01 19:00:50.962702,0.0,0.0,0.0,0.0
2023-06-01 19:00:50.975587,0.0,0.0,0.0,0.0
2023-06-01 19:00:50.983765,0.0,0.0,0.0,0.0
2023-06-01 19:00:50.992124,0.0,0.0,0.0,0.0
2023-06-01 19:00:51.002372,0.0,0.0,0.0,0.0
2023-06-01 19:00:51.012343,0.0,0.0,0.0,0.0
2023-06-01 19:00:51.022392,0.0,0.0,0.0,0.0
2023-06-01 19:00:51.032623,0.0,0.0,0.0,0.0
2023-06-01 19:00:51.042162,0.0,0.0,0.0,0.0
2023-06-01 19:00:51.052260,0.0,0.0,0.0,0.0
2023-06-01 19:00:51.061878,0.0,0.0,0.0,0.0
2023-06-01 19:00:51.072139,0.0,0.0,0.0,0.0
2023-06-01 19:00:51.082718,0.0,0.0,0.0,0.0
2023-06-01 19:00:51.091904,0.0,0.0,0.0,0.0
2023-06-01 19:00:51.103035,0.0,0.0,0.0,0.0
2023-06-01 19:00:51.111963,0.0,0.0,0.0,0.0
2023-06-01 19:00:51.121951,0.0,0.0,0.0,0.0
2023-06-01 19:00:51.131875,0.0,0.0,0.0,0.0
2023-06-01 19:00:51.141893,0.0,0.0,0.0,0.0
2023-06-01 19:00:51.151877,0.0,0.0,0.0,0.0
2023-06-01 19:00:51.161897,0.0,0.0,0.0,0.0
2023-06-01 19:00:51.172017,0.0,0.0,0.0,0.0
2023-06-01 19:00:51.181870,0.0,0.0,0.0,0.0
2023-06-01 19:00:51.191805,0.0,0.0,0.0,0.0
2023-06-01 19:00:51.201852,0.0,0.0,0.0,0.0
2023-06-01 19:00:51.211776,0.0,0.0,0.0,0.0
2023-06-01 19:00:51.221991,0.0,0.0,0.0,0.0
2023-06-01 19:00:51.232101,0.0,0.0,0.0,0.0
2023-06-01 19:00:51.241957,0.0,0.0,0.0,0.0
2023-06-01 19:00:51.251887,0.0,0.0,0.0,0.0
2023-06-01 19:00:51.261831,0.0,0.0,0.0,0.0
2023-06-01 19:00:51.271836,0.0,0.0,0.0,0.0
2023-06-01 19:00:51.281897,0.0,0.0,0.0,0.0
2023-06-01 19:00:51.291926,0.0,0.0,0.0,0.0
2023-06-01 19:00:51.301825,0.0,0.0,0.0,0.0
2023-06-01 19:00:51.311838,0.0,0.0,0.0,0.0
2023-06-01 19:00:51.321947,0.0,0.0,0.0,0.0
2023-06-01 19:00:51.331977,0.0,0.0,0.0,0.0
2023-06-01 19:00:51.341877,0.0,0.0,0.0,0.0
2023-06-01 19:00:51.351952,0.0,0.0,0.0,0.0
2023-06-01 19:00:51.361973,0.0,0.0,0.0,0.0
2023-06-01 19:00:51.371931,0.0,0.0,0.0,0.0
2023-06-01 19:00:51.381793,0.0,0.0,0.0,0.0
2023-06-01 19:00:51.392103,0.0,0.0,0.0,0.0
2023-06-01 19:00:51.401854,0.0,0.0,0.0,0.0
2023-06-01 19:00:51.411802,0.0,0.0,0.0,0.0
2023-06-01 19:00:51.422040,0.0,0.0,0.0,0.0
2023-06-01 19:00:51.431948,0.0,0.0,0.0,0.0
2023-06-01 19:00:51.442103,0.0,0.0,0.0,0.0
2023-06-01 19:00:51.451955,0.0,0.0,0.0,0.0
2023-06-01 19:00:51.462238,31.110000610351562,0.0,0.0,0.0
2023-06-01 19:00:51.473339,0.0,0.0,0.0,0.0
2023-06-01 19:00:51.482528,0.0,0.0,0.0,0.0
2023-06-01 19:00:51.578980,33.119998931884766,85951.0,10.8203125,0.0
2023-06-01 19:00:52.579504,33.04999923706055,85950.0,10.8427734375,0.0
2023-06-01 19:00:53.580629,33.0099983215332,85949.9765625,10.9384765625,0.0
2023-06-01 19:00:54.582064,32.97999954223633,85952.5859375,10.92578125,0.0
2023-06-01 19:00:55.582216,32.86000061035156,85947.671875,10.8505859375,0.0
2023-06-01 19:00:56.583645,32.810001373291016,85952.140625,10.8369140625,0.0
2023-06-01 19:00:57.583976,32.7400016784668,85949.03125,10.859375,0.0
2023-06-01 19:00:58.585289,32.709999084472656,85949.265625,10.943359375,0.0
2023-06-01 19:00:59.585402,32.709999084472656,85949.390625,10.9677734375,0.0
2023-06-01 19:01:00.586890,32.70000076293945,85947.15625,11.00390625,0.0
2023-06-01 19:01:01.587332,32.70000076293945,85949.96875,11.0634765625,0.0
2023-06-01 19:01:02.588625,32.70000076293945,85949.640625,11.076171875,0.0
2023-06-01 19:01:03.589025,32.61000061035156,85950.3125,11.0732421875,0.0
2023-06-01 19:01:04.590321,32.47999954223633,85952.046875,11.0341796875,0.0
2023-06-01 19:01:05.591701,32.43000030517578,85950.875,11.033203125,0.0
2023-06-01 19:01:06.594650,32.439998626708984,85948.5703125,11.08203125,0.0
2023-06-01 19:01:07.599142,32.439998626708984,85951.328125,11.10546875,0.0
2023-06-01 19:01:08.594759,32.38999938964844,85953.796875,11.140625,0.0
2023-06-01 19:01:09.596110,32.349998474121094,85949.640625,11.17578125,0.0
2023-06-01 19:01:10.596635,32.290000915527344,85951.34375,11.150390625,0.0
2023-06-01 19:01:11.597825,32.209999084472656,85950.65625,11.1484375,0.0
2023-06-01 19:01:12.598099,32.13999938964844,85948.6640625,11.1953125,0.0
2023-06-01 19:01:13.599659,32.119998931884766,85952.15625,11.2421875,0.0
2023-06-01 19:01:14.599905,32.060001373291016,85952.5546875,11.2529296875,0.0
2023-06-01 19:01:15.601321,32.0,85949.890625,11.275390625,0.0
2023-06-01 19:01:16.601657,31.969999313354492,85950.59375,11.298828125,0.0
2023-06-01 19:01:17.602971,31.899999618530273,85951.59375,11.3818359375,0.0
2023-06-01 19:01:18.603137,31.84000015258789,85954.25,11.4521484375,0.0
2023-06-01 19:01:19.604740,31.780000686645508,85955.6328125,11.4384765625,0.0
2023-06-01 19:01:20.606263,31.709999084472656,85952.984375,11.47265625,0.0
2023-06-01 19:01:21.606747,31.700000762939453,85956.0,11.4609375,0.0
2023-06-01 19:01:22.607531,31.6200008392334,85955.28125,11.494140625,0.0
2023-06-01 19:01:23.608206,31.610000610351562,85952.375,11.6025390625,0.0
2023-06-01 19:01:24.609493,31.56999969482422,85954.0859375,11.7333984375,0.0
2023-06-01 19:01:25.609923,31.440000534057617,85954.4375,11.6103515625,0.0
2023-06-01 19:01:26.611513,31.3799991607666,85955.328125,11.6328125,0.0
2023-06-01 19:01:27.611645,31.34000015258789,85952.046875,11.6796875,0.0
2023-06-01 19:01:28.612854,31.299999237060547,85954.375,11.703125,0.0
2023-06-01 19:01:29.613211,31.229999542236328,85953.734375,11.6650390625,0.0
2023-06-01 19:01:30.614474,31.170000076293945,85955.140625,11.6875,0.0
2023-06-01 19:01:31.614642,31.1299991607666,85953.421875,11.72265625,0.0
2023-06-01 19:01:32.616149,31.100000381469727,85954.765625,11.7578125,0.0
2023-06-01 19:01:33.617621,31.079999923706055,85954.1171875,11.76953125,0.0
2023-06-01 19:01:34.617772,31.059999465942383,85953.875,11.79296875,0.0
2023-06-01 19:01:35.619337,31.030000686645508,85956.625,11.8525390625,0.0
2023-06-01 19:01:36.619681,30.989999771118164,85957.03125,11.9111328125,0.0
2023-06-01 19:01:37.620940,30.950000762939453,85958.203125,11.91015625,0.0
2023-06-01 19:01:38.621164,30.950000762939453,85955.46875,11.982421875,0.0
2023-06-01 19:01:39.622543,30.959999084472656,85956.4296875,12.04296875,0.0
2023-06-01 19:01:40.622832,30.979999542236328,85953.609375,12.126953125,0.0
2023-06-01 19:01:41.624463,31.020000457763672,85958.15625,12.224609375,0.0
2023-06-01 19:01:42.624705,31.020000457763672,85955.8359375,12.2001953125,0.0
2023-06-01 19:01:43.625827,31.030000686645508,85957.796875,12.15234375,0.0
2023-06-01 19:01:44.630727,31.020000457763672,85955.859375,12.068359375,0.0
2023-06-01 19:01:45.628585,31.049999237060547,85955.453125,12.056640625,0.0
2023-06-01 19:01:46.630084,31.06999969482422,85956.703125,12.021484375,0.0
2023-06-01 19:01:47.630310,31.079999923706055,85956.25,12.0458984375,0.0
2023-06-01 19:01:48.631667,31.049999237060547,85955.8359375,12.12890625,0.0
2023-06-01 19:01:49.631955,31.010000228881836,85958.7578125,12.068359375,0.0
2023-06-01 19:01:50.633207,31.020000457763672,85957.0078125,12.2001953125,0.0
2023-06-01 19:01:51.633722,30.979999542236328,85956.2890625,12.1748046875,0.0
2023-06-01 19:01:52.642819,30.899999618530273,85956.671875,12.064453125,0.0
2023-06-01 19:01:53.638860,30.809999465942383,85955.9140625,12.0263671875,0.0
2023-06-01 19:01:54.636496,30.760000228881836,85956.1484375,12.0009765625,0.0
2023-06-01 19:01:55.636765,30.709999084472656,85954.2734375,12.0234375,0.0
2023-06-01 19:01:56.638277,30.690000534057617,85954.921875,12.0234375,0.0
2023-06-01 19:01:57.640467,30.65999984741211,85954.03125,12.0224609375,0.0
2023-06-01 19:01:58.643395,30.6299991607666,85955.0234375,12.021484375,0.0
2023-06-01 19:01:59.644466,30.6299991607666,85953.4375,12.021484375,0.0
2023-06-01 19:02:00.642313,30.579999923706055,85954.5625,12.044921875,0.0
2023-06-01 19:02:01.655589,30.559999465942383,85953.640625,12.091796875,0.0
2023-06-01 19:02:02.643521,30.600000381469727,85955.234375,12.12890625,0.0
2023-06-01 19:02:03.648147,30.639999389648438,85952.890625,12.2138671875,0.0
2023-06-01 19:02:04.648795,30.670000076293945,85956.109375,12.2392578125,0.0
2023-06-01 19:02:05.652814,30.709999084472656,85954.3203125,12.2763671875,0.0
2023-06-01 19:02:06.650186,30.760000228881836,85953.75,12.2529296875,0.0
2023-06-01 19:02:07.656341,30.780000686645508,85956.8671875,12.181640625,0.0
2023-06-01 19:02:08.649446,30.760000228881836,85953.296875,12.09765625,0.0
2023-06-01 19:02:09.655615,30.790000915527344,85955.2890625,12.0859375,0.0
2023-06-01 19:02:10.657917,30.81999969482422,85952.375,12.0390625,0.0
2023-06-01 19:02:11.657549,30.81999969482422,85951.734375,12.02734375,0.0
2023-06-01 19:02:12.660587,30.84000015258789,85953.265625,12.015625,0.0
2023-06-01 19:02:13.655113,30.899999618530273,85953.625,11.9931640625,0.0
2023-06-01 19:02:14.663708,30.8700008392334,85956.328125,11.9794921875,0.0
2023-06-01 19:02:15.662300,30.860000610351562,85953.7890625,11.9921875,0.0
2023-06-01 19:02:16.660188,30.920000076293945,85953.5546875,12.005859375,0.0
2023-06-01 19:02:17.665353,30.93000030517578,85952.7890625,12.005859375,0.0
2023-06-01 19:02:54.195423,31.899999618530273,85952.5546875,11.1884765625,0.0
2023-06-01 19:02:55.194475,31.90999984741211,85955.375,11.6103515625,0.0
2023-06-01 19:02:56.196202,31.940000534057617,85954.46875,11.5986328125,0.0
2023-06-01 19:02:57.196100,31.979999542236328,85951.1875,11.564453125,0.0
2023-06-01 19:02:58.197596,32.0,85949.9921875,11.4921875,0.0
2023-06-01 19:02:59.198820,32.029998779296875,85952.8515625,11.45703125,0.0
2023-06-01 19:03:00.199118,32.060001373291016,85951.5703125,11.43359375,0.0
2023-06-01 19:03:01.200456,32.08000183105469,85952.625,11.421875,0.0
2023-06-01 19:03:02.200757,32.119998931884766,85953.8125,11.447265625,0.0
2023-06-01 19:03:03.202326,32.13999938964844,85950.46875,11.447265625,0.0
2023-06-01 19:03:04.202729,32.150001525878906,85951.921875,11.435546875,0.0
2023-06-01 19:03:05.204722,32.189998626708984,85952.2734375,11.4248046875,0.0
2023-06-01 19:03:06.204695,32.220001220703125,85950.40625,11.4375,0.0
2023-06-01 19:03:07.205984,32.2599983215332,85951.578125,11.4267578125,0.0
2023-06-01 19:03:08.206182,32.279998779296875,85953.2890625,11.37890625,0.0
2023-06-01 19:03:09.207432,32.290000915527344,85951.7265625,11.35546875,0.0
2023-06-01 19:03:10.212883,32.310001373291016,85949.703125,11.3193359375,0.0
2023-06-01 19:03:11.208977,32.33000183105469,85950.78125,11.3076171875,0.0
2023-06-01 19:03:12.210509,32.36000061035156,85953.234375,11.30859375,0.0
2023-06-01 19:03:13.210758,32.38999938964844,85952.484375,11.2734375,0.0
2023-06-01 19:03:14.213910,32.38999938964844,85949.4375,11.2607421875,0.0
2023-06-01 19:03:15.292592,32.439998626708984,85950.25,11.2744140625,0.0
2023-06-01 19:03:16.298916,32.459999084472656,85952.109375,11.2744140625,0.0
2023-06-01 19:03:17.291227,32.47999954223633,85948.796875,11.275390625,0.0
2023-06-01 19:03:18.292080,32.5,85950.359375,11.2880859375,0.0
2023-06-01 19:03:19.299429,32.5099983215332,85949.765625,11.263671875,0.0
2023-06-01 19:03:20.295075,32.529998779296875,85950.640625,11.2529296875,0.0
2023-06-01 19:03:21.296478,32.560001373291016,85951.734375,11.2529296875,0.0
2023-06-01 19:03:22.302110,32.58000183105469,85950.875,11.2421875,0.0
2023-06-01 19:03:23.298212,32.599998474121094,85952.40625,11.25390625,0.0
2023-06-01 19:03:24.298576,32.59000015258789,85949.6875,11.25390625,0.0
2023-06-01 19:03:25.299756,32.619998931884766,85951.578125,11.2666015625,0.0
2023-06-01 19:03:26.303523,32.619998931884766,85951.46875,11.291015625,0.0
2023-06-01 19:03:28.389358,32.70000076293945,85950.7890625,11.3173828125,0.0
2023-06-01 19:03:29.390315,32.70000076293945,85949.4921875,11.2451171875,0.0
2023-06-01 19:03:30.390470,32.720001220703125,85950.828125,11.220703125,0.0
2023-06-01 19:03:31.391885,32.75,85952.34375,11.2216796875,0.0
2023-06-01 19:03:32.392645,32.779998779296875,85947.8359375,11.1982421875,0.0
2023-06-01 19:03:33.393757,32.79999923706055,85949.9140625,11.1875,0.0
2023-06-01 19:03:34.394967,32.83000183105469,85950.375,11.17578125,0.0
2023-06-01 19:03:35.395411,32.849998474121094,85950.203125,11.15234375,0.0
2023-06-01 19:03:36.396476,32.869998931884766,85951.4375,11.15234375,0.0
2023-06-01 19:03:37.397328,32.88999938964844,85949.390625,11.1044921875,0.0
2023-06-01 19:03:38.398858,32.900001525878906,85952.7109375,11.0927734375,0.0
2023-06-01 19:03:39.401534,32.90999984741211,85952.96875,11.0927734375,0.0
2023-06-01 19:03:40.400086,32.93000030517578,85951.96875,11.09375,0.0
2023-06-01 19:03:41.400242,32.939998626708984,85950.234375,11.08203125,0.0
2023-06-01 19:03:42.401645,32.959999084472656,85952.578125,11.0703125,0.0
2023-06-01 19:03:43.402131,32.970001220703125,85951.46875,11.0947265625,0.0
2023-06-01 19:03:44.403568,32.97999954223633,85951.75,11.0703125,0.0
2023-06-01 19:03:45.403674,32.9900016784668,85949.484375,11.119140625,0.0
2023-06-01 19:03:46.410621,33.0099983215332,85950.484375,11.1201171875,0.0
2023-06-01 19:03:47.410792,33.02000045776367,85952.421875,11.083984375,0.0
2023-06-01 19:03:48.407301,33.029998779296875,85949.671875,11.0361328125,0.0
2023-06-01 19:03:49.408344,33.04999923706055,85951.21875,11.01171875,0.0
2023-06-01 19:03:50.408720,33.06999969482422,85949.046875,11.0009765625,0.0
2023-06-01 19:03:51.409910,33.09000015258789,85951.71875,11.0009765625,0.0
2023-06-01 19:03:52.415235,33.08000183105469,85948.96875,11.0009765625,0.0
2023-06-01 19:03:53.411872,33.08000183105469,85950.265625,11.0009765625,0.0
2023-06-01 19:03:54.422155,33.09000015258789,85952.03125,11.0126953125,0.0
2023-06-01 19:03:55.418847,33.119998931884766,85951.359375,11.001953125,0.0
2023-06-01 19:03:56.414043,33.130001068115234,85950.5625,10.9775390625,0.0
2023-06-01 19:03:57.416735,33.130001068115234,85951.234375,10.990234375,0.0
2023-06-01 19:03:58.423166,33.15999984741211,85953.515625,10.978515625,0.0
2023-06-01 19:03:59.418293,33.189998626708984,85950.8125,10.943359375,0.0
2023-06-01 19:04:00.419857,33.22999954223633,85950.28125,10.919921875,0.0
2023-06-01 19:04:01.434047,33.25,85951.9375,10.8720703125,0.0
2023-06-01 19:04:02.443219,33.2400016784668,85952.9296875,10.8359375,0.0
2023-06-01 19:04:03.439151,33.22999954223633,85953.4921875,10.810546875,0.0
2023-06-01 19:04:04.438595,33.27000045776367,85953.6875,10.82421875,0.0
2023-06-01 19:04:05.441925,33.27000045776367,85953.5625,10.8486328125,0.0
2023-06-01 19:04:06.443534,33.279998779296875,85954.3125,10.82421875,0.0
2023-06-01 19:04:07.445602,33.2599983215332,85950.0625,10.8232421875,0.0
2023-06-01 19:04:08.440979,33.27000045776367,85949.8359375,10.8359375,0.0
2023-06-01 19:04:09.443586,33.29999923706055,85952.28125,10.861328125,0.0
2023-06-01 19:04:10.450235,33.29999923706055,85951.640625,10.861328125,0.0
2023-06-01 19:04:11.447915,33.349998474121094,85950.359375,10.91015625,0.0
2023-06-01 19:04:12.446426,33.349998474121094,85952.734375,10.8505859375,0.0
2023-06-01 19:04:13.446840,33.349998474121094,85951.390625,10.814453125,0.0
2023-06-01 19:04:14.451045,33.36000061035156,85951.8125,10.814453125,0.0
2023-06-01 19:04:15.446432,33.38999938964844,85953.234375,10.8388671875,0.0
2023-06-01 19:04:16.450512,33.38999938964844,85954.28125,10.814453125,0.0
2023-06-01 19:04:17.447980,33.40999984741211,85953.140625,10.8037109375,0.0
2023-06-01 19:04:18.449956,33.400001525878906,85952.375,10.779296875,0.0
2023-06-01 19:04:19.457684,33.38999938964844,85952.796875,10.779296875,0.0
2023-06-01 19:04:20.455996,33.41999816894531,85955.390625,10.8037109375,0.0
2023-06-01 19:04:57.301005,33.66999816894531,85951.21875,10.6162109375,0.0
2023-06-01 19:04:58.301663,33.66999816894531,85949.21875,10.6162109375,0.0
2023-06-01 19:04:59.302082,33.68000030517578,85948.125,10.6044921875,0.0
2023-06-01 19:05:00.303051,33.689998626708984,85948.890625,10.5927734375,0.0
2023-06-01 19:05:01.303331,33.689998626708984,85954.25,10.5927734375,0.0
2023-06-01 19:05:02.305144,33.70000076293945,85953.3671875,10.5927734375,0.0
2023-06-01 19:05:03.305527,33.689998626708984,85953.109375,10.5927734375,0.0
2023-06-01 19:05:04.306933,33.65999984741211,85949.828125,10.6162109375,0.0
2023-06-01 19:05:05.314054,33.650001525878906,85952.546875,10.6396484375,0.0
2023-06-01 19:05:06.308186,33.61000061035156,85951.53125,10.7236328125,0.0
2023-06-01 19:05:07.315001,33.619998931884766,85951.78125,10.759765625,0.0
2023-06-01 19:05:08.310210,33.63999938964844,85949.7734375,10.78515625,0.0
2023-06-01 19:05:09.312794,33.63999938964844,85951.453125,10.7724609375,0.0
2023-06-01 19:05:10.311836,33.63999938964844,85950.7578125,10.7724609375,0.0
2023-06-01 19:05:11.313682,33.65999984741211,85951.0,10.8095703125,0.0
2023-06-01 19:05:12.313827,33.68000030517578,85951.953125,10.7490234375,0.0
2023-06-01 19:05:13.321179,33.65999984741211,85952.8125,10.67578125,0.0
2023-06-01 19:05:14.315847,33.630001068115234,85948.125,10.6513671875,0.0
2023-06-01 19:05:15.317736,33.630001068115234,85951.03125,10.6513671875,0.0
2023-06-01 19:05:16.317954,33.61000061035156,85952.1796875,10.6748046875,0.0
2023-06-01 19:05:17.321170,33.599998474121094,85951.3125,10.7353515625,0.0
2023-06-01 19:05:18.320523,33.63999938964844,85953.1171875,10.748046875,0.0
2023-06-01 19:05:19.321361,33.650001525878906,85948.65625,10.748046875,0.0
2023-06-01 19:05:20.333189,33.650001525878906,85951.7578125,10.736328125,0.0
2023-06-01 19:05:21.323043,33.65999984741211,85951.9921875,10.736328125,0.0
2023-06-01 19:05:22.325182,33.65999984741211,85950.640625,10.712890625,0.0
2023-06-01 19:05:23.325461,33.650001525878906,85949.5703125,10.7119140625,0.0
2023-06-01 19:05:24.331076,33.65999984741211,85952.6875,10.712890625,0.0
2023-06-01 19:05:25.326747,33.65999984741211,85951.609375,10.7490234375,0.0
2023-06-01 19:05:26.333874,33.63999938964844,85948.40625,10.796875,0.0
2023-06-01 19:05:27.331642,33.59000015258789,85946.125,10.8076171875,0.0
2023-06-01 19:05:28.346814,33.529998779296875,85945.2578125,10.830078125,0.0
2023-06-01 19:05:29.330700,33.45000076293945,85948.421875,10.8408203125,0.0
2023-06-01 19:05:30.334368,33.439998626708984,85950.859375,10.828125,0.0
2023-06-01 19:05:31.332594,33.43000030517578,85950.2890625,10.8154296875,0.0
2023-06-01 19:05:32.332996,33.400001525878906,85950.484375,10.8876953125,0.0
2023-06-01 19:05:33.350759,33.349998474121094,85951.90625,10.8984375,0.0
2023-06-01 19:05:34.339470,33.380001068115234,85951.671875,10.923828125,0.0
2023-06-01 19:05:35.345781,33.36000061035156,85950.796875,10.9345703125,0.0
2023-06-01 19:05:36.338168,33.369998931884766,85953.03125,10.8623046875,0.0
2023-06-01 19:05:37.343398,33.36000061035156,85953.953125,10.8017578125,0.0
2023-06-01 19:05:38.351063,33.34000015258789,85951.96875,10.8017578125,0.0
2023-06-01 19:05:39.348266,33.29999923706055,85952.7890625,10.7763671875,0.0
2023-06-01 19:05:40.349381,33.310001373291016,85950.0,10.8251953125,0.0
2023-06-01 19:05:41.346463,33.33000183105469,85953.015625,10.849609375,0.0
2023-06-01 19:05:42.347345,33.31999969482422,85953.59375,10.8857421875,0.0
2023-06-01 19:05:43.344537,33.31999969482422,85952.796875,10.8857421875,0.0
2023-06-01 19:05:44.347478,33.31999969482422,85953.453125,10.861328125,0.0
2023-06-01 19:05:45.352706,33.279998779296875,85953.921875,10.8486328125,0.0
2023-06-01 19:05:46.353714,33.279998779296875,85950.59375,10.8603515625,0.0
2023-06-01 19:05:47.348646,33.279998779296875,85952.9296875,10.873046875,0.0
2023-06-01 19:05:48.349108,33.2599983215332,85951.1875,10.8720703125,0.0
2023-06-01 19:05:49.357102,33.290000915527344,85951.984375,10.8603515625,0.0
2023-06-01 19:05:50.349322,33.279998779296875,85953.125,10.8369140625,0.0
2023-06-01 19:05:51.350631,33.2599983215332,85953.0390625,10.8232421875,0.0
2023-06-01 19:05:52.350750,33.22999954223633,85952.8203125,10.810546875,0.0
2023-06-01 19:05:53.355267,33.15999984741211,85955.015625,10.796875,0.0
2023-06-01 19:05:54.354235,33.13999938964844,85951.46875,10.78515625,0.0
2023-06-01 19:05:55.358437,33.189998626708984,85954.796875,10.7744140625,0.0
2023-06-01 19:05:56.357745,33.209999084472656,85954.5,10.7626953125,0.0
2023-06-01 19:05:57.359395,33.189998626708984,85953.1875,10.76171875,0.0
2023-06-01 19:05:58.360964,33.150001525878906,85951.125,10.7607421875,0.0
2023-06-01 19:05:59.357827,33.16999816894531,85952.28125,10.76171875,0.0
2023-06-01 19:06:00.358542,33.18000030517578,85953.9140625,10.76171875,0.0
2023-06-01 19:06:01.360400,33.18000030517578,85955.453125,10.7861328125,0.0
2023-06-01 19:06:02.359662,33.15999984741211,85955.25,10.8212890625,0.0
2023-06-01 19:06:03.364212,33.13999938964844,85953.046875,10.8212890625,0.0
2023-06-01 19:06:04.362827,33.16999816894531,85954.5,10.822265625,0.0
2023-06-01 19:06:05.363315,33.189998626708984,85953.671875,10.822265625,0.0
2023-06-01 19:06:06.363729,33.220001220703125,85955.046875,10.810546875,0.0
2023-06-01 19:06:07.365579,33.209999084472656,85952.4375,10.810546875,0.0
2023-06-01 19:06:08.364626,33.189998626708984,85953.8125,10.7978515625,0.0
2023-06-01 19:06:09.366186,33.18000030517578,85955.359375,10.7734375,0.0
2023-06-01 19:06:10.367664,33.189998626708984,85952.6796875,10.7744140625,0.0
2023-06-01 19:06:11.374524,33.18000030517578,85951.4921875,10.7734375,0.0
2023-06-01 19:06:12.369101,33.16999816894531,85954.421875,10.7978515625,0.0
2023-06-01 19:06:13.369510,33.16999816894531,85952.09375,10.7978515625,0.0
2023-06-01 19:06:14.371439,33.16999816894531,85955.328125,10.8095703125,0.0
2023-06-01 19:06:15.370893,33.20000076293945,85953.0390625,10.822265625,0.0
2023-06-01 19:06:16.372525,33.189998626708984,85956.140625,10.810546875,0.0
2023-06-01 19:06:17.372742,33.189998626708984,85954.8671875,10.810546875,0.0
2023-06-01 19:06:18.374494,33.209999084472656,85954.109375,10.810546875,0.0
2023-06-01 19:06:19.375159,33.189998626708984,85954.1484375,10.810546875,0.0
2023-06-01 19:06:20.378202,33.189998626708984,85953.859375,10.810546875,0.0
2023-06-01 19:06:21.376835,33.18000030517578,85954.609375,10.833984375,0.0
2023-06-01 19:06:22.379414,33.209999084472656,85952.4765625,10.87109375,0.0
2023-06-01 19:06:23.378870,33.22999954223633,85954.1875,10.8955078125,0.0
2023-06-01 19:06:24.379672,33.2400016784668,85954.0625,10.931640625,0.0
2023-06-01 19:06:25.384547,33.25,85953.6484375,10.9326171875,0.0
2023-06-01 19:06:26.381194,33.25,85954.1953125,10.8837890625,0.0
2023-06-01 19:06:27.382472,33.2400016784668,85953.9375,10.908203125,0.0
2023-06-01 19:06:28.382758,33.2599983215332,85953.1328125,10.908203125,0.0
2023-06-01 19:06:29.385148,33.25,85952.828125,10.8837890625,0.0
2023-06-01 19:06:31.619423,33.27000045776367,85951.5,10.9208984375,0.0
2023-06-01 19:06:32.619866,33.2400016784668,85952.21875,10.8720703125,0.0
2023-06-01 19:06:33.622095,33.2400016784668,85953.6015625,10.859375,0.0
2023-06-01 19:06:34.641832,33.27000045776367,85957.90625,10.8603515625,0.0
2023-06-01 19:06:35.625376,33.290000915527344,85954.546875,10.873046875,0.0
2023-06-01 19:06:36.699175,33.310001373291016,85956.40625,10.873046875,0.0
2023-06-01 19:06:37.701202,33.310001373291016,85953.71875,10.8369140625,0.0
2023-06-01 19:06:38.702295,33.31999969482422,85955.34375,10.837890625,0.0
2023-06-01 19:06:39.786088,33.33000183105469,85955.1953125,10.8134765625,0.0
2023-06-01 19:06:40.787233,33.33000183105469,85953.390625,10.77734375,0.0
2023-06-01 19:06:41.787778,33.34000015258789,85955.015625,10.77734375,0.0
2023-06-01 19:06:42.794886,33.33000183105469,85955.40625,10.7890625,0.0
2023-06-01 19:06:43.789382,33.33000183105469,85954.859375,10.8017578125,0.0
2023-06-01 19:06:44.795547,33.29999923706055,85953.421875,10.80078125,0.0
2023-06-01 19:06:45.796411,33.310001373291016,85954.515625,10.7890625,0.0
2023-06-01 19:06:46.792444,33.29999923706055,85954.140625,10.8125,0.0
2023-06-01 19:06:47.797569,33.290000915527344,85952.828125,10.8369140625,0.0
2023-06-01 19:06:48.794257,33.310001373291016,85953.34375,10.8251953125,0.0
2023-06-01 19:06:49.794714,33.279998779296875,85955.8125,10.7998046875,0.0
2023-06-01 19:06:50.795945,33.2599983215332,85954.4765625,10.7880859375,0.0
2023-06-01 19:06:51.796273,33.29999923706055,85957.1640625,10.7890625,0.0
2023-06-01 19:06:52.803448,33.29999923706055,85955.796875,10.7880859375,0.0
2023-06-01 19:06:53.799125,33.29999923706055,85957.1875,10.8125,0.0
2023-06-01 19:06:54.799169,33.29999923706055,85955.171875,10.8125,0.0
2023-06-01 19:06:55.807704,33.2599983215332,85956.3046875,10.82421875,0.0
2023-06-01 19:06:56.800933,33.25,85953.6875,10.8115234375,0.0
2023-06-01 19:06:57.802671,33.2400016784668,85952.765625,10.8115234375,0.0
2023-06-01 19:06:58.802857,33.22999954223633,85954.3125,10.8349609375,0.0
2023-06-01 19:06:59.804693,33.2599983215332,85954.796875,10.8359375,0.0
2023-06-01 19:07:00.811795,33.279998779296875,85956.125,10.8369140625,0.0
2023-06-01 19:07:01.805916,33.279998779296875,85954.2734375,10.8486328125,0.0
2023-06-01 19:07:02.807806,33.27000045776367,85955.171875,10.84765625,0.0
2023-06-01 19:07:03.807785,33.290000915527344,85954.5078125,10.8486328125,0.0
2023-06-01 19:07:04.807364,33.27000045776367,85954.234375,10.873046875,0.0
2023-06-01 19:07:05.813712,33.279998779296875,85954.9453125,10.884765625,0.0
2023-06-01 19:07:06.809988,33.290000915527344,85955.703125,10.873046875,0.0
2023-06-01 19:07:07.818109,33.279998779296875,85954.84375,10.82421875,0.0
2023-06-01 19:07:08.809982,33.290000915527344,85953.671875,10.8125,0.9714000225067139
2023-06-01 19:07:09.810409,33.31999969482422,85954.9609375,10.7890625,0.8904500007629395
2023-06-01 19:07:10.812387,33.33000183105469,85957.046875,10.8017578125,0.8095000386238098
2023-06-01 19:07:11.812178,33.29999923706055,85955.7734375,10.8369140625,0.8904500007629395
2023-06-01 19:07:12.813952,33.279998779296875,85952.96875,10.8603515625,0.7285500168800354
2023-06-01 19:07:13.814312,33.2599983215332,85953.296875,10.8603515625,0.7285500168800354
2023-06-01 19:07:14.815587,33.2599983215332,85953.453125,10.82421875,0.647599995136261
2023-06-01 19:07:15.816014,33.2599983215332,85955.8984375,10.775390625,0.7285500168800354
2023-06-01 19:07:16.818184,33.209999084472656,85954.328125,10.7626953125,0.5666499733924866
2023-06-01 19:07:17.818061,33.2400016784668,85951.015625,10.775390625,0.647599995136261
2023-06-01 19:07:18.822713,33.2400016784668,85953.25,10.7509765625,0.647599995136261
2023-06-01 19:07:19.821193,33.25,85956.890625,10.7509765625,0.647599995136261
2023-06-01 19:07:20.821269,33.2599983215332,85955.0625,10.7509765625,0.8095000386238098
2023-06-01 19:07:21.823830,33.2599983215332,85953.8828125,10.763671875,0.8904500007629395
2023-06-01 19:07:22.901770,33.279998779296875,85955.328125,10.7998046875,0.7285500168800354
2023-06-01 19:07:23.902196,33.2599983215332,85953.9296875,10.8115234375,0.7285500168800354
2023-06-01 19:07:24.902544,33.25,85955.6640625,10.8115234375,0.8095000386238098
2023-06-01 19:07:25.904709,33.27000045776367,85954.015625,10.8359375,0.8095000386238098
2023-06-01 19:07:26.904441,33.2599983215332,85952.9375,10.8359375,0.8095000386238098
2023-06-01 19:07:27.906049,33.2400016784668,85954.109375,10.8359375,0.8095000386238098
2023-06-01 19:07:28.908664,33.22999954223633,85955.1953125,10.810546875,0.8904500007629395
2023-06-01 19:08:06.074027,33.2400016784668,85955.9140625,10.859375,0.8095000386238098
2023-06-01 19:08:07.077651,33.25,85953.8359375,10.7392578125,0.8095000386238098
2023-06-01 19:08:08.076603,33.25,85955.8515625,10.7392578125,0.8095000386238098
2023-06-01 19:08:09.076790,33.209999084472656,85955.140625,10.7626953125,0.7285500168800354
2023-06-01 19:08:10.077985,33.2400016784668,85953.9375,10.775390625,0.647599995136261
2023-06-01 19:08:11.080842,33.22999954223633,85958.515625,10.810546875,0.7285500168800354
2023-06-01 19:08:12.080792,33.220001220703125,85956.28125,10.810546875,0.8904500007629395
2023-06-01 19:08:13.081183,33.209999084472656,85954.46875,10.7744140625,1.0523500442504883
2023-06-01 19:08:14.082866,33.20000076293945,85955.921875,10.7626953125,1.1332999467849731
2023-06-01 19:08:15.082918,33.209999084472656,85956.1953125,10.75,0.9714000225067139
2023-06-01 19:08:16.087960,33.220001220703125,85953.234375,10.7509765625,0.9714000225067139
2023-06-01 19:08:17.084769,33.220001220703125,85957.2734375,10.7265625,0.9714000225067139
2023-06-01 19:08:18.085938,33.220001220703125,85955.609375,10.71484375,1.2142499685287476
2023-06-01 19:08:19.091006,33.189998626708984,85954.84375,10.7138671875,1.295199990272522
2023-06-01 19:08:20.087754,33.209999084472656,85955.453125,10.7255859375,1.295199990272522
2023-06-01 19:08:21.091707,33.209999084472656,85954.328125,10.73828125,1.295199990272522
2023-06-01 19:08:22.089281,33.22999954223633,85951.8125,10.73828125,1.295199990272522
2023-06-01 19:08:23.091361,33.220001220703125,85955.5625,10.75,1.2142499685287476
2023-06-01 19:08:24.091065,33.220001220703125,85954.921875,10.73828125,1.2142499685287476
2023-06-01 19:08:25.092417,33.220001220703125,85953.546875,10.73828125,1.0523500442504883
2023-06-01 19:08:26.098181,33.209999084472656,85956.296875,10.75,0.8904500007629395
2023-06-01 19:08:27.094197,33.150001525878906,85953.9375,10.7734375,0.7285500168800354
2023-06-01 19:08:28.094602,33.189998626708984,85956.6875,10.7744140625,0.5666499733924866
2023-06-01 19:08:29.096016,33.20000076293945,85954.21875,10.75,0.5666499733924866
2023-06-01 19:08:30.100925,33.18000030517578,85953.75,10.75,0.5666499733924866
2023-06-01 19:08:31.097529,33.16999816894531,85956.28125,10.76171875,0.5666499733924866
2023-06-01 19:08:32.097989,33.18000030517578,85957.953125,10.76171875,0.7285500168800354
2023-06-01 19:08:33.099361,33.13999938964844,85956.5390625,10.8212890625,0.7285500168800354
2023-06-01 19:08:34.099646,33.130001068115234,85957.5,10.857421875,0.7285500168800354
2023-06-01 19:08:35.101326,33.150001525878906,85953.7890625,10.8212890625,0.7285500168800354
2023-06-01 19:08:36.102358,33.150001525878906,85956.84375,10.78515625,0.7285500168800354
2023-06-01 19:08:37.105614,33.18000030517578,85954.1796875,10.7734375,0.7285500168800354
2023-06-01 19:08:38.105559,33.18000030517578,85956.09375,10.76171875,0.7285500168800354
2023-06-01 19:08:39.106140,33.20000076293945,85954.40625,10.7626953125,0.7285500168800354
2023-06-01 19:08:40.107025,33.220001220703125,85955.046875,10.75,0.5666499733924866
2023-06-01 19:08:41.109446,33.22999954223633,85953.953125,10.73828125,0.647599995136261
2023-06-01 19:08:42.108939,33.22999954223633,85954.859375,10.7509765625,0.5666499733924866
2023-06-01 19:08:43.109424,33.25,85952.640625,10.7275390625,0.7285500168800354
2023-06-01 19:08:44.110290,33.220001220703125,85952.234375,10.7265625,0.7285500168800354
2023-06-01 19:08:45.111551,33.25,85953.453125,10.775390625,0.8904500007629395
2023-06-01 19:08:46.112633,33.27000045776367,85955.53125,10.775390625,1.2142499685287476
2023-06-01 19:08:47.113861,33.290000915527344,85953.3515625,10.7646484375,1.2142499685287476
2023-06-01 19:08:48.114158,33.279998779296875,85951.5625,10.751953125,1.1332999467849731
2023-06-01 19:08:49.115289,33.27000045776367,85953.15625,10.751953125,1.1332999467849731
2023-06-01 19:08:50.115964,33.279998779296875,85954.921875,10.7880859375,1.0523500442504883
2023-06-01 19:08:51.117471,33.290000915527344,85955.703125,10.8369140625,0.8904500007629395
2023-06-01 19:08:52.118185,33.27000045776367,85953.703125,10.8486328125,0.8904500007629395
2023-06-01 19:08:53.119222,33.279998779296875,85956.671875,10.8369140625,0.7285500168800354
2023-06-01 19:08:54.122543,33.290000915527344,85955.34375,10.7880859375,0.7285500168800354
2023-06-01 19:08:55.120793,33.27000045776367,85952.171875,10.763671875,0.48570001125335693
2023-06-01 19:08:56.123861,33.290000915527344,85953.6875,10.7646484375,0.4047500193119049
2023-06-01 19:08:57.123036,33.279998779296875,85954.9453125,10.751953125,0.4047500193119049
2023-06-01 19:08:58.127327,33.290000915527344,85955.015625,10.763671875,0.3237999975681305
2023-06-01 19:08:59.124923,33.31999969482422,85956.1875,10.7529296875,0.24285000562667847
2023-06-01 19:09:00.128748,33.349998474121094,85955.546875,10.7529296875,0.08094999939203262
2023-06-01 19:09:01.129599,33.33000183105469,85955.09375,10.7294921875,0.0
2023-06-01 19:09:02.126476,33.29999923706055,85954.28125,10.728515625,0.0
2023-06-01 19:09:03.127848,33.290000915527344,85952.875,10.7275390625,0.0
2023-06-01 19:09:04.129076,33.310001373291016,85956.40625,10.740234375,0.0
2023-06-01 19:09:05.130722,33.34000015258789,85953.984375,10.7529296875,0.0
2023-06-01 19:09:06.130994,33.33000183105469,85954.421875,10.7529296875,0.0
2023-06-01 19:09:07.133526,33.31999969482422,85955.484375,10.8134765625,0.0
2023-06-01 19:09:08.132743,33.29999923706055,85955.3125,10.8369140625,0.0
2023-06-01 19:09:09.132875,33.31999969482422,85953.953125,10.8134765625,0.0
2023-06-01 19:09:10.134824,33.33000183105469,85954.1875,10.77734375,0.0
2023-06-01 19:09:11.136886,33.31999969482422,85953.953125,10.7646484375,0.0
2023-06-01 19:09:12.139025,33.369998931884766,85953.71875,10.7421875,9.309250831604004
2023-06-01 19:09:13.136119,33.369998931884766,85955.7421875,10.7294921875,0.0
2023-06-01 19:09:14.139032,33.36000061035156,85958.0078125,10.7294921875,0.08094999939203262
2023-06-01 19:09:15.141759,33.36000061035156,85958.34375,10.75390625,0.16189999878406525
2023-06-01 19:09:16.140284,33.369998931884766,85956.1484375,10.75390625,0.08094999939203262
2023-06-01 19:09:17.141544,33.36000061035156,85955.6328125,10.7783203125,0.08094999939203262
2023-06-01 19:09:18.141963,33.380001068115234,85955.875,10.7783203125,0.0
2023-06-01 19:09:19.143404,33.369998931884766,85955.796875,10.802734375,0.0
2023-06-01 19:09:20.143756,33.369998931884766,85955.4765625,10.814453125,0.0
2023-06-01 19:09:21.145248,33.369998931884766,85955.2890625,10.802734375,0.08094999939203262
2023-06-01 19:09:22.145389,33.36000061035156,85953.953125,10.826171875,0.08094999939203262
2023-06-01 19:09:23.147614,33.31999969482422,85953.421875,10.8251953125,0.08094999939203262
2023-06-01 19:09:24.146999,33.369998931884766,85955.140625,10.802734375,0.08094999939203262
2023-06-01 19:09:25.148640,33.38999938964844,85955.078125,10.7783203125,0.16189999878406525
2023-06-01 19:09:26.148864,33.380001068115234,85952.828125,10.7666015625,0.0
2023-06-01 19:09:27.150796,33.369998931884766,85953.796875,10.765625,0.0
2023-06-01 19:09:28.150407,33.369998931884766,85951.03125,10.7783203125,0.0
2023-06-01 19:09:29.151772,33.380001068115234,85952.875,10.7783203125,0.0
2023-06-01 19:09:30.153379,33.38999938964844,85953.46875,10.779296875,0.0
2023-06-01 19:09:31.153620,33.369998931884766,85954.640625,10.75390625,0.0
2023-06-01 19:09:32.155314,33.380001068115234,85958.0625,10.7548828125,0.0
2023-06-01 19:09:33.155427,33.369998931884766,85952.59375,10.765625,0.0
2023-06-01 19:09:34.156736,33.400001525878906,85955.0234375,10.7548828125,0.0
2023-06-01 19:09:35.156885,33.38999938964844,85953.96875,10.7548828125,0.0
2023-06-01 19:09:36.158286,33.400001525878906,85954.703125,10.7431640625,0.0
2023-06-01 19:09:37.158503,33.400001525878906,85955.3359375,10.7421875,0.0
2023-06-01 19:09:38.159974,33.36000061035156,85952.453125,10.7421875,0.0
2023-06-01 19:09:39.160371,33.38999938964844,85955.5859375,10.7177734375,0.0
2023-06-01 19:09:40.162040,33.369998931884766,85954.953125,10.7060546875,0.0
2023-06-01 19:09:41.162432,33.349998474121094,85951.90625,10.705078125,0.0
2023-06-01 19:09:42.163664,33.349998474121094,85955.546875,10.705078125,0.0
2023-06-01 19:09:43.165015,33.36000061035156,85954.5,10.705078125,0.0
2023-06-01 19:09:44.165486,33.36000061035156,85953.34375,10.693359375,0.0
2023-06-01 19:09:45.166419,33.369998931884766,85953.9609375,10.681640625,0.0
2023-06-01 19:09:46.166704,33.349998474121094,85953.90625,10.6806640625,0.0
2023-06-01 19:09:47.168279,33.31999969482422,85957.6953125,10.6806640625,0.0
2023-06-01 19:09:48.168501,33.349998474121094,85955.375,10.6689453125,0.0
2023-06-01 19:09:49.169856,33.34000015258789,85957.703125,10.6689453125,0.0
2023-06-01 19:09:50.172125,33.310001373291016,85954.703125,10.6796875,0.0
2023-06-01 19:09:51.171713,33.33000183105469,85954.6875,10.6806640625,0.08094999939203262
2023-06-01 19:09:52.172112,33.349998474121094,85954.09375,10.6806640625,0.0
2023-06-01 19:09:53.173286,33.310001373291016,85955.921875,10.7041015625,0.0
2023-06-01 19:09:54.174991,33.33000183105469,85952.171875,10.716796875,0.0
2023-06-01 19:09:55.176150,33.310001373291016,85954.7265625,10.740234375,0.0
2023-06-01 19:09:56.180947,33.290000915527344,85953.90625,10.7880859375,0.08094999939203262
2023-06-01 19:09:57.177664,33.27000045776367,85953.515625,10.8359375,0.16189999878406525
2023-06-01 19:09:58.180469,33.29999923706055,85955.9375,10.8369140625,0.16189999878406525
2023-06-01 19:09:59.179742,33.310001373291016,85952.875,10.80078125,0.16189999878406525
2023-06-01 19:10:00.180842,33.31999969482422,85953.8046875,10.7890625,0.08094999939203262
2023-06-01 19:10:01.181148,33.31999969482422,85954.4765625,10.7646484375,0.08094999939203262
2023-06-01 19:10:02.184008,33.33000183105469,85954.359375,10.7529296875,0.16189999878406525
2023-06-01 19:10:03.182904,33.34000015258789,85952.625,10.7529296875,0.3237999975681305
2023-06-01 19:10:04.184331,33.34000015258789,85953.1484375,10.7529296875,0.3237999975681305
2023-06-01 19:10:05.184824,33.369998931884766,85954.875,10.765625,0.08094999939203262
2023-06-01 19:10:06.186048,33.369998931884766,85954.4453125,10.765625,0.24285000562667847
2023-06-01 19:10:07.188053,33.36000061035156,85953.171875,10.7900390625,0.08094999939203262
2023-06-01 19:10:08.187746,33.369998931884766,85957.328125,10.802734375,0.08094999939203262
2023-06-01 19:10:09.189043,33.369998931884766,85957.8125,10.7900390625,0.0
2023-06-01 19:10:10.189784,33.380001068115234,85956.3828125,10.791015625,0.08094999939203262
2023-06-01 19:10:11.191028,33.38999938964844,85953.4453125,10.791015625,0.16189999878406525
2023-06-01 19:10:12.191556,33.38999938964844,85957.6015625,10.802734375,0.24285000562667847
2023-06-01 19:10:13.192941,33.38999938964844,85957.328125,10.8271484375,0.16189999878406525
2023-06-01 19:10:14.193119,33.41999816894531,85953.5234375,10.83984375,0.48570001125335693
2023-06-01 19:10:15.194428,33.43000030517578,85954.640625,10.8525390625,0.647599995136261
2023-06-01 19:10:16.194748,33.400001525878906,85952.0,10.8388671875,0.5666499733924866
2023-06-01 19:10:17.196300,33.34000015258789,85955.3125,10.7890625,0.647599995136261
2023-06-01 19:10:18.196487,33.369998931884766,85953.53125,10.765625,0.48570001125335693
2023-06-01 19:10:19.197750,33.38999938964844,85954.59375,10.7548828125,0.4047500193119049
2023-06-01 19:10:20.200188,33.38999938964844,85954.265625,10.73046875,0.16189999878406525
2023-06-01 19:10:21.202420,33.380001068115234,85955.328125,10.75390625,0.16189999878406525
2023-06-01 19:10:22.200928,33.400001525878906,85952.5,10.7666015625,0.0
2023-06-01 19:10:23.201180,33.41999816894531,85953.7578125,10.767578125,0.0
2023-06-01 19:10:24.202545,33.41999816894531,85955.390625,10.779296875,0.0
2023-06-01 19:10:25.202936,33.43000030517578,85950.4375,10.8037109375,0.0
2023-06-01 19:10:26.204806,33.43000030517578,85953.296875,10.8037109375,0.0
2023-06-01 19:10:27.204960,33.45000076293945,85955.84375,10.828125,0.08094999939203262
2023-06-01 19:10:28.206259,33.45000076293945,85953.328125,10.7919921875,0.08094999939203262
2023-06-01 19:10:29.206635,33.400001525878906,85950.65625,10.73046875,0.0
2023-06-01 19:10:30.207867,33.38999938964844,85951.09375,10.7177734375,0.08094999939203262
2023-06-01 19:10:31.208532,33.369998931884766,85953.1953125,10.7421875,0.0
2023-06-01 19:10:32.209374,33.369998931884766,85953.265625,10.75390625,0.08094999939203262
2023-06-01 19:10:33.210834,33.400001525878906,85953.03125,10.7548828125,0.08094999939203262
2023-06-01 19:10:34.213349,33.41999816894531,85952.2421875,10.8037109375,0.0
2023-06-01 19:10:35.213993,33.45000076293945,85950.609375,10.8046875,0.16189999878406525
2023-06-01 19:10:36.214774,33.4900016784668,85954.1328125,10.8173828125,0.24285000562667847
2023-06-01 19:10:37.216033,33.5,85949.8984375,10.841796875,0.16189999878406525
2023-06-01 19:10:38.219217,33.47999954223633,85953.5625,10.8291015625,20.56130027770996
2023-06-01 19:10:39.220703,33.439998626708984,85951.40625,10.8037109375,0.16189999878406525
2023-06-01 19:10:40.220727,33.45000076293945,85953.109375,10.81640625,0.16189999878406525
2023-06-01 19:10:41.219613,33.459999084472656,85949.671875,10.7685546875,0.08094999939203262
2023-06-01 19:10:42.222929,33.439998626708984,85952.3515625,10.7431640625,0.16189999878406525
2023-06-01 19:10:43.221269,33.43000030517578,85949.6171875,10.7431640625,0.0
2023-06-01 19:10:44.221521,33.380001068115234,85953.328125,10.7177734375,0.0
2023-06-01 19:10:45.223537,33.38999938964844,85951.71875,10.7060546875,0.0
2023-06-01 19:10:46.227121,33.400001525878906,85952.0390625,10.71875,0.0
2023-06-01 19:10:47.226454,33.43000030517578,85954.6640625,10.7314453125,0.16189999878406525
2023-06-01 19:10:48.226020,33.439998626708984,85953.6953125,10.7197265625,0.24285000562667847
2023-06-01 19:10:49.226235,33.43000030517578,85952.625,10.7197265625,0.3237999975681305
2023-06-01 19:10:50.227328,33.40999984741211,85948.578125,10.73046875,0.08094999939203262
2023-06-01 19:10:51.227668,33.400001525878906,85950.65625,10.71875,0.08094999939203262
2023-06-01 19:10:52.229503,33.40999984741211,85952.4375,10.7431640625,0.24285000562667847
2023-06-01 19:10:53.229490,33.41999816894531,85952.2421875,10.7548828125,0.24285000562667847
2023-06-01 19:10:54.230836,33.41999816894531,85953.078125,10.7431640625,0.4047500193119049
2023-06-01 19:10:55.231860,33.439998626708984,85952.1171875,10.755859375,0.5666499733924866
2023-06-01 19:10:56.232532,33.45000076293945,85952.265625,10.7314453125,0.8904500007629395
2023-06-01 19:10:57.234022,33.45000076293945,85952.4609375,10.7314453125,0.9714000225067139
2023-06-01 19:10:58.234505,33.470001220703125,85952.28125,10.732421875,0.647599995136261
2023-06-01 19:10:59.235014,33.47999954223633,85955.5625,10.720703125,0.5666499733924866
2023-06-01 19:11:00.239476,33.47999954223633,85950.4921875,10.732421875,0.647599995136261
2023-06-01 19:11:01.237227,33.4900016784668,85949.96875,10.76953125,0.8095000386238098
2023-06-01 19:11:02.238901,33.5099983215332,85951.453125,10.78125,0.8095000386238098
2023-06-01 19:11:03.240322,33.4900016784668,85951.2734375,10.720703125,0.647599995136261
2023-06-01 19:11:04.240509,33.47999954223633,85951.6875,10.6962890625,0.7285500168800354
2023-06-01 19:11:05.241002,33.439998626708984,85951.890625,10.6591796875,0.647599995136261
2023-06-01 19:11:06.241914,33.43000030517578,85953.4609375,10.6591796875,0.9714000225067139
2023-06-01 19:11:07.242068,33.41999816894531,85952.046875,10.658203125,1.5380500555038452
2023-06-01 19:11:08.242392,33.459999084472656,85953.703125,10.6591796875,2.2665998935699463
2023-06-01 19:11:09.243881,33.45000076293945,85956.328125,10.5986328125,2.833250045776367
2023-06-01 19:11:10.245664,33.439998626708984,85953.71875,10.5986328125,2.7523000240325928
2023-06-01 19:11:11.246230,33.459999084472656,85953.9140625,10.611328125,2.185650110244751
2023-06-01 19:11:12.247126,33.470001220703125,85955.015625,10.5869140625,1.9428000450134277
2023-06-01 19:11:13.248306,33.4900016784668,85954.28125,10.5634765625,1.780900001525879
2023-06-01 19:11:14.249608,33.47999954223633,85950.7265625,10.5517578125,1.5380500555038452
2023-06-01 19:11:15.249905,33.52000045776367,85951.921875,10.5517578125,1.4571000337600708
2023-06-01 19:11:16.251470,33.5,85952.5859375,10.5400390625,1.5380500555038452
2023-06-01 19:11:17.251833,33.4900016784668,85949.109375,10.5390625,1.6190000772476196
2023-06-01 19:11:18.253074,33.52000045776367,85951.390625,10.5400390625,1.699950098991394
2023-06-01 19:11:19.253516,33.529998779296875,85953.8125,10.5400390625,1.6190000772476196
2023-06-01 19:11:20.256515,33.529998779296875,85951.6484375,10.5400390625,1.6190000772476196
2023-06-01 19:11:21.256090,33.540000915527344,85951.8828125,10.564453125,1.295199990272522
2023-06-01 19:11:22.256757,33.52000045776367,85951.9375,10.576171875,1.0523500442504883
2023-06-01 19:11:23.257273,33.52000045776367,85952.59375,10.564453125,0.8904500007629395
2023-06-01 19:11:24.258209,33.5,85951.40625,10.5634765625,1.0523500442504883
2023-06-01 19:11:25.258493,33.45000076293945,85954.0,10.5625,1.2142499685287476
2023-06-01 19:11:26.259893,33.5,85951.890625,10.576171875,1.2142499685287476
2023-06-01 19:11:27.261198,33.529998779296875,85950.1796875,10.5888671875,1.0523500442504883
2023-06-01 19:11:28.263231,33.560001373291016,85951.890625,10.6015625,1.295199990272522
2023-06-01 19:11:29.263001,33.560001373291016,85951.7421875,10.5888671875,1.3761500120162964
2023-06-01 19:11:30.263398,33.529998779296875,85953.140625,10.5517578125,1.295199990272522
2023-06-01 19:11:31.264911,33.529998779296875,85951.6875,10.5283203125,1.1332999467849731
2023-06-01 19:11:32.264959,33.52000045776367,85952.90625,10.52734375,0.9714000225067139
2023-06-01 19:11:33.266739,33.54999923706055,85951.96875,10.5166015625,1.1332999467849731
2023-06-01 19:11:34.266781,33.56999969482422,85950.671875,10.5048828125,1.4571000337600708
2023-06-01 19:11:35.268137,33.59000015258789,85951.015625,10.4814453125,1.5380500555038452
2023-06-01 19:11:36.268323,33.59000015258789,85950.703125,10.4814453125,1.3761500120162964
2023-06-01 19:11:37.269791,33.619998931884766,85949.40625,10.494140625,1.1332999467849731
2023-06-01 19:11:38.270008,33.630001068115234,85950.8203125,10.4697265625,1.2142499685287476
2023-06-01 19:11:39.272944,33.63999938964844,85951.453125,10.482421875,1.2142499685287476
2023-06-01 19:11:40.272882,33.650001525878906,85951.15625,10.470703125,1.1332999467849731
2023-06-01 19:11:41.273153,33.63999938964844,85951.28125,10.4951171875,1.6190000772476196
2023-06-01 19:11:42.274662,33.66999816894531,85952.03125,10.5068359375,1.780900001525879
2023-06-01 19:11:43.276363,33.68000030517578,85948.984375,10.5078125,1.6190000772476196
2023-06-01 19:11:44.276362,33.68000030517578,85952.125,10.51953125,1.2142499685287476
2023-06-01 19:11:45.276526,33.709999084472656,85950.8671875,10.5322265625,1.0523500442504883
2023-06-01 19:11:46.277910,33.72999954223633,85952.4765625,10.5576171875,0.8904500007629395
2023-06-01 19:11:47.278239,33.7400016784668,85952.5390625,10.544921875,0.9714000225067139
2023-06-01 19:11:48.281653,33.720001220703125,85950.15625,10.5205078125,1.0523500442504883
2023-06-01 19:11:49.279913,33.75,85950.921875,10.533203125,1.0523500442504883
2023-06-01 19:11:50.281259,33.7400016784668,85950.015625,10.521484375,0.9714000225067139
2023-06-01 19:11:51.282764,33.7400016784668,85949.9765625,10.533203125,0.8095000386238098
2023-06-01 19:11:52.284144,33.77000045776367,85950.0859375,10.5458984375,0.9714000225067139
2023-06-01 19:11:53.285354,33.779998779296875,85951.6640625,10.6064453125,1.2142499685287476
2023-06-01 19:11:54.285829,33.790000915527344,85950.546875,10.5458984375,1.0523500442504883
2023-06-01 19:11:55.287416,33.790000915527344,85950.71875,10.4853515625,1.0523500442504883
2023-06-01 19:11:56.288003,33.779998779296875,85950.171875,10.4619140625,1.1332999467849731
2023-06-01 19:11:57.289152,33.79999923706055,85951.0390625,10.4501953125,1.0523500442504883
2023-06-01 19:11:58.289133,33.779998779296875,85951.5,10.4130859375,0.9714000225067139
2023-06-01 19:11:59.290903,33.77000045776367,85948.2578125,10.400390625,0.7285500168800354
2023-06-01 19:12:00.293057,33.779998779296875,85950.125,10.4013671875,0.5666499733924866
2023-06-01 19:12:01.292373,33.779998779296875,85950.1875,10.4248046875,0.48570001125335693
2023-06-01 19:12:02.292958,33.779998779296875,85953.328125,10.4375,0.3237999975681305
2023-06-01 19:12:03.294715,33.79999923706055,85951.8125,10.4501953125,0.3237999975681305
2023-06-01 19:12:04.294864,33.810001373291016,85955.5078125,10.498046875,0.48570001125335693
2023-06-01 19:12:05.295959,33.790000915527344,85952.640625,10.5458984375,0.48570001125335693
2023-06-01 19:12:06.297318,33.790000915527344,85951.25,10.5703125,0.5666499733924866
2023-06-01 19:12:07.297553,33.810001373291016,85950.625,10.5830078125,0.4047500193119049
2023-06-01 19:12:08.298991,33.83000183105469,85952.984375,10.5712890625,0.48570001125335693
2023-06-01 19:12:09.299423,33.83000183105469,85954.6484375,10.5830078125,0.48570001125335693
2023-06-01 19:12:10.300795,33.790000915527344,85953.140625,10.642578125,0.5666499733924866
2023-06-01 19:12:11.301164,33.81999969482422,85953.53125,10.6796875,1.4571000337600708
2023-06-01 19:12:12.302786,33.79999923706055,85951.015625,10.6435546875,0.7285500168800354
2023-06-01 19:12:13.302788,33.79999923706055,85953.0,10.5947265625,0.8095000386238098
2023-06-01 19:12:14.304525,33.790000915527344,85950.890625,10.58203125,0.8095000386238098
2023-06-01 19:12:15.305042,33.81999969482422,85953.21875,10.607421875,0.7285500168800354
2023-06-01 19:12:16.306456,33.84000015258789,85950.0,10.607421875,0.8904500007629395
2023-06-01 19:12:17.306086,33.81999969482422,85952.703125,10.607421875,0.8095000386238098
2023-06-01 19:12:18.307510,33.83000183105469,85951.78125,10.6318359375,0.8095000386238098
2023-06-01 19:12:19.309407,33.81999969482422,85952.921875,10.5830078125,0.8095000386238098
2023-06-01 19:12:20.309248,33.7599983215332,85950.015625,10.58203125,0.647599995136261
2023-06-01 19:12:21.310825,33.7599983215332,85948.8203125,10.5576171875,0.48570001125335693
2023-06-01 19:12:22.315614,33.7400016784668,85950.671875,10.533203125,0.5666499733924866
2023-06-01 19:12:23.313602,33.75,85950.5859375,10.5576171875,0.7285500168800354
2023-06-01 19:12:24.313473,33.77000045776367,85951.71875,10.59375,1.0523500442504883
2023-06-01 19:12:25.316188,33.75,85954.6015625,10.654296875,1.0523500442504883
2023-06-01 19:12:26.315186,33.77000045776367,85953.7890625,10.6669921875,1.1332999467849731
2023-06-01 19:12:27.315993,33.75,85952.25,10.6904296875,1.1332999467849731
2023-06-01 19:12:28.316322,33.75,85950.9453125,10.6787109375,1.295199990272522
2023-06-01 19:12:29.318810,33.779998779296875,85952.484375,10.7275390625,1.295199990272522
2023-06-01 19:12:30.319488,33.7599983215332,85950.796875,10.71484375,1.2142499685287476
2023-06-01 19:12:31.320891,33.75,85951.90625,10.703125,1.0523500442504883
2023-06-01 19:12:32.321989,33.720001220703125,85949.2890625,10.6533203125,0.8904500007629395
2023-06-01 19:12:33.322415,33.70000076293945,85949.9375,10.640625,0.8095000386238098
2023-06-01 19:12:34.326001,33.70000076293945,85952.0,10.5927734375,0.8904500007629395
2023-06-01 19:12:35.324392,33.709999084472656,85951.4140625,10.6416015625,1.0523500442504883
2023-06-01 19:12:36.326116,33.689998626708984,85947.703125,10.5927734375,0.8095000386238098
2023-06-01 19:12:37.329797,33.630001068115234,85943.625,10.5791015625,0.5666499733924866
2023-06-01 19:12:38.326982,33.619998931884766,85944.71875,10.5546875,0.5666499733924866
2023-06-01 19:12:39.333698,33.47999954223633,85944.84375,10.55078125,0.647599995136261
2023-06-01 19:12:40.329569,33.38999938964844,85948.59375,10.5615234375,0.5666499733924866
2023-06-01 19:12:41.330730,33.349998474121094,85944.8515625,10.5849609375,0.647599995136261
2023-06-01 19:12:42.330538,33.2599983215332,85946.8203125,10.6181640625,0.647599995136261
2023-06-01 19:12:43.335641,33.099998474121094,85945.734375,10.6875,0.647599995136261
2023-06-01 19:12:44.332270,33.11000061035156,85947.75,10.6875,0.7285500168800354
2023-06-01 19:12:45.333469,33.06999969482422,85943.953125,10.7109375,0.9714000225067139
2023-06-01 19:12:46.337463,32.939998626708984,85946.46875,10.7314453125,0.9714000225067139
2023-06-01 19:12:47.335289,32.88999938964844,85946.421875,10.7548828125,0.8904500007629395
2023-06-01 19:12:48.336005,32.75,85946.625,10.82421875,0.7285500168800354
2023-06-01 19:12:49.336832,32.72999954223633,85944.75,10.84765625,0.7285500168800354
2023-06-01 19:12:50.337005,32.630001068115234,85946.21875,10.8935546875,0.647599995136261
2023-06-01 19:12:51.338533,32.599998474121094,85943.546875,10.9169921875,0.8904500007629395
2023-06-01 19:12:52.338863,32.54999923706055,85946.2109375,10.951171875,1.295199990272522
2023-06-01 19:12:53.340199,32.599998474121094,85944.84375,10.96484375,1.1332999467849731
2023-06-01 19:12:54.341366,32.599998474121094,85945.8984375,10.96484375,1.4571000337600708
2023-06-01 19:12:55.341998,32.59000015258789,85946.765625,10.9765625,1.4571000337600708
2023-06-01 19:12:56.343156,32.59000015258789,85948.640625,11.025390625,1.6190000772476196
2023-06-01 19:12:57.344916,32.59000015258789,85950.34375,11.048828125,1.5380500555038452
2023-06-01 19:12:58.344829,32.58000183105469,85947.015625,11.0732421875,1.295199990272522
2023-06-01 19:12:59.345632,32.61000061035156,85947.640625,11.0615234375,1.295199990272522
2023-06-01 19:13:00.346375,32.52000045776367,85947.015625,11.0595703125,1.0523500442504883
2023-06-01 19:13:01.348233,32.529998779296875,85945.8671875,11.095703125,0.7285500168800354
2023-06-01 19:13:02.348090,32.56999969482422,85948.84375,11.1328125,0.647599995136261
2023-06-01 19:13:03.349433,32.54999923706055,85947.1484375,11.1572265625,0.5666499733924866
2023-06-01 19:13:04.349746,32.58000183105469,85946.171875,11.1455078125,0.5666499733924866
2023-06-01 19:13:05.350192,32.560001373291016,85943.859375,11.14453125,0.5666499733924866
2023-06-01 19:13:06.351785,32.56999969482422,85946.640625,11.1572265625,0.7285500168800354
2023-06-01 19:13:07.352085,32.5,85943.453125,11.1796875,1.1332999467849731
2023-06-01 19:13:08.353457,32.5,85942.28125,11.2763671875,1.1332999467849731
2023-06-01 19:13:09.354682,32.56999969482422,85943.0625,11.27734375,35.698951721191406
2023-06-01 19:13:10.356281,32.58000183105469,85943.390625,11.2421875,0.9714000225067139
2023-06-01 19:13:11.357141,32.52000045776367,85943.8046875,11.2041015625,0.8095000386238098
2023-06-01 19:13:12.357481,32.47999954223633,85943.921875,11.2275390625,0.647599995136261
2023-06-01 19:13:13.359036,32.529998779296875,85944.734375,11.2529296875,0.48570001125335693
2023-06-01 19:13:14.359456,32.52000045776367,85944.4296875,11.2646484375,0.3237999975681305
2023-06-01 19:13:15.360942,32.4900016784668,85944.390625,11.32421875,0.24285000562667847
2023-06-01 19:13:16.361124,32.4900016784668,85945.0625,11.32421875,0.3237999975681305
2023-06-01 19:13:17.362282,32.43000030517578,85945.84375,11.26171875,0.4047500193119049
2023-06-01 19:13:18.362814,32.380001068115234,85947.015625,11.2490234375,0.8095000386238098
2023-06-01 19:13:19.364204,32.310001373291016,85946.3203125,11.22265625,0.8904500007629395
2023-06-01 19:13:20.366045,32.310001373291016,85948.265625,11.19921875,0.8904500007629395
2023-06-01 19:13:21.365957,32.380001068115234,85947.875,11.1767578125,0.9714000225067139
2023-06-01 19:13:22.366055,32.36000061035156,85949.375,11.1396484375,0.9714000225067139
2023-06-01 19:13:23.367556,32.38999938964844,85949.9375,11.12890625,1.0523500442504883
2023-06-01 19:13:24.368892,32.43000030517578,85951.171875,11.1533203125,1.0523500442504883
2023-06-01 19:13:25.369145,32.40999984741211,85948.875,11.2373046875,1.0523500442504883
2023-06-01 19:13:26.370476,32.43000030517578,85948.984375,11.2861328125,0.9714000225067139
2023-06-01 19:13:27.370978,32.470001220703125,85952.25,11.275390625,0.8904500007629395
2023-06-01 19:13:28.372183,32.459999084472656,85951.671875,11.2509765625,0.7285500168800354
2023-06-01 19:13:29.372498,32.4900016784668,85949.9375,11.2392578125,0.5666499733924866
2023-06-01 19:13:30.373911,32.540000915527344,85950.5625,11.228515625,0.48570001125335693
2023-06-01 19:13:31.377745,32.56999969482422,85950.640625,11.2412109375,0.48570001125335693
2023-06-01 19:13:32.378283,32.59000015258789,85951.328125,11.23046875,0.5666499733924866
2023-06-01 19:13:33.376208,32.599998474121094,85949.734375,11.2060546875,0.5666499733924866
2023-06-01 19:13:34.377441,32.58000183105469,85951.59375,11.1572265625,0.48570001125335693
2023-06-01 19:13:35.377557,32.58000183105469,85953.5625,11.1572265625,0.48570001125335693
2023-06-01 19:13:36.379044,32.58000183105469,85952.0546875,11.169921875,0.24285000562667847
2023-06-01 19:13:37.380427,32.4900016784668,85953.296875,11.119140625,0.4047500193119049
2023-06-01 19:13:38.382813,32.439998626708984,85950.25,11.10546875,0.3237999975681305
2023-06-01 19:13:39.382103,32.41999816894531,85948.453125,11.1171875,0.24285000562667847
2023-06-01 19:13:40.382345,32.400001525878906,85949.90625,11.12890625,0.24285000562667847
2023-06-01 19:13:41.383944,32.40999984741211,85947.984375,11.1533203125,0.16189999878406525
2023-06-01 19:13:42.384290,32.36000061035156,85948.7265625,11.1884765625,0.0
2023-06-01 19:13:43.387247,32.310001373291016,85948.5,11.22265625,0.0
2023-06-01 19:13:44.385647,32.290000915527344,85949.828125,11.24609375,0.0
2023-06-01 19:13:45.387134,32.220001220703125,85955.296875,11.28125,0.0
2023-06-01 19:13:46.387543,32.130001068115234,85953.2734375,11.2666015625,0.0
2023-06-01 19:13:47.388946,32.13999938964844,85955.546875,11.2548828125,0.0
2023-06-01 19:13:48.394972,32.099998474121094,85954.3125,11.2900390625,0.0
2023-06-01 19:13:49.391610,32.04999923706055,85956.65625,11.2763671875,0.0
2023-06-01 19:13:50.398201,31.969999313354492,85959.15625,11.2626953125,0.0
2023-06-01 19:13:51.393219,31.899999618530273,85963.4609375,11.2607421875,0.0
2023-06-01 19:13:52.397485,31.860000610351562,85963.828125,11.2724609375,0.0
2023-06-01 19:13:53.394981,31.809999465942383,85961.515625,11.3076171875,0.0
2023-06-01 19:13:54.396341,31.860000610351562,85962.109375,11.3203125,0.0
2023-06-01 19:13:55.396693,31.850000381469727,85961.0078125,11.3564453125,0.0
2023-06-01 19:13:56.398091,31.850000381469727,85961.3203125,11.3681640625,0.08094999939203262
2023-06-01 19:13:57.398433,31.81999969482422,85958.546875,11.3310546875,0.24285000562667847
2023-06-01 19:13:58.399804,31.809999465942383,85960.96875,11.3310546875,0.16189999878406525
2023-06-01 19:13:59.400130,31.739999771118164,85961.6484375,11.341796875,0.3237999975681305
2023-06-01 19:14:00.401348,31.75,85965.40625,11.365234375,0.4047500193119049
2023-06-01 19:14:01.404212,31.770000457763672,85963.7578125,11.40234375,0.4047500193119049
2023-06-01 19:14:02.403761,31.760000228881836,85961.484375,11.4384765625,0.3237999975681305
2023-06-01 19:14:03.404890,31.739999771118164,85961.2421875,11.4375,0.3237999975681305
2023-06-01 19:14:04.405559,31.729999542236328,85966.15625,11.4375,0.24285000562667847
2023-06-01 19:14:05.406517,31.700000762939453,85963.546875,11.4609375,0.3237999975681305
2023-06-01 19:14:06.406971,31.65999984741211,85966.21875,11.4716796875,0.3237999975681305
2023-06-01 19:14:07.408591,31.6299991607666,85967.46875,11.4345703125,0.24285000562667847
2023-06-01 19:14:08.408741,31.6200008392334,85968.546875,11.4228515625,0.08094999939203262
2023-06-01 19:14:09.410140,31.670000076293945,85967.5,11.3994140625,0.08094999939203262
2023-06-01 19:14:10.410691,31.709999084472656,85967.671875,11.388671875,0.08094999939203262
2023-06-01 19:14:11.411878,31.719999313354492,85968.171875,11.376953125,0.0
2023-06-01 19:14:12.412884,31.799999237060547,85969.734375,11.390625,0.0
2023-06-01 19:14:13.418776,31.829999923706055,85969.0390625,11.3916015625,0.0
2023-06-01 19:14:14.415777,31.809999465942383,85971.703125,11.4150390625,0.0
2023-06-01 19:14:15.415248,31.84000015258789,85971.1484375,11.4404296875,0.08094999939203262
2023-06-01 19:14:16.416833,31.8799991607666,85970.390625,11.4287109375,0.0
2023-06-01 19:14:17.417501,31.8700008392334,85969.921875,11.4287109375,0.24285000562667847
2023-06-01 19:14:18.418587,31.920000076293945,85970.265625,11.4423828125,0.4047500193119049
2023-06-01 19:14:19.420513,31.920000076293945,85972.1328125,11.478515625,0.48570001125335693
2023-06-01 19:14:20.420301,32.0,85967.84375,11.4560546875,0.5666499733924866
2023-06-01 19:14:21.421914,32.040000915527344,85972.2421875,11.4208984375,0.647599995136261
2023-06-01 19:14:22.423867,32.08000183105469,85968.0390625,11.41015625,0.5666499733924866
2023-06-01 19:14:23.429072,32.130001068115234,85966.96875,11.3994140625,0.647599995136261
2023-06-01 19:14:24.423918,32.18000030517578,85967.4765625,11.3759765625,0.647599995136261
2023-06-01 19:14:25.424102,32.22999954223633,85968.421875,11.341796875,0.5666499733924866
2023-06-01 19:14:26.425392,32.2599983215332,85968.03125,11.318359375,0.48570001125335693
2023-06-01 19:14:27.430485,32.310001373291016,85967.1640625,11.3193359375,0.48570001125335693
2023-06-01 19:14:28.428136,32.33000183105469,85967.375,11.2841796875,0.3237999975681305
2023-06-01 19:14:29.428990,32.349998474121094,85967.75,11.3203125,0.4047500193119049
2023-06-01 19:14:30.429571,32.41999816894531,85963.890625,11.3583984375,0.5666499733924866
2023-06-01 19:14:31.430924,32.470001220703125,85968.375,11.3232421875,0.48570001125335693
2023-06-01 19:14:32.431200,32.529998779296875,85967.046875,11.3486328125,0.48570001125335693
2023-06-01 19:14:33.432784,32.59000015258789,85968.484375,11.375,0.5666499733924866
2023-06-01 19:14:34.433074,32.59000015258789,85969.65625,11.3623046875,0.5666499733924866
2023-06-01 19:14:35.438229,32.63999938964844,85968.75,11.3271484375,0.7285500168800354
2023-06-01 19:14:36.435802,32.70000076293945,85968.59375,11.353515625,0.647599995136261
2023-06-01 19:14:37.435984,32.720001220703125,85968.6796875,11.330078125,0.7285500168800354
2023-06-01 19:14:38.436209,32.709999084472656,85967.921875,11.2685546875,0.647599995136261
2023-06-01 19:14:39.437711,32.75,85964.453125,11.2099609375,0.7285500168800354
2023-06-01 19:14:40.437824,32.7599983215332,85967.5,11.2216796875,0.9714000225067139
2023-06-01 19:14:41.439709,32.75,85966.21875,11.173828125,0.9714000225067139
2023-06-01 19:14:42.440730,32.81999969482422,85966.03125,11.1630859375,0.8904500007629395
2023-06-01 19:14:43.440767,32.86000061035156,85967.28125,11.140625,1.0523500442504883
2023-06-01 19:14:44.442319,32.810001373291016,85969.109375,11.0908203125,0.9714000225067139
2023-06-01 19:14:45.444191,32.849998474121094,85968.484375,11.0556640625,0.8904500007629395
2023-06-01 19:14:46.443908,32.880001068115234,85966.8125,11.0439453125,0.9714000225067139
2023-06-01 19:14:47.444810,32.86000061035156,85968.578125,11.01953125,1.0523500442504883
2023-06-01 19:14:48.446091,32.91999816894531,85967.6328125,10.9970703125,0.8904500007629395
2023-06-01 19:14:49.445792,32.939998626708984,85969.90625,10.9853515625,0.8095000386238098
2023-06-01 19:14:50.447427,33.0,85966.6875,10.9501953125,0.8904500007629395
2023-06-01 19:14:51.447520,33.029998779296875,85969.671875,10.9267578125,0.8095000386238098
2023-06-01 19:14:52.450298,33.040000915527344,85965.609375,10.927734375,0.7285500168800354
2023-06-01 19:14:53.449289,33.09000015258789,85966.15625,10.9404296875,0.7285500168800354
2023-06-01 19:14:54.450800,33.150001525878906,85968.03125,10.9541015625,0.7285500168800354
2023-06-01 19:14:55.452701,33.18000030517578,85969.8125,10.966796875,0.48570001125335693
2023-06-01 19:14:56.452366,33.220001220703125,85969.7109375,10.98046875,0.48570001125335693
2023-06-01 19:14:57.454190,33.2400016784668,85970.6875,10.9443359375,0.5666499733924866
2023-06-01 19:14:58.454612,33.2400016784668,85970.421875,10.8837890625,0.647599995136261
2023-06-01 19:14:59.455620,33.310001373291016,85969.484375,10.849609375,0.5666499733924866
2023-06-01 19:15:00.457203,33.33000183105469,85969.5546875,10.849609375,0.3237999975681305
2023-06-01 19:15:01.457221,33.33000183105469,85967.703125,10.837890625,0.3237999975681305
2023-06-01 19:15:02.458755,33.36000061035156,85972.109375,10.8623046875,0.5666499733924866
2023-06-01 19:15:03.458822,33.400001525878906,85968.5234375,10.83984375,0.48570001125335693
2023-06-01 19:15:04.459117,33.459999084472656,85971.046875,10.865234375,0.48570001125335693
2023-06-01 19:15:05.460522,33.47999954223633,85969.015625,10.8291015625,0.5666499733924866
2023-06-01 19:15:06.461828,33.5,85967.21875,10.7568359375,0.5666499733924866
2023-06-01 19:15:07.463302,33.560001373291016,85971.59375,10.7587890625,0.647599995136261
2023-06-01 19:15:08.464490,33.61000061035156,85970.015625,10.7236328125,0.5666499733924866
2023-06-01 19:15:09.464855,33.619998931884766,85969.421875,10.69921875,0.647599995136261
2023-06-01 19:15:10.468527,33.61000061035156,85964.8203125,10.6513671875,0.8904500007629395
2023-06-01 19:15:11.466483,33.63999938964844,85966.0625,10.5908203125,1.0523500442504883
2023-06-01 19:15:12.468015,33.68000030517578,85966.921875,10.5556640625,0.9714000225067139
2023-06-01 19:15:13.470708,33.650001525878906,85964.3046875,10.54296875,0.8904500007629395
2023-06-01 19:15:14.469672,33.650001525878906,85967.1875,10.54296875,0.8095000386238098
2023-06-01 19:15:15.469915,33.66999816894531,85967.171875,10.54296875,0.8904500007629395
2023-06-01 19:15:16.471467,33.689998626708984,85966.578125,10.5322265625,0.9714000225067139
2023-06-01 19:15:17.471689,33.70000076293945,85967.3125,10.5439453125,1.2142499685287476
2023-06-01 19:15:18.473326,33.720001220703125,85967.65625,10.6416015625,1.2142499685287476
2023-06-01 19:15:19.476754,33.7400016784668,85964.9921875,10.666015625,1.295199990272522
2023-06-01 19:15:20.476635,33.75,85964.046875,10.6298828125,1.295199990272522
2023-06-01 19:15:21.478221,33.7599983215332,85964.28125,10.5576171875,1.295199990272522
2023-06-01 19:15:22.479418,33.7599983215332,85963.2734375,10.5458984375,1.2142499685287476
2023-06-01 19:15:23.481229,33.75,85966.0859375,10.5693359375,1.2142499685287476
2023-06-01 19:15:24.480696,33.7400016784668,85965.953125,10.677734375,1.295199990272522
2023-06-01 19:15:25.480011,33.7400016784668,85965.28125,10.59375,1.3761500120162964
2023-06-01 19:15:26.480011,33.720001220703125,85964.140625,10.556640625,1.1332999467849731
2023-06-01 19:15:27.481536,33.75,85969.625,10.4970703125,0.8095000386238098
2023-06-01 19:15:28.483064,33.75,85966.0859375,10.4609375,0.647599995136261
2023-06-01 19:15:29.483249,33.75,85964.703125,10.4609375,0.5666499733924866
2023-06-01 19:15:30.487135,33.77000045776367,85968.7421875,10.4970703125,0.5666499733924866
2023-06-01 19:15:31.484798,33.77000045776367,85964.40625,10.509765625,0.8095000386238098
2023-06-01 19:15:32.485056,33.790000915527344,85967.421875,10.5341796875,1.295199990272522
2023-06-01 19:15:33.486407,33.79999923706055,85964.9375,10.607421875,1.2142499685287476
2023-06-01 19:15:34.487728,33.790000915527344,85964.515625,10.6787109375,1.295199990272522
2023-06-01 19:15:35.488032,33.810001373291016,85965.71875,10.607421875,1.1332999467849731
2023-06-01 19:15:36.489446,33.810001373291016,85967.984375,10.55859375,1.1332999467849731
2023-06-01 19:15:37.489798,33.79999923706055,85964.796875,10.5703125,1.4571000337600708
2023-06-01 19:15:38.493952,33.779998779296875,85968.171875,10.5703125,1.295199990272522
2023-06-01 19:15:39.491583,33.790000915527344,85967.78125,10.5947265625,1.1332999467849731
2023-06-01 19:15:40.492941,33.790000915527344,85966.265625,10.6064453125,0.9714000225067139
2023-06-01 19:15:41.493177,33.790000915527344,85965.9296875,10.6669921875,1.295199990272522
2023-06-01 19:15:42.494537,33.790000915527344,85965.5703125,10.6669921875,1.0523500442504883
2023-06-01 19:15:43.494910,33.79999923706055,85968.328125,10.751953125,1.295199990272522
2023-06-01 19:15:44.496384,33.81999969482422,85966.84375,10.7763671875,1.5380500555038452
2023-06-01 19:15:45.497742,33.810001373291016,85965.703125,10.763671875,1.5380500555038452
2023-06-01 19:15:46.499181,33.81999969482422,85971.09375,10.740234375,1.5380500555038452
2023-06-01 19:15:47.500762,33.81999969482422,85965.375,10.6923828125,1.699950098991394
2023-06-01 19:15:48.501143,33.86000061035156,85967.0234375,10.693359375,1.3761500120162964
2023-06-01 19:15:49.502021,33.869998931884766,85966.265625,10.6689453125,1.2142499685287476
2023-06-01 19:15:50.502602,33.86000061035156,85968.03125,10.65625,1.295199990272522
2023-06-01 19:15:51.504630,33.79999923706055,85966.515625,10.6669921875,1.1332999467849731
2023-06-01 19:15:52.504516,33.79999923706055,85965.171875,10.5947265625,0.8904500007629395
2023-06-01 19:15:53.506439,33.810001373291016,85964.2578125,10.55859375,0.647599995136261
2023-06-01 19:15:54.506855,33.81999969482422,85969.078125,10.53515625,0.8095000386238098
2023-06-01 19:15:55.507877,33.79999923706055,85967.859375,10.5947265625,1.0523500442504883
2023-06-01 19:15:56.508116,33.79999923706055,85967.6328125,10.6552734375,0.8904500007629395
2023-06-01 19:15:57.509628,33.81999969482422,85967.390625,10.6923828125,0.647599995136261
2023-06-01 19:15:58.510787,33.81999969482422,85968.40625,10.6923828125,0.8904500007629395
2023-06-01 19:15:59.511039,33.810001373291016,85966.734375,10.6552734375,0.9714000225067139
2023-06-01 19:16:00.512940,33.810001373291016,85965.9375,10.740234375,0.647599995136261
2023-06-01 19:16:01.513026,33.790000915527344,85965.546875,10.6552734375,0.647599995136261
2023-06-01 19:16:02.514730,33.79999923706055,85965.953125,10.5703125,0.8095000386238098
2023-06-01 19:16:03.515127,33.790000915527344,85966.578125,10.5341796875,1.0523500442504883
2023-06-01 19:16:04.516068,33.79999923706055,85968.015625,10.5341796875,0.8904500007629395
2023-06-01 19:16:05.516300,33.79999923706055,85967.984375,10.5947265625,0.9714000225067139
2023-06-01 19:16:06.517732,33.810001373291016,85966.7109375,10.6552734375,0.8904500007629395
2023-06-01 19:16:07.518119,33.79999923706055,85968.5390625,10.5947265625,0.7285500168800354
2023-06-01 19:16:08.519649,33.810001373291016,85966.796875,10.619140625,0.9714000225067139
2023-06-01 19:16:09.519870,33.779998779296875,85966.15625,10.6064453125,1.295199990272522
2023-06-01 19:16:10.521175,33.790000915527344,85967.78125,10.6064453125,1.2142499685287476
2023-06-01 19:16:11.521162,33.779998779296875,85967.140625,10.6552734375,1.295199990272522
2023-06-01 19:16:12.525423,33.790000915527344,85968.890625,10.6669921875,1.3761500120162964
2023-06-01 19:16:13.524411,33.790000915527344,85967.8828125,10.5947265625,1.0523500442504883
2023-06-01 19:16:14.525739,33.790000915527344,85969.296875,10.5703125,0.8904500007629395
2023-06-01 19:16:15.525623,33.790000915527344,85968.71875,10.6064453125,0.8904500007629395
2023-06-01 19:16:16.525945,33.7599983215332,85968.3203125,10.6787109375,1.0523500442504883
2023-06-01 19:16:17.527638,33.790000915527344,85968.453125,10.6796875,1.1332999467849731
2023-06-01 19:16:18.529323,33.7400016784668,85966.296875,10.60546875,1.0523500442504883
2023-06-01 19:16:19.529338,33.779998779296875,85964.328125,10.58203125,0.8904500007629395
2023-06-01 19:16:20.529453,33.810001373291016,85966.5625,10.5341796875,0.8904500007629395
2023-06-01 19:16:21.530940,33.83000183105469,85968.28125,10.5107421875,0.7285500168800354
2023-06-01 19:16:22.532491,33.83000183105469,85966.0625,10.5107421875,0.8904500007629395
2023-06-01 19:16:23.533031,33.83000183105469,85965.734375,10.486328125,0.8095000386238098
2023-06-01 19:16:24.535697,33.83000183105469,85965.734375,10.462890625,0.7285500168800354
2023-06-01 19:16:25.535610,33.86000061035156,85966.515625,10.4755859375,0.8095000386238098
2023-06-01 19:16:26.536782,33.869998931884766,85965.953125,10.560546875,0.9714000225067139
2023-06-01 19:16:27.536987,33.88999938964844,85968.875,10.5966796875,0.8095000386238098
2023-06-01 19:16:28.538464,33.880001068115234,85966.390625,10.6455078125,0.8095000386238098
2023-06-01 19:16:29.539885,33.90999984741211,85968.9765625,10.62109375,0.7285500168800354
2023-06-01 19:16:30.540133,33.900001525878906,85967.78125,10.609375,0.48570001125335693
2023-06-01 19:16:31.540197,33.90999984741211,85967.3125,10.5849609375,0.48570001125335693
2023-06-01 19:16:32.541976,33.93000030517578,85967.1953125,10.59765625,0.647599995136261
2023-06-01 19:16:33.541959,33.939998626708984,85968.5625,10.646484375,0.647599995136261
2023-06-01 19:16:34.544736,33.95000076293945,85966.296875,10.70703125,0.5666499733924866
2023-06-01 19:16:35.543703,33.91999816894531,85964.921875,10.6826171875,0.48570001125335693
2023-06-01 19:16:36.545065,33.93000030517578,85967.1953125,10.57421875,0.48570001125335693
2023-06-01 19:16:37.545213,33.95000076293945,85965.953125,10.4892578125,0.4047500193119049
2023-06-01 19:16:38.546600,33.939998626708984,85967.90625,10.4169921875,0.24285000562667847
2023-06-01 19:16:39.547984,33.93000030517578,85967.703125,10.4287109375,0.16189999878406525
2023-06-01 19:16:40.548376,33.939998626708984,85964.921875,10.4775390625,0.08094999939203262
2023-06-01 19:16:41.549559,33.93000030517578,85963.8046875,10.5615234375,0.0
2023-06-01 19:16:42.549909,33.91999816894531,85968.4375,10.5859375,0.08094999939203262
2023-06-01 19:16:43.553956,33.869998931884766,85968.6640625,10.560546875,0.16189999878406525
2023-06-01 19:16:44.551801,33.86000061035156,85968.75,10.572265625,0.08094999939203262
2023-06-01 19:16:45.553100,33.84000015258789,85966.15625,10.5234375,0.08094999939203262
2023-06-01 19:16:46.554844,33.84000015258789,85967.1875,10.5712890625,0.0
2023-06-01 19:16:47.555255,33.81999969482422,85967.5,10.5107421875,0.0
2023-06-01 19:16:48.555274,33.83000183105469,85967.6484375,10.53515625,0.0
2023-06-01 19:16:49.556808,33.83000183105469,85966.953125,10.546875,0.24285000562667847
2023-06-01 19:16:50.556916,33.83000183105469,85966.90625,10.486328125,0.3237999975681305
2023-06-01 19:16:51.559596,33.810001373291016,85968.3125,10.5224609375,0.4047500193119049
2023-06-01 19:16:52.560963,33.81999969482422,85965.375,10.6201171875,0.4047500193119049
2023-06-01 19:16:53.559938,33.810001373291016,85966.2265625,10.6435546875,0.4047500193119049
2023-06-01 19:16:54.561227,33.79999923706055,85965.46875,10.5830078125,0.24285000562667847
2023-06-01 19:16:55.561631,33.779998779296875,85965.84375,10.55859375,0.16189999878406525
2023-06-01 19:16:56.565345,33.84000015258789,85965.5,10.5712890625,0.16189999878406525
2023-06-01 19:16:57.565720,33.880001068115234,85966.375,10.572265625,0.24285000562667847
2023-06-01 19:16:58.564932,33.90999984741211,85965.609375,10.5849609375,0.3237999975681305
2023-06-01 19:16:59.566314,33.939998626708984,85964.734375,10.5986328125,0.3237999975681305
2023-06-01 19:17:00.566450,33.959999084472656,85967.265625,10.5380859375,0.48570001125335693
2023-06-01 19:17:01.566730,33.9900016784668,85967.3984375,10.5390625,0.4047500193119049
2023-06-01 19:17:02.568110,34.0099983215332,85966.6640625,10.576171875,0.48570001125335693
2023-06-01 19:17:03.569505,34.040000915527344,85965.21875,10.576171875,0.4047500193119049
2023-06-01 19:17:04.572937,34.04999923706055,85965.0546875,10.552734375,0.3237999975681305
2023-06-01 19:17:05.575212,34.029998779296875,85967.71875,10.63671875,0.5666499733924866
2023-06-01 19:17:06.572656,34.09000015258789,85966.5546875,10.7099609375,0.7285500168800354
2023-06-01 19:17:07.573947,34.09000015258789,85971.2890625,10.662109375,0.8904500007629395
2023-06-01 19:17:08.574147,34.13999938964844,85966.140625,10.67578125,0.8904500007629395
2023-06-01 19:17:09.577682,34.08000183105469,85969.3125,10.5771484375,0.647599995136261
2023-06-01 19:17:10.577330,34.04999923706055,85967.8984375,10.5283203125,0.48570001125335693
2023-06-01 19:17:11.578438,34.099998474121094,85969.78125,10.4931640625,0.5666499733924866
2023-06-01 19:17:12.577723,34.09000015258789,85970.046875,10.4921875,0.647599995136261
2023-06-01 19:17:13.581242,34.08000183105469,85969.3515625,10.4443359375,1.1332999467849731
2023-06-01 19:17:14.580912,34.16999816894531,85971.0703125,10.4462890625,1.0523500442504883
2023-06-01 19:17:15.582922,34.150001525878906,85970.984375,10.3857421875,1.3761500120162964
2023-06-01 19:17:16.581148,34.22999954223633,85966.7890625,10.375,1.2142499685287476
2023-06-01 19:17:17.582517,34.22999954223633,85971.484375,10.36328125,1.2142499685287476
2023-06-01 19:17:18.583894,34.279998779296875,85969.6953125,10.3515625,0.8904500007629395
2023-06-01 19:17:19.584226,34.31999969482422,85966.1875,10.365234375,0.9714000225067139
2023-06-01 19:17:20.585532,34.34000015258789,85968.40625,10.42578125,1.2142499685287476
2023-06-01 19:17:21.585867,34.36000061035156,85967.015625,10.4501953125,1.4571000337600708
2023-06-01 19:17:22.587275,34.38999938964844,85967.140625,10.5,1.295199990272522
2023-06-01 19:17:23.587682,34.41999816894531,85967.59375,10.5126953125,1.2142499685287476
2023-06-01 19:17:24.588939,34.43000030517578,85968.328125,10.537109375,1.0523500442504883
2023-06-01 19:17:25.591269,34.4900016784668,85967.328125,10.57421875,1.780900001525879
2023-06-01 19:17:26.594638,34.529998779296875,85968.890625,10.5390625,1.8618501424789429
2023-06-01 19:17:27.590982,34.5,85972.328125,10.4658203125,1.4571000337600708
2023-06-01 19:17:28.592420,34.540000915527344,85970.109375,10.41796875,1.3761500120162964
2023-06-01 19:17:29.592771,34.540000915527344,85967.4375,10.3935546875,1.3761500120162964
2023-06-01 19:17:30.595969,34.56999969482422,85970.6953125,10.3466796875,1.699950098991394
2023-06-01 19:17:31.595487,34.52000045776367,85967.21875,10.2724609375,1.5380500555038452
2023-06-01 19:17:32.596260,34.5,85967.28125,10.236328125,1.295199990272522
2023-06-01 19:17:33.597705,34.41999816894531,85968.625,10.2099609375,1.295199990272522
2023-06-01 19:17:34.597793,34.5099983215332,85973.53125,10.19921875,1.3761500120162964
2023-06-01 19:17:35.599465,34.540000915527344,85971.859375,10.1884765625,1.5380500555038452
2023-06-01 19:17:36.599395,34.560001373291016,85968.78125,10.140625,2.1047000885009766
2023-06-01 19:17:37.601039,34.599998474121094,85968.78125,10.2021484375,2.2665998935699463
2023-06-01 19:17:38.602943,34.630001068115234,85969.015625,10.23828125,1.9428000450134277
2023-06-01 19:17:39.602896,34.650001525878906,85967.390625,10.275390625,1.8618501424789429
2023-06-01 19:17:40.604816,34.619998931884766,85969.5,10.2021484375,1.9428000450134277
2023-06-01 19:17:41.604741,34.529998779296875,85968.90625,10.115234375,1.699950098991394
2023-06-01 19:17:42.605827,34.56999969482422,85964.171875,10.1279296875,2.1047000885009766
2023-06-01 19:17:43.607290,34.560001373291016,85970.109375,10.140625,2.590399980545044
2023-06-01 19:17:44.609929,34.58000183105469,85967.265625,10.1650390625,2.6713502407073975
2023-06-01 19:17:45.609192,34.560001373291016,85964.90625,10.1640625,2.428499937057495
2023-06-01 19:17:46.610459,34.599998474121094,85969.578125,10.1171875,1.9428000450134277
2023-06-01 19:17:47.610752,34.619998931884766,85970.15625,10.10546875,1.8618501424789429
2023-06-01 19:17:48.612312,34.619998931884766,85968.78125,10.12890625,1.4571000337600708
2023-06-01 19:17:49.620559,34.65999984741211,85968.609375,10.1298828125,1.780900001525879
2023-06-01 19:17:50.614150,34.65999984741211,85970.2734375,10.154296875,2.1047000885009766
2023-06-01 19:17:51.616024,34.619998931884766,85968.6328125,10.2021484375,2.833250045776367
2023-06-01 19:17:52.617671,34.54999923706055,85972.0625,10.2734375,2.7523000240325928
2023-06-01 19:17:53.619992,34.470001220703125,85969.828125,10.22265625,3.2380001544952393
2023-06-01 19:17:54.617230,34.439998626708984,85967.421875,10.1982421875,2.833250045776367
2023-06-01 19:17:55.618833,34.43000030517578,85969.1875,10.1611328125,2.833250045776367
2023-06-01 19:17:56.618989,34.380001068115234,85968.578125,10.208984375,2.3475501537323
2023-06-01 19:17:57.623944,34.400001525878906,85970.09375,10.26953125,2.428499937057495
2023-06-01 19:17:58.621117,34.369998931884766,85969.140625,10.353515625,2.1047000885009766
2023-06-01 19:17:59.626589,34.310001373291016,85969.3046875,10.328125,1.3761500120162964
2023-06-01 19:18:00.622271,34.34000015258789,85969.2421875,10.4013671875,1.295199990272522
2023-06-01 19:18:01.624597,34.31999969482422,85969.578125,10.42578125,1.2142499685287476
2023-06-01 19:18:02.625808,34.369998931884766,85970.828125,10.4267578125,1.6190000772476196
2023-06-01 19:18:03.625956,34.380001068115234,85969.75,10.4150390625,2.2665998935699463
2023-06-01 19:18:04.626191,34.40999984741211,85972.1875,10.4033203125,2.3475501537323
2023-06-01 19:18:05.627587,34.41999816894531,85971.4453125,10.4150390625,1.3761500120162964
2023-06-01 19:18:06.627629,34.459999084472656,85969.8125,10.4404296875,1.4571000337600708
2023-06-01 19:18:07.628937,34.5099983215332,85972.859375,10.3935546875,1.4571000337600708
2023-06-01 19:18:08.636288,34.41999816894531,85972.796875,10.318359375,1.295199990272522
2023-06-01 19:18:09.630723,34.470001220703125,85968.171875,10.34375,1.5380500555038452
2023-06-01 19:18:10.631811,34.45000076293945,85970.203125,10.271484375,1.2142499685287476
2023-06-01 19:18:11.634361,34.41999816894531,85969.125,10.2099609375,0.647599995136261
2023-06-01 19:18:12.633393,34.459999084472656,85969.6171875,10.1865234375,0.16189999878406525
2023-06-01 19:18:13.636966,34.52000045776367,85969.9140625,10.2119140625,0.24285000562667847
2023-06-01 19:18:14.638983,34.56999969482422,85968.84375,10.2255859375,1.3761500120162964
2023-06-01 19:18:15.635938,34.619998931884766,85970.953125,10.2021484375,1.5380500555038452
2023-06-01 19:18:16.639153,34.599998474121094,85970.75,10.2138671875,1.3761500120162964
2023-06-01 19:18:17.637452,34.529998779296875,85972.421875,10.2119140625,1.1332999467849731
2023-06-01 19:18:18.638429,34.47999954223633,85970.78125,10.3447265625,0.7285500168800354
2023-06-01 19:18:19.641328,34.540000915527344,85971.1171875,10.3701171875,0.4047500193119049
2023-06-01 19:18:20.640162,34.58000183105469,85969.3046875,10.310546875,1.295199990272522
2023-06-01 19:18:21.641608,34.43000030517578,85971.734375,10.22265625,1.5380500555038452
2023-06-01 19:18:22.642870,34.380001068115234,85971.4375,10.2333984375,1.699950098991394
2023-06-01 19:18:23.644432,34.34000015258789,85970.921875,10.1962890625,1.6190000772476196
2023-06-01 19:18:24.644751,34.290000915527344,85970.859375,10.158203125,0.9714000225067139
2023-06-01 19:18:25.648082,34.2400016784668,85972.4296875,10.2060546875,0.647599995136261
2023-06-01 19:18:26.646798,34.189998626708984,85972.4375,10.265625,0.4047500193119049
2023-06-01 19:18:27.647738,34.16999816894531,85971.234375,10.3134765625,0.5666499733924866
2023-06-01 19:18:28.648010,34.13999938964844,85972.546875,10.3486328125,1.0523500442504883
2023-06-01 19:18:29.649273,34.099998474121094,85971.375,10.408203125,0.9714000225067139
2023-06-01 19:18:30.649654,34.06999969482422,85973.75,10.419921875,1.295199990272522
2023-06-01 19:18:31.651101,34.0099983215332,85970.7265625,10.5029296875,0.9714000225067139
2023-06-01 19:18:32.654194,34.029998779296875,85970.875,10.6240234375,0.8904500007629395
2023-06-01 19:18:33.652757,34.06999969482422,85968.90625,10.734375,1.0523500442504883
2023-06-01 19:18:34.655021,34.099998474121094,85972.3203125,10.734375,1.1332999467849731
2023-06-01 19:18:35.654609,34.09000015258789,85970.421875,10.7470703125,1.4571000337600708
2023-06-01 19:18:36.656302,34.060001373291016,85967.2890625,10.685546875,1.5380500555038452
2023-06-01 19:18:37.656261,34.08000183105469,85972.15625,10.7705078125,1.780900001525879
2023-06-01 19:18:38.658048,34.04999923706055,85970.3515625,10.7333984375,1.4571000337600708
2023-06-01 19:18:39.658123,33.939998626708984,85972.140625,10.5615234375,1.295199990272522
2023-06-01 19:18:40.659403,33.880001068115234,85971.0625,10.451171875,1.2142499685287476
2023-06-01 19:18:41.659825,33.790000915527344,85969.4375,10.4736328125,0.8095000386238098
2023-06-01 19:18:42.663260,33.75,85967.7265625,10.5693359375,0.48570001125335693
2023-06-01 19:18:43.662536,33.75,85967.921875,10.666015625,0.8904500007629395
2023-06-01 19:18:44.662961,33.75,85965.921875,10.7626953125,0.9714000225067139
2023-06-01 19:18:45.663207,33.7400016784668,85966.65625,10.73828125,1.295199990272522
2023-06-01 19:18:46.664501,33.7400016784668,85967.9765625,10.7138671875,1.4571000337600708
2023-06-01 19:18:47.665066,33.68000030517578,85968.671875,10.640625,1.3761500120162964
2023-06-01 19:18:48.666343,33.599998474121094,85968.09375,10.6630859375,2.023750066757202
2023-06-01 19:18:49.667748,33.540000915527344,85972.234375,10.6005859375,1.9428000450134277
2023-06-01 19:18:50.669545,33.40999984741211,85970.9375,10.658203125,1.8618501424789429
2023-06-01 19:18:51.669248,33.380001068115234,85972.1484375,10.73046875,1.9428000450134277
2023-06-01 19:18:52.669535,33.33000183105469,85974.265625,10.7890625,1.8618501424789429
2023-06-01 19:18:53.674231,33.27000045776367,85969.53125,10.8369140625,1.9428000450134277
2023-06-01 19:18:54.673614,33.2599983215332,85972.609375,11.029296875,1.8618501424789429
2023-06-01 19:18:55.672683,33.25,85969.46875,11.11328125,1.5380500555038452
2023-06-01 19:18:56.673107,33.16999816894531,85969.9375,11.0029296875,1.295199990272522
2023-06-01 19:18:57.674480,33.13999938964844,85966.796875,10.91796875,1.1332999467849731
2023-06-01 19:18:58.674810,33.060001373291016,85969.796875,11.0361328125,0.8904500007629395
2023-06-01 19:18:59.676272,33.0,85967.890625,10.962890625,0.8095000386238098
2023-06-01 19:19:00.677395,32.91999816894531,85968.6640625,10.900390625,0.8095000386238098
2023-06-01 19:19:01.678976,32.86000061035156,85969.609375,10.9228515625,0.9714000225067139
2023-06-01 19:19:02.680180,32.84000015258789,85968.90625,11.103515625,1.0523500442504883
2023-06-01 19:19:03.680499,32.810001373291016,85968.296875,11.138671875,0.8904500007629395
2023-06-01 19:19:04.681926,32.70000076293945,85968.9765625,11.076171875,0.7285500168800354
2023-06-01 19:19:05.682233,32.65999984741211,85966.9375,11.123046875,0.9714000225067139
2023-06-01 19:19:06.685383,32.65999984741211,85967.96875,11.2197265625,0.5666499733924866
2023-06-01 19:19:07.684156,32.619998931884766,85969.2109375,11.23046875,0.16189999878406525
2023-06-01 19:19:08.685305,32.59000015258789,85968.65625,11.314453125,0.08094999939203262
2023-06-01 19:19:09.687093,32.54999923706055,85971.90625,11.3251953125,0.08094999939203262
2023-06-01 19:19:10.686992,32.5,85970.828125,11.3359375,0.48570001125335693
2023-06-01 19:19:11.687258,32.459999084472656,85971.1328125,11.3115234375,0.8095000386238098
2023-06-01 19:19:12.688679,32.40999984741211,85972.8828125,11.2861328125,1.0523500442504883
2023-06-01 19:19:13.689130,32.33000183105469,85970.953125,11.19921875,0.9714000225067139
2023-06-01 19:19:14.690447,32.27000045776367,85972.3828125,11.2705078125,0.8095000386238098
2023-06-01 19:19:15.691898,32.189998626708984,85971.453125,11.255859375,0.647599995136261
2023-06-01 19:19:16.692188,32.130001068115234,85970.1796875,11.2666015625,0.4047500193119049
2023-06-01 19:19:17.696678,32.04999923706055,85974.28125,11.2041015625,0.48570001125335693
2023-06-01 19:19:18.694498,31.979999542236328,85971.421875,11.1904296875,0.9714000225067139
2023-06-01 19:19:19.695772,31.899999618530273,85969.1875,11.2490234375,1.1332999467849731
2023-06-01 19:19:20.695935,31.850000381469727,85972.625,11.2841796875,1.0523500442504883
2023-06-01 19:19:21.697343,31.780000686645508,85971.40625,11.318359375,1.0523500442504883
2023-06-01 19:19:22.697496,31.739999771118164,85973.828125,11.353515625,0.9714000225067139
2023-06-01 19:19:23.698942,31.709999084472656,85974.046875,11.4609375,0.8095000386238098
2023-06-01 19:19:24.699136,31.65999984741211,85971.296875,11.6044921875,0.7285500168800354
2023-06-01 19:19:25.700896,31.600000381469727,85972.71875,11.6025390625,0.647599995136261
2023-06-01 19:19:26.700827,31.540000915527344,85972.84375,11.6728515625,0.647599995136261
2023-06-01 19:19:27.703749,31.5,85974.59375,11.7080078125,0.647599995136261
2023-06-01 19:19:28.704871,31.489999771118164,85972.4453125,11.81640625,0.8095000386238098
2023-06-01 19:19:29.705010,31.43000030517578,85974.578125,11.8271484375,0.7285500168800354
2023-06-01 19:19:30.706068,31.3799991607666,85973.3125,11.861328125,0.7285500168800354
2023-06-01 19:19:31.706298,31.350000381469727,85974.65625,11.884765625,0.48570001125335693
2023-06-01 19:19:32.707308,31.350000381469727,85972.1640625,11.95703125,0.4047500193119049
2023-06-01 19:19:33.708176,31.239999771118164,85973.4609375,11.91796875,0.3237999975681305
2023-06-01 19:19:34.709406,31.229999542236328,85971.9765625,11.9892578125,0.24285000562667847
2023-06-01 19:19:35.712700,31.200000762939453,85977.171875,12.0126953125,0.4047500193119049
2023-06-01 19:19:36.711161,31.200000762939453,85977.6953125,12.0732421875,0.5666499733924866
2023-06-01 19:19:37.711654,31.209999084472656,85979.109375,12.2294921875,0.5666499733924866
2023-06-01 19:19:38.712949,31.239999771118164,85975.46875,12.4111328125,0.647599995136261
2023-06-01 19:19:39.715132,31.200000762939453,85981.359375,12.2412109375,0.8095000386238098
2023-06-01 19:19:40.716252,31.15999984741211,85976.953125,12.2041015625,1.1332999467849731
2023-06-01 19:19:41.718958,31.149999618530273,85976.0,12.2275390625,1.3761500120162964
2023-06-01 19:19:42.718632,31.139999389648438,85976.953125,12.240234375,1.5380500555038452
2023-06-01 19:19:43.719741,31.09000015258789,85976.59375,12.08203125,1.6190000772476196
2023-06-01 19:19:44.718869,31.030000686645508,85975.5078125,12.1044921875,1.6190000772476196
2023-06-01 19:19:45.720176,31.020000457763672,85973.5703125,12.1396484375,1.3761500120162964
2023-06-01 19:19:46.720739,31.0,85975.25,12.1162109375,1.0523500442504883
2023-06-01 19:19:47.722809,31.0,85971.3671875,12.2353515625,1.2142499685287476
2023-06-01 19:19:48.722064,31.020000457763672,85977.3046875,12.2001953125,1.295199990272522
2023-06-01 19:19:49.723803,31.010000228881836,85975.8671875,12.1884765625,1.295199990272522
2023-06-01 19:19:50.724105,30.969999313354492,85973.953125,12.138671875,1.1332999467849731
2023-06-01 19:19:51.725401,30.979999542236328,85971.703125,12.2470703125,1.0523500442504883
2023-06-01 19:19:52.725805,30.989999771118164,85973.1875,12.248046875,0.8904500007629395
2023-06-01 19:19:53.727021,30.950000762939453,85972.3671875,12.1142578125,0.8904500007629395
2023-06-01 19:19:54.728485,30.93000030517578,85973.34375,12.078125,0.8095000386238098
2023-06-01 19:19:55.730263,30.90999984741211,85973.15625,12.041015625,0.647599995136261
2023-06-01 19:19:56.730089,30.850000381469727,85973.9609375,12.02734375,0.647599995136261
2023-06-01 19:19:57.730398,30.850000381469727,85975.4453125,12.16015625,0.7285500168800354
2023-06-01 19:19:58.731652,30.850000381469727,85976.828125,12.2919921875,0.7285500168800354
2023-06-01 19:19:59.731965,30.90999984741211,85976.046875,12.365234375,0.7285500168800354
2023-06-01 19:20:00.733885,30.90999984741211,85974.6640625,12.2568359375,0.8095000386238098
2023-06-01 19:20:01.733613,30.8700008392334,85976.953125,12.255859375,0.7285500168800354
2023-06-01 19:20:02.735651,30.84000015258789,85974.5078125,12.2431640625,0.647599995136261
2023-06-01 19:20:03.736226,30.799999237060547,85974.9375,12.2548828125,0.5666499733924866
2023-06-01 19:20:04.736679,30.729999542236328,85974.5625,12.240234375,0.48570001125335693
2023-06-01 19:20:05.737410,30.690000534057617,85975.203125,12.251953125,0.3237999975681305
2023-06-01 19:20:06.739517,30.6200008392334,85978.0078125,12.2373046875,0.24285000562667847
2023-06-01 19:20:07.739785,30.600000381469727,85972.8125,12.3212890625,0.24285000562667847
2023-06-01 19:20:08.740025,30.649999618530273,85975.140625,12.39453125,0.08094999939203262
2023-06-01 19:20:09.741561,30.59000015258789,85973.359375,12.3330078125,0.0
2023-06-01 19:20:10.741982,30.559999465942383,85972.1796875,12.35546875,0.0
2023-06-01 19:20:11.743188,30.510000228881836,85972.078125,12.294921875,0.0
2023-06-01 19:20:12.743533,30.43000030517578,85976.640625,12.3046875,0.0
2023-06-01 19:20:13.744775,30.389999389648438,85971.1796875,12.3037109375,0.0
2023-06-01 19:20:14.745080,30.299999237060547,85974.6875,12.3134765625,0.0
2023-06-01 19:20:15.746705,30.290000915527344,85972.0625,12.384765625,0.0
2023-06-01 19:20:16.746964,30.229999542236328,85974.2578125,12.3828125,0.0
2023-06-01 19:20:17.748811,30.149999618530273,85974.8046875,12.392578125,0.0
2023-06-01 19:20:18.749561,30.110000610351562,85969.1015625,12.5,0.08094999939203262
2023-06-01 19:20:19.750935,30.15999984741211,85971.109375,12.5966796875,0.16189999878406525
2023-06-01 19:20:20.752385,30.1299991607666,85971.9765625,12.6083984375,0.48570001125335693
2023-06-01 19:20:21.752843,30.079999923706055,85970.59375,12.654296875,0.647599995136261
2023-06-01 19:20:22.754099,30.09000015258789,85972.7265625,12.703125,0.9714000225067139
2023-06-01 19:20:23.754478,30.079999923706055,85971.015625,12.6787109375,1.1332999467849731
2023-06-01 19:20:24.755941,30.0,85972.4453125,12.6640625,1.3761500120162964
2023-06-01 19:20:25.756120,29.950000762939453,85973.453125,12.626953125,1.295199990272522
2023-06-01 19:20:26.757561,29.969999313354492,85971.6484375,12.67578125,1.4571000337600708
2023-06-01 19:20:27.757904,29.940000534057617,85975.71875,12.638671875,1.780900001525879
2023-06-01 19:20:28.759261,29.850000381469727,85974.765625,12.576171875,1.9428000450134277
2023-06-01 19:20:29.759571,29.829999923706055,85975.40625,12.599609375,1.699950098991394
2023-06-01 19:20:30.762523,29.799999237060547,85973.59375,12.6103515625,1.5380500555038452
2023-06-01 19:20:31.761384,29.770000457763672,85975.390625,12.7060546875,1.3761500120162964
2023-06-01 19:20:32.764959,29.770000457763672,85973.5546875,12.8017578125,1.295199990272522
2023-06-01 19:20:33.764045,29.719999313354492,85976.15625,12.82421875,1.2142499685287476
2023-06-01 19:20:34.764418,29.719999313354492,85976.75,12.8359375,1.1332999467849731
2023-06-01 19:20:35.765842,29.65999984741211,85974.53125,12.7861328125,1.0523500442504883
2023-06-01 19:20:36.766071,29.65999984741211,85975.3125,12.798828125,0.8095000386238098
2023-06-01 19:20:37.767772,29.610000610351562,85974.46875,12.7490234375,0.9714000225067139
2023-06-01 19:20:38.767858,29.579999923706055,85975.53125,12.748046875,1.0523500442504883
2023-06-01 19:20:39.769164,29.559999465942383,85974.328125,12.759765625,1.3761500120162964
2023-06-01 19:20:40.769507,29.540000915527344,85971.734375,12.783203125,1.5380500555038452
2023-06-01 19:20:41.770989,29.530000686645508,85975.28125,12.8779296875,1.4571000337600708
2023-06-01 19:20:42.771251,29.530000686645508,85974.828125,12.974609375,1.5380500555038452
2023-06-01 19:20:43.772846,29.549999237060547,85972.3359375,13.0224609375,1.780900001525879
2023-06-01 19:20:44.772988,29.520000457763672,85975.90625,13.0576171875,2.023750066757202
2023-06-01 19:20:45.774358,29.520000457763672,85974.6796875,13.0693359375,2.023750066757202
2023-06-01 19:20:46.776563,29.479999542236328,85972.0078125,12.984375,1.699950098991394
2023-06-01 19:20:47.776280,29.459999084472656,85974.546875,12.900390625,1.3761500120162964
2023-06-01 19:20:48.777752,29.450000762939453,85974.9921875,12.8642578125,1.2142499685287476
2023-06-01 19:20:49.777898,29.43000030517578,85974.4296875,12.8759765625,1.2142499685287476
2023-06-01 19:20:50.780854,29.3700008392334,85974.65625,12.91015625,0.9714000225067139
2023-06-01 19:20:51.779599,29.350000381469727,85972.609375,12.95703125,0.9714000225067139
2023-06-01 19:20:52.781101,29.34000015258789,85973.515625,12.9921875,1.1332999467849731
2023-06-01 19:20:53.781249,29.329999923706055,85973.296875,13.0283203125,1.2142499685287476
2023-06-01 19:20:54.782654,29.3700008392334,85975.265625,13.0771484375,1.3761500120162964
2023-06-01 19:20:55.783114,29.31999969482422,85974.1953125,13.00390625,1.699950098991394
2023-06-01 19:20:56.784381,29.31999969482422,85972.78125,13.087890625,1.3761500120162964
2023-06-01 19:20:57.785815,29.3799991607666,85978.765625,13.1015625,1.295199990272522
2023-06-01 19:20:58.787172,29.40999984741211,85974.875,13.162109375,1.2142499685287476
2023-06-01 19:20:59.788480,29.420000076293945,85975.1875,13.1630859375,1.3761500120162964
2023-06-01 19:21:00.788838,29.399999618530273,85975.984375,13.0068359375,1.5380500555038452
2023-06-01 19:21:01.790313,29.329999923706055,85970.7109375,12.908203125,1.3761500120162964
2023-06-01 19:21:02.792967,29.350000381469727,85972.3046875,12.8974609375,1.6190000772476196
2023-06-01 19:21:03.792254,29.399999618530273,85970.921875,12.958984375,2.185650110244751
2023-06-01 19:21:04.792583,29.389999389648438,85974.140625,12.921875,2.1047000885009766
2023-06-01 19:21:05.793631,29.350000381469727,85972.0859375,12.861328125,1.8618501424789429
2023-06-01 19:21:06.794312,29.360000610351562,85974.5546875,12.8740234375,1.6190000772476196
2023-06-01 19:21:07.795347,29.3799991607666,85973.703125,12.8857421875,1.3761500120162964
2023-06-01 19:21:08.796431,29.399999618530273,85973.4375,12.982421875,1.699950098991394
2023-06-01 19:21:09.796981,29.440000534057617,85974.921875,13.1630859375,1.699950098991394
2023-06-01 19:21:10.797741,29.489999771118164,85974.734375,13.224609375,1.5380500555038452
2023-06-01 19:21:11.799499,29.510000228881836,85973.453125,13.2373046875,1.3761500120162964
2023-06-01 19:21:12.800447,29.530000686645508,85972.515625,13.28515625,1.5380500555038452
2023-06-01 19:21:13.800938,29.520000457763672,85969.234375,13.2138671875,1.4571000337600708
2023-06-01 19:21:14.802370,29.520000457763672,85970.578125,13.1181640625,1.4571000337600708
2023-06-01 19:21:15.806876,29.510000228881836,85972.7890625,13.0458984375,1.9428000450134277
2023-06-01 19:21:16.807961,29.5,85973.1640625,12.9609375,1.8618501424789429
2023-06-01 19:21:17.805608,29.5,85972.2109375,13.009765625,1.780900001525879
2023-06-01 19:21:18.806844,29.559999465942383,85971.171875,13.1904296875,1.699950098991394
2023-06-01 19:21:19.807188,29.579999923706055,85971.1875,13.1787109375,1.4571000337600708
2023-06-01 19:21:20.807719,29.610000610351562,85972.109375,13.16796875,1.3761500120162964
2023-06-01 19:21:21.807724,29.610000610351562,85970.9609375,13.14453125,1.1332999467849731
2023-06-01 19:21:22.809285,29.639999389648438,85970.265625,13.205078125,0.9714000225067139
2023-06-01 19:21:23.809432,29.68000030517578,85972.6953125,13.169921875,0.9714000225067139
2023-06-01 19:21:24.811022,29.670000076293945,85974.078125,13.07421875,1.1332999467849731
2023-06-01 19:21:25.812867,29.670000076293945,85972.59375,13.0380859375,1.0523500442504883
2023-06-01 19:21:26.815018,29.670000076293945,85972.28125,13.05078125,0.9714000225067139
2023-06-01 19:21:27.817734,29.709999084472656,85969.203125,13.0517578125,0.8095000386238098
2023-06-01 19:21:28.814157,29.65999984741211,85973.46875,12.9423828125,0.8095000386238098
2023-06-01 19:21:29.815509,29.610000610351562,85970.453125,12.8447265625,0.8095000386238098
2023-06-01 19:21:30.816171,29.559999465942383,85971.296875,12.8076171875,0.7285500168800354
2023-06-01 19:21:31.817474,29.540000915527344,85972.953125,12.783203125,0.7285500168800354
2023-06-01 19:21:32.817956,29.530000686645508,85971.84375,12.806640625,0.647599995136261
2023-06-01 19:21:33.819128,29.540000915527344,85974.0703125,12.8662109375,0.9714000225067139
2023-06-01 19:21:34.819406,29.540000915527344,85970.390625,12.90234375,1.1332999467849731
2023-06-01 19:21:35.820716,29.549999237060547,85973.359375,12.9873046875,1.1332999467849731
2023-06-01 19:21:36.822906,29.59000015258789,85970.9765625,13.107421875,1.0523500442504883
2023-06-01 19:21:37.835457,29.600000381469727,85970.53125,13.01171875,1.1332999467849731
2023-06-01 19:21:38.825116,29.56999969482422,85972.703125,12.962890625,1.2142499685287476
2023-06-01 19:21:39.825243,29.559999465942383,85973.46875,13.0224609375,1.295199990272522
2023-06-01 19:21:40.826454,29.6200008392334,85973.546875,13.2041015625,1.295199990272522
2023-06-01 19:21:41.827316,29.649999618530273,85973.1796875,13.1572265625,1.3761500120162964
2023-06-01 19:21:42.828276,29.579999923706055,85972.5,13.01171875,1.295199990272522
2023-06-01 19:21:43.829098,29.530000686645508,85969.59375,12.9267578125,1.5380500555038452
2023-06-01 19:21:44.829928,29.520000457763672,85970.3828125,12.8779296875,1.8618501424789429
2023-06-01 19:21:45.830219,29.489999771118164,85972.5859375,12.9013671875,1.699950098991394
2023-06-01 19:21:46.831984,29.489999771118164,85971.0546875,12.9609375,1.6190000772476196
2023-06-01 19:21:47.832131,29.5,85971.46875,13.021484375,1.4571000337600708
2023-06-01 19:21:48.833454,29.530000686645508,85971.1015625,13.10546875,1.295199990272522
2023-06-01 19:21:49.833527,29.579999923706055,85971.6875,13.2509765625,1.3761500120162964
2023-06-01 19:21:50.835647,29.600000381469727,85972.25,13.2275390625,1.6190000772476196
2023-06-01 19:21:51.836514,29.579999923706055,85973.859375,13.1552734375,1.3761500120162964
2023-06-01 19:21:52.836589,29.559999465942383,85969.3359375,13.119140625,1.4571000337600708
2023-06-01 19:21:53.839387,29.579999923706055,85972.5234375,13.119140625,1.780900001525879
2023-06-01 19:21:54.842062,29.600000381469727,85970.40625,13.1083984375,1.780900001525879
                                                                                                                                                                                                                                                                                   