timestamp,temperature(C),pressure(Pa),humidity(%),wind speed(m/s)
2023-06-01 19:03:18.100854,29.219999313354492,85950.3984375,13.4912109375,0.3237999975681305
2023-06-01 19:03:19.099750,29.229999542236328,85953.015625,13.515625,0.4047500193119049
2023-06-01 19:03:20.101172,29.229999542236328,85953.203125,13.5517578125,0.5666499733924866
2023-06-01 19:03:21.106804,29.239999771118164,85953.46875,13.587890625,0.48570001125335693
2023-06-01 19:03:22.104277,29.25,85953.1640625,13.587890625,0.4047500193119049
2023-06-01 19:03:23.105061,29.25,85950.34375,13.587890625,0.5666499733924866
2023-06-01 19:03:24.110730,29.239999771118164,85948.625,13.599609375,0.7285500168800354
2023-06-01 19:03:25.106090,29.270000457763672,85950.859375,13.6005859375,0.8904500007629395
2023-06-01 19:03:26.106002,29.280000686645508,85953.96875,13.5888671875,0.8904500007629395
2023-06-01 19:03:27.105921,29.25,85952.5703125,13.564453125,0.9714000225067139
2023-06-01 19:03:28.107662,29.260000228881836,85954.453125,13.5048828125,1.0523500442504883
2023-06-01 19:03:29.108021,29.280000686645508,85955.0234375,13.4814453125,0.9714000225067139
2023-06-01 19:03:30.108932,29.280000686645508,85952.015625,13.4931640625,0.647599995136261
2023-06-01 19:03:31.109131,29.260000228881836,85953.671875,13.5048828125,0.5666499733924866
2023-06-01 19:03:32.110202,29.260000228881836,85956.65625,13.541015625,0.48570001125335693
2023-06-01 19:03:33.110456,29.270000457763672,85956.0625,13.564453125,0.4047500193119049
2023-06-01 19:03:34.111868,29.280000686645508,85955.328125,13.552734375,0.3237999975681305
2023-06-01 19:03:35.112274,29.280000686645508,85956.140625,13.4931640625,0.5666499733924866
2023-06-01 19:03:36.116200,29.290000915527344,85952.90625,13.4580078125,0.647599995136261
2023-06-01 19:03:37.114892,29.280000686645508,85953.7109375,13.4453125,0.48570001125335693
2023-06-01 19:03:38.115169,29.309999465942383,85955.28125,13.4345703125,0.4047500193119049
2023-06-01 19:03:39.116042,29.309999465942383,85953.1015625,13.421875,0.24285000562667847
2023-06-01 19:03:40.116777,29.31999969482422,85955.3125,13.4345703125,0.24285000562667847
2023-06-01 19:03:41.117566,29.309999465942383,85953.375,13.4462890625,0.48570001125335693
2023-06-01 19:03:42.117947,29.280000686645508,85953.7109375,13.4453125,0.48570001125335693
2023-06-01 19:03:43.119985,29.299999237060547,85953.75,13.4345703125,0.48570001125335693
2023-06-01 19:03:44.120198,29.299999237060547,85954.1953125,13.41015625,0.48570001125335693
2023-06-01 19:03:45.121639,29.31999969482422,85952.0625,13.3984375,0.48570001125335693
2023-06-01 19:03:46.121541,29.299999237060547,85955.078125,13.3984375,0.48570001125335693
2023-06-01 19:03:47.122895,29.299999237060547,85954.390625,13.38671875,0.4047500193119049
2023-06-01 19:03:48.124223,29.299999237060547,85953.75,13.3505859375,0.3237999975681305
2023-06-01 19:03:49.125202,29.309999465942383,85953.375,13.3505859375,0.3237999975681305
2023-06-01 19:03:50.128865,29.31999969482422,85953.28125,13.3271484375,0.24285000562667847
2023-06-01 19:03:51.126889,29.329999923706055,85953.171875,13.3515625,0.24285000562667847
2023-06-01 19:03:52.129454,29.34000015258789,85952.9609375,13.36328125,0.0
2023-06-01 19:03:53.136460,29.229999542236328,85935.9921875,13.396484375,0.0
2023-06-01 19:03:54.133710,29.350000381469727,85952.53125,13.412109375,0.0
2023-06-01 19:03:55.129975,29.350000381469727,85951.390625,13.423828125,0.0
2023-06-01 19:03:56.132134,29.329999923706055,85950.1875,13.470703125,0.0
2023-06-01 19:03:57.138825,29.3700008392334,85954.578125,13.47265625,0.0
2023-06-01 19:03:58.135709,29.3700008392334,85953.9375,13.4599609375,0.0
2023-06-01 19:03:59.132948,29.3700008392334,85954.40625,13.49609375,0.0
2023-06-01 19:04:00.134429,29.3799991607666,85954.984375,13.5078125,0.0
2023-06-01 19:04:01.144035,29.350000381469727,85951.421875,13.4716796875,0.0
2023-06-01 19:04:02.135735,29.34000015258789,85948.59375,13.458984375,0.0
2023-06-01 19:04:03.143167,29.3799991607666,85954.984375,13.4599609375,0.08094999939203262
2023-06-01 19:04:04.143868,29.3700008392334,85951.5625,13.4599609375,0.0
2023-06-01 19:04:05.141104,29.3799991607666,85950.546875,13.4609375,0.0
2023-06-01 19:04:06.142699,29.389999389648438,85953.96875,13.4248046875,0.08094999939203262
2023-06-01 19:04:07.141834,29.3700008392334,85953.3828125,13.3759765625,0.16189999878406525
2023-06-01 19:04:08.142612,29.350000381469727,85953.0625,13.3515625,0.24285000562667847
2023-06-01 19:04:09.145484,29.3700008392334,85953.90625,13.3291015625,0.4047500193119049
2023-06-01 19:04:10.141835,29.09000015258789,85915.0859375,13.2958984375,0.3237999975681305
2023-06-01 19:04:11.142935,29.290000915527344,85936.1875,13.2666015625,0.48570001125335693
2023-06-01 19:04:12.148751,28.90999984741211,85884.0234375,13.279296875,0.4047500193119049
2023-06-01 19:04:13.144493,29.329999923706055,85940.4921875,13.2431640625,0.48570001125335693
2023-06-01 19:04:14.145870,29.030000686645508,85899.46875,13.2470703125,0.3237999975681305
2023-06-01 19:04:15.145968,29.420000076293945,85953.4375,13.1982421875,0.24285000562667847
2023-06-01 19:04:16.152321,29.40999984741211,85952.8125,13.173828125,0.16189999878406525
2023-06-01 19:04:17.158458,29.420000076293945,85954.421875,13.1982421875,0.3237999975681305
2023-06-01 19:04:18.157256,29.43000030517578,85956.578125,13.22265625,0.3237999975681305
2023-06-01 19:04:19.152082,29.43000030517578,85955.7109375,13.234375,0.5666499733924866
2023-06-01 19:04:20.154681,29.43000030517578,85954.375,13.234375,0.48570001125335693
2023-06-01 19:04:21.150480,29.440000534057617,85957.4609375,13.22265625,0.4047500193119049
2023-06-01 19:04:22.155677,29.450000762939453,85955.609375,13.2236328125,0.4047500193119049
2023-06-01 19:04:23.152799,29.459999084472656,85954.65625,13.2470703125,0.3237999975681305
2023-06-01 19:04:24.158211,29.459999084472656,85953.875,13.259765625,0.24285000562667847
2023-06-01 19:04:25.154220,29.389999389648438,85943.1328125,13.283203125,0.08094999939203262
2023-06-01 19:04:26.157135,29.43000030517578,85949.390625,13.24609375,0.08094999939203262
2023-06-01 19:04:27.156531,29.420000076293945,85952.796875,13.22265625,0.24285000562667847
2023-06-01 19:04:28.158076,29.43000030517578,85953.203125,13.234375,0.4047500193119049
2023-06-01 19:04:29.163231,29.440000534057617,85954.1875,13.22265625,0.4047500193119049
2023-06-01 19:04:30.163980,29.459999084472656,85953.53125,13.2353515625,0.4047500193119049
2023-06-01 19:04:31.160298,29.450000762939453,85953.265625,13.294921875,0.3237999975681305
2023-06-01 19:04:32.160464,29.420000076293945,85951.1484375,13.318359375,0.48570001125335693
2023-06-01 19:04:33.161951,29.239999771118164,85925.40625,13.3369140625,0.5666499733924866
2023-06-01 19:04:34.162064,29.059999465942383,85897.3125,13.3076171875,0.647599995136261
2023-06-01 19:04:35.165801,28.469999313354492,85810.640625,13.3134765625,0.647599995136261
2023-06-01 19:04:36.168825,29.479999542236328,85951.421875,13.236328125,0.5666499733924866
2023-06-01 19:04:37.165359,29.469999313354492,85954.6640625,13.2119140625,0.7285500168800354
2023-06-01 19:04:38.167354,29.469999313354492,85953.015625,13.2001953125,0.7285500168800354
2023-06-01 19:04:39.166376,29.469999313354492,85951.9375,13.17578125,0.7285500168800354
2023-06-01 19:04:40.171255,29.270000457763672,85923.203125,13.1943359375,0.5666499733924866
2023-06-01 19:04:41.169018,29.329999923706055,85931.015625,13.2080078125,0.48570001125335693
2023-06-01 19:04:42.169428,29.329999923706055,85927.9375,13.255859375,0.5666499733924866
2023-06-01 19:04:43.169386,29.489999771118164,85952.8125,13.248046875,0.7285500168800354
2023-06-01 19:04:44.171816,29.469999313354492,85949.796875,13.2119140625,0.647599995136261
2023-06-01 19:04:45.170734,29.510000228881836,85950.671875,13.224609375,0.5666499733924866
2023-06-01 19:04:46.171871,29.479999542236328,85953.265625,13.224609375,0.7285500168800354
2023-06-01 19:04:47.173277,29.489999771118164,85951.5,13.236328125,0.8095000386238098
2023-06-01 19:04:48.173640,29.489999771118164,85952.671875,13.248046875,1.2142499685287476
2023-06-01 19:04:49.173633,29.270000457763672,85920.78125,13.265625,1.4571000337600708
2023-06-01 19:04:50.175927,29.270000457763672,85925.515625,13.2177734375,1.699950098991394
2023-06-01 19:04:51.175268,29.40999984741211,85949.96875,13.185546875,1.699950098991394
2023-06-01 19:04:52.178348,29.420000076293945,85950.7890625,13.1630859375,1.5380500555038452
2023-06-01 19:04:53.176798,29.399999618530273,85952.453125,13.1259765625,1.4571000337600708
2023-06-01 19:04:54.177996,29.43000030517578,85951.671875,13.150390625,1.4571000337600708
2023-06-01 19:04:55.180291,29.280000686645508,85928.90625,13.158203125,1.2142499685287476
2023-06-01 19:04:56.180170,29.440000534057617,85950.8515625,13.126953125,1.1332999467849731
2023-06-01 19:04:57.180830,29.3799991607666,85943.2890625,13.1611328125,1.1332999467849731
2023-06-01 19:04:58.181305,29.40999984741211,85951.46875,13.2099609375,1.0523500442504883
2023-06-01 19:04:59.182377,29.399999618530273,85950.703125,13.2578125,0.8904500007629395
2023-06-01 19:05:00.182516,29.399999618530273,85951.5390625,13.28125,0.7285500168800354
2023-06-01 19:05:01.184125,29.3799991607666,85951.21875,13.28125,0.7285500168800354
2023-06-01 19:05:02.184179,29.389999389648438,85953.921875,13.3046875,0.7285500168800354
2023-06-01 19:05:03.185326,29.40999984741211,85952.3125,13.2939453125,0.8904500007629395
2023-06-01 19:05:04.185578,29.43000030517578,85953.203125,13.306640625,0.8095000386238098
2023-06-01 19:05:05.186831,29.440000534057617,85953.8125,13.294921875,0.8904500007629395
2023-06-01 19:05:06.188331,29.459999084472656,85955.65625,13.3193359375,0.8904500007629395
2023-06-01 19:05:07.189447,29.469999313354492,85952.6875,13.33203125,0.9714000225067139
2023-06-01 19:05:08.190899,29.489999771118164,85954.8125,13.34375,1.295199990272522
2023-06-01 19:05:09.194165,29.479999542236328,85955.9609375,13.3681640625,1.2142499685287476
2023-06-01 19:05:10.192279,29.479999542236328,85954.265625,13.3798828125,1.2142499685287476
2023-06-01 19:05:11.192551,29.3799991607666,85939.140625,13.3642578125,1.3761500120162964
2023-06-01 19:05:12.193799,29.34000015258789,85929.59375,13.3515625,1.295199990272522
2023-06-01 19:05:13.194251,29.34000015258789,85932.7890625,13.33984375,1.4571000337600708
2023-06-01 19:05:14.195463,29.510000228881836,85953.8515625,13.28515625,1.699950098991394
2023-06-01 19:05:15.195685,29.5,85954.46875,13.2373046875,1.6190000772476196
2023-06-01 19:05:16.196910,29.5,85953.109375,13.212890625,1.3761500120162964
2023-06-01 19:05:17.197079,29.530000686645508,85957.734375,13.2255859375,1.2142499685287476
2023-06-01 19:05:18.198586,29.540000915527344,85952.03125,13.2255859375,1.1332999467849731
2023-06-01 19:05:19.198888,29.540000915527344,85952.390625,13.2138671875,1.295199990272522
2023-06-01 19:05:20.200073,29.540000915527344,85952.890625,13.2138671875,1.4571000337600708
2023-06-01 19:05:21.201209,29.56999969482422,85953.984375,13.2021484375,1.3761500120162964
2023-06-01 19:05:22.201424,29.549999237060547,85954.28125,13.2138671875,1.2142499685287476
2023-06-01 19:05:23.205292,29.549999237060547,85955.53125,13.26171875,1.0523500442504883
2023-06-01 19:05:24.206396,29.559999465942383,85954.09375,13.25,1.0523500442504883
2023-06-01 19:05:25.206465,29.579999923706055,85955.4453125,13.2509765625,0.8095000386238098
2023-06-01 19:05:26.204605,29.600000381469727,85953.6875,13.2275390625,0.7285500168800354
2023-06-01 19:05:27.205988,29.6200008392334,85952.8671875,13.216796875,0.647599995136261
2023-06-01 19:05:28.206079,29.649999618530273,85954.2890625,13.205078125,0.5666499733924866
2023-06-01 19:05:29.209370,29.670000076293945,85953.984375,13.2177734375,0.4047500193119049
2023-06-01 19:05:30.209098,29.68000030517578,85953.28125,13.2060546875,0.4047500193119049
2023-06-01 19:05:31.208841,29.690000534057617,85951.5625,13.1826171875,0.48570001125335693
2023-06-01 19:05:32.209220,29.68000030517578,85954.140625,13.158203125,0.3237999975681305
2023-06-01 19:05:33.215891,29.690000534057617,85952.84375,13.169921875,0.48570001125335693
2023-06-01 19:05:34.211626,29.700000762939453,85953.21875,13.2666015625,0.24285000562667847
2023-06-01 19:05:35.212013,29.719999313354492,85953.375,13.279296875,0.3237999975681305
2023-06-01 19:05:36.217697,29.709999084472656,85954.15625,13.302734375,0.3237999975681305
2023-06-01 19:05:37.213503,29.719999313354492,85956.0234375,13.3505859375,0.4047500193119049
2023-06-01 19:05:38.214698,29.719999313354492,85954.90625,13.302734375,0.7285500168800354
2023-06-01 19:05:39.215104,29.739999771118164,85954.265625,13.267578125,0.8095000386238098
2023-06-01 19:05:40.216989,29.739999771118164,85955.625,13.267578125,0.8095000386238098
2023-06-01 19:05:41.217045,29.75,85956.515625,13.244140625,0.8904500007629395
2023-06-01 19:05:42.217861,29.770000457763672,85952.390625,13.244140625,0.7285500168800354
2023-06-01 19:05:43.224402,29.790000915527344,85953.7421875,13.2333984375,0.8095000386238098
2023-06-01 19:05:44.220206,29.790000915527344,85953.625,13.2216796875,0.5666499733924866
2023-06-01 19:05:45.223686,29.790000915527344,85953.40625,13.173828125,0.48570001125335693
2023-06-01 19:05:46.223211,29.760000228881836,85954.609375,13.1123046875,0.3237999975681305
2023-06-01 19:05:47.224225,29.780000686645508,85952.421875,13.13671875,0.4047500193119049
2023-06-01 19:05:48.226417,29.760000228881836,85953.9140625,13.064453125,0.3237999975681305
2023-06-01 19:05:49.240910,29.790000915527344,85953.4296875,13.029296875,0.4047500193119049
2023-06-01 19:05:50.225969,29.799999237060547,85952.8359375,13.017578125,0.48570001125335693
2023-06-01 19:05:51.233081,29.81999969482422,85954.84375,13.005859375,0.4047500193119049
2023-06-01 19:05:52.227569,29.829999923706055,85952.6875,12.9951171875,0.24285000562667847
2023-06-01 19:05:53.229879,29.850000381469727,85953.8359375,12.9833984375,0.24285000562667847
2023-06-01 19:05:54.231240,29.84000015258789,85952.7578125,13.01953125,0.3237999975681305
2023-06-01 19:05:55.233606,29.850000381469727,85950.875,12.99609375,0.24285000562667847
2023-06-01 19:05:56.230939,29.8700008392334,85953.0625,12.984375,0.16189999878406525
2023-06-01 19:05:57.240735,29.8799991607666,85953.875,12.984375,0.08094999939203262
2023-06-01 19:05:58.232325,29.889999389648438,85954.984375,12.9970703125,0.0
2023-06-01 19:05:59.233291,29.90999984741211,85951.453125,13.033203125,0.0
2023-06-01 19:06:00.245949,29.920000076293945,85953.25,13.033203125,0.0
2023-06-01 19:06:01.245254,29.959999084472656,85950.4453125,13.0341796875,0.0
2023-06-01 19:06:02.247090,29.969999313354492,85954.390625,13.0107421875,0.0
2023-06-01 19:06:03.239281,29.979999542236328,85951.1953125,13.0234375,0.08094999939203262
2023-06-01 19:06:04.239958,29.979999542236328,85951.6484375,13.0712890625,0.4047500193119049
2023-06-01 19:06:05.239538,29.979999542236328,85953.3203125,13.05859375,1.1332999467849731
2023-06-01 19:06:06.240451,29.969999313354492,85954.3671875,13.0947265625,1.2142499685287476
2023-06-01 19:06:07.240681,29.989999771118164,85953.9453125,13.095703125,1.3761500120162964
2023-06-01 19:06:08.241441,30.0,85952.8984375,13.083984375,1.3761500120162964
2023-06-01 19:06:09.253185,30.010000228881836,85951.078125,13.0478515625,1.5380500555038452
2023-06-01 19:06:10.241853,29.979999542236328,85953.703125,13.0107421875,1.6190000772476196
2023-06-01 19:06:11.242180,29.959999084472656,85952.9296875,13.0341796875,1.5380500555038452
2023-06-01 19:06:12.249382,29.969999313354492,85955.0859375,13.03515625,1.3761500120162964
2023-06-01 19:06:13.251946,29.989999771118164,85954.59375,13.0234375,1.295199990272522
2023-06-01 19:06:14.245953,29.989999771118164,85949.625,13.0234375,1.0523500442504883
2023-06-01 19:06:15.251865,30.010000228881836,85954.59375,13.0244140625,1.2142499685287476
2023-06-01 19:06:16.246679,30.010000228881836,85950.6328125,12.98828125,1.3761500120162964
2023-06-01 19:06:17.249229,30.020000457763672,85953.25,12.9521484375,1.4571000337600708
2023-06-01 19:06:18.252874,30.020000457763672,85954.359375,12.9287109375,1.4571000337600708
2023-06-01 19:06:19.253408,30.020000457763672,85953.765625,12.9521484375,1.4571000337600708
2023-06-01 19:06:20.251319,30.030000686645508,85951.8359375,12.9404296875,1.3761500120162964
2023-06-01 19:06:21.251030,30.020000457763672,85952.6875,12.9638671875,1.295199990272522
2023-06-01 19:06:22.254922,30.030000686645508,85953.0625,12.9404296875,1.3761500120162964
2023-06-01 19:06:23.252527,30.030000686645508,85952.0,12.9287109375,1.5380500555038452
2023-06-01 19:06:24.257910,30.030000686645508,85951.984375,12.880859375,1.6190000772476196
2023-06-01 19:06:25.261449,30.030000686645508,85954.65625,12.8564453125,1.699950098991394
2023-06-01 19:06:26.257512,30.010000228881836,85955.34375,12.8447265625,1.6190000772476196
2023-06-01 19:06:27.256751,30.020000457763672,85955.421875,12.8447265625,1.5380500555038452
2023-06-01 19:06:28.257763,30.020000457763672,85952.40625,12.8564453125,1.3761500120162964
2023-06-01 19:06:29.259381,30.020000457763672,85953.296875,12.8447265625,1.2142499685287476
2023-06-01 19:06:30.261351,30.0,85954.3828125,12.83203125,1.295199990272522
2023-06-01 19:06:31.260829,30.0,85956.53125,12.83203125,1.1332999467849731
2023-06-01 19:06:32.261175,29.979999542236328,85953.375,12.8310546875,1.0523500442504883
2023-06-01 19:06:33.264241,29.989999771118164,85954.234375,12.84375,1.0523500442504883
2023-06-01 19:06:34.262135,29.979999542236328,85956.0234375,12.8671875,1.3761500120162964
2023-06-01 19:06:35.262558,29.969999313354492,85955.390625,12.8671875,1.4571000337600708
2023-06-01 19:06:36.263938,29.959999084472656,85954.4609375,12.8662109375,1.6190000772476196
2023-06-01 19:06:37.268881,29.920000076293945,85951.890625,12.830078125,1.4571000337600708
2023-06-01 19:06:38.267777,29.90999984741211,85948.921875,12.8291015625,1.295199990272522
2023-06-01 19:06:39.266708,29.940000534057617,85955.453125,12.8662109375,1.4571000337600708
2023-06-01 19:06:40.268380,29.93000030517578,85953.6875,12.9140625,1.3761500120162964
2023-06-01 19:06:41.268268,29.889999389648438,85947.4296875,12.9609375,1.295199990272522
2023-06-01 19:06:42.268801,29.940000534057617,85953.46875,12.9384765625,1.1332999467849731
2023-06-01 19:06:43.269946,29.899999618530273,85949.703125,12.9375,1.0523500442504883
2023-06-01 19:06:44.269970,29.940000534057617,85952.5625,12.90234375,1.0523500442504883
2023-06-01 19:06:45.272845,29.93000030517578,85949.3125,12.90234375,0.9714000225067139
2023-06-01 19:06:46.271746,29.950000762939453,85954.40625,12.9150390625,0.9714000225067139
2023-06-01 19:06:47.272829,29.950000762939453,85955.25,12.9267578125,1.0523500442504883
2023-06-01 19:06:48.273057,29.969999313354492,85954.875,12.9150390625,0.8904500007629395
2023-06-01 19:06:49.274374,29.959999084472656,85956.15625,12.9150390625,0.8095000386238098
2023-06-01 19:06:50.274591,29.979999542236328,85956.0,12.8916015625,0.8095000386238098
2023-06-01 19:06:51.276134,29.979999542236328,85952.3125,12.8916015625,0.7285500168800354
2023-06-01 19:06:52.277081,29.989999771118164,85952.9375,12.8916015625,0.647599995136261
2023-06-01 19:06:53.277579,30.0,85956.390625,12.8916015625,0.647599995136261
2023-06-01 19:06:54.278945,30.0,85955.8359375,12.8798828125,0.5666499733924866
2023-06-01 19:06:55.280682,29.989999771118164,85954.953125,12.8916015625,0.5666499733924866
2023-06-01 19:06:56.280393,30.0,85948.8125,12.8916015625,0.5666499733924866
2023-06-01 19:06:57.282817,29.989999771118164,85951.4140625,12.927734375,0.647599995136261
2023-06-01 19:06:58.283465,29.989999771118164,85950.453125,12.916015625,0.647599995136261
2023-06-01 19:06:59.282126,29.969999313354492,85950.875,12.9033203125,0.8095000386238098
2023-06-01 19:07:00.283327,29.959999084472656,85947.765625,12.9150390625,0.647599995136261
2023-06-01 19:07:01.283606,29.959999084472656,85947.078125,12.90234375,0.7285500168800354
2023-06-01 19:07:02.284822,29.969999313354492,85948.03125,12.9150390625,0.647599995136261
2023-06-01 19:07:03.286210,29.950000762939453,85946.546875,12.8662109375,0.5666499733924866
2023-06-01 19:07:04.287417,29.920000076293945,85949.234375,12.865234375,0.5666499733924866
2023-06-01 19:07:05.291972,29.93000030517578,85948.640625,12.8896484375,0.647599995136261
2023-06-01 19:07:06.289115,29.959999084472656,85950.609375,12.890625,0.7285500168800354
2023-06-01 19:07:07.290248,29.979999542236328,85952.3671875,12.85546875,0.647599995136261
2023-06-01 19:07:08.290459,29.989999771118164,85951.390625,12.8193359375,0.48570001125335693
2023-06-01 19:07:09.291901,30.020000457763672,85952.1875,12.8203125,0.5666499733924866
2023-06-01 19:07:10.295820,30.030000686645508,85952.5078125,12.8203125,0.5666499733924866
2023-06-01 19:07:11.293624,30.030000686645508,85950.359375,12.8447265625,0.48570001125335693
2023-06-01 19:07:12.298570,30.020000457763672,85950.921875,12.869140625,0.7285500168800354
2023-06-01 19:07:13.295166,30.06999969482422,85952.203125,12.8701171875,0.8904500007629395
2023-06-01 19:07:14.296881,30.09000015258789,85953.8203125,12.89453125,1.0523500442504883
2023-06-01 19:07:15.296490,30.1200008392334,85952.3984375,12.8955078125,0.8904500007629395
2023-06-01 19:07:16.298167,30.1299991607666,85949.515625,12.859375,0.9714000225067139
2023-06-01 19:07:17.299445,30.149999618530273,85953.1953125,12.8486328125,0.9714000225067139
2023-06-01 19:07:18.300809,30.15999984741211,85953.203125,12.82421875,1.1332999467849731
2023-06-01 19:07:19.299633,30.15999984741211,85950.359375,12.8369140625,1.1332999467849731
2023-06-01 19:07:20.300919,30.18000030517578,85950.3671875,12.8369140625,1.2142499685287476
2023-06-01 19:07:21.301186,30.190000534057617,85952.15625,12.8251953125,1.295199990272522
2023-06-01 19:07:22.302377,30.219999313354492,85954.21875,12.837890625,1.295199990272522
2023-06-01 19:07:23.302593,30.229999542236328,85953.21875,12.8388671875,1.3761500120162964
2023-06-01 19:07:24.308659,30.260000228881836,85952.515625,12.83984375,1.1332999467849731
2023-06-01 19:07:25.304272,30.270000457763672,85952.734375,12.8154296875,1.1332999467849731
2023-06-01 19:07:26.305880,30.290000915527344,85951.328125,12.8046875,1.0523500442504883
2023-06-01 19:07:27.305777,30.31999969482422,85953.375,12.8046875,0.8904500007629395
2023-06-01 19:07:28.307514,30.31999969482422,85954.28125,12.79296875,0.8904500007629395
2023-06-01 19:07:29.307479,30.329999923706055,85954.0,12.79296875,1.0523500442504883
2023-06-01 19:07:30.308898,30.350000381469727,85955.5546875,12.7939453125,1.4571000337600708
2023-06-01 19:07:31.318176,30.34000015258789,85953.765625,12.8173828125,1.6190000772476196
2023-06-01 19:07:32.310448,30.34000015258789,85953.1640625,12.7939453125,1.5380500555038452
2023-06-01 19:07:33.314612,30.360000610351562,85953.53125,12.734375,1.5380500555038452
2023-06-01 19:07:34.312370,30.3799991607666,85953.171875,12.7470703125,1.4571000337600708
2023-06-01 19:07:35.313903,30.420000076293945,85955.40625,12.748046875,1.2142499685287476
2023-06-01 19:07:36.313819,30.420000076293945,85953.640625,12.759765625,0.8904500007629395
2023-06-01 19:07:37.315122,30.43000030517578,85949.984375,12.7724609375,0.8904500007629395
2023-06-01 19:07:38.315061,30.40999984741211,85953.1328125,12.7353515625,0.8904500007629395
2023-06-01 19:07:39.317883,30.389999389648438,85956.46875,12.6875,1.0523500442504883
2023-06-01 19:07:40.317261,30.389999389648438,85954.25,12.6513671875,0.8904500007629395
2023-06-01 19:07:41.318414,30.399999618530273,85952.53125,12.6513671875,0.647599995136261
2023-06-01 19:07:42.321092,30.40999984741211,85953.375,12.6640625,0.8095000386238098
2023-06-01 19:07:43.322133,30.40999984741211,85953.9921875,12.6640625,1.1332999467849731
2023-06-01 19:07:44.324268,30.389999389648438,85956.46875,12.638671875,1.1332999467849731
2023-06-01 19:07:45.324358,30.399999618530273,85957.390625,12.626953125,1.0523500442504883
2023-06-01 19:07:46.323973,30.399999618530273,85956.234375,12.6279296875,0.8904500007629395
2023-06-01 19:07:47.324042,30.399999618530273,85957.9375,12.6396484375,0.8095000386238098
2023-06-01 19:07:48.325431,30.420000076293945,85957.78125,12.6396484375,0.7285500168800354
2023-06-01 19:07:49.325468,30.40999984741211,85956.0546875,12.6279296875,0.7285500168800354
2023-06-01 19:07:50.326682,30.420000076293945,85958.4453125,12.6162109375,0.647599995136261
2023-06-01 19:07:51.326905,30.43000030517578,85956.34375,12.6279296875,0.48570001125335693
2023-06-01 19:07:52.330123,30.43000030517578,85955.21875,12.6162109375,0.4047500193119049
2023-06-01 19:07:53.334172,30.43000030517578,85956.875,12.6279296875,0.4047500193119049
2023-06-01 19:07:54.332119,30.440000534057617,85957.515625,12.6640625,0.5666499733924866
2023-06-01 19:07:55.331878,30.43000030517578,85955.5078125,12.6884765625,0.7285500168800354
2023-06-01 19:07:56.333044,30.420000076293945,85961.4375,12.7236328125,0.7285500168800354
2023-06-01 19:07:57.332418,30.420000076293945,85957.578125,12.748046875,0.5666499733924866
2023-06-01 19:07:58.333245,30.440000534057617,85956.828125,12.748046875,0.4047500193119049
2023-06-01 19:07:59.334721,30.450000762939453,85958.2109375,12.7607421875,0.647599995136261
2023-06-01 19:08:00.334961,30.43000030517578,85958.6875,12.748046875,0.7285500168800354
2023-06-01 19:08:01.339630,30.389999389648438,85958.3125,12.771484375,0.8095000386238098
2023-06-01 19:08:02.336534,30.3799991607666,85956.515625,12.7587890625,0.8095000386238098
2023-06-01 19:08:03.337435,30.350000381469727,85956.2734375,12.734375,0.8904500007629395
2023-06-01 19:08:04.339989,30.299999237060547,85956.6171875,12.708984375,1.4571000337600708
2023-06-01 19:08:05.346777,30.31999969482422,85957.046875,12.6845703125,1.699950098991394
2023-06-01 19:08:06.339521,30.280000686645508,85957.515625,12.671875,1.780900001525879
2023-06-01 19:08:07.340652,30.260000228881836,85954.359375,12.68359375,1.6190000772476196
2023-06-01 19:08:08.348611,30.25,85956.09375,12.68359375,1.4571000337600708
2023-06-01 19:08:09.342204,30.219999313354492,85956.3984375,12.6826171875,1.3761500120162964
2023-06-01 19:08:10.343760,30.229999542236328,85957.046875,12.6708984375,0.9714000225067139
2023-06-01 19:08:11.345175,30.209999084472656,85958.546875,12.669921875,1.3761500120162964
2023-06-01 19:08:12.344933,30.190000534057617,85957.34375,12.693359375,1.699950098991394
2023-06-01 19:08:13.350464,30.18000030517578,85957.078125,12.693359375,1.780900001525879
2023-06-01 19:08:14.348965,30.149999618530273,85958.078125,12.7041015625,1.5380500555038452
2023-06-01 19:08:15.350431,30.139999389648438,85956.8515625,12.7158203125,1.2142499685287476
2023-06-01 19:08:16.348104,30.15999984741211,85959.203125,12.705078125,0.7285500168800354
2023-06-01 19:08:17.349231,30.1299991607666,85959.765625,12.7158203125,1.0523500442504883
2023-06-01 19:08:18.351263,30.1299991607666,85954.6953125,12.66796875,1.2142499685287476
2023-06-01 19:08:19.350245,30.079999923706055,85953.953125,12.6787109375,1.780900001525879
2023-06-01 19:08:20.354981,30.059999465942383,85952.296875,12.677734375,1.8618501424789429
2023-06-01 19:08:21.354230,30.06999969482422,85953.7109375,12.7021484375,1.9428000450134277
2023-06-01 19:08:22.360602,30.06999969482422,85955.5546875,12.7138671875,2.185650110244751
2023-06-01 19:08:23.354896,30.030000686645508,85954.203125,12.724609375,2.023750066757202
2023-06-01 19:08:24.355430,29.989999771118164,85955.5703125,12.7353515625,1.1332999467849731
2023-06-01 19:08:25.357734,29.940000534057617,85956.3125,12.7705078125,1.6190000772476196
2023-06-01 19:08:26.356892,29.920000076293945,85957.2109375,12.8056640625,1.699950098991394
2023-06-01 19:08:27.358619,29.8799991607666,85954.828125,12.81640625,1.9428000450134277
2023-06-01 19:08:28.358333,29.829999923706055,85956.6484375,12.86328125,2.2665998935699463
2023-06-01 19:08:29.359696,29.81999969482422,85956.1875,12.875,2.2665998935699463
2023-06-01 19:08:30.359969,29.790000915527344,85956.890625,12.8740234375,2.2665998935699463
2023-06-01 19:08:31.363100,29.739999771118164,85954.546875,12.9208984375,2.5094501972198486
2023-06-01 19:08:32.361310,29.610000610351562,85957.140625,12.9404296875,2.7523000240325928
2023-06-01 19:08:33.364443,29.5,85956.9765625,13.009765625,2.5094501972198486
2023-06-01 19:08:34.363557,29.489999771118164,85960.546875,13.033203125,2.2665998935699463
2023-06-01 19:08:35.368807,29.420000076293945,85958.140625,13.0546875,2.7523000240325928
2023-06-01 19:08:36.365468,29.309999465942383,85957.6953125,13.087890625,2.833250045776367
2023-06-01 19:08:37.370240,29.200000762939453,85957.859375,13.1318359375,2.590399980545044
2023-06-01 19:08:38.367135,29.110000610351562,85956.953125,13.1416015625,2.2665998935699463
2023-06-01 19:08:39.368646,29.049999237060547,85960.4921875,13.1875,2.023750066757202
2023-06-01 19:08:40.368810,29.0,85960.2890625,13.2216796875,2.2665998935699463
2023-06-01 19:08:41.369406,28.93000030517578,85960.09375,13.255859375,2.5094501972198486
2023-06-01 19:08:42.370385,28.860000610351562,85958.484375,13.2900390625,2.5094501972198486
2023-06-01 19:08:43.370418,28.809999465942383,85957.578125,13.3125,2.590399980545044
2023-06-01 19:08:44.371687,28.770000457763672,85960.9140625,13.3466796875,2.3475501537323
2023-06-01 19:08:45.371992,28.780000686645508,85955.8125,13.359375,2.3475501537323
2023-06-01 19:08:46.373306,28.809999465942383,85960.390625,13.34765625,2.428499937057495
2023-06-01 19:08:47.375174,28.790000915527344,85958.1171875,13.34765625,2.2665998935699463
2023-06-01 19:08:48.374776,28.790000915527344,85959.40625,13.3828125,2.185650110244751
2023-06-01 19:08:49.376033,28.790000915527344,85955.390625,13.4072265625,2.185650110244751
2023-06-01 19:08:50.376416,28.809999465942383,85958.21875,13.431640625,2.2665998935699463
2023-06-01 19:08:51.377528,28.809999465942383,85957.40625,13.443359375,2.2665998935699463
2023-06-01 19:08:52.378633,28.809999465942383,85958.1015625,13.455078125,2.3475501537323
2023-06-01 19:08:53.379909,28.799999237060547,85958.53125,13.443359375,2.185650110244751
2023-06-01 19:08:54.380375,28.790000915527344,85957.921875,13.443359375,2.2665998935699463
2023-06-01 19:08:55.381078,28.799999237060547,85956.96875,13.431640625,2.428499937057495
2023-06-01 19:08:56.381456,28.799999237060547,85957.859375,13.4189453125,2.6713502407073975
2023-06-01 19:08:57.382329,28.799999237060547,85957.5,13.4189453125,2.7523000240325928
2023-06-01 19:08:58.384140,28.81999969482422,85957.515625,13.408203125,2.7523000240325928
2023-06-01 19:08:59.383905,28.770000457763672,85956.21875,13.40625,2.590399980545044
2023-06-01 19:09:00.385261,28.770000457763672,85956.0234375,13.40625,2.3475501537323
2023-06-01 19:09:01.386427,28.790000915527344,85959.421875,13.4072265625,2.1047000885009766
2023-06-01 19:09:02.388035,28.829999923706055,85957.6171875,13.408203125,2.1047000885009766
2023-06-01 19:09:03.388243,28.84000015258789,85957.25,13.396484375,2.023750066757202
2023-06-01 19:09:04.389514,28.84000015258789,85958.96875,13.396484375,1.9428000450134277
2023-06-01 19:09:05.389639,28.850000381469727,85955.8203125,13.384765625,1.780900001525879
2023-06-01 19:09:06.390883,28.81999969482422,85960.015625,13.3837890625,1.8618501424789429
2023-06-01 19:09:07.394314,28.84000015258789,85960.0625,13.396484375,1.8618501424789429
2023-06-01 19:09:08.392402,28.84000015258789,85959.4375,13.4091796875,1.780900001525879
2023-06-01 19:09:09.392744,28.860000610351562,85960.9375,13.4091796875,1.699950098991394
2023-06-01 19:09:10.394016,28.84000015258789,85959.8046875,13.4326171875,1.6190000772476196
2023-06-01 19:09:11.394273,28.860000610351562,85957.4765625,13.43359375,1.6190000772476196
2023-06-01 19:09:12.395619,28.8799991607666,85958.328125,13.43359375,1.5380500555038452
2023-06-01 19:09:13.395900,28.850000381469727,85957.375,13.4326171875,1.5380500555038452
2023-06-01 19:09:14.397135,28.8799991607666,85957.6875,13.421875,1.780900001525879
2023-06-01 19:09:15.398503,28.899999618530273,85957.109375,13.3984375,1.8618501424789429
2023-06-01 19:09:16.398648,28.920000076293945,85958.8203125,13.375,1.8618501424789429
2023-06-01 19:09:17.399958,28.93000030517578,85960.203125,13.3515625,1.8618501424789429
2023-06-01 19:09:18.402629,28.920000076293945,85957.453125,13.3515625,1.8618501424789429
2023-06-01 19:09:19.405188,28.920000076293945,85958.484375,13.36328125,1.8618501424789429
2023-06-01 19:09:20.401759,28.940000534057617,85959.953125,13.3515625,1.699950098991394
2023-06-01 19:09:21.403117,28.950000762939453,85958.625,13.3525390625,1.780900001525879
2023-06-01 19:09:22.403451,28.950000762939453,85955.375,13.3876953125,1.9428000450134277
2023-06-01 19:09:23.405124,28.979999542236328,85960.390625,13.3525390625,1.9428000450134277
2023-06-01 19:09:24.405494,28.950000762939453,85956.09375,13.33984375,2.023750066757202
2023-06-01 19:09:25.408312,28.959999084472656,85958.3984375,13.3046875,1.9428000450134277
2023-06-01 19:09:26.409397,28.959999084472656,85956.0078125,13.3046875,1.9428000450134277
2023-06-01 19:09:27.407949,28.969999313354492,85960.625,13.31640625,2.023750066757202
2023-06-01 19:09:28.409232,28.979999542236328,85962.2265625,13.3408203125,2.1047000885009766
2023-06-01 19:09:29.409460,28.950000762939453,85959.296875,13.3642578125,2.3475501537323
2023-06-01 19:09:30.411009,28.969999313354492,85960.171875,13.3408203125,2.7523000240325928
2023-06-01 19:09:31.411790,28.959999084472656,85958.375,13.31640625,2.428499937057495
2023-06-01 19:09:32.412848,28.969999313354492,85958.1171875,13.29296875,2.1047000885009766
2023-06-01 19:09:33.413048,29.0,85957.59375,13.2822265625,2.023750066757202
2023-06-01 19:09:34.416426,29.010000228881836,85959.1953125,13.2705078125,2.023750066757202
2023-06-01 19:09:35.414219,29.0,85961.984375,13.2578125,1.9428000450134277
2023-06-01 19:09:36.416328,29.0,85961.171875,13.2578125,2.023750066757202
2023-06-01 19:09:37.416662,29.030000686645508,85960.1484375,13.2470703125,1.9428000450134277
2023-06-01 19:09:38.419729,29.040000915527344,85960.390625,13.2353515625,2.1047000885009766
2023-06-01 19:09:39.418980,29.06999969482422,85963.0625,13.2236328125,2.185650110244751
2023-06-01 19:09:40.421679,29.06999969482422,85958.0546875,13.236328125,2.1047000885009766
2023-06-01 19:09:41.421612,29.100000381469727,85961.03125,13.212890625,2.1047000885009766
2023-06-01 19:09:42.421621,29.1299991607666,85959.28125,13.2138671875,1.8618501424789429
2023-06-01 19:09:43.423636,29.1200008392334,85961.015625,13.189453125,1.699950098991394
2023-06-01 19:09:44.423906,29.100000381469727,85962.8203125,13.1533203125,1.699950098991394
2023-06-01 19:09:45.424899,29.1200008392334,85959.484375,13.189453125,1.8618501424789429
2023-06-01 19:09:46.426489,29.1200008392334,85960.5703125,13.189453125,1.699950098991394
2023-06-01 19:09:47.426304,29.1299991607666,85959.5,13.1787109375,1.4571000337600708
2023-06-01 19:09:48.426878,29.149999618530273,85962.046875,13.1669921875,1.2142499685287476
2023-06-01 19:09:49.427830,29.170000076293945,85961.78125,13.1552734375,1.1332999467849731
2023-06-01 19:09:50.429612,29.170000076293945,85958.359375,13.1435546875,1.3761500120162964
2023-06-01 19:09:51.429709,29.149999618530273,85959.046875,13.1787109375,1.4571000337600708
2023-06-01 19:09:52.433621,29.18000030517578,85959.484375,13.203125,1.4571000337600708
2023-06-01 19:09:53.430835,29.209999084472656,85957.6484375,13.1923828125,1.2142499685287476
2023-06-01 19:09:54.432389,29.219999313354492,85960.09375,13.1806640625,1.0523500442504883
2023-06-01 19:09:55.437084,29.229999542236328,85961.5546875,13.1689453125,0.9714000225067139
2023-06-01 19:09:56.434719,29.25,85959.390625,13.169921875,0.8904500007629395
2023-06-01 19:09:57.435511,29.260000228881836,85961.8359375,13.158203125,0.8904500007629395
2023-06-01 19:09:58.435156,29.280000686645508,85960.703125,13.158203125,0.8095000386238098
2023-06-01 19:09:59.435711,29.290000915527344,85962.4765625,13.1591796875,0.8904500007629395
2023-06-01 19:10:00.440477,29.290000915527344,85963.765625,13.158203125,1.2142499685287476
2023-06-01 19:10:01.439522,29.299999237060547,85961.7421875,13.1708984375,1.3761500120162964
2023-06-01 19:10:02.438518,29.290000915527344,85958.796875,13.1826171875,1.4571000337600708
2023-06-01 19:10:03.440510,29.299999237060547,85960.1875,13.20703125,1.780900001525879
2023-06-01 19:10:04.444786,29.280000686645508,85962.484375,13.2060546875,1.9428000450134277
2023-06-01 19:10:05.439978,29.290000915527344,85963.421875,13.1943359375,1.8618501424789429
2023-06-01 19:10:06.441690,29.299999237060547,85957.34375,13.20703125,1.699950098991394
2023-06-01 19:10:07.446313,29.290000915527344,85957.609375,13.20703125,2.185650110244751
2023-06-01 19:10:08.443095,29.260000228881836,85958.46875,13.2060546875,2.2665998935699463
2023-06-01 19:10:09.445792,29.290000915527344,85962.109375,13.20703125,2.1047000885009766
2023-06-01 19:10:10.444950,29.299999237060547,85960.9375,13.1826171875,2.1047000885009766
2023-06-01 19:10:11.446203,29.280000686645508,85960.2265625,13.1708984375,2.1047000885009766
2023-06-01 19:10:12.447717,29.290000915527344,85961.1640625,13.146484375,1.9428000450134277
2023-06-01 19:10:13.449091,29.299999237060547,85959.8515625,13.146484375,1.780900001525879
2023-06-01 19:10:14.449760,29.280000686645508,85961.8984375,13.146484375,1.5380500555038452
2023-06-01 19:10:15.449457,29.31999969482422,85960.8046875,13.1474609375,1.3761500120162964
2023-06-01 19:10:16.449519,29.329999923706055,85960.265625,13.1484375,1.295199990272522
2023-06-01 19:10:17.451253,29.350000381469727,85961.109375,13.13671875,1.2142499685287476
2023-06-01 19:10:18.452395,29.3700008392334,85962.3125,13.125,1.0523500442504883
2023-06-01 19:10:19.454007,29.3799991607666,85963.25,13.1259765625,0.9714000225067139
2023-06-01 19:10:20.463154,29.399999618530273,85963.5703125,13.1376953125,1.295199990272522
2023-06-01 19:10:21.463297,29.389999389648438,85962.7109375,13.1259765625,1.5380500555038452
2023-06-01 19:10:22.457106,29.3799991607666,85962.359375,13.125,1.4571000337600708
2023-06-01 19:10:23.459935,29.360000610351562,85960.875,13.13671875,1.3761500120162964
2023-06-01 19:10:24.459082,29.399999618530273,85962.765625,13.1376953125,1.3761500120162964
2023-06-01 19:10:25.459850,29.399999618530273,85960.28125,13.1376953125,1.6190000772476196
2023-06-01 19:10:26.459456,29.40999984741211,85960.859375,13.150390625,1.8618501424789429
2023-06-01 19:10:27.459591,29.399999618530273,85963.453125,13.150390625,1.9428000450134277
2023-06-01 19:10:28.463418,29.40999984741211,85961.171875,13.1376953125,1.9428000450134277
2023-06-01 19:10:29.461118,29.420000076293945,85963.1875,13.115234375,1.9428000450134277
2023-06-01 19:10:30.462167,29.420000076293945,85960.484375,13.0908203125,1.9428000450134277
2023-06-01 19:10:31.462350,29.40999984741211,85960.90625,13.0791015625,1.780900001525879
2023-06-01 19:10:32.464130,29.43000030517578,85963.765625,13.0673828125,1.4571000337600708
2023-06-01 19:10:33.470063,29.459999084472656,85962.8671875,13.0556640625,1.1332999467849731
2023-06-01 19:10:34.465522,29.469999313354492,85962.828125,13.056640625,1.1332999467849731
2023-06-01 19:10:35.470093,29.479999542236328,85962.765625,13.056640625,1.1332999467849731
2023-06-01 19:10:36.466852,29.489999771118164,85963.515625,13.044921875,0.9714000225067139
2023-06-01 19:10:37.468665,29.479999542236328,85962.484375,13.056640625,1.295199990272522
2023-06-01 19:10:38.468897,29.479999542236328,85959.734375,13.0810546875,1.5380500555038452
2023-06-01 19:10:39.471615,29.479999542236328,85961.9765625,13.12890625,1.5380500555038452
2023-06-01 19:10:40.470213,29.5,85961.46875,13.140625,1.4571000337600708
2023-06-01 19:10:41.475275,29.489999771118164,85963.0078125,13.140625,1.5380500555038452
2023-06-01 19:10:42.472472,29.510000228881836,85961.59375,13.12890625,1.780900001525879
2023-06-01 19:10:43.473118,29.5,85962.640625,13.0810546875,1.8618501424789429
2023-06-01 19:10:44.473274,29.489999771118164,85960.71875,13.044921875,1.8618501424789429
2023-06-01 19:10:45.474420,29.469999313354492,85961.515625,13.0322265625,1.8618501424789429
2023-06-01 19:10:46.475848,29.510000228881836,85961.0625,13.033203125,1.9428000450134277
2023-06-01 19:10:47.477183,29.5,85961.296875,13.044921875,1.8618501424789429
2023-06-01 19:10:48.477717,29.510000228881836,85959.703125,13.0458984375,1.699950098991394
2023-06-01 19:10:49.477690,29.510000228881836,85960.390625,13.0458984375,1.5380500555038452
2023-06-01 19:10:50.479306,29.5,85960.796875,13.044921875,1.2142499685287476
2023-06-01 19:10:51.479269,29.489999771118164,85959.0234375,13.044921875,1.295199990272522
2023-06-01 19:10:52.480565,29.479999542236328,85961.28125,13.044921875,1.2142499685287476
2023-06-01 19:10:53.480788,29.5,85962.515625,13.033203125,1.5380500555038452
2023-06-01 19:10:54.482207,29.510000228881836,85959.78125,13.0458984375,1.5380500555038452
2023-06-01 19:10:55.482308,29.530000686645508,85961.234375,13.08203125,1.699950098991394
2023-06-01 19:10:56.483823,29.510000228881836,85958.2734375,13.0693359375,1.9428000450134277
2023-06-01 19:10:57.485197,29.530000686645508,85958.765625,13.0458984375,2.023750066757202
2023-06-01 19:10:58.486327,29.540000915527344,85962.03125,13.0224609375,2.023750066757202
2023-06-01 19:10:59.487648,29.549999237060547,85961.5,12.9873046875,1.9428000450134277
2023-06-01 19:11:00.487899,29.549999237060547,85960.8515625,12.974609375,2.023750066757202
2023-06-01 19:11:01.489291,29.559999465942383,85962.1484375,12.9873046875,2.185650110244751
2023-06-01 19:11:02.489745,29.56999969482422,85964.1796875,12.9755859375,2.023750066757202
2023-06-01 19:11:03.490904,29.549999237060547,85963.71875,12.962890625,1.780900001525879
2023-06-01 19:11:04.490977,29.56999969482422,85962.71875,12.939453125,1.6190000772476196
2023-06-01 19:11:05.492312,29.559999465942383,85962.578125,12.939453125,1.699950098991394
2023-06-01 19:11:06.492673,29.530000686645508,85960.125,12.9384765625,1.9428000450134277
2023-06-01 19:11:07.493880,29.540000915527344,85963.234375,12.951171875,2.023750066757202
2023-06-01 19:11:08.494251,29.540000915527344,85962.171875,12.962890625,1.8618501424789429
2023-06-01 19:11:09.497683,29.520000457763672,85961.0234375,12.986328125,2.1047000885009766
2023-06-01 19:11:10.495642,29.540000915527344,85961.203125,12.998046875,1.780900001525879
2023-06-01 19:11:11.496910,29.520000457763672,85961.0234375,13.009765625,1.6190000772476196
2023-06-01 19:11:12.502170,29.540000915527344,85962.5625,13.0341796875,1.6190000772476196
2023-06-01 19:11:13.498419,29.56999969482422,85962.359375,13.01171875,1.6190000772476196
2023-06-01 19:11:14.501420,29.59000015258789,85962.59375,13.0361328125,1.6190000772476196
2023-06-01 19:11:15.500230,29.610000610351562,85960.09375,13.0361328125,1.6190000772476196
2023-06-01 19:11:16.501422,29.59000015258789,85962.109375,13.0595703125,1.295199990272522
2023-06-01 19:11:17.501551,29.56999969482422,85962.703125,13.046875,1.3761500120162964
2023-06-01 19:11:18.502998,29.549999237060547,85959.1328125,13.0224609375,1.5380500555038452
2023-06-01 19:11:19.503360,29.549999237060547,85962.640625,13.0107421875,1.6190000772476196
2023-06-01 19:11:20.504646,29.540000915527344,85962.34375,13.0107421875,1.9428000450134277
2023-06-01 19:11:21.504866,29.549999237060547,85961.140625,12.986328125,2.023750066757202
2023-06-01 19:11:22.506445,29.530000686645508,85963.828125,12.974609375,2.1047000885009766
2023-06-01 19:11:23.506353,29.549999237060547,85961.3046875,12.974609375,2.023750066757202
2023-06-01 19:11:24.507736,29.540000915527344,85961.890625,12.974609375,1.9428000450134277
2023-06-01 19:11:25.511091,29.540000915527344,85961.515625,12.974609375,1.699950098991394
2023-06-01 19:11:26.509892,29.549999237060547,85960.9921875,12.9873046875,1.5380500555038452
2023-06-01 19:11:27.511157,29.549999237060547,85961.859375,12.9873046875,1.4571000337600708
2023-06-01 19:11:28.512541,29.540000915527344,85961.21875,12.962890625,1.3761500120162964
2023-06-01 19:11:29.512813,29.559999465942383,85960.4765625,12.9990234375,1.295199990272522
2023-06-01 19:11:30.512841,29.56999969482422,85964.921875,13.0,1.3761500120162964
2023-06-01 19:11:31.514092,29.559999465942383,85961.484375,13.03515625,1.4571000337600708
2023-06-01 19:11:32.514305,29.59000015258789,85963.734375,13.0361328125,1.3761500120162964
2023-06-01 19:11:33.515738,29.579999923706055,85963.3046875,13.03515625,1.4571000337600708
2023-06-01 19:11:34.515968,29.600000381469727,85963.859375,13.0244140625,1.3761500120162964
2023-06-01 19:11:35.517549,29.610000610351562,85964.078125,13.0361328125,1.4571000337600708
2023-06-01 19:11:36.518460,29.600000381469727,85965.3125,13.0361328125,1.699950098991394
2023-06-01 19:11:37.520150,29.600000381469727,85963.53125,13.0244140625,1.780900001525879
2023-06-01 19:11:38.521136,29.6299991607666,85961.609375,13.0126953125,1.699950098991394
2023-06-01 19:11:39.535251,29.610000610351562,85966.46875,13.0244140625,1.3761500120162964
2023-06-01 19:11:40.522577,29.6200008392334,85963.5625,13.0244140625,1.1332999467849731
2023-06-01 19:11:41.525126,29.6200008392334,85961.5078125,13.0244140625,1.1332999467849731
2023-06-01 19:11:42.524524,29.59000015258789,85964.09375,13.01171875,1.699950098991394
2023-06-01 19:11:43.525250,29.559999465942383,85961.09375,12.9873046875,1.699950098991394
2023-06-01 19:11:44.530673,29.56999969482422,85963.8671875,12.9990234375,1.4571000337600708
2023-06-01 19:11:45.525625,29.59000015258789,85959.578125,13.0,1.8618501424789429
2023-06-01 19:11:46.527645,29.610000610351562,85963.8203125,12.96484375,1.8618501424789429
2023-06-01 19:11:47.533399,29.610000610351562,85965.96875,12.9404296875,1.5380500555038452
2023-06-01 19:11:48.529295,29.6299991607666,85961.296875,12.9296875,1.2142499685287476
2023-06-01 19:11:49.533879,29.6299991607666,85962.5,12.9052734375,1.1332999467849731
2023-06-01 19:11:50.531981,29.6299991607666,85960.484375,12.9169921875,1.0523500442504883
2023-06-01 19:11:51.539026,29.579999923706055,85963.515625,12.927734375,1.6190000772476196
2023-06-01 19:11:52.532422,29.579999923706055,85964.5234375,12.916015625,1.5380500555038452
2023-06-01 19:11:53.548013,29.59000015258789,85962.5625,12.927734375,1.4571000337600708
2023-06-01 19:11:54.535746,29.600000381469727,85962.390625,12.9287109375,1.5380500555038452
2023-06-01 19:11:55.543953,29.600000381469727,85961.546875,12.9287109375,1.9428000450134277
2023-06-01 19:11:56.541082,29.600000381469727,85964.3125,12.9404296875,1.9428000450134277
2023-06-01 19:11:57.537203,29.579999923706055,85963.3046875,12.9521484375,1.780900001525879
2023-06-01 19:11:58.549048,29.56999969482422,85961.9140625,12.9521484375,1.5380500555038452
2023-06-01 19:11:59.541336,29.579999923706055,85964.96875,12.939453125,1.295199990272522
2023-06-01 19:12:00.540865,29.549999237060547,85960.796875,12.9384765625,1.780900001525879
2023-06-01 19:12:01.542580,29.540000915527344,85961.171875,12.9501953125,1.8618501424789429
2023-06-01 19:12:02.540380,29.540000915527344,85961.890625,12.951171875,1.3761500120162964
2023-06-01 19:12:03.541439,29.559999465942383,85962.2890625,12.962890625,1.6190000772476196
2023-06-01 19:12:04.542653,29.540000915527344,85962.3203125,12.974609375,1.4571000337600708
2023-06-01 19:12:05.543008,29.530000686645508,85961.65625,12.986328125,1.3761500120162964
2023-06-01 19:12:06.548781,29.530000686645508,85962.4609375,12.974609375,1.4571000337600708
2023-06-01 19:12:07.550806,29.510000228881836,85963.2890625,12.9736328125,1.4571000337600708
2023-06-01 19:12:08.548900,29.530000686645508,85965.421875,12.9619140625,1.5380500555038452
2023-06-01 19:12:09.545942,29.5,85963.5234375,12.94921875,1.4571000337600708
2023-06-01 19:12:10.551060,29.510000228881836,85962.28125,12.94921875,1.4571000337600708
2023-06-01 19:12:11.548472,29.5,85964.1875,12.94921875,1.2142499685287476
2023-06-01 19:12:12.553380,29.520000457763672,85961.890625,12.9501953125,1.1332999467849731
2023-06-01 19:12:13.549690,29.540000915527344,85962.171875,12.9384765625,1.0523500442504883
2023-06-01 19:12:14.551221,29.540000915527344,85962.515625,12.9267578125,0.9714000225067139
2023-06-01 19:12:15.552687,29.559999465942383,85963.9609375,12.927734375,0.9714000225067139
2023-06-01 19:12:16.555350,29.56999969482422,85963.390625,12.939453125,0.7285500168800354
2023-06-01 19:12:17.555121,29.59000015258789,85964.234375,12.927734375,0.647599995136261
2023-06-01 19:12:18.556235,29.600000381469727,85963.71875,12.9169921875,0.5666499733924866
2023-06-01 19:12:19.556068,29.600000381469727,85959.640625,12.9287109375,0.647599995136261
2023-06-01 19:12:20.556136,29.610000610351562,85960.8125,12.96484375,0.8095000386238098
2023-06-01 19:12:21.557620,29.610000610351562,85961.125,12.9765625,1.0523500442504883
2023-06-01 19:12:22.557627,29.6200008392334,85964.3984375,12.9765625,1.4571000337600708
2023-06-01 19:12:23.558840,29.610000610351562,85962.3125,12.98828125,1.295199990272522
2023-06-01 19:12:24.561870,29.610000610351562,85966.0,12.98828125,1.2142499685287476
2023-06-01 19:12:25.561905,29.600000381469727,85963.890625,12.9765625,1.4571000337600708
2023-06-01 19:12:26.561184,29.549999237060547,85963.03125,12.9990234375,1.780900001525879
2023-06-01 19:12:27.562129,29.56999969482422,85961.078125,13.01171875,1.9428000450134277
2023-06-01 19:12:28.562140,29.579999923706055,85962.9375,13.0234375,1.699950098991394
2023-06-01 19:12:29.563840,29.579999923706055,85963.9453125,13.0234375,2.023750066757202
2023-06-01 19:12:30.565183,29.579999923706055,85963.109375,13.01171875,1.8618501424789429
2023-06-01 19:12:31.565307,29.579999923706055,85963.1875,12.9873046875,1.9428000450134277
2023-06-01 19:12:32.517736,0.0,0.0,0.0,0.0
2023-06-01 19:12:32.559492,29.579999923706055,85962.78125,12.9873046875,0.0
2023-06-01 19:12:33.560109,29.56999969482422,85961.21875,12.9990234375,1.8618501424789429
2023-06-01 19:12:34.559083,29.56999969482422,85965.0625,12.9990234375,1.699950098991394
2023-06-01 19:12:35.558670,29.559999465942383,85963.078125,12.9990234375,1.5380500555038452
2023-06-01 19:12:36.560793,29.56999969482422,85963.0625,12.9990234375,1.3761500120162964
2023-06-01 19:12:37.560236,29.59000015258789,85964.234375,13.0,1.3761500120162964
2023-06-01 19:12:38.561855,29.59000015258789,85965.125,13.01171875,1.4571000337600708
2023-06-01 19:12:39.561574,29.610000610351562,85963.9375,13.0,1.6190000772476196
2023-06-01 19:12:40.562700,29.600000381469727,85964.703125,12.98828125,1.5380500555038452
2023-06-01 19:12:41.563262,29.59000015258789,85961.3984375,13.01171875,1.4571000337600708
2023-06-01 19:12:42.564485,29.6200008392334,85965.2109375,13.0009765625,1.5380500555038452
2023-06-01 19:12:43.565747,29.6299991607666,85964.359375,12.9892578125,1.5380500555038452
2023-06-01 19:12:44.566033,29.639999389648438,85959.703125,12.9892578125,1.5380500555038452
2023-06-01 19:12:45.567741,29.6299991607666,85961.9453125,12.9765625,1.3761500120162964
2023-06-01 19:12:46.569298,29.610000610351562,85962.125,12.9521484375,1.3761500120162964
2023-06-01 19:12:47.568856,29.6200008392334,85965.3515625,12.96484375,1.3761500120162964
2023-06-01 19:12:48.569170,29.639999389648438,85960.5390625,12.94140625,1.295199990272522
2023-06-01 19:12:49.570342,29.670000076293945,85962.375,12.9423828125,1.2142499685287476
2023-06-01 19:12:50.570633,29.68000030517578,85962.5234375,12.955078125,1.0523500442504883
2023-06-01 19:12:51.572051,29.690000534057617,85959.5625,12.9423828125,1.1332999467849731
2023-06-01 19:12:52.574097,29.690000534057617,85962.71875,12.9306640625,1.1332999467849731
2023-06-01 19:12:53.573588,29.690000534057617,85961.59375,12.9306640625,1.1332999467849731
2023-06-01 19:12:54.574846,29.670000076293945,85960.53125,12.91796875,1.0523500442504883
2023-06-01 19:12:55.578481,29.649999618530273,85963.203125,12.9296875,0.8904500007629395
2023-06-01 19:12:56.577544,29.610000610351562,85965.28125,12.9404296875,0.647599995136261
2023-06-01 19:12:57.578370,29.600000381469727,85967.375,12.9404296875,0.7285500168800354
2023-06-01 19:12:58.582979,29.59000015258789,85966.4375,12.9638671875,0.9714000225067139
2023-06-01 19:12:59.580236,29.6200008392334,85962.0078125,12.96484375,1.1332999467849731
2023-06-01 19:13:00.580635,29.6299991607666,85965.84375,12.96484375,0.9714000225067139
2023-06-01 19:13:01.580964,29.649999618530273,85962.6953125,12.9658203125,0.7285500168800354
2023-06-01 19:13:02.583594,29.65999984741211,85960.6484375,12.9775390625,0.5666499733924866
2023-06-01 19:13:03.582450,29.65999984741211,85961.7421875,13.001953125,0.647599995136261
2023-06-01 19:13:04.583846,29.670000076293945,85963.6875,13.001953125,0.647599995136261
2023-06-01 19:13:05.584119,29.68000030517578,85962.328125,13.0146484375,0.5666499733924866
2023-06-01 19:13:06.585344,29.68000030517578,85962.6875,13.0029296875,0.8095000386238098
2023-06-01 19:13:07.585755,29.700000762939453,85961.6953125,13.0029296875,0.647599995136261
2023-06-01 19:13:08.588940,29.690000534057617,85962.9375,13.0146484375,0.647599995136261
2023-06-01 19:13:09.591728,29.700000762939453,85964.015625,13.02734375,0.5666499733924866
2023-06-01 19:13:10.588705,29.719999313354492,85963.5703125,13.0390625,0.48570001125335693
2023-06-01 19:13:11.589827,29.739999771118164,85962.7421875,13.0283203125,0.647599995136261
2023-06-01 19:13:12.590080,29.770000457763672,85961.84375,13.0166015625,0.5666499733924866
2023-06-01 19:13:13.591531,29.799999237060547,85964.3984375,12.982421875,0.48570001125335693
2023-06-01 19:13:14.591758,29.799999237060547,85963.3984375,12.9580078125,0.48570001125335693
2023-06-01 19:13:15.593317,29.799999237060547,85964.3984375,12.9462890625,0.5666499733924866
2023-06-01 19:13:16.593455,29.809999465942383,85963.4453125,12.921875,0.647599995136261
2023-06-01 19:13:17.594597,29.829999923706055,85964.671875,12.88671875,0.647599995136261
2023-06-01 19:13:18.595088,29.850000381469727,85966.015625,12.8876953125,0.5666499733924866
2023-06-01 19:13:19.598508,29.8700008392334,85963.765625,12.8876953125,0.5666499733924866
2023-06-01 19:13:20.596363,29.899999618530273,85963.5859375,12.888671875,0.3237999975681305
2023-06-01 19:13:21.599050,29.959999084472656,85967.1484375,12.8544921875,0.4047500193119049
2023-06-01 19:13:22.599299,29.979999542236328,85963.734375,12.8193359375,0.16189999878406525
2023-06-01 19:13:23.599805,29.989999771118164,85962.765625,12.7958984375,0.08094999939203262
2023-06-01 19:13:24.600725,30.020000457763672,85963.109375,12.7841796875,0.0
2023-06-01 19:13:25.601043,30.049999237060547,85963.078125,12.8095703125,0.0
2023-06-01 19:13:26.602425,30.030000686645508,85963.734375,12.8203125,0.08094999939203262
2023-06-01 19:13:27.602502,30.049999237060547,85961.09375,12.833984375,0.16189999878406525
2023-06-01 19:13:28.603912,30.059999465942383,85961.0,12.833984375,0.24285000562667847
2023-06-01 19:13:29.604487,30.06999969482422,85961.796875,12.810546875,0.3237999975681305
2023-06-01 19:13:30.606031,30.06999969482422,85963.578125,12.7744140625,0.3237999975681305
2023-06-01 19:13:31.606337,30.110000610351562,85961.546875,12.775390625,0.3237999975681305
2023-06-01 19:13:32.607117,30.1200008392334,85963.65625,12.7275390625,0.24285000562667847
2023-06-01 19:13:33.608786,30.149999618530273,85964.40625,12.716796875,0.0
2023-06-01 19:13:34.610296,30.190000534057617,85962.984375,12.7177734375,0.0
2023-06-01 19:13:35.611396,30.239999771118164,85964.296875,12.6943359375,0.0
2023-06-01 19:13:36.613639,30.280000686645508,85963.09375,12.671875,0.0
2023-06-01 19:13:37.613016,30.309999465942383,85964.71875,12.6611328125,0.0
2023-06-01 19:13:38.614476,30.34000015258789,85965.0,12.6259765625,0.0
2023-06-01 19:13:39.614834,30.3700008392334,85965.484375,12.6142578125,0.0
2023-06-01 19:13:40.620326,30.389999389648438,85964.8671875,12.5791015625,0.0
2023-06-01 19:13:41.616418,30.40999984741211,85963.703125,12.580078125,0.0
2023-06-01 19:13:42.616588,30.440000534057617,85963.375,12.568359375,0.08094999939203262
2023-06-01 19:13:43.619501,30.459999084472656,85965.390625,12.544921875,0.0
2023-06-01 19:13:44.620463,30.479999542236328,85962.1640625,12.521484375,0.0
2023-06-01 19:13:45.620646,30.479999542236328,85963.90625,12.498046875,0.0
2023-06-01 19:13:46.621093,30.479999542236328,85962.90625,12.486328125,0.0
2023-06-01 19:13:47.622227,30.5,85963.390625,12.4736328125,0.0
2023-06-01 19:13:48.622530,30.479999542236328,85962.1640625,12.4853515625,0.0
2023-06-01 19:13:49.626056,30.459999084472656,85959.53125,12.533203125,0.0
2023-06-01 19:13:50.628783,30.459999084472656,85962.3515625,12.544921875,0.0
2023-06-01 19:13:51.625176,30.43000030517578,85963.4453125,12.544921875,0.0
2023-06-01 19:13:52.628578,30.420000076293945,85962.984375,12.5439453125,0.0
2023-06-01 19:13:53.625989,30.399999618530273,85962.765625,12.49609375,0.0
2023-06-01 19:13:54.627565,30.3799991607666,85963.3828125,12.482421875,0.0
2023-06-01 19:13:55.627670,30.3700008392334,85961.4375,12.4951171875,0.0
2023-06-01 19:13:56.633618,30.40999984741211,85961.578125,12.51953125,0.0
2023-06-01 19:13:57.630315,30.440000534057617,85964.8125,12.5205078125,0.0
2023-06-01 19:13:58.631075,30.440000534057617,85959.6953125,12.5087890625,0.0
2023-06-01 19:13:59.635407,30.459999084472656,85962.875,12.4970703125,0.0
2023-06-01 19:14:00.633918,30.469999313354492,85963.984375,12.509765625,0.0
2023-06-01 19:14:01.637691,30.489999771118164,85963.453125,12.498046875,0.0
2023-06-01 19:14:02.633531,30.489999771118164,85962.6953125,12.4736328125,0.0
2023-06-01 19:14:03.634910,30.510000228881836,85965.5,12.486328125,0.0
2023-06-01 19:14:04.636804,30.510000228881836,85962.671875,12.486328125,0.0
2023-06-01 19:14:05.637579,30.479999542236328,85959.671875,12.58203125,0.0
2023-06-01 19:14:06.640034,30.489999771118164,85965.640625,12.58203125,0.0
2023-06-01 19:14:07.641664,30.459999084472656,85962.7109375,12.5810546875,0.0
2023-06-01 19:14:08.643251,30.469999313354492,85964.578125,12.5810546875,0.0
2023-06-01 19:14:09.642356,30.489999771118164,85959.8515625,12.58203125,0.0
2023-06-01 19:14:10.642000,30.489999771118164,85960.015625,12.5341796875,0.0
2023-06-01 19:14:11.646563,30.469999313354492,85961.25,12.521484375,0.0
2023-06-01 19:14:12.642220,30.479999542236328,85959.0546875,12.58203125,0.0
2023-06-01 19:14:13.643581,30.5,85962.21875,12.6181640625,0.0
2023-06-01 19:14:14.645024,30.479999542236328,85957.140625,12.5458984375,0.0
2023-06-01 19:14:15.648470,30.489999771118164,85960.1328125,12.498046875,0.0
2023-06-01 19:14:16.646464,30.479999542236328,85960.515625,12.4736328125,0.0
2023-06-01 19:14:17.646795,30.479999542236328,85959.984375,12.509765625,0.0
2023-06-01 19:14:18.648065,30.479999542236328,85962.5703125,12.521484375,0.0
2023-06-01 19:14:19.648303,30.469999313354492,85960.109375,12.4970703125,0.0
2023-06-01 19:14:20.650188,30.469999313354492,85961.96875,12.509765625,0.0
2023-06-01 19:14:21.650425,30.440000534057617,85960.453125,12.484375,0.0
2023-06-01 19:14:22.652989,30.389999389648438,85961.109375,12.5068359375,0.16189999878406525
2023-06-01 19:14:23.651630,30.399999618530273,85961.375,12.4951171875,0.08094999939203262
2023-06-01 19:14:24.658596,30.399999618530273,85961.8828125,12.4951171875,0.0
2023-06-01 19:14:25.652925,30.360000610351562,85962.875,12.482421875,0.0
2023-06-01 19:14:26.655835,30.360000610351562,85962.875,12.482421875,0.0
2023-06-01 19:14:27.656339,30.3700008392334,85960.96875,12.482421875,0.0
2023-06-01 19:14:28.657877,30.389999389648438,85962.53125,12.4716796875,0.0
2023-06-01 19:14:29.658726,30.40999984741211,85963.75,12.484375,0.0
2023-06-01 19:14:30.657698,30.420000076293945,85962.9375,12.4716796875,0.0
2023-06-01 19:14:31.661020,30.399999618530273,85962.2890625,12.5078125,0.0
2023-06-01 19:14:32.660262,30.420000076293945,85961.171875,12.5205078125,0.0
2023-06-01 19:14:33.660220,30.40999984741211,85963.8671875,12.5556640625,0.0
2023-06-01 19:14:34.660556,30.399999618530273,85962.125,12.5439453125,0.0
2023-06-01 19:14:35.661782,30.399999618530273,85963.046875,12.54296875,0.08094999939203262
2023-06-01 19:14:36.661929,30.420000076293945,85964.140625,12.5556640625,0.08094999939203262
2023-06-01 19:14:37.663402,30.43000030517578,85959.90625,12.5927734375,0.0
2023-06-01 19:14:38.663695,30.43000030517578,85963.7578125,12.580078125,0.0
2023-06-01 19:14:39.665003,30.440000534057617,85960.84375,12.5927734375,0.0
2023-06-01 19:14:40.666223,30.450000762939453,85964.59375,12.640625,0.0
2023-06-01 19:14:41.666565,30.450000762939453,85964.2890625,12.6767578125,0.0
2023-06-01 19:14:42.668432,30.469999313354492,85962.90625,12.7255859375,0.0
2023-06-01 19:14:43.668230,30.469999313354492,85961.78125,12.7255859375,0.0
2023-06-01 19:14:44.669513,30.489999771118164,85962.453125,12.7138671875,0.0
2023-06-01 19:14:45.669635,30.469999313354492,85961.921875,12.701171875,0.0
2023-06-01 19:14:46.670954,30.469999313354492,85962.28125,12.6650390625,0.08094999939203262
2023-06-01 19:14:47.671302,30.459999084472656,85961.203125,12.6650390625,0.0
2023-06-01 19:14:48.672581,30.469999313354492,85963.4765625,12.6533203125,0.0
2023-06-01 19:14:49.673000,30.469999313354492,85964.484375,12.62890625,0.08094999939203262
2023-06-01 19:14:50.676580,30.489999771118164,85962.03125,12.6416015625,0.4047500193119049
2023-06-01 19:14:51.675337,30.5,85962.2421875,12.6181640625,0.5666499733924866
2023-06-01 19:14:52.676875,30.5,85963.921875,12.6298828125,0.48570001125335693
2023-06-01 19:14:53.678119,30.520000457763672,85961.7421875,12.6552734375,0.5666499733924866
2023-06-01 19:14:54.678581,30.530000686645508,85960.8359375,12.642578125,0.8095000386238098
2023-06-01 19:14:55.679726,30.530000686645508,85960.359375,12.630859375,0.8095000386238098
2023-06-01 19:14:56.680208,30.5,85962.09375,12.5703125,0.8095000386238098
2023-06-01 19:14:57.681271,30.510000228881836,85959.203125,12.5712890625,0.7285500168800354
2023-06-01 19:14:58.681788,30.489999771118164,85961.09375,12.521484375,0.647599995136261
2023-06-01 19:14:59.685683,30.489999771118164,85961.8125,12.509765625,0.647599995136261
2023-06-01 19:15:00.685038,30.510000228881836,85961.8125,12.5107421875,0.647599995136261
2023-06-01 19:15:01.687253,30.530000686645508,85964.234375,12.4873046875,0.7285500168800354
2023-06-01 19:15:02.684744,30.530000686645508,85963.015625,12.462890625,0.7285500168800354
2023-06-01 19:15:03.686002,30.530000686645508,85966.03125,12.451171875,0.8095000386238098
2023-06-01 19:15:04.686319,30.510000228881836,85962.671875,12.4384765625,0.8904500007629395
2023-06-01 19:15:05.692274,30.5,85961.890625,12.42578125,0.8095000386238098
2023-06-01 19:15:06.689220,30.510000228881836,85963.015625,12.4150390625,0.7285500168800354
2023-06-01 19:15:07.689346,30.510000228881836,85962.5078125,12.40234375,0.5666499733924866
2023-06-01 19:15:08.690561,30.5,85962.796875,12.390625,0.4047500193119049
2023-06-01 19:15:09.690866,30.510000228881836,85958.703125,12.4150390625,0.4047500193119049
2023-06-01 19:15:10.692202,30.540000915527344,85962.9453125,12.4150390625,0.4047500193119049
2023-06-01 19:15:11.692466,30.549999237060547,85961.390625,12.427734375,0.48570001125335693
2023-06-01 19:15:12.693746,30.540000915527344,85961.171875,12.4033203125,0.48570001125335693
2023-06-01 19:15:13.693977,30.56999969482422,85962.5625,12.404296875,0.5666499733924866
2023-06-01 19:15:14.697196,30.559999465942383,85960.796875,12.404296875,0.48570001125335693
2023-06-01 19:15:15.695561,30.56999969482422,85962.421875,12.392578125,0.5666499733924866
2023-06-01 19:15:16.696952,30.56999969482422,85962.734375,12.3798828125,0.48570001125335693
2023-06-01 19:15:17.697171,30.540000915527344,85959.1171875,12.3916015625,0.647599995136261
2023-06-01 19:15:18.698734,30.540000915527344,85962.4375,12.35546875,0.647599995136261
2023-06-01 19:15:19.699893,30.549999237060547,85961.078125,12.34375,0.647599995136261
2023-06-01 19:15:20.700075,30.530000686645508,85962.5625,12.3427734375,0.647599995136261
2023-06-01 19:15:21.702065,30.520000457763672,85962.4609375,12.3544921875,0.647599995136261
2023-06-01 19:15:22.705245,30.540000915527344,85962.328125,12.35546875,0.5666499733924866
2023-06-01 19:15:23.702881,30.549999237060547,85961.7265625,12.3671875,0.48570001125335693
2023-06-01 19:15:24.703076,30.56999969482422,85964.59375,12.392578125,0.3237999975681305
2023-06-01 19:15:25.704700,30.540000915527344,85962.9921875,12.416015625,0.3237999975681305
2023-06-01 19:15:26.704997,30.510000228881836,85961.1875,12.462890625,0.3237999975681305
2023-06-01 19:15:27.706552,30.520000457763672,85962.4140625,12.4990234375,0.5666499733924866
2023-06-01 19:15:28.706433,30.510000228881836,85962.171875,12.4990234375,0.5666499733924866
2023-06-01 19:15:29.707758,30.479999542236328,85964.703125,12.4619140625,0.5666499733924866
2023-06-01 19:15:30.713059,30.469999313354492,85962.765625,12.4609375,0.5666499733924866
2023-06-01 19:15:31.710987,30.420000076293945,85965.359375,12.4599609375,0.647599995136261
2023-06-01 19:15:32.713803,30.40999984741211,85966.375,12.49609375,0.7285500168800354
2023-06-01 19:15:33.712378,30.43000030517578,85962.921875,12.47265625,0.647599995136261
2023-06-01 19:15:34.714028,30.440000534057617,85962.84375,12.47265625,0.5666499733924866
2023-06-01 19:15:35.714230,30.440000534057617,85962.328125,12.5087890625,0.5666499733924866
2023-06-01 19:15:36.715854,30.450000762939453,85962.0625,12.544921875,0.5666499733924866
2023-06-01 19:15:37.716604,30.43000030517578,85964.9296875,12.5927734375,0.647599995136261
2023-06-01 19:15:38.720496,30.360000610351562,85964.71875,12.5068359375,0.8095000386238098
2023-06-01 19:15:39.719004,30.280000686645508,85963.6171875,12.5166015625,0.8095000386238098
2023-06-01 19:15:40.721857,30.350000381469727,85963.90625,12.494140625,0.8095000386238098
2023-06-01 19:15:41.719620,30.360000610351562,85961.703125,12.458984375,0.647599995136261
2023-06-01 19:15:42.728355,30.360000610351562,85963.7109375,12.4345703125,0.647599995136261
2023-06-01 19:15:43.720944,30.350000381469727,85963.96875,12.421875,0.48570001125335693
2023-06-01 19:15:44.721872,30.350000381469727,85964.265625,12.505859375,0.4047500193119049
2023-06-01 19:15:45.726169,30.34000015258789,85962.796875,12.578125,0.48570001125335693
2023-06-01 19:15:46.723550,30.290000915527344,85965.0546875,12.576171875,0.4047500193119049
2023-06-01 19:15:47.731740,30.290000915527344,85961.5390625,12.5283203125,0.5666499733924866
2023-06-01 19:15:48.732317,30.290000915527344,85963.5,12.5166015625,0.48570001125335693
2023-06-01 19:15:49.726638,30.25,85963.890625,12.4912109375,0.4047500193119049
2023-06-01 19:15:50.727667,30.260000228881836,85961.21875,12.4912109375,0.4047500193119049
2023-06-01 19:15:51.730337,30.270000457763672,85963.015625,12.5400390625,0.24285000562667847
2023-06-01 19:15:52.735523,30.25,85959.609375,12.599609375,0.4047500193119049
2023-06-01 19:15:53.730534,30.18000030517578,85960.734375,12.5732421875,0.48570001125335693
2023-06-01 19:15:54.732187,30.139999389648438,85958.0234375,12.583984375,0.647599995136261
2023-06-01 19:15:55.737371,30.110000610351562,85960.6875,12.5595703125,0.647599995136261
2023-06-01 19:15:56.732593,30.079999923706055,85959.4765625,12.55859375,0.5666499733924866
2023-06-01 19:15:57.740490,30.100000381469727,85959.296875,12.5595703125,0.48570001125335693
2023-06-01 19:15:58.736596,30.139999389648438,85960.796875,12.572265625,0.4047500193119049
2023-06-01 19:15:59.734399,30.1299991607666,85959.0234375,12.583984375,0.4047500193119049
2023-06-01 19:16:00.735732,30.1200008392334,85961.2890625,12.583984375,0.3237999975681305
2023-06-01 19:16:01.739980,30.1200008392334,85957.828125,12.572265625,0.3237999975681305
2023-06-01 19:16:02.737249,30.1299991607666,85960.53125,12.607421875,0.24285000562667847
2023-06-01 19:16:03.737690,30.100000381469727,85960.7578125,12.6787109375,0.24285000562667847
2023-06-01 19:16:04.741810,30.06999969482422,85960.625,12.666015625,0.3237999975681305
2023-06-01 19:16:05.260595,0.0,0.0,0.0,0.0
2023-06-01 19:16:05.739634,30.020000457763672,85957.875,12.6767578125,0.3237999975681305
2023-06-01 19:16:06.742794,30.020000457763672,85960.4609375,12.724609375,0.0
2023-06-01 19:16:07.740576,29.979999542236328,85959.671875,12.794921875,0.3237999975681305
2023-06-01 19:16:08.403910,0.0,0.0,0.0,0.0
2023-06-01 19:16:08.741970,29.940000534057617,85960.671875,12.7470703125,0.4047500193119049
2023-06-01 19:16:09.744601,29.93000030517578,85960.796875,12.76953125,0.7285500168800354
2023-06-01 19:16:10.746120,29.8700008392334,85959.578125,12.732421875,0.0
2023-06-01 19:16:11.745747,29.860000610351562,85960.625,12.744140625,0.8095000386238098
2023-06-01 19:16:12.745775,29.84000015258789,85961.734375,12.7314453125,0.9714000225067139
2023-06-01 19:16:13.747303,29.84000015258789,85962.4375,12.767578125,0.9714000225067139
2023-06-01 19:16:14.750444,29.850000381469727,85960.546875,12.7919921875,0.8904500007629395
2023-06-01 19:16:15.749754,29.809999465942383,85962.6875,12.7783203125,0.8904500007629395
2023-06-01 19:16:16.749174,29.809999465942383,85961.34375,12.8271484375,0.8095000386238098
2023-06-01 19:16:17.750289,29.770000457763672,85961.421875,12.7890625,0.8095000386238098
2023-06-01 19:16:18.750698,29.760000228881836,85960.09375,12.77734375,0.7285500168800354
2023-06-01 19:16:19.751773,29.770000457763672,85959.890625,12.7890625,0.5666499733924866
2023-06-01 19:16:20.755268,29.770000457763672,85961.015625,12.8251953125,0.5666499733924866
2023-06-01 19:16:21.758495,29.770000457763672,85959.671875,12.8857421875,0.48570001125335693
2023-06-01 19:16:22.754226,29.780000686645508,85960.9453125,12.9091796875,0.5666499733924866
2023-06-01 19:16:23.754955,29.780000686645508,85960.109375,12.95703125,0.5666499733924866
2023-06-01 19:16:24.756324,29.790000915527344,85961.234375,13.0771484375,0.8904500007629395
2023-06-01 19:16:25.756517,29.790000915527344,85958.609375,13.0419921875,0.8904500007629395
2023-06-01 19:16:26.758082,29.760000228881836,85959.453125,12.98046875,0.8904500007629395
2023-06-01 19:16:27.758468,29.729999542236328,85960.15625,12.908203125,0.8904500007629395
2023-06-01 19:16:28.759491,29.709999084472656,85959.1484375,12.8837890625,0.8904500007629395
2023-06-01 19:16:29.759781,29.690000534057617,85960.109375,12.84765625,0.9714000225067139
2023-06-01 19:16:30.761861,29.700000762939453,85957.828125,12.8828125,0.9714000225067139
2023-06-01 19:16:31.761355,29.690000534057617,85958.03125,12.8828125,1.0523500442504883
2023-06-01 19:16:32.765627,29.700000762939453,85956.84375,12.8955078125,1.0523500442504883
2023-06-01 19:16:33.762900,29.709999084472656,85958.453125,12.943359375,1.0523500442504883
2023-06-01 19:16:34.764252,29.719999313354492,85959.359375,12.9794921875,1.0523500442504883
2023-06-01 19:16:35.764620,29.709999084472656,85957.140625,12.9912109375,1.2142499685287476
2023-06-01 19:16:36.765718,29.729999542236328,85958.8203125,12.98046875,1.1332999467849731
2023-06-01 19:16:37.767111,29.739999771118164,85961.484375,12.9921875,1.1332999467849731
2023-06-01 19:16:38.767370,29.760000228881836,85958.265625,13.0048828125,1.0523500442504883
2023-06-01 19:16:39.768779,29.770000457763672,85958.671875,13.029296875,0.9714000225067139
2023-06-01 19:16:40.768873,29.799999237060547,85960.671875,13.0419921875,0.8904500007629395
2023-06-01 19:16:41.770171,29.809999465942383,85958.8125,13.0185546875,0.7285500168800354
2023-06-01 19:16:42.770647,29.799999237060547,85959.71875,13.005859375,0.48570001125335693
2023-06-01 19:16:43.771832,29.81999969482422,85958.265625,12.994140625,0.5666499733924866
2023-06-01 19:16:44.772092,29.850000381469727,85959.6640625,13.0068359375,0.5666499733924866
2023-06-01 19:16:45.773707,29.860000610351562,85958.03125,13.0078125,0.4047500193119049
2023-06-01 19:16:46.773698,29.8799991607666,85959.6875,12.9599609375,0.48570001125335693
2023-06-01 19:16:47.774983,29.8700008392334,85958.625,12.900390625,0.3237999975681305
2023-06-01 19:16:48.776686,29.8799991607666,85958.015625,12.8759765625,0.3237999975681305
2023-06-01 19:16:49.778334,29.8799991607666,85959.65625,12.81640625,0.24285000562667847
2023-06-01 19:16:50.782597,29.8799991607666,85960.5625,12.81640625,0.3237999975681305
2023-06-01 19:16:51.780174,29.920000076293945,85960.75,12.8173828125,0.3237999975681305
2023-06-01 19:16:52.780711,29.93000030517578,85960.296875,12.7822265625,0.4047500193119049
2023-06-01 19:16:53.781248,29.899999618530273,85958.5625,12.76953125,0.4047500193119049
2023-06-01 19:16:54.782341,29.93000030517578,85958.8125,12.7705078125,0.4047500193119049
2023-06-01 19:16:55.782441,29.959999084472656,85957.609375,12.783203125,0.4047500193119049
2023-06-01 19:16:56.786634,29.979999542236328,85958.171875,12.771484375,0.3237999975681305
2023-06-01 19:16:57.784023,29.989999771118164,85957.90625,12.771484375,0.16189999878406525
2023-06-01 19:16:58.786784,30.010000228881836,85958.3515625,12.7724609375,0.08094999939203262
2023-06-01 19:16:59.785633,30.030000686645508,85957.859375,12.796875,0.0
2023-06-01 19:17:00.786881,30.049999237060547,85959.734375,12.8095703125,0.08094999939203262
2023-06-01 19:17:01.787301,30.059999465942383,85962.125,12.8212890625,0.0
2023-06-01 19:17:02.788954,30.059999465942383,85960.828125,12.8095703125,0.08094999939203262
2023-06-01 19:17:03.790022,30.059999465942383,85956.34375,12.7734375,0.08094999939203262
2023-06-01 19:17:04.790716,30.06999969482422,85957.4375,12.75,0.08094999939203262
2023-06-01 19:17:05.791502,30.079999923706055,85957.296875,12.7626953125,0.08094999939203262
2023-06-01 19:17:06.795744,30.09000015258789,85958.953125,12.7509765625,0.16189999878406525
2023-06-01 19:17:07.793040,30.06999969482422,85958.78125,12.7265625,0.24285000562667847
2023-06-01 19:17:08.793194,30.079999923706055,85962.515625,12.7265625,0.24285000562667847
2023-06-01 19:17:09.796410,30.100000381469727,85960.7578125,12.7265625,0.24285000562667847
2023-06-01 19:17:10.797619,30.09000015258789,85957.8359375,12.7509765625,0.16189999878406525
2023-06-01 19:17:11.796171,30.09000015258789,85958.6484375,12.810546875,0.16189999878406525
2023-06-01 19:17:12.796502,30.059999465942383,85961.453125,12.75,0.16189999878406525
2023-06-01 19:17:13.797838,30.040000915527344,85957.8125,12.7138671875,0.08094999939203262
2023-06-01 19:17:14.798120,30.030000686645508,85957.3828125,12.6767578125,0.24285000562667847
2023-06-01 19:17:15.799419,30.030000686645508,85960.390625,12.689453125,0.4047500193119049
2023-06-01 19:17:16.800773,30.049999237060547,85957.578125,12.689453125,0.5666499733924866
2023-06-01 19:17:17.800916,30.06999969482422,85958.375,12.7021484375,0.48570001125335693
2023-06-01 19:17:18.802108,30.06999969482422,85958.5625,12.7265625,0.4047500193119049
2023-06-01 19:17:19.802570,30.059999465942383,85957.609375,12.76171875,0.48570001125335693
2023-06-01 19:17:20.807540,30.049999237060547,85958.75,12.7734375,0.3237999975681305
2023-06-01 19:17:21.804248,30.030000686645508,85960.0625,12.78515625,0.4047500193119049
2023-06-01 19:17:22.805755,30.040000915527344,85958.9609375,12.796875,0.24285000562667847
2023-06-01 19:17:23.806786,30.030000686645508,85957.21875,12.8330078125,0.4047500193119049
2023-06-01 19:17:24.807494,30.020000457763672,85958.375,12.796875,0.3237999975681305
2023-06-01 19:17:25.808003,29.989999771118164,85958.984375,12.736328125,0.4047500193119049
2023-06-01 19:17:26.809265,29.959999084472656,85959.53125,12.7353515625,0.48570001125335693
2023-06-01 19:17:27.810434,29.959999084472656,85960.1484375,12.7587890625,0.48570001125335693
2023-06-01 19:17:28.812039,29.889999389648438,85958.8046875,12.8046875,0.5666499733924866
2023-06-01 19:17:29.813505,29.84000015258789,85959.0859375,12.7431640625,0.647599995136261
2023-06-01 19:17:30.813618,29.850000381469727,85958.515625,12.7197265625,0.7285500168800354
2023-06-01 19:17:31.814515,29.829999923706055,85958.125,12.71875,0.8904500007629395
2023-06-01 19:17:32.818459,29.780000686645508,85959.828125,12.6943359375,0.9714000225067139
2023-06-01 19:17:33.820662,29.780000686645508,85957.125,12.7060546875,0.9714000225067139
2023-06-01 19:17:34.816735,29.790000915527344,85956.109375,12.73046875,0.8904500007629395
2023-06-01 19:17:35.821869,29.790000915527344,85959.5625,12.73046875,0.7285500168800354
2023-06-01 19:17:36.819397,29.760000228881836,85954.796875,12.765625,0.7285500168800354
2023-06-01 19:17:37.819733,29.75,85956.6796875,12.7529296875,0.48570001125335693
2023-06-01 19:17:38.819898,29.719999313354492,85959.609375,12.728515625,0.48570001125335693
2023-06-01 19:17:39.827255,29.68000030517578,85959.1015625,12.71484375,0.3237999975681305
2023-06-01 19:17:40.821246,29.639999389648438,85957.3671875,12.7373046875,0.24285000562667847
2023-06-01 19:17:41.822875,29.600000381469727,85960.140625,12.7490234375,0.24285000562667847
2023-06-01 19:17:42.824545,29.540000915527344,85959.578125,12.794921875,0.24285000562667847
2023-06-01 19:17:43.825170,29.510000228881836,85958.0546875,12.8056640625,0.16189999878406525
2023-06-01 19:17:44.825555,29.5,85958.4296875,12.7939453125,0.24285000562667847
2023-06-01 19:17:45.825830,29.469999313354492,85955.359375,12.79296875,0.24285000562667847
2023-06-01 19:17:46.827042,29.489999771118164,85955.84375,12.841796875,0.3237999975681305
2023-06-01 19:17:47.829198,29.540000915527344,85955.828125,12.9384765625,0.24285000562667847
2023-06-01 19:17:48.830299,29.579999923706055,85956.1640625,12.9521484375,0.4047500193119049
2023-06-01 19:17:49.829340,29.610000610351562,85956.96875,12.9169921875,0.3237999975681305
2023-06-01 19:17:50.832043,29.649999618530273,85954.53125,12.90625,0.48570001125335693
2023-06-01 19:17:51.832112,29.690000534057617,85954.359375,12.87109375,0.5666499733924866
2023-06-01 19:17:52.833468,29.709999084472656,85956.921875,12.8359375,0.647599995136261
2023-06-01 19:17:53.834812,29.739999771118164,85955.390625,12.82421875,0.647599995136261
2023-06-01 19:17:54.833439,29.760000228881836,85953.625,12.8017578125,0.5666499733924866
2023-06-01 19:17:55.834674,29.770000457763672,85956.5234375,12.8017578125,0.4047500193119049
2023-06-01 19:17:56.835178,29.760000228881836,85957.421875,12.8486328125,0.5666499733924866
2023-06-01 19:17:57.836165,29.790000915527344,85955.9140625,12.837890625,0.5666499733924866
2023-06-01 19:17:58.836665,29.829999923706055,85956.6484375,12.8154296875,0.4047500193119049
2023-06-01 19:17:59.839402,29.84000015258789,85958.5625,12.8515625,0.3237999975681305
2023-06-01 19:18:00.838586,29.829999923706055,85959.46875,12.8505859375,0.3237999975681305
2023-06-01 19:18:01.840230,29.809999465942383,85958.8125,12.8505859375,0.24285000562667847
2023-06-01 19:18:02.843408,29.809999465942383,85958.171875,12.8388671875,0.0
2023-06-01 19:18:03.841170,29.809999465942383,85960.15625,12.8984375,0.0
2023-06-01 19:18:04.843244,29.790000915527344,85957.0625,12.837890625,0.08094999939203262
2023-06-01 19:18:05.842727,29.739999771118164,85957.46875,12.82421875,0.0
2023-06-01 19:18:06.843866,29.719999313354492,85957.546875,12.7998046875,0.08094999939203262
2023-06-01 19:18:07.845236,29.690000534057617,85958.5859375,12.8232421875,0.24285000562667847
2023-06-01 19:18:08.849102,29.690000534057617,85959.703125,12.8466796875,0.4047500193119049
2023-06-01 19:18:09.846761,29.690000534057617,85958.921875,12.8466796875,0.5666499733924866
2023-06-01 19:18:10.852020,29.700000762939453,85957.6875,12.8232421875,0.647599995136261
2023-06-01 19:18:11.848804,29.68000030517578,85957.84375,12.9189453125,0.8095000386238098
2023-06-01 19:18:12.851025,29.649999618530273,85958.1875,12.833984375,0.7285500168800354
2023-06-01 19:18:13.850266,29.6200008392334,85956.703125,12.8212890625,0.7285500168800354
2023-06-01 19:18:14.851294,29.610000610351562,85957.4453125,12.869140625,0.7285500168800354
2023-06-01 19:18:15.851715,29.6299991607666,85958.625,12.9169921875,0.7285500168800354
2023-06-01 19:18:16.853028,29.639999389648438,85955.890625,12.9052734375,0.647599995136261
2023-06-01 19:18:17.853091,29.610000610351562,85956.6328125,12.857421875,0.5666499733924866
2023-06-01 19:18:18.854461,29.579999923706055,85960.265625,12.8564453125,0.4047500193119049
2023-06-01 19:18:19.854797,29.559999465942383,85957.28125,12.84375,0.3237999975681305
2023-06-01 19:18:20.856449,29.520000457763672,85957.203125,12.8779296875,0.16189999878406525
2023-06-01 19:18:21.857392,29.510000228881836,85958.9375,12.8896484375,0.08094999939203262
2023-06-01 19:18:22.857649,29.510000228881836,85961.3984375,12.8896484375,0.0
2023-06-01 19:18:23.859087,29.510000228881836,85958.2734375,12.8896484375,0.0
2023-06-01 19:18:24.859329,29.5,85959.125,12.9013671875,0.0
2023-06-01 19:18:25.860482,29.5,85961.9375,12.9609375,0.0
2023-06-01 19:18:26.860835,29.489999771118164,85958.6875,13.033203125,0.0
2023-06-01 19:18:27.862025,29.5,85961.6328125,13.044921875,0.0
2023-06-01 19:18:28.862370,29.5,85959.9609375,13.140625,0.0
2023-06-01 19:18:29.866652,29.5,85957.9296875,13.1650390625,0.0
2023-06-01 19:18:30.863941,29.5,85959.515625,13.1767578125,0.0
2023-06-01 19:18:31.865548,29.510000228881836,85960.921875,13.12890625,0.0
2023-06-01 19:18:32.865879,29.520000457763672,85960.3828125,13.1181640625,0.0
2023-06-01 19:18:33.866789,29.520000457763672,85958.328125,13.1171875,0.0
2023-06-01 19:18:34.868579,29.510000228881836,85956.6015625,13.1533203125,0.0
2023-06-01 19:18:35.868497,29.520000457763672,85960.5,13.1650390625,0.0
2023-06-01 19:18:36.869757,29.520000457763672,85956.375,13.177734375,0.0
2023-06-01 19:18:37.871772,29.520000457763672,85958.96875,13.212890625,0.0
2023-06-01 19:18:38.871369,29.510000228881836,85957.265625,13.1650390625,0.0
2023-06-01 19:18:39.871587,29.5,85956.671875,13.201171875,0.0
2023-06-01 19:18:40.872904,29.5,85961.328125,13.1767578125,0.0
2023-06-01 19:18:41.873234,29.469999313354492,85960.65625,13.1162109375,0.0
2023-06-01 19:18:42.874412,29.450000762939453,85956.0625,13.0556640625,0.0
2023-06-01 19:18:43.874811,29.420000076293945,85959.9296875,12.9833984375,0.08094999939203262
2023-06-01 19:18:44.876174,29.420000076293945,85957.328125,13.0068359375,0.0
2023-06-01 19:18:45.877586,29.40999984741211,85959.7109375,12.9951171875,0.08094999939203262
2023-06-01 19:18:46.879016,29.3700008392334,85956.96875,12.994140625,0.0
2023-06-01 19:18:47.881521,29.350000381469727,85956.046875,13.0166015625,0.08094999939203262
2023-06-01 19:18:48.880754,29.34000015258789,85958.1875,13.052734375,0.0
2023-06-01 19:18:49.883640,29.360000610351562,85958.15625,13.0888671875,0.08094999939203262
2023-06-01 19:18:50.882086,29.3799991607666,85959.6875,13.125,0.08094999939203262
2023-06-01 19:18:51.883299,29.389999389648438,85957.8125,13.173828125,0.08094999939203262
2023-06-01 19:18:52.883643,29.399999618530273,85958.21875,13.24609375,0.16189999878406525
2023-06-01 19:18:53.884925,29.399999618530273,85958.21875,13.26953125,0.24285000562667847
2023-06-01 19:18:54.888550,29.389999389648438,85960.375,13.2216796875,0.08094999939203262
2023-06-01 19:18:55.886458,29.34000015258789,85957.6875,13.1728515625,0.08094999939203262
2023-06-01 19:18:56.886868,29.329999923706055,85957.921875,13.171875,0.16189999878406525
2023-06-01 19:18:57.888276,29.329999923706055,85956.421875,13.1484375,0.16189999878406525
2023-06-01 19:18:58.888446,29.34000015258789,85959.28125,13.2080078125,0.16189999878406525
2023-06-01 19:18:59.889701,29.31999969482422,85955.7421875,13.20703125,0.24285000562667847
2023-06-01 19:19:00.890964,29.309999465942383,85958.5546875,13.1953125,0.16189999878406525
2023-06-01 19:19:01.891240,29.299999237060547,85959.6875,13.146484375,0.16189999878406525
2023-06-01 19:19:02.892607,29.280000686645508,85957.53125,13.146484375,0.3237999975681305
2023-06-01 19:19:03.892851,29.280000686645508,85960.875,13.158203125,0.4047500193119049
2023-06-01 19:19:04.894301,29.290000915527344,85958.609375,13.21875,0.4047500193119049
2023-06-01 19:19:05.894826,29.299999237060547,85958.203125,13.326171875,0.4047500193119049
2023-06-01 19:19:06.896102,29.280000686645508,85957.3359375,13.2900390625,0.3237999975681305
2023-06-01 19:19:07.901886,29.260000228881836,85958.515625,13.265625,0.4047500193119049
2023-06-01 19:19:08.897571,29.239999771118164,85957.7890625,13.2646484375,0.3237999975681305
2023-06-01 19:19:09.897947,29.190000534057617,85957.640625,13.275390625,0.3237999975681305
2023-06-01 19:19:10.899336,29.200000762939453,85959.359375,13.287109375,0.4047500193119049
2023-06-01 19:19:11.899665,29.200000762939453,85959.25,13.3232421875,0.48570001125335693
2023-06-01 19:19:12.900847,29.200000762939453,85958.5234375,13.3828125,0.5666499733924866
2023-06-01 19:19:13.902585,29.18000030517578,85960.8515625,13.3828125,0.5666499733924866
2023-06-01 19:19:14.902947,29.15999984741211,85957.421875,13.310546875,0.5666499733924866
2023-06-01 19:19:15.906287,29.139999389648438,85957.1875,13.2744140625,0.647599995136261
2023-06-01 19:19:16.904277,29.100000381469727,85957.8125,13.33203125,0.8095000386238098
2023-06-01 19:19:17.908714,29.110000610351562,85958.9140625,13.404296875,0.8095000386238098
2023-06-01 19:19:18.905946,29.09000015258789,85957.015625,13.33203125,0.647599995136261
2023-06-01 19:19:19.910784,29.110000610351562,85960.890625,13.3330078125,0.7285500168800354
2023-06-01 19:19:20.907480,29.079999923706055,85960.328125,13.2841796875,0.8095000386238098
2023-06-01 19:19:21.909470,29.059999465942383,85957.203125,13.259765625,0.8904500007629395
2023-06-01 19:19:22.909750,29.09000015258789,85959.0625,13.404296875,0.8095000386238098
2023-06-01 19:19:23.916520,29.06999969482422,85957.21875,13.3671875,0.7285500168800354
2023-06-01 19:19:24.911920,29.06999969482422,85959.8359375,13.35546875,0.7285500168800354
2023-06-01 19:19:25.913582,29.100000381469727,85956.5,13.4765625,0.5666499733924866
2023-06-01 19:19:26.915883,29.1200008392334,85956.8125,13.48828125,0.48570001125335693
2023-06-01 19:19:27.915043,29.1200008392334,85957.84375,13.48828125,0.3237999975681305
2023-06-01 19:19:28.916770,29.100000381469727,85954.8515625,13.404296875,0.24285000562667847
2023-06-01 19:19:29.919730,29.079999923706055,85954.40625,13.35546875,0.16189999878406525
2023-06-01 19:19:30.923019,29.06999969482422,85957.671875,13.3671875,0.16189999878406525
2023-06-01 19:19:31.918145,29.059999465942383,85957.0625,13.37890625,0.16189999878406525
2023-06-01 19:19:32.919868,29.06999969482422,85957.5,13.4033203125,0.3237999975681305
2023-06-01 19:19:33.919486,29.09000015258789,85954.8671875,13.416015625,0.4047500193119049
2023-06-01 19:19:34.929750,29.100000381469727,85957.828125,13.4638671875,0.5666499733924866
2023-06-01 19:19:35.921458,29.1200008392334,85955.34375,13.5126953125,0.48570001125335693
2023-06-01 19:19:36.924325,29.1299991607666,85954.4921875,13.560546875,0.5666499733924866
2023-06-01 19:19:37.922814,29.139999389648438,85956.59375,13.560546875,0.48570001125335693
2023-06-01 19:19:38.924335,29.139999389648438,85956.546875,13.560546875,0.4047500193119049
2023-06-01 19:19:39.925705,29.149999618530273,85958.484375,13.525390625,0.24285000562667847
2023-06-01 19:19:40.926199,29.170000076293945,85958.046875,13.513671875,0.16189999878406525
2023-06-01 19:19:41.927587,29.18000030517578,85958.84375,13.5146484375,0.0
2023-06-01 19:19:42.929808,29.190000534057617,85955.796875,13.5390625,0.0
2023-06-01 19:19:43.930825,29.209999084472656,85956.3125,13.5390625,0.0
2023-06-01 19:19:44.935099,29.219999313354492,85956.75,13.515625,0.0
2023-06-01 19:19:45.938356,29.229999542236328,85955.9375,13.4677734375,0.0
2023-06-01 19:19:46.930587,29.229999542236328,85956.3515625,13.4560546875,0.08094999939203262
2023-06-01 19:19:47.931845,29.260000228881836,85956.6328125,13.48046875,0.08094999939203262
2023-06-01 19:19:48.932614,29.280000686645508,85957.3359375,13.4931640625,0.08094999939203262
2023-06-01 19:19:49.933367,29.280000686645508,85956.3125,13.4453125,0.08094999939203262
2023-06-01 19:19:50.936597,29.280000686645508,85957.53125,13.3974609375,0.16189999878406525
2023-06-01 19:19:51.942998,29.280000686645508,85958.71875,13.3740234375,0.24285000562667847
2023-06-01 19:19:52.937421,29.31999969482422,85956.59375,13.3984375,0.16189999878406525
2023-06-01 19:19:53.937042,29.31999969482422,85957.9609375,13.3505859375,0.16189999878406525
2023-06-01 19:19:54.939283,29.34000015258789,85957.359375,13.33984375,0.16189999878406525
2023-06-01 19:19:55.938576,29.31999969482422,85955.484375,13.291015625,0.16189999878406525
2023-06-01 19:19:56.940903,29.34000015258789,85956.15625,13.255859375,0.16189999878406525
2023-06-01 19:19:57.940488,29.360000610351562,85955.625,13.220703125,0.4047500193119049
2023-06-01 19:19:58.941143,29.360000610351562,85957.625,13.220703125,0.5666499733924866
2023-06-01 19:19:59.942027,29.3700008392334,85957.109375,13.2568359375,0.4047500193119049
2023-06-01 19:20:00.942681,29.3700008392334,85958.8046875,13.208984375,0.4047500193119049
2023-06-01 19:20:01.943008,29.3799991607666,85956.1796875,13.197265625,0.3237999975681305
2023-06-01 19:20:02.944245,29.389999389648438,85956.1953125,13.173828125,0.4047500193119049
2023-06-01 19:20:03.945509,29.420000076293945,85959.09375,13.162109375,0.7285500168800354
2023-06-01 19:20:04.946933,29.440000534057617,85957.9609375,13.1630859375,0.7285500168800354
2023-06-01 19:20:05.948128,29.450000762939453,85959.140625,13.1630859375,0.647599995136261
2023-06-01 19:20:06.949179,29.479999542236328,85956.578125,13.1767578125,0.4047500193119049
2023-06-01 19:20:07.949711,29.479999542236328,85955.4609375,13.15234375,0.3237999975681305
2023-06-01 19:20:08.950244,29.510000228881836,85960.203125,13.10546875,0.24285000562667847
2023-06-01 19:20:09.951579,29.530000686645508,85956.7265625,13.1298828125,0.08094999939203262
2023-06-01 19:20:10.952163,29.530000686645508,85958.46875,13.154296875,0.16189999878406525
2023-06-01 19:20:11.953060,29.540000915527344,85957.2109375,13.166015625,0.0
2023-06-01 19:20:12.953121,29.540000915527344,85958.53125,13.166015625,0.0
2023-06-01 19:20:13.954655,29.559999465942383,85956.921875,13.166015625,0.0
2023-06-01 19:20:14.958356,29.59000015258789,85954.3515625,13.1435546875,0.08094999939203262
2023-06-01 19:20:15.956230,29.600000381469727,85954.9765625,13.107421875,0.24285000562667847
2023-06-01 19:20:16.956612,29.600000381469727,85956.3125,13.095703125,0.7285500168800354
2023-06-01 19:20:17.957540,29.610000610351562,85954.546875,13.095703125,0.8095000386238098
2023-06-01 19:20:18.959142,29.639999389648438,85954.09375,13.09765625,0.647599995136261
2023-06-01 19:20:19.959354,29.649999618530273,85955.203125,13.025390625,0.647599995136261
2023-06-01 19:20:20.960788,29.649999618530273,85954.6953125,13.013671875,0.647599995136261
2023-06-01 19:20:21.961807,29.65999984741211,85954.0546875,12.9775390625,0.8904500007629395
2023-06-01 19:20:22.962706,29.700000762939453,85953.78125,12.966796875,1.1332999467849731
2023-06-01 19:20:23.962796,29.709999084472656,85952.484375,12.8955078125,1.0523500442504883
2023-06-01 19:20:24.964157,29.709999084472656,85956.0859375,12.87109375,1.0523500442504883
2023-06-01 19:20:25.966728,29.729999542236328,85953.28125,12.8486328125,1.1332999467849731
2023-06-01 19:20:26.965492,29.729999542236328,85955.359375,12.8603515625,1.0523500442504883
2023-06-01 19:20:27.968201,29.739999771118164,85952.046875,12.8603515625,1.0523500442504883
2023-06-01 19:20:28.967010,29.770000457763672,85956.90625,12.861328125,0.8095000386238098
2023-06-01 19:20:29.967376,29.799999237060547,85954.890625,12.8740234375,0.7285500168800354
2023-06-01 19:20:30.968909,29.799999237060547,85955.703125,12.8623046875,0.5666499733924866
2023-06-01 19:20:31.969948,29.829999923706055,85954.359375,12.8876953125,0.5666499733924866
2023-06-01 19:20:32.970200,29.850000381469727,85956.484375,12.875,0.647599995136261
2023-06-01 19:20:33.971542,29.860000610351562,85954.75,12.8642578125,0.7285500168800354
2023-06-01 19:20:34.971709,29.84000015258789,85954.59375,12.8515625,0.5666499733924866
2023-06-01 19:20:35.973151,29.8799991607666,85952.875,12.8525390625,0.647599995136261
2023-06-01 19:20:36.973429,29.8700008392334,85954.4453125,12.8408203125,0.48570001125335693
2023-06-01 19:20:37.974620,29.899999618530273,85953.328125,12.8291015625,0.5666499733924866
2023-06-01 19:20:38.975100,29.920000076293945,85954.25,12.8173828125,0.5666499733924866
2023-06-01 19:20:39.976415,29.959999084472656,85957.328125,12.806640625,0.5666499733924866
2023-06-01 19:20:40.976579,29.979999542236328,85954.203125,12.8193359375,0.48570001125335693
2023-06-01 19:20:41.982120,29.989999771118164,85955.4765625,12.83203125,0.4047500193119049
2023-06-01 19:20:42.979395,29.989999771118164,85956.40625,12.85546875,0.24285000562667847
2023-06-01 19:20:43.980606,29.979999542236328,85956.828125,12.8310546875,0.24285000562667847
2023-06-01 19:20:44.981953,30.0,85956.078125,12.8203125,0.16189999878406525
2023-06-01 19:20:45.982304,30.010000228881836,85955.34375,12.796875,0.16189999878406525
2023-06-01 19:20:46.985006,30.030000686645508,85954.0625,12.78515625,0.0
2023-06-01 19:20:47.983809,30.059999465942383,85954.8125,12.7978515625,0.0
2023-06-01 19:20:48.985154,30.059999465942383,85954.625,12.833984375,0.0
2023-06-01 19:20:49.985484,30.06999969482422,85954.3828125,12.8583984375,0.0
2023-06-01 19:20:50.986691,30.100000381469727,85956.2421875,12.8583984375,0.0
2023-06-01 19:20:51.987021,30.100000381469727,85958.1328125,12.8349609375,0.0
2023-06-01 19:20:52.988475,30.1299991607666,85957.34375,12.8115234375,0.0
2023-06-01 19:20:53.988685,30.1200008392334,85955.8125,12.7880859375,0.0
2023-06-01 19:20:54.990059,30.149999618530273,85958.078125,12.7763671875,0.08094999939203262
2023-06-01 19:20:55.990281,30.149999618530273,85953.703125,12.716796875,0.0
2023-06-01 19:20:56.991783,30.1299991607666,85957.234375,12.7041015625,0.16189999878406525
2023-06-01 19:20:57.992957,30.139999389648438,85955.609375,12.7275390625,0.4047500193119049
2023-06-01 19:20:58.993157,30.15999984741211,85956.71875,12.7646484375,0.4047500193119049
2023-06-01 19:20:59.994471,30.18000030517578,85955.359375,12.7294921875,0.5666499733924866
2023-06-01 19:21:00.994744,30.190000534057617,85956.796875,12.705078125,0.8904500007629395
2023-06-01 19:21:01.996629,30.18000030517578,85953.875,12.693359375,0.9714000225067139
2023-06-01 19:21:02.996455,30.190000534057617,85957.1328125,12.6455078125,1.1332999467849731
2023-06-01 19:21:03.997710,30.200000762939453,85957.0625,12.609375,1.0523500442504883
2023-06-01 19:21:04.998090,30.209999084472656,85957.1875,12.59765625,1.0523500442504883
2023-06-01 19:21:05.999668,30.239999771118164,85959.828125,12.5986328125,1.1332999467849731
2023-06-01 19:21:06.999743,30.239999771118164,85955.671875,12.5751953125,1.2142499685287476
2023-06-01 19:21:08.000956,30.260000228881836,85959.8828125,12.587890625,1.1332999467849731
2023-06-01 19:21:09.001798,30.280000686645508,85955.703125,12.6123046875,0.8904500007629395
2023-06-01 19:21:10.002579,30.280000686645508,85957.515625,12.587890625,0.647599995136261
2023-06-01 19:21:11.004423,30.290000915527344,85957.0,12.5400390625,0.48570001125335693
2023-06-01 19:21:12.004657,30.270000457763672,85959.125,12.4921875,0.48570001125335693
2023-06-01 19:21:13.006499,30.290000915527344,85959.625,12.46875,0.647599995136261
2023-06-01 19:21:14.006820,30.290000915527344,85957.828125,12.46875,0.647599995136261
2023-06-01 19:21:15.007856,30.290000915527344,85955.015625,12.4443359375,0.7285500168800354
2023-06-01 19:21:16.007969,30.299999237060547,85958.71875,12.4326171875,0.7285500168800354
2023-06-01 19:21:17.009533,30.290000915527344,85959.796875,12.4443359375,0.8904500007629395
2023-06-01 19:21:18.009735,30.299999237060547,85956.2578125,12.4208984375,1.0523500442504883
2023-06-01 19:21:19.010611,30.31999969482422,85955.90625,12.4208984375,1.0523500442504883
2023-06-01 19:21:20.014509,30.329999923706055,85958.2265625,12.41015625,1.0523500442504883
2023-06-01 19:21:21.012462,30.350000381469727,85955.4140625,12.421875,0.9714000225067139
2023-06-01 19:21:22.013870,30.360000610351562,85957.0,12.41015625,0.8095000386238098
2023-06-01 19:21:23.015153,30.3799991607666,85956.328125,12.4228515625,0.7285500168800354
2023-06-01 19:21:24.016578,30.389999389648438,85956.328125,12.435546875,0.5666499733924866
2023-06-01 19:21:25.019304,30.389999389648438,85955.609375,12.447265625,0.5666499733924866
2023-06-01 19:21:26.019509,30.3700008392334,85956.609375,12.458984375,0.48570001125335693
2023-06-01 19:21:27.019138,30.3700008392334,85957.453125,12.4462890625,0.647599995136261
2023-06-01 19:21:28.020162,30.3799991607666,85958.21875,12.470703125,0.7285500168800354
2023-06-01 19:21:29.020171,30.389999389648438,85957.6484375,12.470703125,0.9714000225067139
2023-06-01 19:21:30.026006,30.399999618530273,85955.765625,12.4716796875,1.0523500442504883
2023-06-01 19:21:31.021551,30.43000030517578,85957.515625,12.484375,1.1332999467849731
2023-06-01 19:21:32.022945,30.420000076293945,85958.5,12.4716796875,1.2142499685287476
2023-06-01 19:21:33.023424,30.440000534057617,85956.1796875,12.4609375,1.2142499685287476
2023-06-01 19:21:34.024171,30.43000030517578,85957.6796875,12.4365234375,1.2142499685287476
2023-06-01 19:21:35.025455,30.440000534057617,85954.59375,12.4365234375,1.2142499685287476
2023-06-01 19:21:36.027686,30.459999084472656,85956.46875,12.4375,1.0523500442504883
2023-06-01 19:21:37.029967,30.440000534057617,85955.6015625,12.4365234375,1.0523500442504883
2023-06-01 19:21:38.028297,30.43000030517578,85953.234375,12.4365234375,0.9714000225067139
2023-06-01 19:21:39.032041,30.40999984741211,85956.3125,12.3759765625,0.8904500007629395
2023-06-01 19:21:40.029956,30.399999618530273,85956.1875,12.36328125,1.0523500442504883
2023-06-01 19:21:41.034841,30.440000534057617,85954.953125,12.3408203125,1.0523500442504883
2023-06-01 19:21:42.030639,30.459999084472656,85955.2734375,12.3291015625,0.9714000225067139
2023-06-01 19:21:43.033294,30.469999313354492,85957.265625,12.3173828125,0.9714000225067139
2023-06-01 19:21:44.032277,30.489999771118164,85956.9296875,12.318359375,0.7285500168800354
2023-06-01 19:21:45.033655,30.510000228881836,85959.15625,12.306640625,0.5666499733924866
2023-06-01 19:21:46.034895,30.510000228881836,85957.203125,12.294921875,0.4047500193119049
2023-06-01 19:21:47.034954,30.530000686645508,85957.4921875,12.283203125,0.4047500193119049
2023-06-01 19:21:48.037857,30.520000457763672,85956.046875,12.3310546875,0.24285000562667847
2023-06-01 19:21:49.041423,30.520000457763672,85956.265625,12.3671875,0.24285000562667847
2023-06-01 19:21:50.043274,30.549999237060547,85957.25,12.3681640625,0.24285000562667847
2023-06-01 19:21:51.041872,30.579999923706055,85956.859375,12.3798828125,0.4047500193119049
2023-06-01 19:21:52.040500,30.600000381469727,85959.34375,12.380859375,0.24285000562667847
2023-06-01 19:21:53.040561,30.600000381469727,85957.71875,12.380859375,0.16189999878406525
2023-06-01 19:21:54.041827,30.610000610351562,85957.125,12.4169921875,0.0
2023-06-01 19:21:55.042874,30.600000381469727,85958.53125,12.392578125,0.0
2023-06-01 19:21:56.043311,30.6200008392334,85958.875,12.3935546875,0.0
2023-06-01 19:21:57.045173,30.6299991607666,85957.625,12.345703125,0.0
2023-06-01 19:21:58.045125,30.639999389648438,85957.25,12.3701171875,0.08094999939203262
2023-06-01 19:21:59.046193,30.65999984741211,85958.21875,12.4072265625,0.08094999939203262
2023-06-01 19:22:00.046364,30.65999984741211,85960.890625,12.39453125,0.16189999878406525
2023-06-01 19:22:01.053088,30.690000534057617,85959.4609375,12.443359375,0.08094999939203262
2023-06-01 19:22:02.051772,30.700000762939453,85956.1875,12.4677734375,0.08094999939203262
2023-06-01 19:22:03.050534,30.709999084472656,85959.3203125,12.48046875,0.0
2023-06-01 19:22:04.055793,30.729999542236328,85958.15625,12.4921875,0.0
2023-06-01 19:22:05.058728,30.739999771118164,85959.15625,12.46875,0.0
2023-06-01 19:22:06.052465,30.75,85959.203125,12.4091796875,0.08094999939203262
2023-06-01 19:22:07.057203,30.760000228881836,85960.625,12.4091796875,0.24285000562667847
2023-06-01 19:22:08.054724,30.770000457763672,85957.203125,12.4091796875,0.24285000562667847
2023-06-01 19:22:09.056396,30.790000915527344,85957.390625,12.3984375,0.16189999878406525
2023-06-01 19:22:10.058273,30.780000686645508,85959.46875,12.337890625,0.24285000562667847
2023-06-01 19:22:11.057627,30.790000915527344,85959.734375,12.2900390625,0.3237999975681305
2023-06-01 19:22:12.058227,30.790000915527344,85959.4296875,12.25390625,0.4047500193119049
2023-06-01 19:22:13.063495,30.809999465942383,85956.46875,12.2421875,0.4047500193119049
2023-06-01 19:22:14.058843,30.81999969482422,85959.890625,12.23046875,0.48570001125335693
2023-06-01 19:22:15.060130,30.81999969482422,85957.7109375,12.20703125,0.5666499733924866
2023-06-01 19:22:16.063906,30.809999465942383,85957.5,12.20703125,0.4047500193119049
2023-06-01 19:22:17.061349,30.809999465942383,85958.359375,12.21875,0.3237999975681305
2023-06-01 19:22:18.062940,30.809999465942383,85957.640625,12.23046875,0.24285000562667847
2023-06-01 19:22:19.066828,30.81999969482422,85957.375,12.2666015625,0.08094999939203262
2023-06-01 19:22:20.065608,30.829999923706055,85957.15625,12.267578125,0.16189999878406525
2023-06-01 19:22:21.064840,30.81999969482422,85958.4296875,12.2431640625,0.48570001125335693
2023-06-01 19:22:22.065905,30.829999923706055,85959.859375,12.2548828125,0.8095000386238098
2023-06-01 19:22:23.066340,30.84000015258789,85959.765625,12.279296875,0.9714000225067139
2023-06-01 19:22:24.069227,30.84000015258789,85959.484375,12.2431640625,1.0523500442504883
2023-06-01 19:22:25.068025,30.81999969482422,85957.6171875,12.2431640625,1.1332999467849731
2023-06-01 19:22:26.069153,30.860000610351562,85958.09375,12.232421875,1.2142499685287476
2023-06-01 19:22:27.073296,30.860000610351562,85957.8125,12.18359375,1.1332999467849731
2023-06-01 19:22:28.071657,30.8799991607666,85961.4453125,12.16015625,1.0523500442504883
2023-06-01 19:22:29.072116,30.889999389648438,85957.578125,12.1484375,1.2142499685287476
2023-06-01 19:22:30.072444,30.899999618530273,85958.203125,12.125,1.1332999467849731
2023-06-01 19:22:31.074284,30.899999618530273,85959.9921875,12.125,0.9714000225067139
2023-06-01 19:22:32.075031,30.889999389648438,85956.40625,12.13671875,0.8904500007629395
2023-06-01 19:22:33.075309,30.90999984741211,85959.9453125,12.1494140625,0.8095000386238098
2023-06-01 19:22:34.077081,30.93000030517578,85956.671875,12.185546875,0.5666499733924866
2023-06-01 19:22:35.077216,30.950000762939453,85958.125,12.1865234375,0.4047500193119049
2023-06-01 19:22:36.077270,30.950000762939453,85956.140625,12.1982421875,0.4047500193119049
2023-06-01 19:22:37.078782,30.969999313354492,85957.515625,12.1865234375,0.3237999975681305
2023-06-01 19:22:38.082339,30.950000762939453,85958.3671875,12.138671875,0.48570001125335693
2023-06-01 19:22:39.080944,30.979999542236328,85957.796875,12.115234375,0.7285500168800354
2023-06-01 19:22:40.082263,30.969999313354492,85958.34375,12.1025390625,0.8095000386238098
2023-06-01 19:22:41.083169,30.969999313354492,85958.8984375,12.0791015625,0.9714000225067139
2023-06-01 19:22:42.084784,31.010000228881836,85960.40625,12.080078125,0.9714000225067139
2023-06-01 19:22:43.084709,31.0,85960.859375,12.0322265625,0.8095000386238098
2023-06-01 19:22:44.086334,31.010000228881836,85957.203125,12.0078125,0.8904500007629395
2023-06-01 19:22:45.086202,31.0,85960.671875,12.0078125,0.8095000386238098
2023-06-01 19:22:46.087457,31.020000457763672,85960.0,11.99609375,0.8904500007629395
2023-06-01 19:22:47.088024,31.020000457763672,85958.703125,11.984375,0.8095000386238098
2023-06-01 19:22:48.089032,31.030000686645508,85960.234375,12.0078125,0.8095000386238098
2023-06-01 19:22:49.091764,31.040000915527344,85958.375,12.0205078125,0.5666499733924866
2023-06-01 19:22:50.090529,31.049999237060547,85958.96875,12.0205078125,0.48570001125335693
2023-06-01 19:22:51.095764,31.049999237060547,85960.3359375,12.033203125,0.4047500193119049
2023-06-01 19:22:52.092717,31.059999465942383,85959.90625,12.0576171875,0.3237999975681305
2023-06-01 19:22:53.093436,31.06999969482422,85960.1484375,12.0810546875,0.16189999878406525
2023-06-01 19:22:54.097756,31.079999923706055,85959.1171875,12.0703125,0.16189999878406525
2023-06-01 19:22:55.095163,31.059999465942383,85958.5625,12.044921875,0.16189999878406525
2023-06-01 19:22:56.095525,31.059999465942383,85961.2734375,12.0458984375,0.24285000562667847
2023-06-01 19:22:57.096784,31.079999923706055,85960.578125,12.0458984375,0.48570001125335693
2023-06-01 19:22:58.097434,31.079999923706055,85961.96875,12.0341796875,0.48570001125335693
2023-06-01 19:22:59.101771,31.09000015258789,85956.3671875,12.0224609375,0.647599995136261
2023-06-01 19:23:00.098647,31.079999923706055,85958.28125,12.021484375,0.647599995136261
2023-06-01 19:23:01.099993,31.079999923706055,85957.109375,12.009765625,0.647599995136261
2023-06-01 19:23:02.100363,31.09000015258789,85957.703125,11.998046875,0.647599995136261
2023-06-01 19:23:03.101506,31.1299991607666,85958.90625,11.9873046875,0.5666499733924866
2023-06-01 19:23:03.151359,0.0,0.0,0.0,0.0
2023-06-01 19:23:03.158759,0.0,0.0,0.0,0.0
2023-06-01 19:23:03.174361,0.0,0.0,0.0,0.0
2023-06-01 19:23:03.185342,0.0,0.0,0.0,0.0
2023-06-01 19:23:03.194369,0.0,0.0,0.0,0.0
2023-06-01 19:23:03.203334,0.0,0.0,0.0,0.0
2023-06-01 19:23:03.211908,0.0,0.0,0.0,0.0
2023-06-01 19:23:03.222420,0.0,0.0,0.0,0.0
2023-06-01 19:23:04.101950,31.110000610351562,85956.53125,11.986328125,0.48570001125335693
2023-06-01 19:23:05.103127,31.1299991607666,85957.109375,12.0107421875,0.4047500193119049
2023-06-01 19:23:06.103417,31.149999618530273,85953.875,12.01171875,0.3237999975681305
2023-06-01 19:23:07.106356,31.149999618530273,85956.390625,12.03515625,0.0
2023-06-01 19:23:08.107728,31.1299991607666,85953.875,12.046875,0.0
2023-06-01 19:23:09.107623,31.139999389648438,85955.859375,12.0712890625,0.0
2023-06-01 19:23:10.112439,31.139999389648438,85953.6875,12.0478515625,0.0
2023-06-01 19:23:10.956482,0.0,0.0,0.0,0.0
2023-06-01 19:23:10.964104,0.0,0.0,0.0,0.0
2023-06-01 19:23:10.970334,0.0,0.0,0.0,0.0
2023-06-01 19:23:10.976552,0.0,0.0,0.0,0.0
2023-06-01 19:23:10.987349,0.0,0.0,0.0,0.0
2023-06-01 19:23:10.996844,0.0,0.0,0.0,0.0
2023-06-01 19:23:11.007060,0.0,0.0,0.0,0.0
2023-06-01 19:23:11.017241,0.0,0.0,0.0,0.0
2023-06-01 19:23:11.029047,0.0,0.0,0.0,0.0
2023-06-01 19:23:11.038744,0.0,0.0,0.0,0.0
2023-06-01 19:23:11.047868,0.0,0.0,0.0,0.0
2023-06-01 19:23:11.066812,0.0,0.0,0.0,0.0
2023-06-01 19:23:11.074531,0.0,0.0,0.0,0.0
2023-06-01 19:23:11.086538,0.0,0.0,0.0,0.0
2023-06-01 19:23:11.099917,0.0,0.0,0.0,0.0
2023-06-01 19:23:11.114738,0.0,0.0,0.0,0.0
2023-06-01 19:23:11.122905,0.0,0.0,0.0,0.0
2023-06-01 19:23:11.134671,0.0,0.0,0.0,0.0
2023-06-01 19:23:11.152201,0.0,0.0,0.0,0.0
2023-06-01 19:23:11.170016,0.0,0.0,0.0,0.0
2023-06-01 19:23:11.191831,31.15999984741211,0.0,0.0,0.0
2023-06-01 19:23:11.203678,0.0,0.0,0.0,0.0
2023-06-01 19:23:11.210301,0.0,0.0,0.0,0.0
2023-06-01 19:23:11.217831,0.0,0.0,0.0,0.0
2023-06-01 19:23:11.228912,0.0,0.0,0.0,0.0
2023-06-01 19:23:11.238497,0.0,0.0,0.0,0.0
2023-06-01 19:23:11.250465,0.0,0.0,0.0,0.0
2023-06-01 19:23:11.259682,0.0,0.0,0.0,0.0
2023-06-01 19:23:11.267608,0.0,0.0,0.0,0.0
2023-06-01 19:23:11.276633,0.0,0.0,0.0,0.0
2023-06-01 19:23:11.286956,0.0,0.0,0.0,0.0
2023-06-01 19:23:12.111170,31.170000076293945,85956.796875,12.0244140625,0.0
2023-06-01 19:23:13.111384,31.18000030517578,85957.703125,12.0126953125,0.0
2023-06-01 19:23:14.117265,31.190000534057617,85956.625,12.0009765625,0.0
2023-06-01 19:23:15.113390,31.190000534057617,85957.015625,12.0009765625,0.0
2023-06-01 19:23:16.113731,31.200000762939453,85955.234375,11.96484375,0.24285000562667847
2023-06-01 19:23:17.113636,31.200000762939453,85958.140625,11.953125,0.24285000562667847
2023-06-01 19:23:18.114516,31.209999084472656,85958.15625,11.9287109375,0.08094999939203262
2023-06-01 19:23:19.116796,31.219999313354492,85957.34375,11.9169921875,0.0
2023-06-01 19:23:20.117239,31.239999771118164,85956.4609375,11.8935546875,0.0
2023-06-01 19:23:21.118977,31.239999771118164,85955.3359375,11.8818359375,0.16189999878406525
2023-06-01 19:23:22.118896,31.270000457763672,85957.46875,11.89453125,0.16189999878406525
2023-06-01 19:23:23.121934,31.290000915527344,85957.1796875,11.943359375,0.0
2023-06-01 19:23:24.128906,31.299999237060547,85958.546875,11.931640625,0.0
2023-06-01 19:23:25.130284,31.299999237060547,85958.8828125,11.955078125,0.0
2023-06-01 19:23:26.125079,31.299999237060547,85957.421875,11.9677734375,0.0
2023-06-01 19:23:27.131778,31.31999969482422,85956.25,11.9794921875,0.0
2023-06-01 19:23:28.126120,31.31999969482422,85957.8984375,11.919921875,0.0
2023-06-01 19:23:29.127207,31.31999969482422,85958.953125,11.9326171875,0.0
2023-06-01 19:23:30.130077,31.329999923706055,85958.734375,11.9560546875,0.0
2023-06-01 19:23:31.128444,31.34000015258789,85958.640625,11.9443359375,0.0
2023-06-01 19:23:32.133510,31.34000015258789,85957.15625,11.884765625,0.0
2023-06-01 19:23:33.147827,31.350000381469727,85955.7109375,11.8603515625,0.0
2023-06-01 19:23:34.132620,31.360000610351562,85957.875,11.8486328125,0.0
2023-06-01 19:23:35.132864,31.3700008392334,85955.71875,11.849609375,0.0
2023-06-01 19:23:36.133267,31.3799991607666,85957.203125,11.861328125,0.0
2023-06-01 19:23:37.140390,31.399999618530273,85956.8828125,11.814453125,0.0
2023-06-01 19:23:38.141209,31.399999618530273,85958.375,11.8017578125,0.0
2023-06-01 19:23:39.138569,31.40999984741211,85957.2890625,11.837890625,0.0
2023-06-01 19:23:40.142351,31.40999984741211,85957.984375,11.814453125,0.0
2023-06-01 19:23:41.136555,31.420000076293945,85955.15625,11.814453125,0.0
2023-06-01 19:23:42.137320,31.43000030517578,85957.171875,11.802734375,0.08094999939203262
2023-06-01 19:23:43.148613,31.420000076293945,85954.3671875,11.7783203125,0.0
2023-06-01 19:23:44.143338,31.440000534057617,85955.5625,11.7666015625,0.0
2023-06-01 19:23:45.145359,31.440000534057617,85957.0703125,11.7548828125,0.0
2023-06-01 19:23:46.147295,31.450000762939453,85956.5234375,11.7431640625,0.0
2023-06-01 19:23:47.149827,31.459999084472656,85959.109375,11.7431640625,0.0
2023-06-01 19:23:48.145990,31.450000762939453,85954.53125,11.7548828125,0.0
2023-06-01 19:23:49.145403,31.459999084472656,85958.7734375,11.779296875,0.0
2023-06-01 19:23:50.144233,31.450000762939453,85958.21875,11.767578125,0.0
2023-06-01 19:23:51.150307,31.469999313354492,85959.7265625,11.767578125,0.0
2023-06-01 19:23:52.146412,31.479999542236328,85957.640625,11.7802734375,0.0
2023-06-01 19:23:53.145650,31.489999771118164,85955.703125,11.81640625,0.0
2023-06-01 19:23:54.150797,31.5,85956.46875,11.912109375,0.0
2023-06-01 19:23:55.149057,31.510000228881836,85957.0390625,11.9970703125,0.0
2023-06-01 19:23:56.150292,31.520000457763672,85957.828125,11.9970703125,0.0
2023-06-01 19:23:57.154667,31.520000457763672,85955.2890625,11.9853515625,0.0
2023-06-01 19:23:58.152620,31.520000457763672,85954.8828125,12.0576171875,0.0
2023-06-01 19:23:59.153374,31.520000457763672,85952.875,12.10546875,0.0
2023-06-01 19:24:00.152435,31.510000228881836,85955.078125,12.056640625,0.0
2023-06-01 19:24:01.152736,31.530000686645508,85954.640625,12.0458984375,0.0
2023-06-01 19:24:02.154467,31.540000915527344,85956.390625,12.009765625,0.0
2023-06-01 19:24:03.155447,31.520000457763672,85957.734375,11.9853515625,0.0
2023-06-01 19:24:04.155918,31.489999771118164,85953.734375,12.0087890625,0.0
2023-06-01 19:24:05.156216,31.530000686645508,85954.40625,12.0341796875,0.0
2023-06-01 19:24:06.157642,31.549999237060547,85954.953125,12.009765625,0.0
2023-06-01 19:24:07.158480,31.530000686645508,85959.0,12.0458984375,0.0
2023-06-01 19:24:08.159598,31.479999542236328,85954.765625,12.0078125,0.0
2023-06-01 19:24:09.159405,31.43000030517578,85955.15625,11.9833984375,0.0
2023-06-01 19:24:10.161628,31.43000030517578,85954.796875,11.970703125,0.0
2023-06-01 19:24:11.161113,31.450000762939453,85954.484375,11.9951171875,0.0
2023-06-01 19:24:12.162148,31.450000762939453,85954.1953125,11.947265625,0.0
2023-06-01 19:24:13.163284,31.469999313354492,85953.984375,11.8994140625,0.0
2023-06-01 19:24:14.163564,31.459999084472656,85955.46875,11.8759765625,0.08094999939203262
2023-06-01 19:24:15.165225,31.479999542236328,85956.296875,11.888671875,0.0
2023-06-01 19:24:16.167726,31.469999313354492,85952.703125,11.9482421875,0.0
2023-06-01 19:24:17.166646,31.479999542236328,85955.3125,11.9599609375,0.08094999939203262
2023-06-01 19:24:18.166964,31.489999771118164,85954.046875,11.97265625,0.0
2023-06-01 19:24:19.168282,31.489999771118164,85953.90625,11.9609375,0.0
2023-06-01 19:24:20.168824,31.5,85957.3046875,11.9609375,0.0
2023-06-01 19:24:22.187387,31.479999542236328,85955.8203125,11.900390625,0.0
2023-06-01 19:24:23.188388,31.5,85957.46875,11.900390625,0.0
2023-06-01 19:24:24.188460,31.5,85956.84375,11.900390625,0.08094999939203262
2023-06-01 19:24:25.189889,31.450000762939453,85956.546875,11.86328125,0.08094999939203262
2023-06-01 19:24:26.189961,31.420000076293945,85956.015625,11.8505859375,0.24285000562667847
2023-06-01 19:24:27.192789,31.420000076293945,85955.15625,11.837890625,0.24285000562667847
2023-06-01 19:24:28.191917,31.420000076293945,85955.3984375,11.8505859375,0.16189999878406525
2023-06-01 19:24:29.179528,0.0,0.0,0.0,0.0
2023-06-01 19:24:29.190691,0.0,0.0,0.0,0.0
2023-06-01 19:24:29.196713,0.0,0.0,0.0,0.0
2023-06-01 19:24:29.261435,0.0,0.0,0.0,0.0
2023-06-01 19:24:29.270136,0.0,0.0,0.0,0.0
2023-06-01 19:24:29.281376,0.0,0.0,0.0,0.0
2023-06-01 19:24:29.288415,0.0,0.0,0.0,0.0
2023-06-01 19:24:29.296827,0.0,0.0,0.0,0.0
2023-06-01 19:24:29.306843,0.0,0.0,0.0,0.0
2023-06-01 19:24:29.318964,0.0,0.0,0.0,0.0
2023-06-01 19:24:29.343071,0.0,0.0,0.0,0.0
2023-06-01 19:24:29.364085,0.0,0.0,0.0,0.0
2023-06-01 19:24:29.388075,0.0,0.0,0.0,0.0
2023-06-01 19:24:29.397912,0.0,0.0,0.0,0.0
2023-06-01 19:24:29.406822,0.0,0.0,0.0,0.0
2023-06-01 19:24:29.418115,0.0,0.0,0.0,0.0
2023-06-01 19:24:29.428635,0.0,0.0,0.0,0.0
2023-06-01 19:24:29.443386,0.0,0.0,0.0,0.0
2023-06-01 19:24:29.461437,0.0,0.0,0.0,0.0
2023-06-01 19:24:29.472584,0.0,0.0,0.0,0.0
2023-06-01 19:24:29.480233,0.0,0.0,0.0,0.0
2023-06-01 19:24:29.487528,0.0,0.0,0.0,0.0
2023-06-01 19:24:29.496776,0.0,0.0,0.0,0.0
2023-06-01 19:24:29.507328,0.0,0.0,0.0,0.0
2023-06-01 19:24:29.519472,0.0,0.0,0.0,0.0
2023-06-01 19:24:29.529502,0.0,0.0,0.0,0.0
2023-06-01 19:24:29.539022,0.0,0.0,0.0,0.0
2023-06-01 19:24:29.549175,0.0,0.0,0.0,0.0
2023-06-01 19:24:29.559566,0.0,0.0,0.0,0.0
2023-06-01 19:24:29.569664,0.0,0.0,0.0,0.0
2023-06-01 19:24:29.580089,0.0,0.0,0.0,0.0
2023-06-01 19:24:29.588793,0.0,0.0,0.0,0.0
2023-06-01 19:24:29.598844,0.0,0.0,0.0,0.0
2023-06-01 19:24:29.607309,0.0,0.0,0.0,0.0
2023-06-01 19:24:29.617582,0.0,0.0,0.0,0.0
2023-06-01 19:24:29.631800,0.0,0.0,0.0,0.0
2023-06-01 19:24:29.644875,0.0,0.0,0.0,0.0
2023-06-01 19:24:29.667540,0.0,0.0,0.0,0.0
2023-06-01 19:24:29.681132,0.0,0.0,0.0,0.0
2023-06-01 19:24:29.688570,0.0,0.0,0.0,0.0
2023-06-01 19:24:29.697700,0.0,0.0,0.0,0.0
2023-06-01 19:24:29.707252,0.0,0.0,0.0,0.0
2023-06-01 19:24:29.717916,0.0,0.0,0.0,0.0
2023-06-01 19:24:29.727985,0.0,0.0,0.0,0.0
2023-06-01 19:24:29.748985,0.0,0.0,0.0,0.0
2023-06-01 19:24:29.767276,0.0,0.0,0.0,0.0
2023-06-01 19:24:29.777242,0.0,0.0,0.0,0.0
2023-06-01 19:24:29.784506,0.0,0.0,0.0,0.0
2023-06-01 19:24:29.791477,0.0,0.0,0.0,0.0
2023-06-01 19:24:29.798396,0.0,0.0,0.0,0.0
2023-06-01 19:24:29.807622,0.0,0.0,0.0,0.0
2023-06-01 19:24:29.817741,0.0,0.0,0.0,0.0
2023-06-01 19:24:29.847530,0.0,0.0,0.0,0.0
2023-06-01 19:24:29.854395,0.0,0.0,0.0,0.0
2023-06-01 19:24:29.862890,0.0,0.0,0.0,0.0
2023-06-01 19:24:29.872725,0.0,0.0,0.0,0.0
2023-06-01 19:24:29.881500,0.0,0.0,0.0,0.0
2023-06-01 19:24:29.888424,0.0,0.0,0.0,0.0
2023-06-01 19:24:29.897383,0.0,0.0,0.0,0.0
2023-06-01 19:24:29.907590,0.0,0.0,0.0,0.0
2023-06-01 19:24:29.932293,0.0,0.0,0.0,0.0
2023-06-01 19:24:29.948290,0.0,0.0,0.0,0.0
2023-06-01 19:24:29.956367,0.0,0.0,0.0,0.0
2023-06-01 19:24:29.964131,0.0,0.0,0.0,0.0
2023-06-01 19:24:29.982276,0.0,0.0,0.0,0.0
2023-06-01 19:24:29.988849,0.0,0.0,0.0,0.0
2023-06-01 19:24:29.997196,0.0,0.0,0.0,0.0
2023-06-01 19:24:30.007626,0.0,0.0,0.0,0.0
2023-06-01 19:24:30.017447,0.0,0.0,0.0,0.0
2023-06-01 19:24:30.027491,0.0,0.0,0.0,0.0
2023-06-01 19:24:30.038286,0.0,0.0,0.0,0.0
2023-06-01 19:24:30.049072,0.0,0.0,0.0,0.0
2023-06-01 19:24:30.061064,0.0,0.0,0.0,0.0
2023-06-01 19:24:30.070443,0.0,0.0,0.0,0.0
2023-06-01 19:24:30.077017,0.0,0.0,0.0,0.0
2023-06-01 19:24:30.087109,0.0,0.0,0.0,0.0
2023-06-01 19:24:30.100908,0.0,0.0,0.0,0.0
2023-06-01 19:24:30.106785,0.0,0.0,0.0,0.0
2023-06-01 19:24:30.117132,0.0,0.0,0.0,0.0
2023-06-01 19:24:30.127682,0.0,0.0,0.0,0.0
2023-06-01 19:24:30.141299,0.0,0.0,0.0,0.0
2023-06-01 19:24:30.165116,0.0,0.0,0.0,0.0
2023-06-01 19:24:30.173426,0.0,0.0,0.0,0.0
2023-06-01 19:24:30.181166,0.0,0.0,0.0,0.0
2023-06-01 19:24:30.187926,0.0,0.0,0.0,0.0
2023-06-01 19:24:30.198220,0.0,0.0,0.0,0.0
2023-06-01 19:24:30.207313,0.0,0.0,0.0,0.0
2023-06-01 19:24:30.222069,0.0,0.0,0.0,0.0
2023-06-01 19:24:30.229067,0.0,0.0,0.0,0.0
2023-06-01 19:24:30.258253,0.0,0.0,0.0,0.0
2023-06-01 19:24:30.269027,0.0,0.0,0.0,0.0
2023-06-01 19:24:30.287594,0.0,0.0,0.0,0.0
2023-06-01 19:24:30.298122,0.0,0.0,0.0,0.0
2023-06-01 19:24:30.313653,0.0,0.0,0.0,0.0
2023-06-01 19:24:30.320355,0.0,0.0,0.0,0.0
2023-06-01 19:24:30.327237,0.0,0.0,0.0,0.0
2023-06-01 19:24:30.338739,0.0,0.0,0.0,0.0
2023-06-01 19:24:30.350345,0.0,0.0,0.0,0.0
2023-06-01 19:24:30.356938,0.0,0.0,0.0,0.0
2023-06-01 19:24:30.368773,0.0,0.0,0.0,0.0
2023-06-01 19:24:30.379106,0.0,0.0,0.0,0.0
2023-06-01 19:24:30.388653,0.0,0.0,0.0,0.0
2023-06-01 19:24:30.397033,0.0,0.0,0.0,0.0
2023-06-01 19:24:30.410108,0.0,0.0,0.0,0.0
2023-06-01 19:24:30.418843,0.0,0.0,0.0,0.0
2023-06-01 19:24:30.457036,0.0,0.0,0.0,0.0
2023-06-01 19:24:30.482794,0.0,0.0,0.0,0.0
2023-06-01 19:24:30.488431,0.0,0.0,0.0,0.0
2023-06-01 19:24:30.496812,0.0,0.0,0.0,0.0
2023-06-01 19:24:30.508455,0.0,0.0,0.0,0.0
2023-06-01 19:24:30.519600,0.0,0.0,0.0,0.0
2023-06-01 19:24:30.538430,0.0,0.0,0.0,0.0
2023-06-01 19:24:30.545744,0.0,0.0,0.0,0.0
2023-06-01 19:24:30.553375,0.0,0.0,0.0,0.0
2023-06-01 19:24:30.561256,0.0,0.0,0.0,0.0
2023-06-01 19:24:30.568129,0.0,0.0,0.0,0.0
2023-06-01 19:24:30.579132,0.0,0.0,0.0,0.0
2023-06-01 19:24:30.587645,0.0,0.0,0.0,0.0
2023-06-01 19:24:30.597335,0.0,0.0,0.0,0.0
2023-06-01 19:24:30.612424,0.0,0.0,0.0,0.0
2023-06-01 19:24:30.620927,0.0,0.0,0.0,0.0
2023-06-01 19:24:30.629906,0.0,0.0,0.0,0.0
2023-06-01 19:24:30.638723,0.0,0.0,0.0,0.0
2023-06-01 19:24:30.651558,0.0,0.0,0.0,0.0
2023-06-01 19:24:30.658293,0.0,0.0,0.0,0.0
2023-06-01 19:24:30.670291,0.0,0.0,0.0,0.0
2023-06-01 19:24:30.677115,0.0,0.0,0.0,0.0
2023-06-01 19:24:30.687308,0.0,0.0,0.0,0.0
2023-06-01 19:24:30.697095,0.0,0.0,0.0,0.0
2023-06-01 19:24:30.708646,0.0,0.0,0.0,0.0
2023-06-01 19:24:30.717450,0.0,0.0,0.0,0.0
2023-06-01 19:24:30.729279,0.0,0.0,0.0,0.0
2023-06-01 19:24:30.740481,0.0,0.0,0.0,0.0
2023-06-01 19:24:30.753834,0.0,0.0,0.0,0.0
2023-06-01 19:24:30.765121,0.0,0.0,0.0,0.0
2023-06-01 19:24:30.772615,0.0,0.0,0.0,0.0
2023-06-01 19:24:30.779858,0.0,0.0,0.0,0.0
2023-06-01 19:24:30.786696,0.0,0.0,0.0,0.0
2023-06-01 19:24:30.797865,0.0,0.0,0.0,0.0
2023-06-01 19:24:30.807587,0.0,0.0,0.0,0.0
2023-06-01 19:24:30.817475,0.0,0.0,0.0,0.0
2023-06-01 19:24:30.841150,0.0,0.0,0.0,0.0
2023-06-01 19:24:30.858736,0.0,0.0,0.0,0.0
2023-06-01 19:24:30.864926,0.0,0.0,0.0,0.0
2023-06-01 19:24:30.870793,0.0,0.0,0.0,0.0
2023-06-01 19:24:30.876750,0.0,0.0,0.0,0.0
2023-06-01 19:24:30.892036,0.0,0.0,0.0,0.0
2023-06-01 19:24:30.900131,0.0,0.0,0.0,0.0
2023-06-01 19:24:30.906305,0.0,0.0,0.0,0.0
2023-06-01 19:24:30.917340,0.0,0.0,0.0,0.0
2023-06-01 19:24:30.934574,0.0,0.0,0.0,0.0
2023-06-01 19:24:30.943280,0.0,0.0,0.0,0.0
2023-06-01 19:24:30.950717,0.0,0.0,0.0,0.0
2023-06-01 19:24:30.962090,0.0,0.0,0.0,0.0
2023-06-01 19:24:30.968874,0.0,0.0,0.0,0.0
2023-06-01 19:24:30.979916,0.0,0.0,0.0,0.0
2023-06-01 19:24:30.986947,0.0,0.0,0.0,0.0
2023-06-01 19:24:30.997176,0.0,0.0,0.0,0.0
2023-06-01 19:24:31.006868,0.0,0.0,0.0,0.0
2023-06-01 19:24:31.023439,0.0,0.0,0.0,0.0
2023-06-01 19:24:31.047276,0.0,0.0,0.0,0.0
2023-06-01 19:24:31.062075,0.0,0.0,0.0,0.0
2023-06-01 19:24:31.077474,0.0,0.0,0.0,0.0
2023-06-01 19:24:31.086515,0.0,0.0,0.0,0.0
2023-06-01 19:24:31.093084,0.0,0.0,0.0,0.0
2023-06-01 19:24:31.099480,0.0,0.0,0.0,0.0
2023-06-01 19:24:31.109493,0.0,0.0,0.0,0.0
2023-06-01 19:24:31.119060,0.0,0.0,0.0,0.0
2023-06-01 19:24:31.130935,0.0,0.0,0.0,0.0
2023-06-01 19:24:31.142470,0.0,0.0,0.0,0.0
2023-06-01 19:24:31.150503,0.0,0.0,0.0,0.0
2023-06-01 19:24:31.157020,0.0,0.0,0.0,0.0
2023-06-01 19:24:31.167389,0.0,0.0,0.0,0.0
2023-06-01 19:24:31.180459,0.0,0.0,0.0,0.0
2023-06-01 19:24:31.188874,0.0,0.0,0.0,0.0
2023-06-01 19:24:31.199259,0.0,0.0,0.0,0.0
2023-06-01 19:24:31.207865,0.0,0.0,0.0,0.0
2023-06-01 19:24:31.217282,0.0,0.0,0.0,0.0
2023-06-01 19:24:31.232790,0.0,0.0,0.0,0.0
2023-06-01 19:24:31.250211,0.0,0.0,0.0,0.0
2023-06-01 19:24:31.261311,0.0,0.0,0.0,0.0
2023-06-01 19:24:31.270046,0.0,0.0,0.0,0.0
2023-06-01 19:24:31.283807,0.0,0.0,0.0,0.0
2023-06-01 19:24:31.291973,0.0,0.0,0.0,0.0
2023-06-01 19:24:31.298294,0.0,0.0,0.0,0.0
2023-06-01 19:24:31.308422,0.0,0.0,0.0,0.0
2023-06-01 19:24:31.320301,0.0,0.0,0.0,0.0
2023-06-01 19:24:31.328903,0.0,0.0,0.0,0.0
2023-06-01 19:24:31.340218,0.0,0.0,0.0,0.0
2023-06-01 19:24:31.347486,0.0,0.0,0.0,0.0
2023-06-01 19:24:31.359465,0.0,0.0,0.0,0.0
2023-06-01 19:24:31.370660,0.0,0.0,0.0,0.0
2023-06-01 19:24:31.381015,0.0,0.0,0.0,0.0
2023-06-01 19:24:31.388979,0.0,0.0,0.0,0.0
2023-06-01 19:24:31.397647,0.0,0.0,0.0,0.0
2023-06-01 19:24:31.407401,0.0,0.0,0.0,0.0
2023-06-01 19:24:31.417543,0.0,0.0,0.0,0.0
2023-06-01 19:24:31.437824,0.0,0.0,0.0,0.0
2023-06-01 19:24:31.454940,0.0,0.0,0.0,0.0
2023-06-01 19:24:31.462157,0.0,0.0,0.0,0.0
2023-06-01 19:24:31.469847,0.0,0.0,0.0,0.0
2023-06-01 19:24:31.487975,0.0,0.0,0.0,0.0
2023-06-01 19:24:31.497530,0.0,0.0,0.0,0.0
2023-06-01 19:24:31.507087,0.0,0.0,0.0,0.0
2023-06-01 19:24:31.517401,0.0,0.0,0.0,0.0
2023-06-01 19:24:31.538462,0.0,0.0,0.0,0.0
2023-06-01 19:24:31.558434,0.0,0.0,0.0,0.0
2023-06-01 19:24:31.566242,0.0,0.0,0.0,0.0
2023-06-01 19:24:31.575058,0.0,0.0,0.0,0.0
2023-06-01 19:24:31.583786,0.0,0.0,0.0,0.0
2023-06-01 19:24:31.591626,0.0,0.0,0.0,0.0
2023-06-01 19:24:31.602015,0.0,0.0,0.0,0.0
2023-06-01 19:24:31.611671,0.0,0.0,0.0,0.0
2023-06-01 19:24:31.620618,0.0,0.0,0.0,0.0
2023-06-01 19:24:31.631949,0.0,0.0,0.0,0.0
2023-06-01 19:24:31.646902,0.0,0.0,0.0,0.0
2023-06-01 19:24:31.661020,0.0,0.0,0.0,0.0
2023-06-01 19:24:31.670007,0.0,0.0,0.0,0.0
2023-06-01 19:24:31.678032,0.0,0.0,0.0,0.0
2023-06-01 19:24:31.686636,0.0,0.0,0.0,0.0
2023-06-01 19:24:31.697297,0.0,0.0,0.0,0.0
2023-06-01 19:24:31.711175,0.0,0.0,0.0,0.0
2023-06-01 19:24:31.717106,0.0,0.0,0.0,0.0
2023-06-01 19:24:31.738120,0.0,0.0,0.0,0.0
2023-06-01 19:24:31.755152,0.0,0.0,0.0,0.0
2023-06-01 19:24:31.765039,0.0,0.0,0.0,0.0
2023-06-01 19:24:31.772583,0.0,0.0,0.0,0.0
2023-06-01 19:24:31.780209,0.0,0.0,0.0,0.0
2023-06-01 19:24:31.792618,0.0,0.0,0.0,0.0
2023-06-01 19:24:31.798685,0.0,0.0,0.0,0.0
2023-06-01 19:24:31.807095,0.0,0.0,0.0,0.0
2023-06-01 19:24:31.817307,0.0,0.0,0.0,0.0
2023-06-01 19:24:31.833308,0.0,0.0,0.0,0.0
2023-06-01 19:24:31.843781,0.0,0.0,0.0,0.0
2023-06-01 19:24:31.861885,0.0,0.0,0.0,0.0
2023-06-01 19:24:31.869003,0.0,0.0,0.0,0.0
2023-06-01 19:24:31.877225,0.0,0.0,0.0,0.0
2023-06-01 19:24:31.889134,0.0,0.0,0.0,0.0
2023-06-01 19:24:31.898338,0.0,0.0,0.0,0.0
2023-06-01 19:24:31.908315,0.0,0.0,0.0,0.0
2023-06-01 19:24:31.962125,0.0,0.0,0.0,0.0
2023-06-01 19:24:31.987521,0.0,0.0,0.0,0.0
2023-06-01 19:24:31.997033,0.0,0.0,0.0,0.0
2023-06-01 19:24:32.006939,0.0,0.0,0.0,0.0
2023-06-01 19:24:32.019000,0.0,0.0,0.0,0.0
2023-06-01 19:24:32.037976,0.0,0.0,0.0,0.0
2023-06-01 19:24:32.057097,0.0,0.0,0.0,0.0
2023-06-01 19:24:32.068827,0.0,0.0,0.0,0.0
2023-06-01 19:24:32.076701,0.0,0.0,0.0,0.0
2023-06-01 19:24:32.086611,0.0,0.0,0.0,0.0
2023-06-01 19:24:32.093117,0.0,0.0,0.0,0.0
2023-06-01 19:24:32.099918,0.0,0.0,0.0,0.0
2023-06-01 19:24:32.107400,0.0,0.0,0.0,0.0
2023-06-01 19:24:32.117580,0.0,0.0,0.0,0.0
2023-06-01 19:24:32.155546,0.0,0.0,0.0,0.0
2023-06-01 19:24:32.177917,0.0,0.0,0.0,0.0
2023-06-01 19:24:32.197930,0.0,0.0,0.0,0.0
2023-06-01 19:24:32.208816,0.0,0.0,0.0,0.0
2023-06-01 19:24:32.228380,0.0,0.0,0.0,0.0
2023-06-01 19:24:32.235983,0.0,0.0,0.0,0.0
2023-06-01 19:24:32.275669,0.0,0.0,0.0,0.0
2023-06-01 19:24:32.282634,0.0,0.0,0.0,0.0
2023-06-01 19:24:32.289299,0.0,0.0,0.0,0.0
2023-06-01 19:24:32.297365,0.0,0.0,0.0,0.0
2023-06-01 19:24:32.307051,0.0,0.0,0.0,0.0
2023-06-01 19:24:32.323730,0.0,0.0,0.0,0.0
2023-06-01 19:24:32.350323,0.0,0.0,0.0,0.0
2023-06-01 19:24:32.358083,0.0,0.0,0.0,0.0
2023-06-01 19:24:32.373200,0.0,0.0,0.0,0.0
2023-06-01 19:24:32.385123,0.0,0.0,0.0,0.0
2023-06-01 19:24:32.392095,0.0,0.0,0.0,0.0
2023-06-01 19:24:32.398863,0.0,0.0,0.0,0.0
2023-06-01 19:24:32.406986,0.0,0.0,0.0,0.0
2023-06-01 19:24:32.417412,0.0,0.0,0.0,0.0
2023-06-01 19:24:32.427509,0.0,0.0,0.0,0.0
2023-06-01 19:24:32.437528,0.0,0.0,0.0,0.0
2023-06-01 19:24:32.458944,0.0,0.0,0.0,0.0
2023-06-01 19:24:32.466020,0.0,0.0,0.0,0.0
2023-06-01 19:24:32.477521,0.0,0.0,0.0,0.0
2023-06-01 19:24:32.488476,0.0,0.0,0.0,0.0
2023-06-01 19:24:32.502495,0.0,0.0,0.0,0.0
2023-06-01 19:24:32.509885,0.0,0.0,0.0,0.0
2023-06-01 19:24:32.518818,0.0,0.0,0.0,0.0
2023-06-01 19:24:32.530630,0.0,0.0,0.0,0.0
2023-06-01 19:24:32.548778,0.0,0.0,0.0,0.0
2023-06-01 19:24:32.555967,0.0,0.0,0.0,0.0
2023-06-01 19:24:32.564036,0.0,0.0,0.0,0.0
2023-06-01 19:24:32.572126,0.0,0.0,0.0,0.0
2023-06-01 19:24:32.580264,0.0,0.0,0.0,0.0
2023-06-01 19:24:32.586940,0.0,0.0,0.0,0.0
2023-06-01 19:24:32.597090,0.0,0.0,0.0,0.0
2023-06-01 19:24:32.607614,0.0,0.0,0.0,0.0
2023-06-01 19:24:32.617378,0.0,0.0,0.0,0.0
2023-06-01 19:24:32.640125,0.0,0.0,0.0,0.0
2023-06-01 19:24:32.669819,0.0,0.0,0.0,0.0
2023-06-01 19:24:32.693676,0.0,0.0,0.0,0.0
2023-06-01 19:24:32.702536,0.0,0.0,0.0,0.0
2023-06-01 19:24:32.709271,0.0,0.0,0.0,0.0
2023-06-01 19:24:32.717111,0.0,0.0,0.0,0.0
2023-06-01 19:24:32.728513,0.0,0.0,0.0,0.0
2023-06-01 19:24:32.744661,0.0,0.0,0.0,0.0
2023-06-01 19:24:32.754258,0.0,0.0,0.0,0.0
2023-06-01 19:24:32.761998,0.0,0.0,0.0,0.0
2023-06-01 19:24:32.768754,0.0,0.0,0.0,0.0
2023-06-01 19:24:32.777286,0.0,0.0,0.0,0.0
2023-06-01 19:24:32.787278,0.0,0.0,0.0,0.0
2023-06-01 19:24:32.797209,0.0,0.0,0.0,0.0
2023-06-01 19:24:32.811675,0.0,0.0,0.0,0.0
2023-06-01 19:24:32.818194,0.0,0.0,0.0,0.0
2023-06-01 19:24:32.829856,0.0,0.0,0.0,0.0
2023-06-01 19:24:32.841138,0.0,0.0,0.0,0.0
2023-06-01 19:24:32.848395,0.0,0.0,0.0,0.0
2023-06-01 19:24:32.857806,0.0,0.0,0.0,0.0
2023-06-01 19:24:32.867962,0.0,0.0,0.0,0.0
2023-06-01 19:24:32.877963,0.0,0.0,0.0,0.0
2023-06-01 19:24:32.886694,0.0,0.0,0.0,0.0
2023-06-01 19:24:32.896622,0.0,0.0,0.0,0.0
2023-06-01 19:24:32.907072,0.0,0.0,0.0,0.0
2023-06-01 19:24:32.917360,0.0,0.0,0.0,0.0
2023-06-01 19:24:32.928643,0.0,0.0,0.0,0.0
2023-06-01 19:24:32.937801,0.0,0.0,0.0,0.0
2023-06-01 19:24:32.947943,0.0,0.0,0.0,0.0
2023-06-01 19:24:32.959280,0.0,0.0,0.0,0.0
2023-06-01 19:24:32.970681,0.0,0.0,0.0,0.0
2023-06-01 19:24:32.979828,0.0,0.0,0.0,0.0
2023-06-01 19:24:32.989046,0.0,0.0,0.0,0.0
2023-06-01 19:24:33.000059,0.0,0.0,0.0,0.0
2023-06-01 19:24:33.009068,0.0,0.0,0.0,0.0
2023-06-01 19:24:33.018636,0.0,0.0,0.0,0.0
2023-06-01 19:24:33.028837,0.0,0.0,0.0,0.0
2023-06-01 19:24:33.039253,0.0,0.0,0.0,0.0
2023-06-01 19:24:33.052423,0.0,0.0,0.0,0.0
2023-06-01 19:24:33.059275,0.0,0.0,0.0,0.0
2023-06-01 19:24:33.067367,0.0,0.0,0.0,0.0
2023-06-01 19:24:33.076503,0.0,0.0,0.0,0.0
2023-06-01 19:24:33.087067,0.0,0.0,0.0,0.0
2023-06-01 19:24:33.098727,0.0,0.0,0.0,0.0
2023-06-01 19:24:33.108330,0.0,0.0,0.0,0.0
2023-06-01 19:24:33.118360,0.0,0.0,0.0,0.0
2023-06-01 19:24:33.136066,0.0,0.0,0.0,0.0
2023-06-01 19:24:33.145492,0.0,0.0,0.0,0.0
2023-06-01 19:24:33.154676,0.0,0.0,0.0,0.0
2023-06-01 19:24:33.161672,0.0,0.0,0.0,0.0
2023-06-01 19:24:33.168679,0.0,0.0,0.0,0.0
2023-06-01 19:24:33.176637,0.0,0.0,0.0,0.0
2023-06-01 19:24:33.187936,0.0,0.0,0.0,0.0
2023-06-01 19:24:33.198401,0.0,0.0,0.0,0.0
2023-06-01 19:24:33.208439,0.0,0.0,0.0,0.0
2023-06-01 19:24:33.218359,0.0,0.0,0.0,0.0
2023-06-01 19:24:33.228995,0.0,0.0,0.0,0.0
2023-06-01 19:24:33.244818,0.0,0.0,0.0,0.0
2023-06-01 19:24:33.253323,0.0,0.0,0.0,0.0
2023-06-01 19:24:33.261805,0.0,0.0,0.0,0.0
2023-06-01 19:24:33.271383,0.0,0.0,0.0,0.0
2023-06-01 19:24:33.279695,0.0,0.0,0.0,0.0
2023-06-01 19:24:33.288219,0.0,0.0,0.0,0.0
2023-06-01 19:24:33.298503,0.0,0.0,0.0,0.0
2023-06-01 19:24:33.308674,0.0,0.0,0.0,0.0
2023-06-01 19:24:33.320431,0.0,0.0,0.0,0.0
2023-06-01 19:24:33.329719,0.0,0.0,0.0,0.0
2023-06-01 19:24:33.338980,0.0,0.0,0.0,0.0
2023-06-01 19:24:33.348765,0.0,0.0,0.0,0.0
2023-06-01 19:24:33.358775,0.0,0.0,0.0,0.0
2023-06-01 19:24:33.373121,0.0,0.0,0.0,0.0
2023-06-01 19:24:33.382320,0.0,0.0,0.0,0.0
2023-06-01 19:24:33.390776,0.0,0.0,0.0,0.0
2023-06-01 19:24:33.400338,0.0,0.0,0.0,0.0
2023-06-01 19:24:33.408842,0.0,0.0,0.0,0.0
2023-06-01 19:24:33.418729,0.0,0.0,0.0,0.0
2023-06-01 19:24:33.430531,0.0,0.0,0.0,0.0
2023-06-01 19:24:33.439789,0.0,0.0,0.0,0.0
2023-06-01 19:24:33.449383,0.0,0.0,0.0,0.0
2023-06-01 19:24:33.458653,0.0,0.0,0.0,0.0
2023-06-01 19:24:33.468424,0.0,0.0,0.0,0.0
2023-06-01 19:24:33.478351,0.0,0.0,0.0,0.0
2023-06-01 19:24:33.488279,0.0,0.0,0.0,0.0
2023-06-01 19:24:33.498342,0.0,0.0,0.0,0.0
2023-06-01 19:24:33.508469,0.0,0.0,0.0,0.0
2023-06-01 19:24:33.518423,0.0,0.0,0.0,0.0
2023-06-01 19:24:33.529390,0.0,0.0,0.0,0.0
2023-06-01 19:24:33.538823,0.0,0.0,0.0,0.0
2023-06-01 19:24:33.550291,0.0,0.0,0.0,0.0
2023-06-01 19:24:33.558984,0.0,0.0,0.0,0.0
2023-06-01 19:24:33.568298,0.0,0.0,0.0,0.0
2023-06-01 19:24:33.578438,0.0,0.0,0.0,0.0
2023-06-01 19:24:33.588315,0.0,0.0,0.0,0.0
2023-06-01 19:24:33.598165,0.0,0.0,0.0,0.0
2023-06-01 19:24:33.608908,0.0,0.0,0.0,0.0
2023-06-01 19:24:33.618358,0.0,0.0,0.0,0.0
2023-06-01 19:24:33.629746,0.0,0.0,0.0,0.0
2023-06-01 19:24:33.638850,0.0,0.0,0.0,0.0
2023-06-01 19:24:33.650185,0.0,0.0,0.0,0.0
2023-06-01 19:24:33.657777,0.0,0.0,0.0,0.0
2023-06-01 19:24:33.667126,0.0,0.0,0.0,0.0
2023-06-01 19:24:33.678981,0.0,0.0,0.0,0.0
2023-06-01 19:24:33.687084,0.0,0.0,0.0,0.0
2023-06-01 19:24:33.696597,0.0,0.0,0.0,0.0
2023-06-01 19:24:33.707819,0.0,0.0,0.0,0.0
2023-06-01 19:24:33.718356,0.0,0.0,0.0,0.0
2023-06-01 19:24:33.728318,0.0,0.0,0.0,0.0
2023-06-01 19:24:33.739632,0.0,0.0,0.0,0.0
2023-06-01 19:24:33.748452,0.0,0.0,0.0,0.0
2023-06-01 19:24:33.760603,0.0,0.0,0.0,0.0
2023-06-01 19:24:33.769392,0.0,0.0,0.0,0.0
2023-06-01 19:24:33.778433,0.0,0.0,0.0,0.0
2023-06-01 19:24:33.788507,0.0,0.0,0.0,0.0
2023-06-01 19:24:33.798367,0.0,0.0,0.0,0.0
2023-06-01 19:24:33.808476,0.0,0.0,0.0,0.0
2023-06-01 19:24:33.819274,0.0,0.0,0.0,0.0
2023-06-01 19:24:33.829008,0.0,0.0,0.0,0.0
2023-06-01 19:24:33.839493,0.0,0.0,0.0,0.0
2023-06-01 19:24:33.849603,0.0,0.0,0.0,0.0
2023-06-01 19:24:33.858374,0.0,0.0,0.0,0.0
2023-06-01 19:24:33.867680,0.0,0.0,0.0,0.0
2023-06-01 19:24:33.879366,0.0,0.0,0.0,0.0
2023-06-01 19:24:33.888572,0.0,0.0,0.0,0.0
2023-06-01 19:24:33.898450,0.0,0.0,0.0,0.0
2023-06-01 19:24:33.910082,0.0,0.0,0.0,0.0
2023-06-01 19:24:33.918913,0.0,0.0,0.0,0.0
2023-06-01 19:24:33.931644,0.0,0.0,0.0,0.0
2023-06-01 19:24:33.939539,0.0,0.0,0.0,0.0
2023-06-01 19:24:33.950728,0.0,0.0,0.0,0.0
2023-06-01 19:24:33.959906,0.0,0.0,0.0,0.0
2023-06-01 19:24:33.968564,0.0,0.0,0.0,0.0
2023-06-01 19:24:33.978502,0.0,0.0,0.0,0.0
2023-06-01 19:24:33.988398,0.0,0.0,0.0,0.0
2023-06-01 19:24:33.998236,0.0,0.0,0.0,0.0
2023-06-01 19:24:34.008382,0.0,0.0,0.0,0.0
2023-06-01 19:24:34.018299,0.0,0.0,0.0,0.0
2023-06-01 19:24:34.028994,0.0,0.0,0.0,0.0
2023-06-01 19:24:34.038512,0.0,0.0,0.0,0.0
2023-06-01 19:24:34.052268,0.0,0.0,0.0,0.0
2023-06-01 19:24:34.062446,0.0,0.0,0.0,0.0
2023-06-01 19:24:34.068403,0.0,0.0,0.0,0.0
2023-06-01 19:24:34.077945,0.0,0.0,0.0,0.0
2023-06-01 19:24:34.091091,0.0,0.0,0.0,0.0
2023-06-01 19:24:34.096706,0.0,0.0,0.0,0.0
2023-06-01 19:24:34.108483,0.0,0.0,0.0,0.0
2023-06-01 19:24:34.118251,0.0,0.0,0.0,0.0
2023-06-01 19:24:34.129963,0.0,0.0,0.0,0.0
2023-06-01 19:24:34.139369,0.0,0.0,0.0,0.0
2023-06-01 19:24:34.149504,0.0,0.0,0.0,0.0
2023-06-01 19:24:34.158686,0.0,0.0,0.0,0.0
2023-06-01 19:24:34.169141,0.0,0.0,0.0,0.0
2023-06-01 19:24:34.178600,0.0,0.0,0.0,0.0
2023-06-01 19:24:34.188801,0.0,0.0,0.0,0.0
2023-06-01 19:24:34.196344,0.0,0.0,0.0,0.0
2023-06-01 19:24:34.208587,0.0,0.0,0.0,0.0
2023-06-01 19:24:34.218803,0.0,0.0,0.0,0.0
2023-06-01 19:24:34.229566,0.0,0.0,0.0,0.0
2023-06-01 19:24:34.239816,0.0,0.0,0.0,0.0
2023-06-01 19:24:34.253100,0.0,0.0,0.0,0.0
2023-06-01 19:24:34.261843,0.0,0.0,0.0,0.0
2023-06-01 19:24:34.271506,0.0,0.0,0.0,0.0
2023-06-01 19:24:34.281300,0.0,0.0,0.0,0.0
2023-06-01 19:24:34.290176,0.0,0.0,0.0,0.0
2023-06-01 19:24:34.298823,0.0,0.0,0.0,0.0
2023-06-01 19:24:34.308678,0.0,0.0,0.0,0.0
2023-06-01 19:24:34.320397,0.0,0.0,0.0,0.0
2023-06-01 19:24:34.329425,0.0,0.0,0.0,0.0
2023-06-01 19:24:34.341210,0.0,0.0,0.0,0.0
2023-06-01 19:24:34.349578,0.0,0.0,0.0,0.0
2023-06-01 19:24:34.360298,0.0,0.0,0.0,0.0
2023-06-01 19:24:34.370806,0.0,0.0,0.0,0.0
2023-06-01 19:24:34.380923,0.0,0.0,0.0,0.0
2023-06-01 19:24:34.390446,0.0,0.0,0.0,0.0
2023-06-01 19:24:34.400020,0.0,0.0,0.0,0.0
2023-06-01 19:24:34.409217,0.0,0.0,0.0,0.0
2023-06-01 19:24:34.418703,0.0,0.0,0.0,0.0
2023-06-01 19:24:34.429027,0.0,0.0,0.0,0.0
2023-06-01 19:24:34.449076,0.0,0.0,0.0,0.0
2023-06-01 19:24:34.458231,0.0,0.0,0.0,0.0
2023-06-01 19:24:34.468064,0.0,0.0,0.0,0.0
2023-06-01 19:24:34.476337,0.0,0.0,0.0,0.0
2023-06-01 19:24:34.484726,0.0,0.0,0.0,0.0
2023-06-01 19:24:34.494239,0.0,0.0,0.0,0.0
2023-06-01 19:24:34.502692,0.0,0.0,0.0,0.0
2023-06-01 19:24:34.512706,0.0,0.0,0.0,0.0
2023-06-01 19:24:34.521362,0.0,0.0,0.0,0.0
2023-06-01 19:24:34.530016,0.0,0.0,0.0,0.0
2023-06-01 19:24:34.540288,0.0,0.0,0.0,0.0
2023-06-01 19:24:34.549058,0.0,0.0,0.0,0.0
2023-06-01 19:24:34.560455,0.0,0.0,0.0,0.0
2023-06-01 19:24:34.569197,0.0,0.0,0.0,0.0
2023-06-01 19:24:34.578222,0.0,0.0,0.0,0.0
2023-06-01 19:24:34.588756,0.0,0.0,0.0,0.0
2023-06-01 19:24:34.598203,0.0,0.0,0.0,0.0
2023-06-01 19:24:34.609551,0.0,0.0,0.0,0.0
2023-06-01 19:24:34.618453,0.0,0.0,0.0,0.0
2023-06-01 19:24:34.629564,0.0,0.0,0.0,0.0
2023-06-01 19:24:34.639813,0.0,0.0,0.0,0.0
2023-06-01 19:24:34.648596,0.0,0.0,0.0,0.0
2023-06-01 19:24:34.662090,0.0,0.0,0.0,0.0
2023-06-01 19:24:34.668725,0.0,0.0,0.0,0.0
2023-06-01 19:24:34.681862,0.0,0.0,0.0,0.0
2023-06-01 19:24:34.688242,0.0,0.0,0.0,0.0
2023-06-01 19:24:34.696673,0.0,0.0,0.0,0.0
2023-06-01 19:24:34.707567,0.0,0.0,0.0,0.0
2023-06-01 19:24:34.718952,0.0,0.0,0.0,0.0
2023-06-01 19:24:34.729162,0.0,0.0,0.0,0.0
2023-06-01 19:24:34.738410,0.0,0.0,0.0,0.0
2023-06-01 19:24:34.748798,0.0,0.0,0.0,0.0
2023-06-01 19:24:34.758208,0.0,0.0,0.0,0.0
2023-06-01 19:24:34.767016,0.0,0.0,0.0,0.0
2023-06-01 19:24:34.776824,0.0,0.0,0.0,0.0
2023-06-01 19:24:34.786389,0.0,0.0,0.0,0.0
2023-06-01 19:24:34.798348,0.0,0.0,0.0,0.0
2023-06-01 19:24:34.808289,0.0,0.0,0.0,0.0
2023-06-01 19:24:34.828530,0.0,0.0,0.0,0.0
2023-06-01 19:24:34.835519,0.0,0.0,0.0,0.0
2023-06-01 19:24:34.842598,0.0,0.0,0.0,0.0
2023-06-01 19:24:34.849719,0.0,0.0,0.0,0.0
2023-06-01 19:24:34.857247,0.0,0.0,0.0,0.0
2023-06-01 19:24:34.866984,0.0,0.0,0.0,0.0
2023-06-01 19:24:34.877804,0.0,0.0,0.0,0.0
2023-06-01 19:24:34.888689,0.0,0.0,0.0,0.0
2023-06-01 19:24:34.897770,0.0,0.0,0.0,0.0
2023-06-01 19:24:34.906838,0.0,0.0,0.0,0.0
2023-06-01 19:24:34.917268,0.0,0.0,0.0,0.0
2023-06-01 19:24:34.942442,0.0,0.0,0.0,0.0
2023-06-01 19:24:34.966645,0.0,0.0,0.0,0.0
2023-06-01 19:24:34.982874,0.0,0.0,0.0,0.0
2023-06-01 19:24:34.991700,0.0,0.0,0.0,0.0
2023-06-01 19:24:35.002258,0.0,0.0,0.0,0.0
2023-06-01 19:24:35.011686,0.0,0.0,0.0,0.0
2023-06-01 19:24:35.020426,0.0,0.0,0.0,0.0
2023-06-01 19:24:35.030366,0.0,0.0,0.0,0.0
2023-06-01 19:24:35.040867,0.0,0.0,0.0,0.0
2023-06-01 19:24:35.049977,0.0,0.0,0.0,0.0
2023-06-01 19:24:35.061156,0.0,0.0,0.0,0.0
2023-06-01 19:24:35.074090,0.0,0.0,0.0,0.0
2023-06-01 19:24:35.093923,0.0,0.0,0.0,0.0
2023-06-01 19:24:35.104747,0.0,0.0,0.0,0.0
2023-06-01 19:24:35.115053,0.0,0.0,0.0,0.0
2023-06-01 19:24:35.127224,0.0,0.0,0.0,0.0
2023-06-01 19:24:35.137555,0.0,0.0,0.0,0.0
2023-06-01 19:24:35.149274,0.0,0.0,0.0,0.0
2023-06-01 19:24:35.170149,0.0,0.0,0.0,0.0
2023-06-01 19:24:35.196413,0.0,0.0,0.0,0.0
2023-06-01 19:24:35.218969,0.0,0.0,0.0,0.0
2023-06-01 19:24:35.238695,0.0,0.0,0.0,0.0
2023-06-01 19:24:35.252238,0.0,0.0,0.0,0.0
2023-06-01 19:24:35.270569,0.0,0.0,0.0,0.0
2023-06-01 19:24:35.281983,0.0,0.0,0.0,0.0
2023-06-01 19:24:35.290025,0.0,0.0,0.0,0.0
2023-06-01 19:24:35.297368,0.0,0.0,0.0,0.0
2023-06-01 19:24:35.307163,0.0,0.0,0.0,0.0
2023-06-01 19:24:35.320310,0.0,0.0,0.0,0.0
2023-06-01 19:24:35.336690,0.0,0.0,0.0,0.0
2023-06-01 19:24:35.345437,0.0,0.0,0.0,0.0
2023-06-01 19:24:35.356910,0.0,0.0,0.0,0.0
2023-06-01 19:24:35.365227,0.0,0.0,0.0,0.0
2023-06-01 19:24:35.376009,0.0,0.0,0.0,0.0
2023-06-01 19:24:35.384525,0.0,0.0,0.0,0.0
2023-06-01 19:24:35.390985,0.0,0.0,0.0,0.0
2023-06-01 19:24:35.397180,0.0,0.0,0.0,0.0
2023-06-01 19:24:35.407109,0.0,0.0,0.0,0.0
2023-06-01 19:24:35.417239,0.0,0.0,0.0,0.0
2023-06-01 19:24:35.427406,0.0,0.0,0.0,0.0
2023-06-01 19:24:35.444429,0.0,0.0,0.0,0.0
2023-06-01 19:24:35.459684,0.0,0.0,0.0,0.0
2023-06-01 19:24:35.476440,0.0,0.0,0.0,0.0
2023-06-01 19:24:35.484902,0.0,0.0,0.0,0.0
2023-06-01 19:24:35.494516,0.0,0.0,0.0,0.0
2023-06-01 19:24:35.503262,0.0,0.0,0.0,0.0
2023-06-01 19:24:35.512384,0.0,0.0,0.0,0.0
2023-06-01 19:24:35.521319,0.0,0.0,0.0,0.0
2023-06-01 19:24:35.532848,0.0,0.0,0.0,0.0
2023-06-01 19:24:35.547594,0.0,0.0,0.0,0.0
2023-06-01 19:24:35.575552,0.0,0.0,0.0,0.0
2023-06-01 19:24:35.595745,0.0,0.0,0.0,0.0
2023-06-01 19:24:35.606630,0.0,0.0,0.0,0.0
2023-06-01 19:24:35.613226,0.0,0.0,0.0,0.0
2023-06-01 19:24:35.626138,0.0,0.0,0.0,0.0
2023-06-01 19:24:35.635756,0.0,0.0,0.0,0.0
2023-06-01 19:24:35.645055,0.0,0.0,0.0,0.0
2023-06-01 19:24:35.654233,0.0,0.0,0.0,0.0
2023-06-01 19:24:35.662959,0.0,0.0,0.0,0.0
2023-06-01 19:24:35.678042,0.0,0.0,0.0,0.0
2023-06-01 19:24:35.687329,0.0,0.0,0.0,0.0
2023-06-01 19:24:35.697311,0.0,0.0,0.0,0.0
2023-06-01 19:24:35.707678,0.0,0.0,0.0,0.0
2023-06-01 19:24:35.718897,0.0,0.0,0.0,0.0
2023-06-01 19:24:35.729488,0.0,0.0,0.0,0.0
2023-06-01 19:24:35.746556,0.0,0.0,0.0,0.0
2023-06-01 19:24:35.762512,0.0,0.0,0.0,0.0
2023-06-01 19:24:35.781715,0.0,0.0,0.0,0.0
2023-06-01 19:24:35.797192,0.0,0.0,0.0,0.0
2023-06-01 19:24:35.804453,0.0,0.0,0.0,0.0
2023-06-01 19:24:35.811615,0.0,0.0,0.0,0.0
2023-06-01 19:24:35.818992,0.0,0.0,0.0,0.0
2023-06-01 19:24:35.843146,0.0,0.0,0.0,0.0
2023-06-01 19:24:35.852243,0.0,0.0,0.0,0.0
2023-06-01 19:24:35.867559,0.0,0.0,0.0,0.0
2023-06-01 19:24:35.876574,0.0,0.0,0.0,0.0
2023-06-01 19:24:35.884890,0.0,0.0,0.0,0.0
2023-06-01 19:24:35.893018,0.0,0.0,0.0,0.0
2023-06-01 19:24:35.900008,0.0,0.0,0.0,0.0
2023-06-01 19:24:35.907379,0.0,0.0,0.0,0.0
2023-06-01 19:24:35.917678,0.0,0.0,0.0,0.0
2023-06-01 19:24:35.936045,0.0,0.0,0.0,0.0
2023-06-01 19:24:35.950177,0.0,0.0,0.0,0.0
2023-06-01 19:24:35.957408,0.0,0.0,0.0,0.0
2023-06-01 19:24:35.971168,0.0,0.0,0.0,0.0
2023-06-01 19:24:35.978787,0.0,0.0,0.0,0.0
2023-06-01 19:24:35.987290,0.0,0.0,0.0,0.0
2023-06-01 19:24:35.997293,0.0,0.0,0.0,0.0
2023-06-01 19:24:36.007052,0.0,0.0,0.0,0.0
2023-06-01 19:24:36.017599,0.0,0.0,0.0,0.0
2023-06-01 19:24:36.038984,0.0,0.0,0.0,0.0
2023-06-01 19:24:36.060394,0.0,0.0,0.0,0.0
2023-06-01 19:24:36.069101,0.0,0.0,0.0,0.0
2023-06-01 19:24:36.080226,0.0,0.0,0.0,0.0
2023-06-01 19:24:36.087286,0.0,0.0,0.0,0.0
2023-06-01 19:24:36.097065,0.0,0.0,0.0,0.0
2023-06-01 19:24:36.114769,0.0,0.0,0.0,0.0
2023-06-01 19:24:36.138749,0.0,0.0,0.0,0.0
2023-06-01 19:24:36.171889,0.0,0.0,0.0,0.0
2023-06-01 19:24:36.195082,0.0,0.0,0.0,0.0
2023-06-01 19:24:36.201043,0.0,0.0,0.0,0.0
2023-06-01 19:24:36.206933,0.0,0.0,0.0,0.0
2023-06-01 19:24:36.217462,0.0,0.0,0.0,0.0
2023-06-01 19:24:36.227540,0.0,0.0,0.0,0.0
2023-06-01 19:24:36.251331,0.0,0.0,0.0,0.0
2023-06-01 19:24:36.263651,0.0,0.0,0.0,0.0
2023-06-01 19:24:36.270579,0.0,0.0,0.0,0.0
2023-06-01 19:24:36.278543,0.0,0.0,0.0,0.0
2023-06-01 19:24:36.290143,0.0,0.0,0.0,0.0
2023-06-01 19:24:36.297224,0.0,0.0,0.0,0.0
2023-06-01 19:24:36.306779,0.0,0.0,0.0,0.0
2023-06-01 19:24:36.319391,0.0,0.0,0.0,0.0
2023-06-01 19:24:36.333281,0.0,0.0,0.0,0.0
2023-06-01 19:24:36.344754,0.0,0.0,0.0,0.0
2023-06-01 19:24:36.359476,0.0,0.0,0.0,0.0
2023-06-01 19:24:36.377509,0.0,0.0,0.0,0.0
2023-06-01 19:24:36.392787,0.0,0.0,0.0,0.0
2023-06-01 19:24:36.398865,0.0,0.0,0.0,0.0
2023-06-01 19:24:36.406770,0.0,0.0,0.0,0.0
2023-06-01 19:24:36.417078,0.0,0.0,0.0,0.0
2023-06-01 19:24:36.434369,0.0,0.0,0.0,0.0
2023-06-01 19:24:36.442432,0.0,0.0,0.0,0.0
2023-06-01 19:24:36.449884,0.0,0.0,0.0,0.0
2023-06-01 19:24:36.464391,0.0,0.0,0.0,0.0
2023-06-01 19:24:36.474742,0.0,0.0,0.0,0.0
2023-06-01 19:24:36.484450,0.0,0.0,0.0,0.0
2023-06-01 19:24:36.494138,0.0,0.0,0.0,0.0
2023-06-01 19:24:36.502281,0.0,0.0,0.0,0.0
2023-06-01 19:24:36.508904,0.0,0.0,0.0,0.0
2023-06-01 19:24:36.520700,0.0,0.0,0.0,0.0
2023-06-01 19:24:36.531025,0.0,0.0,0.0,0.0
2023-06-01 19:24:36.542670,0.0,0.0,0.0,0.0
2023-06-01 19:24:36.553266,0.0,0.0,0.0,0.0
2023-06-01 19:24:36.561227,0.0,0.0,0.0,0.0
2023-06-01 19:24:36.581243,0.0,0.0,0.0,0.0
2023-06-01 19:24:36.588094,0.0,0.0,0.0,0.0
2023-06-01 19:24:36.597178,0.0,0.0,0.0,0.0
2023-06-01 19:24:36.606791,0.0,0.0,0.0,0.0
2023-06-01 19:24:36.617566,0.0,0.0,0.0,0.0
2023-06-01 19:24:36.628483,0.0,0.0,0.0,0.0
2023-06-01 19:24:36.642732,0.0,0.0,0.0,0.0
2023-06-01 19:24:36.656685,0.0,0.0,0.0,0.0
2023-06-01 19:24:36.674193,0.0,0.0,0.0,0.0
2023-06-01 19:24:36.685901,0.0,0.0,0.0,0.0
2023-06-01 19:24:36.699308,0.0,0.0,0.0,0.0
2023-06-01 19:24:36.708011,0.0,0.0,0.0,0.0
2023-06-01 19:24:36.716641,0.0,0.0,0.0,0.0
2023-06-01 19:24:36.725368,0.0,0.0,0.0,0.0
2023-06-01 19:24:36.734045,0.0,0.0,0.0,0.0
2023-06-01 19:24:36.746471,0.0,0.0,0.0,0.0
2023-06-01 19:24:36.755567,0.0,0.0,0.0,0.0
2023-06-01 19:24:36.764270,0.0,0.0,0.0,0.0
2023-06-01 19:24:36.773558,0.0,0.0,0.0,0.0
2023-06-01 19:24:36.784740,0.0,0.0,0.0,0.0
2023-06-01 19:24:36.796351,0.0,0.0,0.0,0.0
2023-06-01 19:24:36.806368,0.0,0.0,0.0,0.0
2023-06-01 19:24:36.818282,0.0,0.0,0.0,0.0
2023-06-01 19:24:36.851168,0.0,0.0,0.0,0.0
2023-06-01 19:24:36.869086,0.0,0.0,0.0,0.0
2023-06-01 19:24:36.877479,0.0,0.0,0.0,0.0
2023-06-01 19:24:36.890413,0.0,0.0,0.0,0.0
2023-06-01 19:24:36.899005,0.0,0.0,0.0,0.0
2023-06-01 19:24:36.908832,0.0,0.0,0.0,0.0
2023-06-01 19:24:36.930569,0.0,0.0,0.0,0.0
2023-06-01 19:24:36.952432,0.0,0.0,0.0,0.0
2023-06-01 19:24:36.976438,0.0,0.0,0.0,0.0
2023-06-01 19:24:36.994798,0.0,0.0,0.0,0.0
2023-06-01 19:24:37.004723,0.0,0.0,0.0,0.0
2023-06-01 19:24:37.012939,0.0,0.0,0.0,0.0
2023-06-01 19:24:37.021779,0.0,0.0,0.0,0.0
2023-06-01 19:24:37.030266,0.0,0.0,0.0,0.0
2023-06-01 19:24:37.041514,0.0,0.0,0.0,0.0
2023-06-01 19:24:37.050212,0.0,0.0,0.0,0.0
2023-06-01 19:24:37.065000,0.0,0.0,0.0,0.0
2023-06-01 19:24:37.073889,0.0,0.0,0.0,0.0
2023-06-01 19:24:37.083476,0.0,0.0,0.0,0.0
2023-06-01 19:24:37.093564,0.0,0.0,0.0,0.0
2023-06-01 19:24:37.102229,0.0,0.0,0.0,0.0
2023-06-01 19:24:37.110853,0.0,0.0,0.0,0.0
2023-06-01 19:24:37.120154,0.0,0.0,0.0,0.0
2023-06-01 19:24:37.129285,0.0,0.0,0.0,0.0
2023-06-01 19:24:37.142780,0.0,0.0,0.0,0.0
2023-06-01 19:24:37.151429,0.0,0.0,0.0,0.0
2023-06-01 19:24:37.161351,0.0,0.0,0.0,0.0
2023-06-01 19:24:37.191606,0.0,0.0,0.0,0.0
2023-06-01 19:24:37.201218,0.0,0.0,0.0,0.0
2023-06-01 19:24:37.212838,0.0,0.0,0.0,0.0
2023-06-01 19:24:37.221181,0.0,0.0,0.0,0.0
2023-06-01 19:24:37.230685,0.0,0.0,0.0,0.0
2023-06-01 19:24:37.239153,0.0,0.0,0.0,0.0
2023-06-01 19:24:37.251612,0.0,0.0,0.0,0.0
2023-06-01 19:24:37.266992,0.0,0.0,0.0,0.0
2023-06-01 19:24:37.276512,0.0,0.0,0.0,0.0
2023-06-01 19:24:37.285616,0.0,0.0,0.0,0.0
2023-06-01 19:24:37.294311,0.0,0.0,0.0,0.0
2023-06-01 19:24:37.304539,0.0,0.0,0.0,0.0
2023-06-01 19:24:37.313419,0.0,0.0,0.0,0.0
2023-06-01 19:24:37.327445,0.0,0.0,0.0,0.0
2023-06-01 19:24:37.336093,0.0,0.0,0.0,0.0
2023-06-01 19:24:37.345693,0.0,0.0,0.0,0.0
2023-06-01 19:24:37.354133,0.0,0.0,0.0,0.0
2023-06-01 19:24:37.364078,0.0,0.0,0.0,0.0
2023-06-01 19:24:37.390355,0.0,0.0,0.0,0.0
2023-06-01 19:24:37.403616,0.0,0.0,0.0,0.0
2023-06-01 19:24:37.413900,0.0,0.0,0.0,0.0
2023-06-01 19:24:37.422770,0.0,0.0,0.0,0.0
2023-06-01 19:24:37.432994,0.0,0.0,0.0,0.0
2023-06-01 19:24:37.446311,0.0,0.0,0.0,0.0
2023-06-01 19:24:37.459243,0.0,0.0,0.0,0.0
2023-06-01 19:24:37.492355,0.0,0.0,0.0,0.0
2023-06-01 19:24:37.501065,0.0,0.0,0.0,0.0
2023-06-01 19:24:37.515665,0.0,0.0,0.0,0.0
2023-06-01 19:24:37.543884,0.0,0.0,0.0,0.0
2023-06-01 19:24:37.568521,0.0,0.0,0.0,0.0
2023-06-01 19:24:37.595760,0.0,0.0,0.0,0.0
2023-06-01 19:24:37.611567,0.0,0.0,0.0,0.0
2023-06-01 19:24:37.619627,0.0,0.0,0.0,0.0
2023-06-01 19:24:37.628547,0.0,0.0,0.0,0.0
2023-06-01 19:24:37.641688,0.0,0.0,0.0,0.0
2023-06-01 19:24:37.650211,0.0,0.0,0.0,0.0
2023-06-01 19:24:37.659668,0.0,0.0,0.0,0.0
2023-06-01 19:24:37.672965,0.0,0.0,0.0,0.0
2023-06-01 19:24:37.684610,0.0,0.0,0.0,0.0
2023-06-01 19:24:37.691444,0.0,0.0,0.0,0.0
2023-06-01 19:24:37.697952,0.0,0.0,0.0,0.0
2023-06-01 19:24:37.709941,0.0,0.0,0.0,0.0
2023-06-01 19:24:37.720523,0.0,0.0,0.0,0.0
2023-06-01 19:24:37.736222,0.0,0.0,0.0,0.0
2023-06-01 19:24:37.761393,0.0,0.0,0.0,0.0
2023-06-01 19:24:37.789834,0.0,0.0,0.0,0.0
2023-06-01 19:24:37.798432,0.0,0.0,0.0,0.0
2023-06-01 19:24:37.805496,0.0,0.0,0.0,0.0
2023-06-01 19:24:37.811794,0.0,0.0,0.0,0.0
2023-06-01 19:24:37.818501,0.0,0.0,0.0,0.0
2023-06-01 19:24:37.829180,0.0,0.0,0.0,0.0
2023-06-01 19:24:37.836990,0.0,0.0,0.0,0.0
2023-06-01 19:24:37.847677,0.0,0.0,0.0,0.0
2023-06-01 19:24:37.862633,0.0,0.0,0.0,0.0
2023-06-01 19:24:37.872154,0.0,0.0,0.0,0.0
2023-06-01 19:24:37.879648,0.0,0.0,0.0,0.0
2023-06-01 19:24:37.888253,0.0,0.0,0.0,0.0
2023-06-01 19:24:37.898484,0.0,0.0,0.0,0.0
2023-06-01 19:24:37.910112,0.0,0.0,0.0,0.0
2023-06-01 19:24:37.919994,0.0,0.0,0.0,0.0
2023-06-01 19:24:37.944704,0.0,0.0,0.0,0.0
2023-06-01 19:24:37.970307,0.0,0.0,0.0,0.0
2023-06-01 19:24:37.981624,0.0,0.0,0.0,0.0
2023-06-01 19:24:37.993547,0.0,0.0,0.0,0.0
2023-06-01 19:24:38.008976,0.0,0.0,0.0,0.0
2023-06-01 19:24:38.021315,0.0,0.0,0.0,0.0
2023-06-01 19:24:38.030410,0.0,0.0,0.0,0.0
2023-06-01 19:24:38.063053,0.0,0.0,0.0,0.0
2023-06-01 19:24:38.082920,0.0,0.0,0.0,0.0
2023-06-01 19:24:38.090014,0.0,0.0,0.0,0.0
2023-06-01 19:24:38.097198,0.0,0.0,0.0,0.0
2023-06-01 19:24:38.107930,0.0,0.0,0.0,0.0
2023-06-01 19:24:38.135048,0.0,0.0,0.0,0.0
2023-06-01 19:24:38.171938,0.0,0.0,0.0,0.0
2023-06-01 19:24:38.182380,0.0,0.0,0.0,0.0
2023-06-01 19:24:38.189280,0.0,0.0,0.0,0.0
2023-06-01 19:24:38.197063,0.0,0.0,0.0,0.0
2023-06-01 19:24:38.206900,0.0,0.0,0.0,0.0
2023-06-01 19:24:38.217996,0.0,0.0,0.0,0.0
2023-06-01 19:24:38.233491,0.0,0.0,0.0,0.0
2023-06-01 19:24:38.240944,0.0,0.0,0.0,0.0
2023-06-01 19:24:38.253039,0.0,0.0,0.0,0.0
2023-06-01 19:24:38.260208,0.0,0.0,0.0,0.0
2023-06-01 19:24:38.267950,0.0,0.0,0.0,0.0
2023-06-01 19:24:38.287964,0.0,0.0,0.0,0.0
2023-06-01 19:24:38.297522,0.0,0.0,0.0,0.0
2023-06-01 19:24:38.307148,0.0,0.0,0.0,0.0
2023-06-01 19:24:38.317469,0.0,0.0,0.0,0.0
2023-06-01 19:24:38.328017,0.0,0.0,0.0,0.0
2023-06-01 19:24:38.341696,0.0,0.0,0.0,0.0
2023-06-01 19:24:38.349160,0.0,0.0,0.0,0.0
2023-06-01 19:24:38.363711,0.0,0.0,0.0,0.0
2023-06-01 19:24:38.375929,0.0,0.0,0.0,0.0
2023-06-01 19:24:38.383672,0.0,0.0,0.0,0.0
2023-06-01 19:24:38.391042,0.0,0.0,0.0,0.0
2023-06-01 19:24:38.398542,0.0,0.0,0.0,0.0
2023-06-01 19:24:38.407236,0.0,0.0,0.0,0.0
2023-06-01 19:24:38.417341,0.0,0.0,0.0,0.0
2023-06-01 19:24:38.427352,0.0,0.0,0.0,0.0
2023-06-01 19:24:38.438479,0.0,0.0,0.0,0.0
2023-06-01 19:24:38.452925,0.0,0.0,0.0,0.0
2023-06-01 19:24:38.463100,0.0,0.0,0.0,0.0
2023-06-01 19:24:38.470258,0.0,0.0,0.0,0.0
2023-06-01 19:24:38.477409,0.0,0.0,0.0,0.0
2023-06-01 19:24:38.489176,0.0,0.0,0.0,0.0
2023-06-01 19:24:38.502369,0.0,0.0,0.0,0.0
2023-06-01 19:24:38.509285,0.0,0.0,0.0,0.0
2023-06-01 19:24:38.517113,0.0,0.0,0.0,0.0
2023-06-01 19:24:38.527163,0.0,0.0,0.0,0.0
2023-06-01 19:24:38.541374,0.0,0.0,0.0,0.0
2023-06-01 19:24:38.548241,0.0,0.0,0.0,0.0
2023-06-01 19:24:38.559923,0.0,0.0,0.0,0.0
2023-06-01 19:24:38.571788,0.0,0.0,0.0,0.0
2023-06-01 19:24:38.582209,0.0,0.0,0.0,0.0
2023-06-01 19:24:38.588832,0.0,0.0,0.0,0.0
2023-06-01 19:24:38.601067,0.0,0.0,0.0,0.0
2023-06-01 19:24:38.607720,0.0,0.0,0.0,0.0
2023-06-01 19:24:38.618807,0.0,0.0,0.0,0.0
2023-06-01 19:24:38.634502,0.0,0.0,0.0,0.0
2023-06-01 19:24:38.641637,0.0,0.0,0.0,0.0
2023-06-01 19:24:38.663172,0.0,0.0,0.0,0.0
2023-06-01 19:24:38.677809,0.0,0.0,0.0,0.0
2023-06-01 19:24:38.687044,0.0,0.0,0.0,0.0
2023-06-01 19:24:38.697876,0.0,0.0,0.0,0.0
2023-06-01 19:24:38.707254,0.0,0.0,0.0,0.0
2023-06-01 19:24:38.717271,0.0,0.0,0.0,0.0
2023-06-01 19:24:38.732611,0.0,0.0,0.0,0.0
2023-06-01 19:24:38.749109,0.0,0.0,0.0,0.0
2023-06-01 19:24:38.759880,0.0,0.0,0.0,0.0
2023-06-01 19:24:38.767748,0.0,0.0,0.0,0.0
2023-06-01 19:24:38.784014,0.0,0.0,0.0,0.0
2023-06-01 19:24:38.791134,0.0,0.0,0.0,0.0
2023-06-01 19:24:38.797115,0.0,0.0,0.0,0.0
2023-06-01 19:24:38.814451,0.0,0.0,0.0,0.0
2023-06-01 19:24:38.824068,0.0,0.0,0.0,0.0
2023-06-01 19:24:38.840044,0.0,0.0,0.0,0.0
2023-06-01 19:24:38.855409,0.0,0.0,0.0,0.0
2023-06-01 19:24:38.862589,0.0,0.0,0.0,0.0
2023-06-01 19:24:38.876851,0.0,0.0,0.0,0.0
2023-06-01 19:24:38.884065,0.0,0.0,0.0,0.0
2023-06-01 19:24:38.890274,0.0,0.0,0.0,0.0
2023-06-01 19:24:38.896620,0.0,0.0,0.0,0.0
2023-06-01 19:24:38.906805,0.0,0.0,0.0,0.0
2023-06-01 19:24:38.916543,0.0,0.0,0.0,0.0
2023-06-01 19:24:38.926490,0.0,0.0,0.0,0.0
2023-06-01 19:24:38.937005,0.0,0.0,0.0,0.0
2023-06-01 19:24:38.950005,0.0,0.0,0.0,0.0
2023-06-01 19:24:38.960071,0.0,0.0,0.0,0.0
2023-06-01 19:24:38.969604,0.0,0.0,0.0,0.0
2023-06-01 19:24:38.978424,0.0,0.0,0.0,0.0
2023-06-01 19:24:38.988408,0.0,0.0,0.0,0.0
2023-06-01 19:24:38.998570,0.0,0.0,0.0,0.0
2023-06-01 19:24:39.008510,0.0,0.0,0.0,0.0
2023-06-01 19:24:39.018715,0.0,0.0,0.0,0.0
2023-06-01 19:24:39.028627,0.0,0.0,0.0,0.0
2023-06-01 19:24:39.039051,0.0,0.0,0.0,0.0
2023-06-01 19:24:39.048459,0.0,0.0,0.0,0.0
2023-06-01 19:24:39.059809,0.0,0.0,0.0,0.0
2023-06-01 19:24:39.070042,0.0,0.0,0.0,0.0
2023-06-01 19:24:39.079246,0.0,0.0,0.0,0.0
2023-06-01 19:24:39.089162,0.0,0.0,0.0,0.0
2023-06-01 19:24:39.098154,0.0,0.0,0.0,0.0
2023-06-01 19:24:39.108368,0.0,0.0,0.0,0.0
2023-06-01 19:24:39.119477,0.0,0.0,0.0,0.0
2023-06-01 19:24:39.128220,0.0,0.0,0.0,0.0
2023-06-01 19:24:39.138363,0.0,0.0,0.0,0.0
2023-06-01 19:24:39.148769,0.0,0.0,0.0,0.0
2023-06-01 19:24:39.158576,0.0,0.0,0.0,0.0
2023-06-01 19:24:39.168539,0.0,0.0,0.0,0.0
2023-06-01 19:24:39.178883,0.0,0.0,0.0,0.0
2023-06-01 19:24:39.189445,0.0,0.0,0.0,0.0
2023-06-01 19:24:39.198727,0.0,0.0,0.0,0.0
2023-06-01 19:24:39.209778,0.0,0.0,0.0,0.0
2023-06-01 19:24:39.219289,0.0,0.0,0.0,0.0
2023-06-01 19:24:39.776840,0.0,0.0,0.0,0.0
2023-06-01 19:24:39.786725,0.0,0.0,0.0,0.0
2023-06-01 19:24:39.796511,0.0,0.0,0.0,0.0
2023-06-01 19:24:39.806628,0.0,0.0,0.0,0.0
2023-06-01 19:24:39.816547,0.0,0.0,0.0,0.0
2023-06-01 19:24:39.826452,0.0,0.0,0.0,0.0
2023-06-01 19:24:39.836572,0.0,0.0,0.0,0.0
2023-06-01 19:24:39.846581,0.0,0.0,0.0,0.0
2023-06-01 19:24:39.857158,0.0,0.0,0.0,0.0
2023-06-01 19:24:39.866396,0.0,0.0,0.0,0.0
2023-06-01 19:24:39.876618,0.0,0.0,0.0,0.0
2023-06-01 19:24:39.886572,0.0,0.0,0.0,0.0
2023-06-01 19:24:39.896759,0.0,0.0,0.0,0.0
2023-06-01 19:24:39.906926,0.0,0.0,0.0,0.0
2023-06-01 19:24:39.916716,0.0,0.0,0.0,0.0
2023-06-01 19:24:39.926722,0.0,0.0,0.0,0.0
2023-06-01 19:24:39.936695,0.0,0.0,0.0,0.0
2023-06-01 19:24:39.946744,0.0,0.0,0.0,0.0
2023-06-01 19:24:39.956655,0.0,0.0,0.0,0.0
2023-06-01 19:24:39.966602,0.0,0.0,0.0,0.0
2023-06-01 19:24:39.976821,0.0,0.0,0.0,0.0
2023-06-01 19:24:39.986906,0.0,0.0,0.0,0.0
2023-06-01 19:24:39.996667,0.0,0.0,0.0,0.0
2023-06-01 19:24:40.006636,0.0,0.0,0.0,0.0
2023-06-01 19:24:40.016842,0.0,0.0,0.0,0.0
2023-06-01 19:24:40.026695,0.0,0.0,0.0,0.0
2023-06-01 19:24:40.036815,0.0,0.0,0.0,0.0
2023-06-01 19:24:40.046810,0.0,0.0,0.0,0.0
2023-06-01 19:24:40.056639,0.0,0.0,0.0,0.0
2023-06-01 19:24:40.066957,0.0,0.0,0.0,0.0
2023-06-01 19:24:40.077947,0.0,0.0,0.0,0.0
2023-06-01 19:24:40.086557,0.0,0.0,0.0,0.0
2023-06-01 19:24:40.096611,0.0,0.0,0.0,0.0
2023-06-01 19:24:40.106745,0.0,0.0,0.0,0.0
2023-06-01 19:24:40.116606,0.0,0.0,0.0,0.0
2023-06-01 19:24:40.126549,0.0,0.0,0.0,0.0
2023-06-01 19:24:40.136736,0.0,0.0,0.0,0.0
2023-06-01 19:24:40.146503,0.0,0.0,0.0,0.0
2023-06-01 19:24:40.156511,0.0,0.0,0.0,0.0
2023-06-01 19:24:40.166565,0.0,0.0,0.0,0.0
2023-06-01 19:24:40.176857,0.0,0.0,0.0,0.0
2023-06-01 19:24:40.186702,0.0,0.0,0.0,0.0
2023-06-01 19:24:40.196741,0.0,0.0,0.0,0.0
2023-06-01 19:24:40.206672,0.0,0.0,0.0,0.0
2023-06-01 19:24:40.216508,0.0,0.0,0.0,0.0
2023-06-01 19:24:40.226602,0.0,0.0,0.0,0.0
2023-06-01 19:24:40.236779,0.0,0.0,0.0,0.0
2023-06-01 19:24:40.246519,0.0,0.0,0.0,0.0
2023-06-01 19:24:40.256773,0.0,0.0,0.0,0.0
2023-06-01 19:24:40.266647,0.0,0.0,0.0,0.0
2023-06-01 19:24:40.276550,0.0,0.0,0.0,0.0
2023-06-01 19:24:40.286594,0.0,0.0,0.0,0.0
2023-06-01 19:24:40.296683,0.0,0.0,0.0,0.0
2023-06-01 19:24:40.306528,0.0,0.0,0.0,0.0
2023-06-01 19:24:40.316657,0.0,0.0,0.0,0.0
2023-06-01 19:24:40.326751,0.0,0.0,0.0,0.0
2023-06-01 19:24:40.336660,0.0,0.0,0.0,0.0
2023-06-01 19:24:40.346655,0.0,0.0,0.0,0.0
2023-06-01 19:24:40.356977,0.0,0.0,0.0,0.0
2023-06-01 19:24:40.366579,0.0,0.0,0.0,0.0
2023-06-01 19:24:40.376859,0.0,0.0,0.0,0.0
2023-06-01 19:24:40.386714,0.0,0.0,0.0,0.0
2023-06-01 19:24:40.396516,0.0,0.0,0.0,0.0
2023-06-01 19:24:40.406662,0.0,0.0,0.0,0.0
2023-06-01 19:24:40.416678,0.0,0.0,0.0,0.0
2023-06-01 19:24:40.426488,0.0,0.0,0.0,0.0
2023-06-01 19:24:40.436736,0.0,0.0,0.0,0.0
2023-06-01 19:24:40.446621,0.0,0.0,0.0,0.0
2023-06-01 19:24:40.456657,0.0,0.0,0.0,0.0
2023-06-01 19:24:40.466873,0.0,0.0,0.0,0.0
2023-06-01 19:24:40.476792,0.0,0.0,0.0,0.0
2023-06-01 19:24:40.486789,0.0,0.0,0.0,0.0
2023-06-01 19:24:40.496639,0.0,0.0,0.0,0.0
2023-06-01 19:24:40.506690,0.0,0.0,0.0,0.0
2023-06-01 19:24:40.516647,0.0,0.0,0.0,0.0
2023-06-01 19:24:40.526553,0.0,0.0,0.0,0.0
2023-06-01 19:24:40.536787,0.0,0.0,0.0,0.0
2023-06-01 19:24:40.546551,0.0,0.0,0.0,0.0
2023-06-01 19:24:40.556503,0.0,0.0,0.0,0.0
2023-06-01 19:24:40.566812,0.0,0.0,0.0,0.0
2023-06-01 19:24:40.576600,0.0,0.0,0.0,0.0
2023-06-01 19:24:40.586577,0.0,0.0,0.0,0.0
2023-06-01 19:24:40.596739,0.0,0.0,0.0,0.0
2023-06-01 19:24:40.606835,0.0,0.0,0.0,0.0
2023-06-01 19:24:40.616570,0.0,0.0,0.0,0.0
2023-06-01 19:24:40.626621,0.0,0.0,0.0,0.0
2023-06-01 19:24:40.636773,0.0,0.0,0.0,0.0
2023-06-01 19:24:40.646589,0.0,0.0,0.0,0.0
2023-06-01 19:24:40.656675,0.0,0.0,0.0,0.0
2023-06-01 19:24:40.666608,0.0,0.0,0.0,0.0
2023-06-01 19:24:40.677148,0.0,0.0,0.0,0.0
2023-06-01 19:24:40.687251,0.0,0.0,0.0,0.0
2023-06-01 19:24:40.697526,0.0,0.0,0.0,0.0
2023-06-01 19:24:40.707121,0.0,0.0,0.0,0.0
2023-06-01 19:24:40.717047,0.0,0.0,0.0,0.0
2023-06-01 19:24:40.728274,0.0,0.0,0.0,0.0
2023-06-01 19:24:40.737165,0.0,0.0,0.0,0.0
2023-06-01 19:24:40.746624,0.0,0.0,0.0,0.0
2023-06-01 19:24:40.756827,0.0,0.0,0.0,0.0
2023-06-01 19:24:40.766714,0.0,0.0,0.0,0.0
2023-06-01 19:24:40.776789,0.0,0.0,0.0,0.0
2023-06-01 19:24:40.786708,0.0,0.0,0.0,0.0
2023-06-01 19:24:40.796483,0.0,0.0,0.0,0.0
2023-06-01 19:24:40.807006,0.0,0.0,0.0,0.0
2023-06-01 19:24:40.816875,0.0,0.0,0.0,0.0
2023-06-01 19:24:40.826747,0.0,0.0,0.0,0.0
2023-06-01 19:24:40.837162,0.0,0.0,0.0,0.0
2023-06-01 19:24:40.848506,0.0,0.0,0.0,0.0
2023-06-01 19:24:40.857084,0.0,0.0,0.0,0.0
2023-06-01 19:24:40.867012,0.0,0.0,0.0,0.0
2023-06-01 19:24:40.877104,0.0,0.0,0.0,0.0
2023-06-01 19:24:40.886821,0.0,0.0,0.0,0.0
2023-06-01 19:24:40.896727,0.0,0.0,0.0,0.0
2023-06-01 19:24:40.906632,0.0,0.0,0.0,0.0
2023-06-01 19:24:40.916856,0.0,0.0,0.0,0.0
2023-06-01 19:24:40.926697,0.0,0.0,0.0,0.0
2023-06-01 19:24:40.937152,0.0,0.0,0.0,0.0
2023-06-01 19:24:40.947395,0.0,0.0,0.0,0.0
2023-06-01 19:24:40.957712,0.0,0.0,0.0,0.0
2023-06-01 19:24:40.966993,0.0,0.0,0.0,0.0
2023-06-01 19:24:40.978242,0.0,0.0,0.0,0.0
2023-06-01 19:24:40.986609,0.0,0.0,0.0,0.0
2023-06-01 19:24:40.996472,0.0,0.0,0.0,0.0
2023-06-01 19:24:41.007267,0.0,0.0,0.0,0.0
2023-06-01 19:24:41.016581,0.0,0.0,0.0,0.0
2023-06-01 19:24:41.026689,0.0,0.0,0.0,0.0
2023-06-01 19:24:41.037068,0.0,0.0,0.0,0.0
2023-06-01 19:24:41.047417,0.0,0.0,0.0,0.0
2023-06-01 19:24:41.057332,0.0,0.0,0.0,0.0
2023-06-01 19:24:41.067058,0.0,0.0,0.0,0.0
2023-06-01 19:24:41.076560,0.0,0.0,0.0,0.0
2023-06-01 19:24:41.086394,0.0,0.0,0.0,0.0
2023-06-01 19:24:41.096496,0.0,0.0,0.0,0.0
2023-06-01 19:24:41.106548,0.0,0.0,0.0,0.0
2023-06-01 19:24:41.116464,0.0,0.0,0.0,0.0
2023-06-01 19:24:41.126744,0.0,0.0,0.0,0.0
2023-06-01 19:24:41.136685,0.0,0.0,0.0,0.0
2023-06-01 19:24:41.147171,0.0,0.0,0.0,0.0
2023-06-01 19:24:41.157163,0.0,0.0,0.0,0.0
2023-06-01 19:24:41.167295,0.0,0.0,0.0,0.0
2023-06-01 19:24:41.177242,0.0,0.0,0.0,0.0
2023-06-01 19:24:41.186712,0.0,0.0,0.0,0.0
2023-06-01 19:24:41.196920,0.0,0.0,0.0,0.0
2023-06-01 19:24:41.206813,0.0,0.0,0.0,0.0
2023-06-01 19:24:41.216871,0.0,0.0,0.0,0.0
2023-06-01 19:24:41.227586,0.0,0.0,0.0,0.0
2023-06-01 19:24:41.237791,0.0,0.0,0.0,0.0
2023-06-01 19:24:41.247405,0.0,0.0,0.0,0.0
2023-06-01 19:24:41.257949,0.0,0.0,0.0,0.0
2023-06-01 19:24:41.269756,0.0,0.0,0.0,0.0
2023-06-01 19:24:41.278609,0.0,0.0,0.0,0.0
2023-06-01 19:24:41.287315,0.0,0.0,0.0,0.0
2023-06-01 19:24:41.299997,0.0,0.0,0.0,0.0
2023-06-01 19:24:41.307162,0.0,0.0,0.0,0.0
2023-06-01 19:24:41.317360,0.0,0.0,0.0,0.0
2023-06-01 19:24:41.327362,0.0,0.0,0.0,0.0
2023-06-01 19:24:41.337108,0.0,0.0,0.0,0.0
2023-06-01 19:24:41.347668,0.0,0.0,0.0,0.0
2023-06-01 19:24:41.357344,0.0,0.0,0.0,0.0
2023-06-01 19:24:41.367363,0.0,0.0,0.0,0.0
2023-06-01 19:24:41.377531,0.0,0.0,0.0,0.0
2023-06-01 19:24:41.387300,0.0,0.0,0.0,0.0
2023-06-01 19:24:41.396663,0.0,0.0,0.0,0.0
2023-06-01 19:24:41.406875,0.0,0.0,0.0,0.0
2023-06-01 19:24:41.417970,0.0,0.0,0.0,0.0
2023-06-01 19:24:41.440522,0.0,0.0,0.0,0.0
2023-06-01 19:24:41.448375,0.0,0.0,0.0,0.0
2023-06-01 19:24:41.458306,0.0,0.0,0.0,0.0
2023-06-01 19:24:41.470465,0.0,0.0,0.0,0.0
2023-06-01 19:24:41.478463,0.0,0.0,0.0,0.0
2023-06-01 19:24:41.488402,0.0,0.0,0.0,0.0
2023-06-01 19:24:41.497443,0.0,0.0,0.0,0.0
2023-06-01 19:24:41.508003,0.0,0.0,0.0,0.0
2023-06-01 19:24:41.517098,0.0,0.0,0.0,0.0
2023-06-01 19:24:41.530570,0.0,0.0,0.0,0.0
2023-06-01 19:24:41.537844,0.0,0.0,0.0,0.0
2023-06-01 19:24:41.547676,0.0,0.0,0.0,0.0
2023-06-01 19:24:41.563994,0.0,0.0,0.0,0.0
2023-06-01 19:24:41.573987,0.0,0.0,0.0,0.0
2023-06-01 19:24:41.580892,0.0,0.0,0.0,0.0
2023-06-01 19:24:41.588805,0.0,0.0,0.0,0.0
2023-06-01 19:24:41.597031,0.0,0.0,0.0,0.0
2023-06-01 19:24:41.607133,0.0,0.0,0.0,0.0
2023-06-01 19:24:41.618760,0.0,0.0,0.0,0.0
2023-06-01 19:24:41.628201,0.0,0.0,0.0,0.0
2023-06-01 19:24:41.639111,0.0,0.0,0.0,0.0
2023-06-01 19:24:41.648477,0.0,0.0,0.0,0.0
2023-06-01 19:24:41.657471,0.0,0.0,0.0,0.0
2023-06-01 19:24:41.667018,0.0,0.0,0.0,0.0
2023-06-01 19:24:41.677250,0.0,0.0,0.0,0.0
2023-06-01 19:24:41.687086,0.0,0.0,0.0,0.0
2023-06-01 19:24:41.696945,0.0,0.0,0.0,0.0
2023-06-01 19:24:41.706991,0.0,0.0,0.0,0.0
2023-06-01 19:24:41.718613,0.0,0.0,0.0,0.0
2023-06-01 19:24:41.728487,0.0,0.0,0.0,0.0
2023-06-01 19:24:41.748145,0.0,0.0,0.0,0.0
2023-06-01 19:24:41.755513,0.0,0.0,0.0,0.0
2023-06-01 19:24:41.762444,0.0,0.0,0.0,0.0
2023-06-01 19:24:41.771836,0.0,0.0,0.0,0.0
2023-06-01 19:24:41.778618,0.0,0.0,0.0,0.0
2023-06-01 19:24:41.786625,0.0,0.0,0.0,0.0
2023-06-01 19:24:41.796755,0.0,0.0,0.0,0.0
2023-06-01 19:24:41.806951,0.0,0.0,0.0,0.0
2023-06-01 19:24:41.817089,0.0,0.0,0.0,0.0
2023-06-01 19:24:41.827735,0.0,0.0,0.0,0.0
2023-06-01 19:24:41.839523,0.0,0.0,0.0,0.0
2023-06-01 19:24:41.847519,0.0,0.0,0.0,0.0
2023-06-01 19:24:41.857540,0.0,0.0,0.0,0.0
2023-06-01 19:24:41.867322,0.0,0.0,0.0,0.0
2023-06-01 19:24:41.877862,0.0,0.0,0.0,0.0
2023-06-01 19:24:41.887092,0.0,0.0,0.0,0.0
2023-06-01 19:24:41.896681,0.0,0.0,0.0,0.0
2023-06-01 19:24:41.906559,0.0,0.0,0.0,0.0
2023-06-01 19:24:41.916658,0.0,0.0,0.0,0.0
2023-06-01 19:24:41.926717,0.0,0.0,0.0,0.0
2023-06-01 19:24:41.937421,0.0,0.0,0.0,0.0
2023-06-01 19:24:41.947754,0.0,0.0,0.0,0.0
2023-06-01 19:24:41.962154,0.0,0.0,0.0,0.0
2023-06-01 19:24:41.968370,0.0,0.0,0.0,0.0
2023-06-01 19:24:41.977238,0.0,0.0,0.0,0.0
2023-06-01 19:24:41.986848,0.0,0.0,0.0,0.0
2023-06-01 19:24:41.996736,0.0,0.0,0.0,0.0
2023-06-01 19:24:42.006782,0.0,0.0,0.0,0.0
2023-06-01 19:24:42.017284,0.0,0.0,0.0,0.0
2023-06-01 19:24:42.027478,0.0,0.0,0.0,0.0
2023-06-01 19:24:42.037961,0.0,0.0,0.0,0.0
2023-06-01 19:24:42.047660,0.0,0.0,0.0,0.0
2023-06-01 19:24:42.057307,0.0,0.0,0.0,0.0
2023-06-01 19:24:42.067240,0.0,0.0,0.0,0.0
2023-06-01 19:24:42.077142,0.0,0.0,0.0,0.0
2023-06-01 19:24:42.087310,0.0,0.0,0.0,0.0
2023-06-01 19:24:42.097390,0.0,0.0,0.0,0.0
2023-06-01 19:24:42.107131,0.0,0.0,0.0,0.0
2023-06-01 19:24:42.117922,0.0,0.0,0.0,0.0
2023-06-01 19:24:42.128518,0.0,0.0,0.0,0.0
2023-06-01 19:24:42.137411,0.0,0.0,0.0,0.0
2023-06-01 19:24:42.147878,0.0,0.0,0.0,0.0
2023-06-01 19:24:42.159801,0.0,0.0,0.0,0.0
2023-06-01 19:24:42.167752,0.0,0.0,0.0,0.0
2023-06-01 19:24:42.176869,0.0,0.0,0.0,0.0
2023-06-01 19:24:42.186684,0.0,0.0,0.0,0.0
2023-06-01 19:24:42.197125,0.0,0.0,0.0,0.0
2023-06-01 19:24:42.206835,0.0,0.0,0.0,0.0
2023-06-01 19:24:42.217388,0.0,0.0,0.0,0.0
2023-06-01 19:24:42.227021,0.0,0.0,0.0,0.0
2023-06-01 19:24:42.237126,0.0,0.0,0.0,0.0
2023-06-01 19:24:42.247728,0.0,0.0,0.0,0.0
2023-06-01 19:24:42.257360,0.0,0.0,0.0,0.0
2023-06-01 19:24:42.269931,0.0,0.0,0.0,0.0
2023-06-01 19:24:42.280670,0.0,0.0,0.0,0.0
2023-06-01 19:24:42.286849,0.0,0.0,0.0,0.0
2023-06-01 19:24:42.297323,0.0,0.0,0.0,0.0
2023-06-01 19:24:42.312127,0.0,0.0,0.0,0.0
2023-06-01 19:24:42.321272,0.0,0.0,0.0,0.0
2023-06-01 19:24:42.331647,0.0,0.0,0.0,0.0
2023-06-01 19:24:42.340059,0.0,0.0,0.0,0.0
2023-06-01 19:24:42.349631,0.0,0.0,0.0,0.0
2023-06-01 19:24:42.358592,0.0,0.0,0.0,0.0
2023-06-01 19:24:42.374847,0.0,0.0,0.0,0.0
2023-06-01 19:24:42.380723,0.0,0.0,0.0,0.0
2023-06-01 19:24:42.387014,0.0,0.0,0.0,0.0
2023-06-01 19:24:42.400815,0.0,0.0,0.0,0.0
2023-06-01 19:24:42.413123,0.0,0.0,0.0,0.0
2023-06-01 19:24:42.426496,0.0,0.0,0.0,0.0
2023-06-01 19:24:42.433389,0.0,0.0,0.0,0.0
2023-06-01 19:24:42.440673,0.0,0.0,0.0,0.0
2023-06-01 19:24:42.447974,0.0,0.0,0.0,0.0
2023-06-01 19:24:42.461894,0.0,0.0,0.0,0.0
2023-06-01 19:24:42.467864,0.0,0.0,0.0,0.0
2023-06-01 19:24:42.477466,0.0,0.0,0.0,0.0
2023-06-01 19:24:42.488370,0.0,0.0,0.0,0.0
2023-06-01 19:24:42.497970,0.0,0.0,0.0,0.0
2023-06-01 19:24:42.510240,0.0,0.0,0.0,0.0
2023-06-01 19:24:42.519030,0.0,0.0,0.0,0.0
2023-06-01 19:24:42.538027,0.0,0.0,0.0,0.0
2023-06-01 19:24:42.547244,0.0,0.0,0.0,0.0
2023-06-01 19:24:42.555553,0.0,0.0,0.0,0.0
2023-06-01 19:24:42.564704,0.0,0.0,0.0,0.0
2023-06-01 19:24:42.575118,0.0,0.0,0.0,0.0
2023-06-01 19:24:42.583451,0.0,0.0,0.0,0.0
2023-06-01 19:24:42.594929,0.0,0.0,0.0,0.0
2023-06-01 19:24:42.603148,0.0,0.0,0.0,0.0
2023-06-01 19:24:42.611296,0.0,0.0,0.0,0.0
2023-06-01 19:24:42.620726,0.0,0.0,0.0,0.0
2023-06-01 19:24:42.632477,0.0,0.0,0.0,0.0
2023-06-01 19:24:42.641591,0.0,0.0,0.0,0.0
2023-06-01 19:24:42.651095,0.0,0.0,0.0,0.0
2023-06-01 19:24:42.660995,0.0,0.0,0.0,0.0
2023-06-01 19:24:42.669087,0.0,0.0,0.0,0.0
2023-06-01 19:24:42.678294,0.0,0.0,0.0,0.0
2023-06-01 19:24:42.689141,0.0,0.0,0.0,0.0
2023-06-01 19:24:42.699660,0.0,0.0,0.0,0.0
2023-06-01 19:24:42.706667,0.0,0.0,0.0,0.0
2023-06-01 19:24:42.717125,0.0,0.0,0.0,0.0
2023-06-01 19:24:42.727431,0.0,0.0,0.0,0.0
2023-06-01 19:24:42.736945,0.0,0.0,0.0,0.0
2023-06-01 19:24:42.748479,0.0,0.0,0.0,0.0
2023-06-01 19:24:42.757133,0.0,0.0,0.0,0.0
2023-06-01 19:24:42.767051,0.0,0.0,0.0,0.0
2023-06-01 19:24:42.780482,0.0,0.0,0.0,0.0
2023-06-01 19:24:42.787069,0.0,0.0,0.0,0.0
2023-06-01 19:24:42.796961,0.0,0.0,0.0,0.0
2023-06-01 19:24:42.806980,0.0,0.0,0.0,0.0
2023-06-01 19:24:42.817749,0.0,0.0,0.0,0.0
2023-06-01 19:24:42.828041,0.0,0.0,0.0,0.0
2023-06-01 19:24:42.837609,0.0,0.0,0.0,0.0
2023-06-01 19:24:42.863300,0.0,0.0,0.0,0.0
2023-06-01 19:24:42.871681,0.0,0.0,0.0,0.0
2023-06-01 19:24:42.877949,0.0,0.0,0.0,0.0
2023-06-01 19:24:42.886655,0.0,0.0,0.0,0.0
2023-06-01 19:24:42.896833,0.0,0.0,0.0,0.0
2023-06-01 19:24:42.908663,0.0,0.0,0.0,0.0
2023-06-01 19:24:42.919708,0.0,0.0,0.0,0.0
2023-06-01 19:24:42.939772,0.0,0.0,0.0,0.0
2023-06-01 19:24:42.957413,0.0,0.0,0.0,0.0
2023-06-01 19:24:42.963268,0.0,0.0,0.0,0.0
2023-06-01 19:24:42.969190,0.0,0.0,0.0,0.0
2023-06-01 19:24:42.976766,0.0,0.0,0.0,0.0
2023-06-01 19:24:42.986565,0.0,0.0,0.0,0.0
2023-06-01 19:24:42.996783,0.0,0.0,0.0,0.0
2023-06-01 19:24:43.006697,0.0,0.0,0.0,0.0
2023-06-01 19:24:43.017110,0.0,0.0,0.0,0.0
2023-06-01 19:24:43.027536,0.0,0.0,0.0,0.0
2023-06-01 19:24:43.037323,0.0,0.0,0.0,0.0
2023-06-01 19:24:43.061142,0.0,0.0,0.0,0.0
2023-06-01 19:24:43.071683,0.0,0.0,0.0,0.0
2023-06-01 19:24:43.081033,0.0,0.0,0.0,0.0
2023-06-01 19:24:43.089890,0.0,0.0,0.0,0.0
2023-06-01 19:24:43.099569,0.0,0.0,0.0,0.0
2023-06-01 19:24:43.108208,0.0,0.0,0.0,0.0
2023-06-01 19:24:43.129112,0.0,0.0,0.0,0.0
2023-06-01 19:24:43.135819,0.0,0.0,0.0,0.0
2023-06-01 19:24:43.149411,0.0,0.0,0.0,0.0
2023-06-01 19:24:43.159901,0.0,0.0,0.0,0.0
2023-06-01 19:24:43.167273,0.0,0.0,0.0,0.0
2023-06-01 19:24:43.177683,0.0,0.0,0.0,0.0
2023-06-01 19:24:43.187250,0.0,0.0,0.0,0.0
2023-06-01 19:24:43.197323,0.0,0.0,0.0,0.0
2023-06-01 19:24:43.208765,0.0,0.0,0.0,0.0
2023-06-01 19:24:43.218178,0.0,0.0,0.0,0.0
2023-06-01 19:24:43.235927,0.0,0.0,0.0,0.0
2023-06-01 19:24:43.256062,0.0,0.0,0.0,0.0
2023-06-01 19:24:43.265496,0.0,0.0,0.0,0.0
2023-06-01 19:24:43.271395,0.0,0.0,0.0,0.0
2023-06-01 19:24:43.277038,0.0,0.0,0.0,0.0
2023-06-01 19:24:43.286622,0.0,0.0,0.0,0.0
2023-06-01 19:24:43.296756,0.0,0.0,0.0,0.0
2023-06-01 19:24:43.306703,0.0,0.0,0.0,0.0
2023-06-01 19:24:43.318058,0.0,0.0,0.0,0.0
2023-06-01 19:24:43.327733,0.0,0.0,0.0,0.0
2023-06-01 19:24:43.342845,0.0,0.0,0.0,0.0
2023-06-01 19:24:43.350657,0.0,0.0,0.0,0.0
2023-06-01 19:24:43.357674,0.0,0.0,0.0,0.0
2023-06-01 19:24:43.367514,0.0,0.0,0.0,0.0
2023-06-01 19:24:43.378258,0.0,0.0,0.0,0.0
2023-06-01 19:24:43.387434,0.0,0.0,0.0,0.0
2023-06-01 19:24:43.396878,0.0,0.0,0.0,0.0
2023-06-01 19:24:43.406578,0.0,0.0,0.0,0.0
2023-06-01 19:24:43.418866,0.0,0.0,0.0,0.0
2023-06-01 19:24:43.429108,0.0,0.0,0.0,0.0
2023-06-01 19:24:43.439004,0.0,0.0,0.0,0.0
2023-06-01 19:24:43.448301,0.0,0.0,0.0,0.0
2023-06-01 19:24:43.463050,0.0,0.0,0.0,0.0
2023-06-01 19:24:43.470921,0.0,0.0,0.0,0.0
2023-06-01 19:24:43.479122,0.0,0.0,0.0,0.0
2023-06-01 19:24:43.487226,0.0,0.0,0.0,0.0
2023-06-01 19:24:43.497100,0.0,0.0,0.0,0.0
2023-06-01 19:24:43.506919,0.0,0.0,0.0,0.0
2023-06-01 19:24:43.517230,0.0,0.0,0.0,0.0
2023-06-01 19:24:43.533397,0.0,0.0,0.0,0.0
2023-06-01 19:24:43.558796,0.0,0.0,0.0,0.0
2023-06-01 19:24:43.569134,0.0,0.0,0.0,0.0
2023-06-01 19:24:43.580896,0.0,0.0,0.0,0.0
2023-06-01 19:24:43.590592,0.0,0.0,0.0,0.0
2023-06-01 19:24:43.599068,0.0,0.0,0.0,0.0
2023-06-01 19:24:43.608512,0.0,0.0,0.0,0.0
2023-06-01 19:24:43.618854,0.0,0.0,0.0,0.0
2023-06-01 19:24:43.630051,0.0,0.0,0.0,0.0
2023-06-01 19:24:43.639511,0.0,0.0,0.0,0.0
2023-06-01 19:24:43.648674,0.0,0.0,0.0,0.0
2023-06-01 19:24:43.660462,0.0,0.0,0.0,0.0
2023-06-01 19:24:43.670780,0.0,0.0,0.0,0.0
2023-06-01 19:24:43.679504,0.0,0.0,0.0,0.0
2023-06-01 19:24:43.694100,0.0,0.0,0.0,0.0
2023-06-01 19:24:43.702369,0.0,0.0,0.0,0.0
2023-06-01 19:24:43.710673,0.0,0.0,0.0,0.0
2023-06-01 19:24:43.720282,0.0,0.0,0.0,0.0
2023-06-01 19:24:43.728189,0.0,0.0,0.0,0.0
2023-06-01 19:24:43.745423,0.0,0.0,0.0,0.0
2023-06-01 19:24:43.757519,0.0,0.0,0.0,0.0
2023-06-01 19:24:43.765603,0.0,0.0,0.0,0.0
2023-06-01 19:24:43.773709,0.0,0.0,0.0,0.0
2023-06-01 19:24:43.782847,0.0,0.0,0.0,0.0
2023-06-01 19:24:43.791446,0.0,0.0,0.0,0.0
2023-06-01 19:24:43.799710,0.0,0.0,0.0,0.0
2023-06-01 19:24:43.810353,0.0,0.0,0.0,0.0
2023-06-01 19:24:43.819019,0.0,0.0,0.0,0.0
2023-06-01 19:24:43.839644,0.0,0.0,0.0,0.0
2023-06-01 19:24:43.848934,0.0,0.0,0.0,0.0
2023-06-01 19:24:43.864495,0.0,0.0,0.0,0.0
2023-06-01 19:24:43.872914,0.0,0.0,0.0,0.0
2023-06-01 19:24:43.882982,0.0,0.0,0.0,0.0
2023-06-01 19:24:43.891590,0.0,0.0,0.0,0.0
2023-06-01 19:24:43.899924,0.0,0.0,0.0,0.0
2023-06-01 19:24:43.908867,0.0,0.0,0.0,0.0
2023-06-01 19:24:43.928047,0.0,0.0,0.0,0.0
2023-06-01 19:24:43.948568,0.0,0.0,0.0,0.0
2023-06-01 19:24:43.971296,0.0,0.0,0.0,0.0
2023-06-01 19:24:43.983365,0.0,0.0,0.0,0.0
2023-06-01 19:24:43.991905,0.0,0.0,0.0,0.0
2023-06-01 19:24:44.000765,0.0,0.0,0.0,0.0
2023-06-01 19:24:44.012841,0.0,0.0,0.0,0.0
2023-06-01 19:24:44.022684,0.0,0.0,0.0,0.0
2023-06-01 19:24:44.045889,0.0,0.0,0.0,0.0
2023-06-01 19:24:44.055605,0.0,0.0,0.0,0.0
2023-06-01 19:24:44.066147,0.0,0.0,0.0,0.0
2023-06-01 19:24:44.075778,0.0,0.0,0.0,0.0
2023-06-01 19:24:44.084784,0.0,0.0,0.0,0.0
2023-06-01 19:24:44.093958,0.0,0.0,0.0,0.0
2023-06-01 19:24:44.102500,0.0,0.0,0.0,0.0
2023-06-01 19:24:44.111863,0.0,0.0,0.0,0.0
2023-06-01 19:24:44.121641,0.0,0.0,0.0,0.0
2023-06-01 19:24:44.136564,0.0,0.0,0.0,0.0
2023-06-01 19:24:44.152972,0.0,0.0,0.0,0.0
2023-06-01 19:24:44.166779,0.0,0.0,0.0,0.0
2023-06-01 19:24:44.176200,0.0,0.0,0.0,0.0
2023-06-01 19:24:44.184968,0.0,0.0,0.0,0.0
2023-06-01 19:24:44.198502,0.0,0.0,0.0,0.0
2023-06-01 19:24:44.206905,0.0,0.0,0.0,0.0
2023-06-01 19:24:44.215803,0.0,0.0,0.0,0.0
2023-06-01 19:24:44.225395,0.0,0.0,0.0,0.0
2023-06-01 19:24:44.234677,0.0,0.0,0.0,0.0
2023-06-01 19:24:44.243290,0.0,0.0,0.0,0.0
2023-06-01 19:24:44.254039,0.0,0.0,0.0,0.0
2023-06-01 19:24:44.262952,0.0,0.0,0.0,0.0
2023-06-01 19:24:44.280532,0.0,0.0,0.0,0.0
2023-06-01 19:24:44.292423,0.0,0.0,0.0,0.0
2023-06-01 19:24:44.302685,0.0,0.0,0.0,0.0
2023-06-01 19:24:44.311045,0.0,0.0,0.0,0.0
2023-06-01 19:24:44.322160,0.0,0.0,0.0,0.0
2023-06-01 19:24:44.331861,0.0,0.0,0.0,0.0
2023-06-01 19:24:44.340076,0.0,0.0,0.0,0.0
2023-06-01 19:24:44.348298,0.0,0.0,0.0,0.0
2023-06-01 19:24:44.360594,0.0,0.0,0.0,0.0
2023-06-01 19:24:44.369568,0.0,0.0,0.0,0.0
2023-06-01 19:24:44.387952,0.0,0.0,0.0,0.0
2023-06-01 19:24:44.396232,0.0,0.0,0.0,0.0
2023-06-01 19:24:44.404368,0.0,0.0,0.0,0.0
2023-06-01 19:24:44.412654,0.0,0.0,0.0,0.0
2023-06-01 19:24:44.422319,0.0,0.0,0.0,0.0
2023-06-01 19:24:44.432118,0.0,0.0,0.0,0.0
2023-06-01 19:24:44.443829,0.0,0.0,0.0,0.0
2023-06-01 19:24:44.452349,0.0,0.0,0.0,0.0
2023-06-01 19:24:44.460436,0.0,0.0,0.0,0.0
2023-06-01 19:24:44.469722,0.0,0.0,0.0,0.0
2023-06-01 19:24:44.478119,0.0,0.0,0.0,0.0
2023-06-01 19:24:44.490499,0.0,0.0,0.0,0.0
2023-06-01 19:24:44.500670,0.0,0.0,0.0,0.0
2023-06-01 19:24:44.506699,0.0,0.0,0.0,0.0
2023-06-01 19:24:44.517181,0.0,0.0,0.0,0.0
2023-06-01 19:24:44.530048,0.0,0.0,0.0,0.0
2023-06-01 19:24:44.551923,0.0,0.0,0.0,0.0
2023-06-01 19:24:44.572230,0.0,0.0,0.0,0.0
2023-06-01 19:24:44.580732,0.0,0.0,0.0,0.0
2023-06-01 19:24:44.589397,0.0,0.0,0.0,0.0
2023-06-01 19:24:44.598404,0.0,0.0,0.0,0.0
2023-06-01 19:24:44.608273,0.0,0.0,0.0,0.0
2023-06-01 19:24:44.630292,0.0,0.0,0.0,0.0
2023-06-01 19:24:44.636332,0.0,0.0,0.0,0.0
2023-06-01 19:24:44.642191,0.0,0.0,0.0,0.0
2023-06-01 19:24:44.648735,0.0,0.0,0.0,0.0
2023-06-01 19:24:44.656956,0.0,0.0,0.0,0.0
2023-06-01 19:24:44.667038,0.0,0.0,0.0,0.0
2023-06-01 19:24:44.677151,0.0,0.0,0.0,0.0
2023-06-01 19:24:44.687659,0.0,0.0,0.0,0.0
2023-06-01 19:24:44.696860,0.0,0.0,0.0,0.0
2023-06-01 19:24:44.707125,0.0,0.0,0.0,0.0
2023-06-01 19:24:44.717360,0.0,0.0,0.0,0.0
2023-06-01 19:24:44.727307,0.0,0.0,0.0,0.0
2023-06-01 19:24:44.737419,0.0,0.0,0.0,0.0
2023-06-01 19:24:44.747775,0.0,0.0,0.0,0.0
2023-06-01 19:24:44.757423,0.0,0.0,0.0,0.0
2023-06-01 19:24:44.767165,0.0,0.0,0.0,0.0
2023-06-01 19:24:44.777439,0.0,0.0,0.0,0.0
2023-06-01 19:24:44.787281,0.0,0.0,0.0,0.0
2023-06-01 19:24:44.796831,0.0,0.0,0.0,0.0
2023-06-01 19:24:44.806755,0.0,0.0,0.0,0.0
2023-06-01 19:24:44.817625,0.0,0.0,0.0,0.0
2023-06-01 19:24:44.828540,0.0,0.0,0.0,0.0
2023-06-01 19:24:44.837865,0.0,0.0,0.0,0.0
2023-06-01 19:24:44.847479,0.0,0.0,0.0,0.0
2023-06-01 19:24:44.857736,0.0,0.0,0.0,0.0
2023-06-01 19:24:44.869688,0.0,0.0,0.0,0.0
2023-06-01 19:24:44.877652,0.0,0.0,0.0,0.0
2023-06-01 19:24:44.887713,0.0,0.0,0.0,0.0
2023-06-01 19:24:44.896940,0.0,0.0,0.0,0.0
2023-06-01 19:24:44.906672,0.0,0.0,0.0,0.0
2023-06-01 19:24:44.917756,0.0,0.0,0.0,0.0
2023-06-01 19:24:44.929004,0.0,0.0,0.0,0.0
2023-06-01 19:24:44.938008,0.0,0.0,0.0,0.0
2023-06-01 19:24:44.948220,0.0,0.0,0.0,0.0
2023-06-01 19:24:44.958165,0.0,0.0,0.0,0.0
2023-06-01 19:24:44.969112,0.0,0.0,0.0,0.0
2023-06-01 19:24:44.979552,0.0,0.0,0.0,0.0
2023-06-01 19:24:44.989980,0.0,0.0,0.0,0.0
2023-06-01 19:24:44.996789,0.0,0.0,0.0,0.0
2023-06-01 19:24:45.007107,0.0,0.0,0.0,0.0
2023-06-01 19:24:45.017504,0.0,0.0,0.0,0.0
2023-06-01 19:24:45.027465,0.0,0.0,0.0,0.0
2023-06-01 19:24:45.038072,0.0,0.0,0.0,0.0
2023-06-01 19:24:45.048219,0.0,0.0,0.0,0.0
2023-06-01 19:24:45.057835,0.0,0.0,0.0,0.0
2023-06-01 19:24:45.069052,0.0,0.0,0.0,0.0
2023-06-01 19:24:45.077294,0.0,0.0,0.0,0.0
2023-06-01 19:24:45.087112,0.0,0.0,0.0,0.0
2023-06-01 19:24:45.096899,0.0,0.0,0.0,0.0
2023-06-01 19:24:45.107279,0.0,0.0,0.0,0.0
2023-06-01 19:24:45.117601,0.0,0.0,0.0,0.0
2023-06-01 19:24:45.128006,0.0,0.0,0.0,0.0
2023-06-01 19:24:45.138806,0.0,0.0,0.0,0.0
2023-06-01 19:24:45.162513,0.0,0.0,0.0,0.0
2023-06-01 19:24:45.169760,0.0,0.0,0.0,0.0
2023-06-01 19:24:45.176654,0.0,0.0,0.0,0.0
2023-06-01 19:24:45.187960,0.0,0.0,0.0,0.0
2023-06-01 19:24:45.198795,0.0,0.0,0.0,0.0
2023-06-01 19:24:45.209113,0.0,0.0,0.0,0.0
2023-06-01 19:24:45.223308,0.0,0.0,0.0,0.0
2023-06-01 19:24:45.230378,0.0,0.0,0.0,0.0
2023-06-01 19:24:45.236652,0.0,0.0,0.0,0.0
2023-06-01 19:24:45.249235,0.0,0.0,0.0,0.0
2023-06-01 19:24:45.259140,0.0,0.0,0.0,0.0
2023-06-01 19:24:45.272241,0.0,0.0,0.0,0.0
2023-06-01 19:24:45.280248,0.0,0.0,0.0,0.0
2023-06-01 19:24:45.286826,0.0,0.0,0.0,0.0
2023-06-01 19:24:45.296965,0.0,0.0,0.0,0.0
2023-06-01 19:24:45.307929,0.0,0.0,0.0,0.0
2023-06-01 19:24:45.325398,0.0,0.0,0.0,0.0
2023-06-01 19:24:45.339949,0.0,0.0,0.0,0.0
2023-06-01 19:24:45.349112,0.0,0.0,0.0,0.0
2023-06-01 19:24:45.357699,0.0,0.0,0.0,0.0
2023-06-01 19:24:45.366751,0.0,0.0,0.0,0.0
2023-06-01 19:24:45.377504,0.0,0.0,0.0,0.0
2023-06-01 19:24:45.387547,0.0,0.0,0.0,0.0
2023-06-01 19:24:45.396990,0.0,0.0,0.0,0.0
2023-06-01 19:24:45.406845,0.0,0.0,0.0,0.0
2023-06-01 19:24:45.418021,0.0,0.0,0.0,0.0
2023-06-01 19:24:45.428222,0.0,0.0,0.0,0.0
2023-06-01 19:24:45.438798,0.0,0.0,0.0,0.0
2023-06-01 19:24:45.451158,0.0,0.0,0.0,0.0
2023-06-01 19:24:45.462208,0.0,0.0,0.0,0.0
2023-06-01 19:24:45.468952,0.0,0.0,0.0,0.0
2023-06-01 19:24:45.479890,0.0,0.0,0.0,0.0
2023-06-01 19:24:45.487311,0.0,0.0,0.0,0.0
2023-06-01 19:24:45.496869,0.0,0.0,0.0,0.0
2023-06-01 19:24:45.511289,0.0,0.0,0.0,0.0
2023-06-01 19:24:45.525493,0.0,0.0,0.0,0.0
2023-06-01 19:24:45.544942,0.0,0.0,0.0,0.0
2023-06-01 19:24:45.565016,0.0,0.0,0.0,0.0
2023-06-01 19:24:45.584062,0.0,0.0,0.0,0.0
2023-06-01 19:24:45.600982,0.0,0.0,0.0,0.0
2023-06-01 19:24:45.609847,0.0,0.0,0.0,0.0
2023-06-01 19:24:45.618606,0.0,0.0,0.0,0.0
2023-06-01 19:24:45.632428,0.0,0.0,0.0,0.0
2023-06-01 19:24:45.641010,0.0,0.0,0.0,0.0
2023-06-01 19:24:45.649736,0.0,0.0,0.0,0.0
2023-06-01 19:24:45.658575,0.0,0.0,0.0,0.0
2023-06-01 19:24:45.672501,0.0,0.0,0.0,0.0
2023-06-01 19:24:45.681016,0.0,0.0,0.0,0.0
2023-06-01 19:24:45.690223,0.0,0.0,0.0,0.0
2023-06-01 19:24:45.698091,0.0,0.0,0.0,0.0
2023-06-01 19:24:45.708302,0.0,0.0,0.0,0.0
2023-06-01 19:24:45.718406,0.0,0.0,0.0,0.0
2023-06-01 19:24:45.728538,0.0,0.0,0.0,0.0
2023-06-01 19:24:45.753579,0.0,0.0,0.0,0.0
2023-06-01 19:24:45.763051,0.0,0.0,0.0,0.0
2023-06-01 19:24:45.771927,0.0,0.0,0.0,0.0
2023-06-01 19:24:45.781196,0.0,0.0,0.0,0.0
2023-06-01 19:24:45.790952,0.0,0.0,0.0,0.0
2023-06-01 19:24:45.799739,0.0,0.0,0.0,0.0
2023-06-01 19:24:45.808418,0.0,0.0,0.0,0.0
2023-06-01 19:24:45.825217,0.0,0.0,0.0,0.0
2023-06-01 19:24:45.834360,0.0,0.0,0.0,0.0
2023-06-01 19:24:45.854168,0.0,0.0,0.0,0.0
2023-06-01 19:24:45.860990,0.0,0.0,0.0,0.0
2023-06-01 19:24:45.867239,0.0,0.0,0.0,0.0
2023-06-01 19:24:45.876762,0.0,0.0,0.0,0.0
2023-06-01 19:24:45.888378,0.0,0.0,0.0,0.0
2023-06-01 19:24:45.896583,0.0,0.0,0.0,0.0
2023-06-01 19:24:45.906658,0.0,0.0,0.0,0.0
2023-06-01 19:24:45.916857,0.0,0.0,0.0,0.0
2023-06-01 19:24:45.927092,0.0,0.0,0.0,0.0
2023-06-01 19:24:45.937471,0.0,0.0,0.0,0.0
2023-06-01 19:24:45.946953,0.0,0.0,0.0,0.0
2023-06-01 19:24:45.957297,0.0,0.0,0.0,0.0
2023-06-01 19:24:45.967169,0.0,0.0,0.0,0.0
2023-06-01 19:24:45.977144,0.0,0.0,0.0,0.0
2023-06-01 19:24:45.986912,0.0,0.0,0.0,0.0
2023-06-01 19:24:45.996467,0.0,0.0,0.0,0.0
2023-06-01 19:24:46.006995,0.0,0.0,0.0,0.0
2023-06-01 19:24:46.017914,0.0,0.0,0.0,0.0
2023-06-01 19:24:46.026906,0.0,0.0,0.0,0.0
2023-06-01 19:24:46.038922,0.0,0.0,0.0,0.0
2023-06-01 19:24:46.050438,0.0,0.0,0.0,0.0
2023-06-01 19:24:46.062494,0.0,0.0,0.0,0.0
2023-06-01 19:24:46.068660,0.0,0.0,0.0,0.0
2023-06-01 19:24:46.077276,0.0,0.0,0.0,0.0
2023-06-01 19:24:46.086643,0.0,0.0,0.0,0.0
2023-06-01 19:24:46.097039,0.0,0.0,0.0,0.0
2023-06-01 19:24:46.107725,0.0,0.0,0.0,0.0
2023-06-01 19:24:46.117326,0.0,0.0,0.0,0.0
2023-06-01 19:24:46.127893,0.0,0.0,0.0,0.0
2023-06-01 19:24:46.137690,0.0,0.0,0.0,0.0
2023-06-01 19:24:46.151704,0.0,0.0,0.0,0.0
2023-06-01 19:24:46.158016,0.0,0.0,0.0,0.0
2023-06-01 19:24:46.167033,0.0,0.0,0.0,0.0
2023-06-01 19:24:46.176585,0.0,0.0,0.0,0.0
2023-06-01 19:24:46.188465,0.0,0.0,0.0,0.0
2023-06-01 19:24:46.196640,0.0,0.0,0.0,0.0
2023-06-01 19:24:46.206658,0.0,0.0,0.0,0.0
2023-06-01 19:24:46.217059,0.0,0.0,0.0,0.0
2023-06-01 19:24:46.227318,0.0,0.0,0.0,0.0
2023-06-01 19:24:46.237232,0.0,0.0,0.0,0.0
2023-06-01 19:24:46.247979,0.0,0.0,0.0,0.0
2023-06-01 19:24:46.257337,0.0,0.0,0.0,0.0
2023-06-01 19:24:46.267515,0.0,0.0,0.0,0.0
2023-06-01 19:24:46.277168,0.0,0.0,0.0,0.0
2023-06-01 19:24:46.286952,0.0,0.0,0.0,0.0
2023-06-01 19:24:46.296709,0.0,0.0,0.0,0.0
2023-06-01 19:24:46.306927,0.0,0.0,0.0,0.0
2023-06-01 19:24:46.317480,0.0,0.0,0.0,0.0
2023-06-01 19:24:46.327780,0.0,0.0,0.0,0.0
2023-06-01 19:24:46.337232,0.0,0.0,0.0,0.0
2023-06-01 19:24:46.349152,0.0,0.0,0.0,0.0
2023-06-01 19:24:46.357415,0.0,0.0,0.0,0.0
2023-06-01 19:24:46.368012,0.0,0.0,0.0,0.0
2023-06-01 19:24:46.383550,0.0,0.0,0.0,0.0
2023-06-01 19:24:46.392330,0.0,0.0,0.0,0.0
2023-06-01 19:24:46.401042,0.0,0.0,0.0,0.0
2023-06-01 19:24:46.409408,0.0,0.0,0.0,0.0
2023-06-01 19:24:46.419110,0.0,0.0,0.0,0.0
2023-06-01 19:24:46.434149,0.0,0.0,0.0,0.0
2023-06-01 19:24:46.456074,0.0,0.0,0.0,0.0
2023-06-01 19:24:46.463394,0.0,0.0,0.0,0.0
2023-06-01 19:24:46.469526,0.0,0.0,0.0,0.0
2023-06-01 19:24:46.476445,0.0,0.0,0.0,0.0
2023-06-01 19:24:46.486653,0.0,0.0,0.0,0.0
2023-06-01 19:24:46.498220,0.0,0.0,0.0,0.0
2023-06-01 19:24:46.506723,0.0,0.0,0.0,0.0
2023-06-01 19:24:46.516673,0.0,0.0,0.0,0.0
2023-06-01 19:24:46.527454,0.0,0.0,0.0,0.0
2023-06-01 19:24:46.537336,0.0,0.0,0.0,0.0
2023-06-01 19:24:46.548008,0.0,0.0,0.0,0.0
2023-06-01 19:24:46.559746,0.0,0.0,0.0,0.0
2023-06-01 19:24:46.566890,0.0,0.0,0.0,0.0
2023-06-01 19:24:46.580165,0.0,0.0,0.0,0.0
2023-06-01 19:24:46.586602,0.0,0.0,0.0,0.0
2023-06-01 19:24:46.596701,0.0,0.0,0.0,0.0
2023-06-01 19:24:46.606868,0.0,0.0,0.0,0.0
2023-06-01 19:24:46.616700,0.0,0.0,0.0,0.0
2023-06-01 19:24:46.627990,0.0,0.0,0.0,0.0
2023-06-01 19:24:46.638048,0.0,0.0,0.0,0.0
2023-06-01 19:24:46.647859,0.0,0.0,0.0,0.0
2023-06-01 19:24:46.657745,0.0,0.0,0.0,0.0
2023-06-01 19:24:46.668098,0.0,0.0,0.0,0.0
2023-06-01 19:24:46.676789,0.0,0.0,0.0,0.0
2023-06-01 19:24:46.688976,0.0,0.0,0.0,0.0
2023-06-01 19:24:46.699579,0.0,0.0,0.0,0.0
2023-06-01 19:24:46.710248,0.0,0.0,0.0,0.0
2023-06-01 19:24:46.721050,0.0,0.0,0.0,0.0
2023-06-01 19:24:46.727251,0.0,0.0,0.0,0.0
2023-06-01 19:24:46.737690,0.0,0.0,0.0,0.0
2023-06-01 19:24:46.747211,0.0,0.0,0.0,0.0
2023-06-01 19:24:46.757578,0.0,0.0,0.0,0.0
2023-06-01 19:24:46.767128,0.0,0.0,0.0,0.0
2023-06-01 19:24:46.778613,0.0,0.0,0.0,0.0
2023-06-01 19:24:46.786546,0.0,0.0,0.0,0.0
2023-06-01 19:24:46.800547,0.0,0.0,0.0,0.0
2023-06-01 19:24:46.812776,0.0,0.0,0.0,0.0
2023-06-01 19:24:46.819089,0.0,0.0,0.0,0.0
2023-06-01 19:24:46.827409,0.0,0.0,0.0,0.0
2023-06-01 19:24:46.838709,0.0,0.0,0.0,0.0
2023-06-01 19:24:46.847843,0.0,0.0,0.0,0.0
2023-06-01 19:24:46.857393,0.0,0.0,0.0,0.0
2023-06-01 19:24:46.866995,0.0,0.0,0.0,0.0
2023-06-01 19:24:46.877081,0.0,0.0,0.0,0.0
2023-06-01 19:24:46.887174,0.0,0.0,0.0,0.0
2023-06-01 19:24:46.896880,0.0,0.0,0.0,0.0
2023-06-01 19:24:46.906872,0.0,0.0,0.0,0.0
2023-06-01 19:24:46.917440,0.0,0.0,0.0,0.0
2023-06-01 19:24:46.929477,0.0,0.0,0.0,0.0
2023-06-01 19:24:46.940408,0.0,0.0,0.0,0.0
2023-06-01 19:24:46.947833,0.0,0.0,0.0,0.0
2023-06-01 19:24:46.961301,0.0,0.0,0.0,0.0
2023-06-01 19:24:46.967989,0.0,0.0,0.0,0.0
2023-06-01 19:24:46.976701,0.0,0.0,0.0,0.0
2023-06-01 19:24:46.986807,0.0,0.0,0.0,0.0
2023-06-01 19:24:46.996688,0.0,0.0,0.0,0.0
2023-06-01 19:24:47.007044,0.0,0.0,0.0,0.0
2023-06-01 19:24:47.017140,0.0,0.0,0.0,0.0
2023-06-01 19:24:47.027577,0.0,0.0,0.0,0.0
2023-06-01 19:24:47.037403,0.0,0.0,0.0,0.0
2023-06-01 19:24:47.050366,0.0,0.0,0.0,0.0
2023-06-01 19:24:47.057601,0.0,0.0,0.0,0.0
2023-06-01 19:24:47.067248,0.0,0.0,0.0,0.0
2023-06-01 19:24:47.077254,0.0,0.0,0.0,0.0
2023-06-01 19:24:47.087064,0.0,0.0,0.0,0.0
2023-06-01 19:24:47.096784,0.0,0.0,0.0,0.0
2023-06-01 19:24:47.106708,0.0,0.0,0.0,0.0
2023-06-01 19:24:47.117576,0.0,0.0,0.0,0.0
2023-06-01 19:24:47.128444,0.0,0.0,0.0,0.0
2023-06-01 19:24:47.138922,0.0,0.0,0.0,0.0
2023-06-01 19:24:47.148283,0.0,0.0,0.0,0.0
2023-06-01 19:24:47.157067,0.0,0.0,0.0,0.0
2023-06-01 19:24:47.168486,0.0,0.0,0.0,0.0
2023-06-01 19:24:47.177124,0.0,0.0,0.0,0.0
2023-06-01 19:24:47.193422,0.0,0.0,0.0,0.0
2023-06-01 19:24:47.200434,0.0,0.0,0.0,0.0
2023-06-01 19:24:47.206644,0.0,0.0,0.0,0.0
2023-06-01 19:24:47.216956,0.0,0.0,0.0,0.0
2023-06-01 19:24:47.228429,0.0,0.0,0.0,0.0
2023-06-01 19:24:47.236610,0.0,0.0,0.0,0.0
2023-06-01 19:24:47.248841,0.0,0.0,0.0,0.0
2023-06-01 19:24:47.258518,0.0,0.0,0.0,0.0
2023-06-01 19:24:47.266710,0.0,0.0,0.0,0.0
2023-06-01 19:24:47.276891,0.0,0.0,0.0,0.0
2023-06-01 19:24:47.290450,0.0,0.0,0.0,0.0
2023-06-01 19:24:47.300092,0.0,0.0,0.0,0.0
2023-06-01 19:24:47.308425,0.0,0.0,0.0,0.0
2023-06-01 19:24:47.326122,0.0,0.0,0.0,0.0
2023-06-01 19:24:47.333103,0.0,0.0,0.0,0.0
2023-06-01 19:24:47.340176,0.0,0.0,0.0,0.0
2023-06-01 19:24:47.347037,0.0,0.0,0.0,0.0
2023-06-01 19:24:47.368826,0.0,0.0,0.0,0.0
2023-06-01 19:24:47.377454,0.0,0.0,0.0,0.0
2023-06-01 19:24:47.385230,0.0,0.0,0.0,0.0
2023-06-01 19:24:47.392213,0.0,0.0,0.0,0.0
2023-06-01 19:24:47.397949,0.0,0.0,0.0,0.0
2023-06-01 19:24:47.407020,0.0,0.0,0.0,0.0
2023-06-01 19:24:47.417608,0.0,0.0,0.0,0.0
2023-06-01 19:24:47.428174,0.0,0.0,0.0,0.0
2023-06-01 19:24:47.440656,0.0,0.0,0.0,0.0
2023-06-01 19:24:47.452938,0.0,0.0,0.0,0.0
2023-06-01 19:24:47.461077,0.0,0.0,0.0,0.0
2023-06-01 19:24:47.467533,0.0,0.0,0.0,0.0
2023-06-01 19:24:47.477222,0.0,0.0,0.0,0.0
2023-06-01 19:24:47.488010,0.0,0.0,0.0,0.0
2023-06-01 19:24:47.496620,0.0,0.0,0.0,0.0
2023-06-01 19:24:47.506899,0.0,0.0,0.0,0.0
2023-06-01 19:24:47.518071,0.0,0.0,0.0,0.0
2023-06-01 19:24:47.528870,0.0,0.0,0.0,0.0
2023-06-01 19:24:47.538301,0.0,0.0,0.0,0.0
2023-06-01 19:24:47.549991,0.0,0.0,0.0,0.0
2023-06-01 19:24:47.559899,0.0,0.0,0.0,0.0
2023-06-01 19:24:47.567029,0.0,0.0,0.0,0.0
2023-06-01 19:24:47.576956,0.0,0.0,0.0,0.0
2023-06-01 19:24:47.586512,0.0,0.0,0.0,0.0
2023-06-01 19:24:47.596537,0.0,0.0,0.0,0.0
2023-06-01 19:24:47.606754,0.0,0.0,0.0,0.0
2023-06-01 19:24:47.625245,0.0,0.0,0.0,0.0
2023-06-01 19:24:47.633095,0.0,0.0,0.0,0.0
2023-06-01 19:24:47.643164,0.0,0.0,0.0,0.0
2023-06-01 19:24:47.650447,0.0,0.0,0.0,0.0
2023-06-01 19:24:47.659777,0.0,0.0,0.0,0.0
2023-06-01 19:24:47.666851,0.0,0.0,0.0,0.0
2023-06-01 19:24:47.677167,0.0,0.0,0.0,0.0
2023-06-01 19:24:47.689397,0.0,0.0,0.0,0.0
2023-06-01 19:24:47.696989,0.0,0.0,0.0,0.0
2023-06-01 19:24:47.706839,0.0,0.0,0.0,0.0
2023-06-01 19:24:47.717796,0.0,0.0,0.0,0.0
2023-06-01 19:24:47.727693,0.0,0.0,0.0,0.0
2023-06-01 19:24:47.737328,0.0,0.0,0.0,0.0
2023-06-01 19:24:47.747016,0.0,0.0,0.0,0.0
2023-06-01 19:24:47.756967,0.0,0.0,0.0,0.0
2023-06-01 19:24:47.768460,0.0,0.0,0.0,0.0
2023-06-01 19:24:47.779089,0.0,0.0,0.0,0.0
2023-06-01 19:24:47.788590,0.0,0.0,0.0,0.0
2023-06-01 19:24:47.798478,0.0,0.0,0.0,0.0
2023-06-01 19:24:47.808764,0.0,0.0,0.0,0.0
2023-06-01 19:24:47.819547,0.0,0.0,0.0,0.0
2023-06-01 19:24:47.828734,0.0,0.0,0.0,0.0
2023-06-01 19:24:47.849015,0.0,0.0,0.0,0.0
2023-06-01 19:24:47.876475,0.0,0.0,0.0,0.0
2023-06-01 19:24:47.887638,0.0,0.0,0.0,0.0
2023-06-01 19:24:47.896239,0.0,0.0,0.0,0.0
2023-06-01 19:24:47.904284,0.0,0.0,0.0,0.0
2023-06-01 19:24:47.912902,0.0,0.0,0.0,0.0
2023-06-01 19:24:47.922143,0.0,0.0,0.0,0.0
2023-06-01 19:24:47.931809,0.0,0.0,0.0,0.0
2023-06-01 19:24:47.952332,0.0,0.0,0.0,0.0
2023-06-01 19:24:47.962146,0.0,0.0,0.0,0.0
2023-06-01 19:24:47.971879,0.0,0.0,0.0,0.0
2023-06-01 19:24:47.980452,0.0,0.0,0.0,0.0
2023-06-01 19:24:47.989548,0.0,0.0,0.0,0.0
2023-06-01 19:24:48.000261,0.0,0.0,0.0,0.0
2023-06-01 19:24:48.009221,0.0,0.0,0.0,0.0
2023-06-01 19:24:48.018701,0.0,0.0,0.0,0.0
2023-06-01 19:24:48.029662,0.0,0.0,0.0,0.0
2023-06-01 19:24:48.037459,0.0,0.0,0.0,0.0
2023-06-01 19:24:48.047563,0.0,0.0,0.0,0.0
2023-06-01 19:24:48.058008,0.0,0.0,0.0,0.0
2023-06-01 19:24:48.067809,0.0,0.0,0.0,0.0
2023-06-01 19:24:48.077947,0.0,0.0,0.0,0.0
2023-06-01 19:24:48.086673,0.0,0.0,0.0,0.0
2023-06-01 19:24:48.096699,0.0,0.0,0.0,0.0
2023-06-01 19:24:48.106912,0.0,0.0,0.0,0.0
2023-06-01 19:24:48.118353,0.0,0.0,0.0,0.0
2023-06-01 19:24:48.127866,0.0,0.0,0.0,0.0
2023-06-01 19:24:48.145824,0.0,0.0,0.0,0.0
2023-06-01 19:24:48.154177,0.0,0.0,0.0,0.0
2023-06-01 19:24:48.161210,0.0,0.0,0.0,0.0
2023-06-01 19:24:48.168423,0.0,0.0,0.0,0.0
2023-06-01 19:24:48.178560,0.0,0.0,0.0,0.0
2023-06-01 19:24:48.186944,0.0,0.0,0.0,0.0
2023-06-01 19:24:48.200949,0.0,0.0,0.0,0.0
2023-06-01 19:24:48.209590,0.0,0.0,0.0,0.0
2023-06-01 19:24:48.218201,0.0,0.0,0.0,0.0
2023-06-01 19:24:48.230100,0.0,0.0,0.0,0.0
2023-06-01 19:24:48.238905,0.0,0.0,0.0,0.0
2023-06-01 19:24:48.252189,0.0,0.0,0.0,0.0
2023-06-01 19:24:48.263792,0.0,0.0,0.0,0.0
2023-06-01 19:24:48.286967,0.0,0.0,0.0,0.0
2023-06-01 19:24:48.292879,0.0,0.0,0.0,0.0
2023-06-01 19:24:48.298808,0.0,0.0,0.0,0.0
2023-06-01 19:24:48.306776,0.0,0.0,0.0,0.0
2023-06-01 19:24:48.317440,0.0,0.0,0.0,0.0
2023-06-01 19:24:48.327710,0.0,0.0,0.0,0.0
2023-06-01 19:24:48.337645,0.0,0.0,0.0,0.0
2023-06-01 19:24:48.348337,0.0,0.0,0.0,0.0
2023-06-01 19:24:48.359313,0.0,0.0,0.0,0.0
2023-06-01 19:24:48.372306,0.0,0.0,0.0,0.0
2023-06-01 19:24:48.382256,0.0,0.0,0.0,0.0
2023-06-01 19:24:48.389075,0.0,0.0,0.0,0.0
2023-06-01 19:24:48.397008,0.0,0.0,0.0,0.0
2023-06-01 19:24:48.406983,0.0,0.0,0.0,0.0
2023-06-01 19:24:48.418420,0.0,0.0,0.0,0.0
2023-06-01 19:24:48.427945,0.0,0.0,0.0,0.0
2023-06-01 19:24:48.438973,0.0,0.0,0.0,0.0
2023-06-01 19:24:48.450857,0.0,0.0,0.0,0.0
2023-06-01 19:24:48.459319,0.0,0.0,0.0,0.0
2023-06-01 19:24:48.467319,0.0,0.0,0.0,0.0
2023-06-01 19:24:48.477210,0.0,0.0,0.0,0.0
2023-06-01 19:24:48.487043,0.0,0.0,0.0,0.0
2023-06-01 19:24:48.496617,0.0,0.0,0.0,0.0
2023-06-01 19:24:48.506738,0.0,0.0,0.0,0.0
2023-06-01 19:24:48.516919,0.0,0.0,0.0,0.0
2023-06-01 19:24:48.528981,0.0,0.0,0.0,0.0
2023-06-01 19:24:48.550544,0.0,0.0,0.0,0.0
2023-06-01 19:24:48.557271,0.0,0.0,0.0,0.0
2023-06-01 19:24:48.572859,0.0,0.0,0.0,0.0
2023-06-01 19:24:48.583678,0.0,0.0,0.0,0.0
2023-06-01 19:24:48.593173,0.0,0.0,0.0,0.0
2023-06-01 19:24:48.601840,0.0,0.0,0.0,0.0
2023-06-01 19:24:48.610496,0.0,0.0,0.0,0.0
2023-06-01 19:24:48.619168,0.0,0.0,0.0,0.0
2023-06-01 19:24:48.629663,0.0,0.0,0.0,0.0
2023-06-01 19:24:48.639403,0.0,0.0,0.0,0.0
2023-06-01 19:24:48.648898,0.0,0.0,0.0,0.0
2023-06-01 19:24:48.671620,0.0,0.0,0.0,0.0
2023-06-01 19:24:48.683011,0.0,0.0,0.0,0.0
2023-06-01 19:24:48.695087,0.0,0.0,0.0,0.0
2023-06-01 19:24:48.705565,0.0,0.0,0.0,0.0
2023-06-01 19:24:48.714261,0.0,0.0,0.0,0.0
2023-06-01 19:24:48.723063,0.0,0.0,0.0,0.0
2023-06-01 19:24:48.732139,0.0,0.0,0.0,0.0
2023-06-01 19:24:48.741520,0.0,0.0,0.0,0.0
2023-06-01 19:24:48.750805,0.0,0.0,0.0,0.0
2023-06-01 19:24:48.760516,0.0,0.0,0.0,0.0
2023-06-01 19:24:48.768951,0.0,0.0,0.0,0.0
2023-06-01 19:24:48.779618,0.0,0.0,0.0,0.0
2023-06-01 19:24:48.787941,0.0,0.0,0.0,0.0
2023-06-01 19:24:48.804493,0.0,0.0,0.0,0.0
2023-06-01 19:24:48.811081,0.0,0.0,0.0,0.0
2023-06-01 19:24:48.817238,0.0,0.0,0.0,0.0
2023-06-01 19:24:48.827008,0.0,0.0,0.0,0.0
2023-06-01 19:24:48.838977,0.0,0.0,0.0,0.0
2023-06-01 19:24:48.849454,0.0,0.0,0.0,0.0
2023-06-01 19:24:48.858557,0.0,0.0,0.0,0.0
2023-06-01 19:24:48.873734,0.0,0.0,0.0,0.0
2023-06-01 19:24:48.880404,0.0,0.0,0.0,0.0
2023-06-01 19:24:48.886728,0.0,0.0,0.0,0.0
2023-06-01 19:24:48.896774,0.0,0.0,0.0,0.0
2023-06-01 19:24:48.906680,0.0,0.0,0.0,0.0
2023-06-01 19:24:48.917392,0.0,0.0,0.0,0.0
2023-06-01 19:24:48.929305,0.0,0.0,0.0,0.0
2023-06-01 19:24:48.937703,0.0,0.0,0.0,0.0
2023-06-01 19:24:48.951730,0.0,0.0,0.0,0.0
2023-06-01 19:24:48.958776,0.0,0.0,0.0,0.0
2023-06-01 19:24:48.966656,0.0,0.0,0.0,0.0
2023-06-01 19:24:48.977687,0.0,0.0,0.0,0.0
2023-06-01 19:24:48.987156,0.0,0.0,0.0,0.0
2023-06-01 19:24:48.996955,0.0,0.0,0.0,0.0
2023-06-01 19:24:49.006808,0.0,0.0,0.0,0.0
2023-06-01 19:24:49.018740,0.0,0.0,0.0,0.0
2023-06-01 19:24:49.029278,0.0,0.0,0.0,0.0
2023-06-01 19:24:49.038490,0.0,0.0,0.0,0.0
2023-06-01 19:24:49.048127,0.0,0.0,0.0,0.0
2023-06-01 19:24:49.060142,0.0,0.0,0.0,0.0
2023-06-01 19:24:49.067023,0.0,0.0,0.0,0.0
2023-06-01 19:24:49.077477,0.0,0.0,0.0,0.0
2023-06-01 19:24:49.087394,0.0,0.0,0.0,0.0
2023-06-01 19:24:49.097866,0.0,0.0,0.0,0.0
2023-06-01 19:24:49.107051,0.0,0.0,0.0,0.0
2023-06-01 19:24:49.117746,0.0,0.0,0.0,0.0
2023-06-01 19:24:49.128611,0.0,0.0,0.0,0.0
2023-06-01 19:24:49.136984,0.0,0.0,0.0,0.0
2023-06-01 19:24:49.148165,0.0,0.0,0.0,0.0
2023-06-01 19:24:49.157712,0.0,0.0,0.0,0.0
2023-06-01 19:24:49.166841,0.0,0.0,0.0,0.0
2023-06-01 19:24:49.177510,0.0,0.0,0.0,0.0
2023-06-01 19:24:49.187479,0.0,0.0,0.0,0.0
2023-06-01 19:24:49.197071,0.0,0.0,0.0,0.0
2023-06-01 19:24:49.218970,0.0,0.0,0.0,0.0
2023-06-01 19:24:49.230385,0.0,0.0,0.0,0.0
2023-06-01 19:24:49.265773,0.0,0.0,0.0,0.0
2023-06-01 19:24:49.271717,0.0,0.0,0.0,0.0
2023-06-01 19:24:49.277765,0.0,0.0,0.0,0.0
2023-06-01 19:24:49.287042,0.0,0.0,0.0,0.0
2023-06-01 19:24:49.297488,0.0,0.0,0.0,0.0
2023-06-01 19:24:49.313015,0.0,0.0,0.0,0.0
2023-06-01 19:24:49.319713,0.0,0.0,0.0,0.0
2023-06-01 19:24:49.327451,0.0,0.0,0.0,0.0
2023-06-01 19:24:49.337706,0.0,0.0,0.0,0.0
2023-06-01 19:24:49.351561,0.0,0.0,0.0,0.0
2023-06-01 19:24:49.358982,0.0,0.0,0.0,0.0
2023-06-01 19:24:49.367161,0.0,0.0,0.0,0.0
2023-06-01 19:24:49.376956,0.0,0.0,0.0,0.0
2023-06-01 19:24:49.387076,0.0,0.0,0.0,0.0
2023-06-01 19:24:49.396804,0.0,0.0,0.0,0.0
2023-06-01 19:24:49.406833,0.0,0.0,0.0,0.0
2023-06-01 19:24:49.417130,0.0,0.0,0.0,0.0
2023-06-01 19:24:49.426905,0.0,0.0,0.0,0.0
2023-06-01 19:24:49.437388,0.0,0.0,0.0,0.0
2023-06-01 19:24:49.447302,0.0,0.0,0.0,0.0
2023-06-01 19:24:49.457110,0.0,0.0,0.0,0.0
2023-06-01 19:24:49.466875,0.0,0.0,0.0,0.0
2023-06-01 19:24:49.477192,0.0,0.0,0.0,0.0
2023-06-01 19:24:49.486686,0.0,0.0,0.0,0.0
2023-06-01 19:24:49.497076,0.0,0.0,0.0,0.0
2023-06-01 19:24:49.506926,0.0,0.0,0.0,0.0
2023-06-01 19:24:49.517116,0.0,0.0,0.0,0.0
2023-06-01 19:24:49.527608,0.0,0.0,0.0,0.0
2023-06-01 19:24:49.537511,0.0,0.0,0.0,0.0
2023-06-01 19:24:49.548491,0.0,0.0,0.0,0.0
2023-06-01 19:24:49.557687,0.0,0.0,0.0,0.0
2023-06-01 19:24:49.570887,0.0,0.0,0.0,0.0
2023-06-01 19:24:49.578886,0.0,0.0,0.0,0.0
2023-06-01 19:24:49.587482,0.0,0.0,0.0,0.0
2023-06-01 19:24:49.596637,0.0,0.0,0.0,0.0
2023-06-01 19:24:49.606889,0.0,0.0,0.0,0.0
2023-06-01 19:24:49.617365,0.0,0.0,0.0,0.0
2023-06-01 19:24:49.630951,0.0,0.0,0.0,0.0
2023-06-01 19:24:49.649424,0.0,0.0,0.0,0.0
2023-06-01 19:24:49.656167,0.0,0.0,0.0,0.0
2023-06-01 19:24:49.662440,0.0,0.0,0.0,0.0
2023-06-01 19:24:49.668562,0.0,0.0,0.0,0.0
2023-06-01 19:24:49.676841,0.0,0.0,0.0,0.0
2023-06-01 19:24:49.689033,0.0,0.0,0.0,0.0
2023-06-01 19:24:49.696859,0.0,0.0,0.0,0.0
2023-06-01 19:24:49.706840,0.0,0.0,0.0,0.0
2023-06-01 19:24:49.718129,0.0,0.0,0.0,0.0
2023-06-01 19:24:49.727170,0.0,0.0,0.0,0.0
2023-06-01 19:24:49.739653,0.0,0.0,0.0,0.0
2023-06-01 19:24:49.748936,0.0,0.0,0.0,0.0
2023-06-01 19:24:49.763560,0.0,0.0,0.0,0.0
2023-06-01 19:24:49.769892,0.0,0.0,0.0,0.0
2023-06-01 19:24:49.776271,0.0,0.0,0.0,0.0
2023-06-01 19:24:49.786811,0.0,0.0,0.0,0.0
2023-06-01 19:24:49.797411,0.0,0.0,0.0,0.0
2023-06-01 19:24:49.806746,0.0,0.0,0.0,0.0
2023-06-01 19:24:49.822249,0.0,0.0,0.0,0.0
2023-06-01 19:24:49.829306,0.0,0.0,0.0,0.0
2023-06-01 19:24:49.837563,0.0,0.0,0.0,0.0
2023-06-01 19:24:49.847881,0.0,0.0,0.0,0.0
2023-06-01 19:24:49.858948,0.0,0.0,0.0,0.0
2023-06-01 19:24:49.868147,0.0,0.0,0.0,0.0
2023-06-01 19:24:49.877680,0.0,0.0,0.0,0.0
2023-06-01 19:24:49.886957,0.0,0.0,0.0,0.0
2023-06-01 19:24:49.896626,0.0,0.0,0.0,0.0
2023-06-01 19:24:49.906469,0.0,0.0,0.0,0.0
2023-06-01 19:24:49.916923,0.0,0.0,0.0,0.0
2023-06-01 19:24:49.927483,0.0,0.0,0.0,0.0
2023-06-01 19:24:49.937873,0.0,0.0,0.0,0.0
2023-06-01 19:24:49.947974,0.0,0.0,0.0,0.0
2023-06-01 19:24:49.957264,0.0,0.0,0.0,0.0
2023-06-01 19:24:49.970845,0.0,0.0,0.0,0.0
2023-06-01 19:24:49.980022,0.0,0.0,0.0,0.0
2023-06-01 19:24:49.989214,0.0,0.0,0.0,0.0
2023-06-01 19:24:50.000403,0.0,0.0,0.0,0.0
2023-06-01 19:24:50.009833,0.0,0.0,0.0,0.0
2023-06-01 19:24:50.018704,0.0,0.0,0.0,0.0
2023-06-01 19:24:50.029684,0.0,0.0,0.0,0.0
2023-06-01 19:24:50.039354,0.0,0.0,0.0,0.0
2023-06-01 19:24:50.058633,0.0,0.0,0.0,0.0
2023-06-01 19:24:50.075274,0.0,0.0,0.0,0.0
2023-06-01 19:24:50.085247,0.0,0.0,0.0,0.0
2023-06-01 19:24:50.094509,0.0,0.0,0.0,0.0
2023-06-01 19:24:50.104350,0.0,0.0,0.0,0.0
2023-06-01 19:24:50.113074,0.0,0.0,0.0,0.0
2023-06-01 19:24:50.121705,0.0,0.0,0.0,0.0
2023-06-01 19:24:50.132787,0.0,0.0,0.0,0.0
2023-06-01 19:24:50.142963,0.0,0.0,0.0,0.0
2023-06-01 19:24:50.152610,0.0,0.0,0.0,0.0
2023-06-01 19:24:50.171399,0.0,0.0,0.0,0.0
2023-06-01 19:24:50.180038,0.0,0.0,0.0,0.0
2023-06-01 19:24:50.189140,0.0,0.0,0.0,0.0
2023-06-01 19:24:50.198204,0.0,0.0,0.0,0.0
2023-06-01 19:24:50.208274,0.0,0.0,0.0,0.0
2023-06-01 19:24:50.224239,0.0,0.0,0.0,0.0
2023-06-01 19:24:50.241055,0.0,0.0,0.0,0.0
2023-06-01 19:24:50.264152,0.0,0.0,0.0,0.0
2023-06-01 19:24:50.275539,0.0,0.0,0.0,0.0
2023-06-01 19:24:50.282660,0.0,0.0,0.0,0.0
2023-06-01 19:24:50.288707,0.0,0.0,0.0,0.0
2023-06-01 19:24:50.296733,0.0,0.0,0.0,0.0
2023-06-01 19:24:50.306750,0.0,0.0,0.0,0.0
2023-06-01 19:24:50.317611,0.0,0.0,0.0,0.0
2023-06-01 19:24:50.327925,0.0,0.0,0.0,0.0
2023-06-01 19:24:50.337820,0.0,0.0,0.0,0.0
2023-06-01 19:24:50.348110,0.0,0.0,0.0,0.0
2023-06-01 19:24:50.359374,0.0,0.0,0.0,0.0
2023-06-01 19:24:50.369071,0.0,0.0,0.0,0.0
2023-06-01 19:24:50.381112,0.0,0.0,0.0,0.0
2023-06-01 19:24:50.389345,0.0,0.0,0.0,0.0
2023-06-01 19:24:50.398327,0.0,0.0,0.0,0.0
2023-06-01 19:24:50.408408,0.0,0.0,0.0,0.0
2023-06-01 19:24:50.418300,0.0,0.0,0.0,0.0
2023-06-01 19:24:50.435597,0.0,0.0,0.0,0.0
2023-06-01 19:24:50.444515,0.0,0.0,0.0,0.0
2023-06-01 19:24:50.453449,0.0,0.0,0.0,0.0
2023-06-01 19:24:50.462819,0.0,0.0,0.0,0.0
2023-06-01 19:24:50.471288,0.0,0.0,0.0,0.0
2023-06-01 19:24:50.480062,0.0,0.0,0.0,0.0
2023-06-01 19:24:50.491426,0.0,0.0,0.0,0.0
2023-06-01 19:24:50.499667,0.0,0.0,0.0,0.0
2023-06-01 19:24:50.508259,0.0,0.0,0.0,0.0
2023-06-01 19:24:50.519827,0.0,0.0,0.0,0.0
2023-06-01 19:24:50.527432,0.0,0.0,0.0,0.0
2023-06-01 19:24:50.537566,0.0,0.0,0.0,0.0
2023-06-01 19:24:50.547480,0.0,0.0,0.0,0.0
2023-06-01 19:24:50.557706,0.0,0.0,0.0,0.0
2023-06-01 19:24:50.570944,0.0,0.0,0.0,0.0
2023-06-01 19:24:50.580557,0.0,0.0,0.0,0.0
2023-06-01 19:24:50.589212,0.0,0.0,0.0,0.0
2023-06-01 19:24:50.600288,0.0,0.0,0.0,0.0
2023-06-01 19:24:50.608808,0.0,0.0,0.0,0.0
2023-06-01 19:24:50.622733,0.0,0.0,0.0,0.0
2023-06-01 19:24:50.639123,0.0,0.0,0.0,0.0
2023-06-01 19:24:50.657682,0.0,0.0,0.0,0.0
2023-06-01 19:24:50.670468,0.0,0.0,0.0,0.0
2023-06-01 19:24:50.677741,0.0,0.0,0.0,0.0
2023-06-01 19:24:50.687366,0.0,0.0,0.0,0.0
2023-06-01 19:24:50.696931,0.0,0.0,0.0,0.0
2023-06-01 19:24:50.708360,0.0,0.0,0.0,0.0
2023-06-01 19:24:50.717664,0.0,0.0,0.0,0.0
2023-06-01 19:24:50.728973,0.0,0.0,0.0,0.0
2023-06-01 19:24:50.737961,0.0,0.0,0.0,0.0
2023-06-01 19:24:50.752897,0.0,0.0,0.0,0.0
2023-06-01 19:24:50.760423,0.0,0.0,0.0,0.0
2023-06-01 19:24:50.767160,0.0,0.0,0.0,0.0
2023-06-01 19:24:50.778263,0.0,0.0,0.0,0.0
2023-06-01 19:24:50.787154,0.0,0.0,0.0,0.0
2023-06-01 19:24:50.797028,0.0,0.0,0.0,0.0
2023-06-01 19:24:50.806703,0.0,0.0,0.0,0.0
2023-06-01 19:24:50.818159,0.0,0.0,0.0,0.0
2023-06-01 19:24:50.829274,0.0,0.0,0.0,0.0
2023-06-01 19:24:50.842583,0.0,0.0,0.0,0.0
2023-06-01 19:24:50.850292,0.0,0.0,0.0,0.0
2023-06-01 19:24:50.857670,0.0,0.0,0.0,0.0
2023-06-01 19:24:50.867819,0.0,0.0,0.0,0.0
2023-06-01 19:24:50.878171,0.0,0.0,0.0,0.0
2023-06-01 19:24:50.887281,0.0,0.0,0.0,0.0
2023-06-01 19:24:50.896661,0.0,0.0,0.0,0.0
2023-06-01 19:24:50.906956,0.0,0.0,0.0,0.0
2023-06-01 19:24:50.926142,0.0,0.0,0.0,0.0
2023-06-01 19:24:50.932920,0.0,0.0,0.0,0.0
2023-06-01 19:24:50.939816,0.0,0.0,0.0,0.0
2023-06-01 19:24:50.951572,0.0,0.0,0.0,0.0
2023-06-01 19:24:50.958664,0.0,0.0,0.0,0.0
2023-06-01 19:24:50.967579,0.0,0.0,0.0,0.0
2023-06-01 19:24:50.978653,0.0,0.0,0.0,0.0
2023-06-01 19:24:50.986648,0.0,0.0,0.0,0.0
2023-06-01 19:24:50.997366,0.0,0.0,0.0,0.0
2023-06-01 19:24:51.006764,0.0,0.0,0.0,0.0
2023-06-01 19:24:51.018306,0.0,0.0,0.0,0.0
2023-06-01 19:24:51.028364,0.0,0.0,0.0,0.0
2023-06-01 19:24:51.049035,0.0,0.0,0.0,0.0
2023-06-01 19:24:51.056257,0.0,0.0,0.0,0.0
2023-06-01 19:24:51.063097,0.0,0.0,0.0,0.0
2023-06-01 19:24:51.070997,0.0,0.0,0.0,0.0
2023-06-01 19:24:51.077625,0.0,0.0,0.0,0.0
2023-06-01 19:24:51.087546,0.0,0.0,0.0,0.0
2023-06-01 19:24:51.096927,0.0,0.0,0.0,0.0
2023-06-01 19:24:51.106783,0.0,0.0,0.0,0.0
2023-06-01 19:24:51.117645,0.0,0.0,0.0,0.0
2023-06-01 19:24:51.127643,0.0,0.0,0.0,0.0
2023-06-01 19:24:51.139952,0.0,0.0,0.0,0.0
2023-06-01 19:24:51.149082,0.0,0.0,0.0,0.0
2023-06-01 19:24:51.157645,0.0,0.0,0.0,0.0
2023-06-01 19:24:51.169183,0.0,0.0,0.0,0.0
2023-06-01 19:24:51.178762,0.0,0.0,0.0,0.0
2023-06-01 19:24:51.186832,0.0,0.0,0.0,0.0
2023-06-01 19:24:51.197088,0.0,0.0,0.0,0.0
2023-06-01 19:24:51.216554,0.0,0.0,0.0,0.0
2023-06-01 19:24:51.231407,0.0,0.0,0.0,0.0
2023-06-01 19:24:51.239513,0.0,0.0,0.0,0.0
2023-06-01 19:24:51.248255,0.0,0.0,0.0,0.0
2023-06-01 19:24:51.258696,0.0,0.0,0.0,0.0
2023-06-01 19:24:51.267153,0.0,0.0,0.0,0.0
2023-06-01 19:24:51.280030,0.0,0.0,0.0,0.0
2023-06-01 19:24:51.286605,0.0,0.0,0.0,0.0
2023-06-01 19:24:51.296764,0.0,0.0,0.0,0.0
2023-06-01 19:24:51.306596,0.0,0.0,0.0,0.0
2023-06-01 19:24:51.316719,0.0,0.0,0.0,0.0
2023-06-01 19:24:51.327859,0.0,0.0,0.0,0.0
2023-06-01 19:24:51.340342,0.0,0.0,0.0,0.0
2023-06-01 19:24:51.349062,0.0,0.0,0.0,0.0
2023-06-01 19:24:51.361587,0.0,0.0,0.0,0.0
2023-06-01 19:24:51.368377,0.0,0.0,0.0,0.0
2023-06-01 19:24:51.377396,0.0,0.0,0.0,0.0
2023-06-01 19:24:51.386697,0.0,0.0,0.0,0.0
2023-06-01 19:24:51.397152,0.0,0.0,0.0,0.0
2023-06-01 19:24:51.406944,0.0,0.0,0.0,0.0
2023-06-01 19:24:51.417692,0.0,0.0,0.0,0.0
2023-06-01 19:24:51.427881,0.0,0.0,0.0,0.0
2023-06-01 19:24:51.438447,0.0,0.0,0.0,0.0
2023-06-01 19:24:51.447472,0.0,0.0,0.0,0.0
2023-06-01 19:24:51.458064,0.0,0.0,0.0,0.0
2023-06-01 19:24:51.467216,0.0,0.0,0.0,0.0
2023-06-01 19:24:51.477215,0.0,0.0,0.0,0.0
2023-06-01 19:24:51.486662,0.0,0.0,0.0,0.0
2023-06-01 19:24:51.497124,0.0,0.0,0.0,0.0
2023-06-01 19:24:51.506782,0.0,0.0,0.0,0.0
2023-06-01 19:24:51.526397,0.0,0.0,0.0,0.0
2023-06-01 19:24:51.536043,0.0,0.0,0.0,0.0
2023-06-01 19:24:51.545395,0.0,0.0,0.0,0.0
2023-06-01 19:24:51.554850,0.0,0.0,0.0,0.0
2023-06-01 19:24:51.563811,0.0,0.0,0.0,0.0
2023-06-01 19:24:51.572985,0.0,0.0,0.0,0.0
2023-06-01 19:24:51.581631,0.0,0.0,0.0,0.0
2023-06-01 19:24:51.591169,0.0,0.0,0.0,0.0
2023-06-01 19:24:51.599629,0.0,0.0,0.0,0.0
2023-06-01 19:24:51.608415,0.0,0.0,0.0,0.0
2023-06-01 19:24:51.621418,0.0,0.0,0.0,0.0
2023-06-01 19:24:51.628709,0.0,0.0,0.0,0.0
2023-06-01 19:24:51.637825,0.0,0.0,0.0,0.0
2023-06-01 19:24:51.647136,0.0,0.0,0.0,0.0
2023-06-01 19:24:51.657220,0.0,0.0,0.0,0.0
2023-06-01 19:24:51.667398,0.0,0.0,0.0,0.0
2023-06-01 19:24:51.678198,0.0,0.0,0.0,0.0
2023-06-01 19:24:51.687581,0.0,0.0,0.0,0.0
2023-06-01 19:24:51.696738,0.0,0.0,0.0,0.0
2023-06-01 19:24:51.706627,0.0,0.0,0.0,0.0
2023-06-01 19:24:51.717362,0.0,0.0,0.0,0.0
2023-06-01 19:24:51.728531,0.0,0.0,0.0,0.0
2023-06-01 19:24:51.736960,0.0,0.0,0.0,0.0
2023-06-01 19:24:51.748140,0.0,0.0,0.0,0.0
2023-06-01 19:24:51.756956,0.0,0.0,0.0,0.0
2023-06-01 19:24:51.767139,0.0,0.0,0.0,0.0
2023-06-01 19:24:51.778935,0.0,0.0,0.0,0.0
2023-06-01 19:24:51.789443,0.0,0.0,0.0,0.0
2023-06-01 19:24:51.798139,0.0,0.0,0.0,0.0
2023-06-01 19:24:51.813564,0.0,0.0,0.0,0.0
2023-06-01 19:24:51.830992,0.0,0.0,0.0,0.0
2023-06-01 19:24:51.836702,0.0,0.0,0.0,0.0
2023-06-01 19:24:51.852784,0.0,0.0,0.0,0.0
2023-06-01 19:24:51.859476,0.0,0.0,0.0,0.0
2023-06-01 19:24:51.867099,0.0,0.0,0.0,0.0
2023-06-01 19:24:51.882873,0.0,0.0,0.0,0.0
2023-06-01 19:24:51.889077,0.0,0.0,0.0,0.0
2023-06-01 19:24:51.896612,0.0,0.0,0.0,0.0
2023-06-01 19:24:51.906730,0.0,0.0,0.0,0.0
2023-06-01 19:24:51.917894,0.0,0.0,0.0,0.0
2023-06-01 19:24:51.927545,0.0,0.0,0.0,0.0
2023-06-01 19:24:51.937976,0.0,0.0,0.0,0.0
2023-06-01 19:24:51.948175,0.0,0.0,0.0,0.0
2023-06-01 19:24:51.957549,0.0,0.0,0.0,0.0
2023-06-01 19:24:51.967155,0.0,0.0,0.0,0.0
2023-06-01 19:24:51.978214,0.0,0.0,0.0,0.0
2023-06-01 19:24:51.986619,0.0,0.0,0.0,0.0
2023-06-01 19:24:51.996879,0.0,0.0,0.0,0.0
2023-06-01 19:24:52.009071,0.0,0.0,0.0,0.0
2023-06-01 19:24:52.019714,0.0,0.0,0.0,0.0
2023-06-01 19:24:52.033695,0.0,0.0,0.0,0.0
2023-06-01 19:24:52.060164,0.0,0.0,0.0,0.0
2023-06-01 19:24:52.068681,0.0,0.0,0.0,0.0
2023-06-01 19:24:52.079001,0.0,0.0,0.0,0.0
2023-06-01 19:24:52.088377,0.0,0.0,0.0,0.0
2023-06-01 19:24:52.098425,0.0,0.0,0.0,0.0
2023-06-01 19:24:52.109014,0.0,0.0,0.0,0.0
2023-06-01 19:24:52.121092,0.0,0.0,0.0,0.0
2023-06-01 19:24:52.134670,0.0,0.0,0.0,0.0
2023-06-01 19:24:52.156565,0.0,0.0,0.0,0.0
2023-06-01 19:24:52.172595,0.0,0.0,0.0,0.0
2023-06-01 19:24:52.178792,0.0,0.0,0.0,0.0
2023-06-01 19:24:52.189385,0.0,0.0,0.0,0.0
2023-06-01 19:24:52.198646,0.0,0.0,0.0,0.0
2023-06-01 19:24:52.208281,0.0,0.0,0.0,0.0
2023-06-01 19:24:52.219453,0.0,0.0,0.0,0.0
2023-06-01 19:24:52.229498,0.0,0.0,0.0,0.0
2023-06-01 19:24:52.252535,0.0,0.0,0.0,0.0
2023-06-01 19:24:52.266020,0.0,0.0,0.0,0.0
2023-06-01 19:24:52.274410,0.0,0.0,0.0,0.0
2023-06-01 19:24:52.282666,0.0,0.0,0.0,0.0
2023-06-01 19:24:52.291276,0.0,0.0,0.0,0.0
2023-06-01 19:24:52.299329,0.0,0.0,0.0,0.0
2023-06-01 19:24:52.308424,0.0,0.0,0.0,0.0
2023-06-01 19:24:52.320819,0.0,0.0,0.0,0.0
2023-06-01 19:24:52.329500,0.0,0.0,0.0,0.0
2023-06-01 19:24:52.338459,0.0,0.0,0.0,0.0
2023-06-01 19:24:52.356184,0.0,0.0,0.0,0.0
2023-06-01 19:24:52.364636,0.0,0.0,0.0,0.0
2023-06-01 19:24:52.375425,0.0,0.0,0.0,0.0
2023-06-01 19:24:52.383629,0.0,0.0,0.0,0.0
2023-06-01 19:24:52.392620,0.0,0.0,0.0,0.0
2023-06-01 19:24:52.400838,0.0,0.0,0.0,0.0
2023-06-01 19:24:52.409133,0.0,0.0,0.0,0.0
2023-06-01 19:24:52.419233,0.0,0.0,0.0,0.0
2023-06-01 19:24:52.429314,0.0,0.0,0.0,0.0
2023-06-01 19:24:52.440820,0.0,0.0,0.0,0.0
2023-06-01 19:24:52.450838,0.0,0.0,0.0,0.0
2023-06-01 19:24:52.462340,0.0,0.0,0.0,0.0
2023-06-01 19:24:52.469340,0.0,0.0,0.0,0.0
2023-06-01 19:24:52.477225,0.0,0.0,0.0,0.0
2023-06-01 19:24:52.487313,0.0,0.0,0.0,0.0
2023-06-01 19:24:52.496622,0.0,0.0,0.0,0.0
2023-06-01 19:24:52.506922,0.0,0.0,0.0,0.0
2023-06-01 19:24:52.517397,0.0,0.0,0.0,0.0
2023-06-01 19:24:52.528149,0.0,0.0,0.0,0.0
2023-06-01 19:24:52.538659,0.0,0.0,0.0,0.0
2023-06-01 19:24:52.547973,0.0,0.0,0.0,0.0
2023-06-01 19:24:52.558003,0.0,0.0,0.0,0.0
2023-06-01 19:24:52.567407,0.0,0.0,0.0,0.0
2023-06-01 19:24:52.578912,0.0,0.0,0.0,0.0
2023-06-01 19:24:52.587318,0.0,0.0,0.0,0.0
2023-06-01 19:24:52.596868,0.0,0.0,0.0,0.0
2023-06-01 19:24:52.607007,0.0,0.0,0.0,0.0
2023-06-01 19:24:52.617765,0.0,0.0,0.0,0.0
2023-06-01 19:24:52.627654,0.0,0.0,0.0,0.0
2023-06-01 19:24:52.637815,0.0,0.0,0.0,0.0
2023-06-01 19:24:52.648200,0.0,0.0,0.0,0.0
2023-06-01 19:24:52.657942,0.0,0.0,0.0,0.0
2023-06-01 19:24:52.668026,0.0,0.0,0.0,0.0
2023-06-01 19:24:52.686427,0.0,0.0,0.0,0.0
2023-06-01 19:24:52.694805,0.0,0.0,0.0,0.0
2023-06-01 19:24:52.702985,0.0,0.0,0.0,0.0
2023-06-01 19:24:52.711544,0.0,0.0,0.0,0.0
2023-06-01 19:24:52.720907,0.0,0.0,0.0,0.0
2023-06-01 19:24:52.741549,0.0,0.0,0.0,0.0
2023-06-01 19:24:52.749933,0.0,0.0,0.0,0.0
2023-06-01 19:24:52.757937,0.0,0.0,0.0,0.0
2023-06-01 19:24:52.768902,0.0,0.0,0.0,0.0
2023-06-01 19:24:52.784815,0.0,0.0,0.0,0.0
2023-06-01 19:24:52.801993,0.0,0.0,0.0,0.0
2023-06-01 19:24:52.810100,0.0,0.0,0.0,0.0
2023-06-01 19:24:52.819372,0.0,0.0,0.0,0.0
2023-06-01 19:24:52.828146,0.0,0.0,0.0,0.0
2023-06-01 19:24:52.845173,0.0,0.0,0.0,0.0
2023-06-01 19:24:52.864232,0.0,0.0,0.0,0.0
2023-06-01 19:24:52.884459,0.0,0.0,0.0,0.0
2023-06-01 19:24:52.900934,0.0,0.0,0.0,0.0
2023-06-01 19:24:52.915024,0.0,0.0,0.0,0.0
2023-06-01 19:24:52.924531,0.0,0.0,0.0,0.0
2023-06-01 19:24:52.933369,0.0,0.0,0.0,0.0
2023-06-01 19:24:52.943000,0.0,0.0,0.0,0.0
2023-06-01 19:24:52.952301,0.0,0.0,0.0,0.0
2023-06-01 19:24:52.962099,0.0,0.0,0.0,0.0
2023-06-01 19:24:52.978710,0.0,0.0,0.0,0.0
2023-06-01 19:24:52.987002,0.0,0.0,0.0,0.0
2023-06-01 19:24:52.996512,0.0,0.0,0.0,0.0
2023-06-01 19:24:53.007591,0.0,0.0,0.0,0.0
2023-06-01 19:24:53.018902,0.0,0.0,0.0,0.0
2023-06-01 19:24:53.034652,0.0,0.0,0.0,0.0
2023-06-01 19:24:53.051674,0.0,0.0,0.0,0.0
2023-06-01 19:24:53.063286,0.0,0.0,0.0,0.0
2023-06-01 19:24:53.073612,0.0,0.0,0.0,0.0
2023-06-01 19:24:53.082520,0.0,0.0,0.0,0.0
2023-06-01 19:24:53.091737,0.0,0.0,0.0,0.0
2023-06-01 19:24:53.099889,0.0,0.0,0.0,0.0
2023-06-01 19:24:53.108125,0.0,0.0,0.0,0.0
2023-06-01 19:24:53.120845,0.0,0.0,0.0,0.0
2023-06-01 19:24:53.142834,0.0,0.0,0.0,0.0
2023-06-01 19:24:53.160787,0.0,0.0,0.0,0.0
2023-06-01 19:24:53.179349,0.0,0.0,0.0,0.0
2023-06-01 19:24:53.189080,0.0,0.0,0.0,0.0
2023-06-01 19:24:53.197409,0.0,0.0,0.0,0.0
2023-06-01 19:24:53.205366,0.0,0.0,0.0,0.0
2023-06-01 19:24:53.213965,0.0,0.0,0.0,0.0
2023-06-01 19:24:53.222284,0.0,0.0,0.0,0.0
2023-06-01 19:24:53.230705,0.0,0.0,0.0,0.0
2023-06-01 19:24:53.239391,0.0,0.0,0.0,0.0
2023-06-01 19:24:53.250442,0.0,0.0,0.0,0.0
2023-06-01 19:24:53.260652,0.0,0.0,0.0,0.0
2023-06-01 19:24:53.268947,0.0,0.0,0.0,0.0
2023-06-01 19:24:53.283877,0.0,0.0,0.0,0.0
2023-06-01 19:24:53.292580,0.0,0.0,0.0,0.0
2023-06-01 19:24:53.302006,0.0,0.0,0.0,0.0
2023-06-01 19:24:53.310843,0.0,0.0,0.0,0.0
2023-06-01 19:24:53.319783,0.0,0.0,0.0,0.0
2023-06-01 19:24:53.330084,0.0,0.0,0.0,0.0
2023-06-01 19:24:53.338596,0.0,0.0,0.0,0.0
2023-06-01 19:24:53.361395,0.0,0.0,0.0,0.0
2023-06-01 19:24:53.371248,0.0,0.0,0.0,0.0
2023-06-01 19:24:53.380387,0.0,0.0,0.0,0.0
2023-06-01 19:24:53.390456,0.0,0.0,0.0,0.0
2023-06-01 19:24:53.398589,0.0,0.0,0.0,0.0
2023-06-01 19:24:53.408603,0.0,0.0,0.0,0.0
2023-06-01 19:24:53.418694,0.0,0.0,0.0,0.0
2023-06-01 19:24:53.428985,0.0,0.0,0.0,0.0
2023-06-01 19:24:53.439025,0.0,0.0,0.0,0.0
2023-06-01 19:24:53.453295,0.0,0.0,0.0,0.0
2023-06-01 19:24:53.463022,0.0,0.0,0.0,0.0
2023-06-01 19:24:53.473739,0.0,0.0,0.0,0.0
2023-06-01 19:24:53.483019,0.0,0.0,0.0,0.0
2023-06-01 19:24:53.491943,0.0,0.0,0.0,0.0
2023-06-01 19:24:53.500803,0.0,0.0,0.0,0.0
2023-06-01 19:24:53.509200,0.0,0.0,0.0,0.0
2023-06-01 19:24:53.525610,0.0,0.0,0.0,0.0
2023-06-01 19:24:53.551830,0.0,0.0,0.0,0.0
2023-06-01 19:24:53.568130,0.0,0.0,0.0,0.0
2023-06-01 19:24:53.576582,0.0,0.0,0.0,0.0
2023-06-01 19:24:53.585576,0.0,0.0,0.0,0.0
2023-06-01 19:24:53.594152,0.0,0.0,0.0,0.0
2023-06-01 19:24:53.602645,0.0,0.0,0.0,0.0
2023-06-01 19:24:53.611979,0.0,0.0,0.0,0.0
2023-06-01 19:24:53.620650,0.0,0.0,0.0,0.0
2023-06-01 19:24:53.629271,0.0,0.0,0.0,0.0
2023-06-01 19:24:53.639388,0.0,0.0,0.0,0.0
2023-06-01 19:24:53.648466,0.0,0.0,0.0,0.0
2023-06-01 19:24:53.665984,0.0,0.0,0.0,0.0
2023-06-01 19:24:53.673738,0.0,0.0,0.0,0.0
2023-06-01 19:24:53.681603,0.0,0.0,0.0,0.0
2023-06-01 19:24:53.689588,0.0,0.0,0.0,0.0
2023-06-01 19:24:53.698357,0.0,0.0,0.0,0.0
2023-06-01 19:24:53.707765,0.0,0.0,0.0,0.0
2023-06-01 19:24:53.717660,0.0,0.0,0.0,0.0
2023-06-01 19:24:53.727629,0.0,0.0,0.0,0.0
2023-06-01 19:24:53.738824,0.0,0.0,0.0,0.0
2023-06-01 19:24:53.748299,0.0,0.0,0.0,0.0
2023-06-01 19:24:53.761352,0.0,0.0,0.0,0.0
2023-06-01 19:24:53.781028,0.0,0.0,0.0,0.0
2023-06-01 19:24:53.794419,0.0,0.0,0.0,0.0
2023-06-01 19:24:53.800675,0.0,0.0,0.0,0.0
2023-06-01 19:24:53.806765,0.0,0.0,0.0,0.0
2023-06-01 19:24:53.817652,0.0,0.0,0.0,0.0
2023-06-01 19:24:53.828009,0.0,0.0,0.0,0.0
2023-06-01 19:24:53.837470,0.0,0.0,0.0,0.0
2023-06-01 19:24:53.848284,0.0,0.0,0.0,0.0
2023-06-01 19:24:53.860162,0.0,0.0,0.0,0.0
2023-06-01 19:24:53.867483,0.0,0.0,0.0,0.0
2023-06-01 19:24:53.877447,0.0,0.0,0.0,0.0
2023-06-01 19:24:53.888093,0.0,0.0,0.0,0.0
2023-06-01 19:24:53.897077,0.0,0.0,0.0,0.0
2023-06-01 19:24:53.907536,0.0,0.0,0.0,0.0
2023-06-01 19:24:53.917690,0.0,0.0,0.0,0.0
2023-06-01 19:24:53.927353,0.0,0.0,0.0,0.0
2023-06-01 19:24:53.937376,0.0,0.0,0.0,0.0
2023-06-01 19:24:53.958988,0.0,0.0,0.0,0.0
2023-06-01 19:24:53.969602,0.0,0.0,0.0,0.0
2023-06-01 19:24:53.976689,0.0,0.0,0.0,0.0
2023-06-01 19:24:53.983567,0.0,0.0,0.0,0.0
2023-06-01 19:24:53.989294,0.0,0.0,0.0,0.0
2023-06-01 19:24:53.996741,0.0,0.0,0.0,0.0
2023-06-01 19:24:54.006850,0.0,0.0,0.0,0.0
2023-06-01 19:24:54.016691,0.0,0.0,0.0,0.0
2023-06-01 19:24:54.027176,0.0,0.0,0.0,0.0
2023-06-01 19:24:54.037109,0.0,0.0,0.0,0.0
2023-06-01 19:24:54.047360,0.0,0.0,0.0,0.0
2023-06-01 19:24:54.057500,0.0,0.0,0.0,0.0
2023-06-01 19:24:54.067804,0.0,0.0,0.0,0.0
2023-06-01 19:24:54.077324,0.0,0.0,0.0,0.0
2023-06-01 19:24:54.088220,0.0,0.0,0.0,0.0
2023-06-01 19:24:54.096432,0.0,0.0,0.0,0.0
2023-06-01 19:24:54.106804,0.0,0.0,0.0,0.0
2023-06-01 19:24:54.118255,0.0,0.0,0.0,0.0
2023-06-01 19:24:54.128095,0.0,0.0,0.0,0.0
2023-06-01 19:24:54.138637,0.0,0.0,0.0,0.0
2023-06-01 19:24:54.147814,0.0,0.0,0.0,0.0
2023-06-01 19:24:54.157698,0.0,0.0,0.0,0.0
2023-06-01 19:24:54.169164,0.0,0.0,0.0,0.0
2023-06-01 19:24:54.176787,0.0,0.0,0.0,0.0
2023-06-01 19:24:54.187024,0.0,0.0,0.0,0.0
2023-06-01 19:24:54.196739,0.0,0.0,0.0,0.0
2023-06-01 19:24:54.206525,0.0,0.0,0.0,0.0
2023-06-01 19:24:54.217451,0.0,0.0,0.0,0.0
2023-06-01 19:24:54.236497,0.0,0.0,0.0,0.0
2023-06-01 19:24:54.250463,0.0,0.0,0.0,0.0
2023-06-01 19:24:54.260635,0.0,0.0,0.0,0.0
2023-06-01 19:24:54.269108,0.0,0.0,0.0,0.0
2023-06-01 19:24:54.283633,0.0,0.0,0.0,0.0
2023-06-01 19:24:54.290571,0.0,0.0,0.0,0.0
2023-06-01 19:24:54.296716,0.0,0.0,0.0,0.0
2023-06-01 19:24:54.307360,0.0,0.0,0.0,0.0
2023-06-01 19:24:54.316759,0.0,0.0,0.0,0.0
2023-06-01 19:24:54.332828,0.0,0.0,0.0,0.0
2023-06-01 19:24:54.340051,0.0,0.0,0.0,0.0
2023-06-01 19:24:54.347500,0.0,0.0,0.0,0.0
2023-06-01 19:24:54.358112,0.0,0.0,0.0,0.0
2023-06-01 19:24:54.367489,0.0,0.0,0.0,0.0
2023-06-01 19:24:54.381317,0.0,0.0,0.0,0.0
2023-06-01 19:24:54.391097,0.0,0.0,0.0,0.0
2023-06-01 19:24:54.401095,0.0,0.0,0.0,0.0
2023-06-01 19:24:54.410185,0.0,0.0,0.0,0.0
2023-06-01 19:24:54.419733,0.0,0.0,0.0,0.0
2023-06-01 19:24:54.429714,0.0,0.0,0.0,0.0
2023-06-01 19:24:54.449191,0.0,0.0,0.0,0.0
2023-06-01 19:24:54.462752,0.0,0.0,0.0,0.0
2023-06-01 19:24:54.471678,0.0,0.0,0.0,0.0
2023-06-01 19:24:54.480708,0.0,0.0,0.0,0.0
2023-06-01 19:24:54.488919,0.0,0.0,0.0,0.0
2023-06-01 19:24:54.499416,0.0,0.0,0.0,0.0
2023-06-01 19:24:54.509101,0.0,0.0,0.0,0.0
2023-06-01 19:24:54.528957,0.0,0.0,0.0,0.0
2023-06-01 19:24:54.536443,0.0,0.0,0.0,0.0
2023-06-01 19:24:54.543418,0.0,0.0,0.0,0.0
2023-06-01 19:24:54.549744,0.0,0.0,0.0,0.0
2023-06-01 19:24:54.558289,0.0,0.0,0.0,0.0
2023-06-01 19:24:54.567591,0.0,0.0,0.0,0.0
2023-06-01 19:24:54.576748,0.0,0.0,0.0,0.0
2023-06-01 19:24:54.586713,0.0,0.0,0.0,0.0
2023-06-01 19:24:54.596814,0.0,0.0,0.0,0.0
2023-06-01 19:24:54.606905,0.0,0.0,0.0,0.0
2023-06-01 19:24:54.616794,0.0,0.0,0.0,0.0
2023-06-01 19:24:54.627326,0.0,0.0,0.0,0.0
2023-06-01 19:24:54.636912,0.0,0.0,0.0,0.0
2023-06-01 19:24:54.648502,0.0,0.0,0.0,0.0
2023-06-01 19:24:54.662745,0.0,0.0,0.0,0.0
2023-06-01 19:24:54.669873,0.0,0.0,0.0,0.0
2023-06-01 19:24:54.677278,0.0,0.0,0.0,0.0
2023-06-01 19:24:54.687786,0.0,0.0,0.0,0.0
2023-06-01 19:24:54.696945,0.0,0.0,0.0,0.0
2023-06-01 19:24:54.707037,0.0,0.0,0.0,0.0
2023-06-01 19:24:54.717834,0.0,0.0,0.0,0.0
2023-06-01 19:24:54.727812,0.0,0.0,0.0,0.0
2023-06-01 19:24:54.745400,0.0,0.0,0.0,0.0
2023-06-01 19:24:54.764372,0.0,0.0,0.0,0.0
2023-06-01 19:24:54.782555,0.0,0.0,0.0,0.0
2023-06-01 19:24:54.791360,0.0,0.0,0.0,0.0
2023-06-01 19:24:54.799321,0.0,0.0,0.0,0.0
2023-06-01 19:24:54.808326,0.0,0.0,0.0,0.0
2023-06-01 19:24:54.820455,0.0,0.0,0.0,0.0
2023-06-01 19:24:54.829228,0.0,0.0,0.0,0.0
2023-06-01 19:24:54.843008,0.0,0.0,0.0,0.0
2023-06-01 19:24:54.861806,0.0,0.0,0.0,0.0
2023-06-01 19:24:54.877662,0.0,0.0,0.0,0.0
2023-06-01 19:24:54.884301,0.0,0.0,0.0,0.0
2023-06-01 19:24:54.890510,0.0,0.0,0.0,0.0
2023-06-01 19:24:54.896616,0.0,0.0,0.0,0.0
2023-06-01 19:24:54.906441,0.0,0.0,0.0,0.0
2023-06-01 19:24:54.917588,0.0,0.0,0.0,0.0
2023-06-01 19:24:54.934250,0.0,0.0,0.0,0.0
2023-06-01 19:24:54.942518,0.0,0.0,0.0,0.0
2023-06-01 19:24:54.951164,0.0,0.0,0.0,0.0
2023-06-01 19:24:54.959098,0.0,0.0,0.0,0.0
2023-06-01 19:24:54.967082,0.0,0.0,0.0,0.0
2023-06-01 19:24:54.976762,0.0,0.0,0.0,0.0
2023-06-01 19:24:54.986797,0.0,0.0,0.0,0.0
2023-06-01 19:24:54.996905,0.0,0.0,0.0,0.0
2023-06-01 19:24:55.006943,0.0,0.0,0.0,0.0
2023-06-01 19:24:55.017540,0.0,0.0,0.0,0.0
2023-06-01 19:24:55.027293,0.0,0.0,0.0,0.0
2023-06-01 19:24:55.037322,0.0,0.0,0.0,0.0
2023-06-01 19:24:55.047737,0.0,0.0,0.0,0.0
2023-06-01 19:24:55.060031,0.0,0.0,0.0,0.0
2023-06-01 19:24:55.067740,0.0,0.0,0.0,0.0
2023-06-01 19:24:55.076781,0.0,0.0,0.0,0.0
2023-06-01 19:24:55.086682,0.0,0.0,0.0,0.0
2023-06-01 19:24:55.096972,0.0,0.0,0.0,0.0
2023-06-01 19:24:55.106778,0.0,0.0,0.0,0.0
2023-06-01 19:24:55.118157,0.0,0.0,0.0,0.0
2023-06-01 19:24:55.129557,0.0,0.0,0.0,0.0
2023-06-01 19:24:55.138847,0.0,0.0,0.0,0.0
2023-06-01 19:24:55.150307,0.0,0.0,0.0,0.0
2023-06-01 19:24:55.157616,0.0,0.0,0.0,0.0
2023-06-01 19:24:55.167626,0.0,0.0,0.0,0.0
2023-06-01 19:24:55.177231,0.0,0.0,0.0,0.0
2023-06-01 19:24:55.189193,0.0,0.0,0.0,0.0
2023-06-01 19:24:55.196846,0.0,0.0,0.0,0.0
2023-06-01 19:24:55.206545,0.0,0.0,0.0,0.0
2023-06-01 19:24:55.217591,0.0,0.0,0.0,0.0
2023-06-01 19:24:55.227465,0.0,0.0,0.0,0.0
2023-06-01 19:24:55.237637,0.0,0.0,0.0,0.0
2023-06-01 19:24:55.248090,0.0,0.0,0.0,0.0
2023-06-01 19:24:55.264904,0.0,0.0,0.0,0.0
2023-06-01 19:24:55.272127,0.0,0.0,0.0,0.0
2023-06-01 19:24:55.278881,0.0,0.0,0.0,0.0
2023-06-01 19:24:55.287324,0.0,0.0,0.0,0.0
2023-06-01 19:24:55.297158,0.0,0.0,0.0,0.0
2023-06-01 19:24:55.306872,0.0,0.0,0.0,0.0
2023-06-01 19:24:55.317932,0.0,0.0,0.0,0.0
2023-06-01 19:24:55.327812,0.0,0.0,0.0,0.0
2023-06-01 19:24:55.337988,0.0,0.0,0.0,0.0
2023-06-01 19:24:55.353235,0.0,0.0,0.0,0.0
2023-06-01 19:24:55.360039,0.0,0.0,0.0,0.0
2023-06-01 19:24:55.367358,0.0,0.0,0.0,0.0
2023-06-01 19:24:55.377654,0.0,0.0,0.0,0.0
2023-06-01 19:24:55.387400,0.0,0.0,0.0,0.0
2023-06-01 19:24:55.397306,0.0,0.0,0.0,0.0
2023-06-01 19:24:55.406883,0.0,0.0,0.0,0.0
2023-06-01 19:24:55.417905,0.0,0.0,0.0,0.0
2023-06-01 19:24:55.429890,0.0,0.0,0.0,0.0
2023-06-01 19:24:55.437089,0.0,0.0,0.0,0.0
2023-06-01 19:24:55.448497,0.0,0.0,0.0,0.0
2023-06-01 19:24:55.459913,0.0,0.0,0.0,0.0
2023-06-01 19:24:55.468516,0.0,0.0,0.0,0.0
2023-06-01 19:24:55.477112,0.0,0.0,0.0,0.0
2023-06-01 19:24:55.489925,0.0,0.0,0.0,0.0
2023-06-01 19:24:55.496464,0.0,0.0,0.0,0.0
2023-06-01 19:24:55.507106,0.0,0.0,0.0,0.0
2023-06-01 19:24:55.517384,0.0,0.0,0.0,0.0
2023-06-01 19:24:55.527083,0.0,0.0,0.0,0.0
2023-06-01 19:24:55.537513,0.0,0.0,0.0,0.0
2023-06-01 19:24:55.548505,0.0,0.0,0.0,0.0
2023-06-01 19:24:55.558644,0.0,0.0,0.0,0.0
2023-06-01 19:24:55.567299,0.0,0.0,0.0,0.0
2023-06-01 19:24:55.576958,0.0,0.0,0.0,0.0
2023-06-01 19:24:55.586775,0.0,0.0,0.0,0.0
2023-06-01 19:24:55.596883,0.0,0.0,0.0,0.0
2023-06-01 19:24:55.606768,0.0,0.0,0.0,0.0
2023-06-01 19:24:55.617653,0.0,0.0,0.0,0.0
2023-06-01 19:24:55.627381,0.0,0.0,0.0,0.0
2023-06-01 19:24:55.637364,0.0,0.0,0.0,0.0
2023-06-01 19:24:55.648136,0.0,0.0,0.0,0.0
2023-06-01 19:24:55.659200,0.0,0.0,0.0,0.0
2023-06-01 19:24:55.667121,0.0,0.0,0.0,0.0
2023-06-01 19:24:55.676533,0.0,0.0,0.0,0.0
2023-06-01 19:24:55.687414,0.0,0.0,0.0,0.0
2023-06-01 19:24:55.696728,0.0,0.0,0.0,0.0
2023-06-01 19:24:55.706642,0.0,0.0,0.0,0.0
2023-06-01 19:24:55.717239,0.0,0.0,0.0,0.0
2023-06-01 19:24:55.728297,0.0,0.0,0.0,0.0
2023-06-01 19:24:55.737243,0.0,0.0,0.0,0.0
2023-06-01 19:24:55.748736,0.0,0.0,0.0,0.0
2023-06-01 19:24:55.759840,0.0,0.0,0.0,0.0
2023-06-01 19:24:55.767069,0.0,0.0,0.0,0.0
2023-06-01 19:24:55.776967,0.0,0.0,0.0,0.0
2023-06-01 19:24:55.787028,0.0,0.0,0.0,0.0
2023-06-01 19:24:55.796757,0.0,0.0,0.0,0.0
2023-06-01 19:24:55.806843,0.0,0.0,0.0,0.0
2023-06-01 19:24:55.817229,0.0,0.0,0.0,0.0
2023-06-01 19:24:55.827905,0.0,0.0,0.0,0.0
2023-06-01 19:24:55.839157,0.0,0.0,0.0,0.0
2023-06-01 19:24:55.848642,0.0,0.0,0.0,0.0
2023-06-01 19:24:55.858920,0.0,0.0,0.0,0.0
2023-06-01 19:24:55.867246,0.0,0.0,0.0,0.0
2023-06-01 19:24:55.879299,0.0,0.0,0.0,0.0
2023-06-01 19:24:55.888651,0.0,0.0,0.0,0.0
2023-06-01 19:24:55.898519,0.0,0.0,0.0,0.0
2023-06-01 19:24:55.908532,0.0,0.0,0.0,0.0
2023-06-01 19:24:55.919795,0.0,0.0,0.0,0.0
2023-06-01 19:24:55.941930,0.0,0.0,0.0,0.0
2023-06-01 19:24:55.955682,0.0,0.0,0.0,0.0
2023-06-01 19:24:55.967363,0.0,0.0,0.0,0.0
2023-06-01 19:24:55.976516,0.0,0.0,0.0,0.0
2023-06-01 19:24:55.984621,0.0,0.0,0.0,0.0
2023-06-01 19:24:55.993244,0.0,0.0,0.0,0.0
2023-06-01 19:24:56.001923,0.0,0.0,0.0,0.0
2023-06-01 19:24:56.010312,0.0,0.0,0.0,0.0
2023-06-01 19:24:56.018673,0.0,0.0,0.0,0.0
2023-06-01 19:24:56.028742,0.0,0.0,0.0,0.0
2023-06-01 19:24:56.048692,0.0,0.0,0.0,0.0
2023-06-01 19:24:56.070264,0.0,0.0,0.0,0.0
2023-06-01 19:24:56.079535,0.0,0.0,0.0,0.0
2023-06-01 19:24:56.088202,0.0,0.0,0.0,0.0
2023-06-01 19:24:56.098662,0.0,0.0,0.0,0.0
2023-06-01 19:24:56.108598,0.0,0.0,0.0,0.0
2023-06-01 19:24:56.125954,0.0,0.0,0.0,0.0
2023-06-01 19:24:56.134134,0.0,0.0,0.0,0.0
2023-06-01 19:24:56.141499,0.0,0.0,0.0,0.0
2023-06-01 19:24:56.151721,0.0,0.0,0.0,0.0
2023-06-01 19:24:56.159330,0.0,0.0,0.0,0.0
2023-06-01 19:24:56.167974,0.0,0.0,0.0,0.0
2023-06-01 19:24:56.178214,0.0,0.0,0.0,0.0
2023-06-01 19:24:56.187103,0.0,0.0,0.0,0.0
2023-06-01 19:24:56.196935,0.0,0.0,0.0,0.0
2023-06-01 19:24:56.206906,0.0,0.0,0.0,0.0
2023-06-01 19:24:56.217452,0.0,0.0,0.0,0.0
2023-06-01 19:24:56.228429,0.0,0.0,0.0,0.0
2023-06-01 19:24:56.241010,0.0,0.0,0.0,0.0
2023-06-01 19:24:56.249454,0.0,0.0,0.0,0.0
2023-06-01 19:24:56.258473,0.0,0.0,0.0,0.0
2023-06-01 19:24:56.266888,0.0,0.0,0.0,0.0
2023-06-01 19:24:56.277053,0.0,0.0,0.0,0.0
2023-06-01 19:24:56.287114,0.0,0.0,0.0,0.0
2023-06-01 19:24:56.296565,0.0,0.0,0.0,0.0
2023-06-01 19:24:56.308869,0.0,0.0,0.0,0.0
2023-06-01 19:24:56.319148,0.0,0.0,0.0,0.0
2023-06-01 19:24:56.329185,0.0,0.0,0.0,0.0
2023-06-01 19:24:56.351735,0.0,0.0,0.0,0.0
2023-06-01 19:24:56.360556,0.0,0.0,0.0,0.0
2023-06-01 19:24:56.368978,0.0,0.0,0.0,0.0
2023-06-01 19:24:56.379656,0.0,0.0,0.0,0.0
2023-06-01 19:24:56.388300,0.0,0.0,0.0,0.0
2023-06-01 19:24:56.398161,0.0,0.0,0.0,0.0
2023-06-01 19:24:56.408096,0.0,0.0,0.0,0.0
2023-06-01 19:24:56.418536,0.0,0.0,0.0,0.0
2023-06-01 19:24:56.432648,0.0,0.0,0.0,0.0
2023-06-01 19:24:56.447102,0.0,0.0,0.0,0.0
2023-06-01 19:24:56.457755,0.0,0.0,0.0,0.0
2023-06-01 19:24:56.466015,0.0,0.0,0.0,0.0
2023-06-01 19:24:56.474757,0.0,0.0,0.0,0.0
2023-06-01 19:24:56.484987,0.0,0.0,0.0,0.0
2023-06-01 19:24:56.493818,0.0,0.0,0.0,0.0
2023-06-01 19:24:56.503685,0.0,0.0,0.0,0.0
2023-06-01 19:24:56.512149,0.0,0.0,0.0,0.0
2023-06-01 19:24:56.520969,0.0,0.0,0.0,0.0
2023-06-01 19:24:56.531096,0.0,0.0,0.0,0.0
2023-06-01 19:24:56.541302,0.0,0.0,0.0,0.0
2023-06-01 19:24:56.549776,0.0,0.0,0.0,0.0
2023-06-01 19:24:56.558694,0.0,0.0,0.0,0.0
2023-06-01 19:24:56.569599,0.0,0.0,0.0,0.0
2023-06-01 19:24:56.578593,0.0,0.0,0.0,0.0
2023-06-01 19:24:56.588538,0.0,0.0,0.0,0.0
2023-06-01 19:24:56.599313,0.0,0.0,0.0,0.0
2023-06-01 19:24:56.606664,0.0,0.0,0.0,0.0
2023-06-01 19:24:56.617056,0.0,0.0,0.0,0.0
2023-06-01 19:24:56.627336,0.0,0.0,0.0,0.0
2023-06-01 19:24:56.637455,0.0,0.0,0.0,0.0
2023-06-01 19:24:56.647202,0.0,0.0,0.0,0.0
2023-06-01 19:24:56.656901,0.0,0.0,0.0,0.0
2023-06-01 19:24:56.671935,0.0,0.0,0.0,0.0
2023-06-01 19:24:56.679982,0.0,0.0,0.0,0.0
2023-06-01 19:24:56.688941,0.0,0.0,0.0,0.0
2023-06-01 19:24:56.703921,0.0,0.0,0.0,0.0
2023-06-01 19:24:56.716577,0.0,0.0,0.0,0.0
2023-06-01 19:24:56.729296,0.0,0.0,0.0,0.0
2023-06-01 19:24:56.738039,0.0,0.0,0.0,0.0
2023-06-01 19:24:56.747099,0.0,0.0,0.0,0.0
2023-06-01 19:24:56.757273,0.0,0.0,0.0,0.0
2023-06-01 19:24:56.768860,0.0,0.0,0.0,0.0
2023-06-01 19:24:56.777427,0.0,0.0,0.0,0.0
2023-06-01 19:24:56.790398,0.0,0.0,0.0,0.0
2023-06-01 19:24:56.799253,0.0,0.0,0.0,0.0
2023-06-01 19:24:56.808452,0.0,0.0,0.0,0.0
2023-06-01 19:24:56.818605,0.0,0.0,0.0,0.0
2023-06-01 19:24:56.840134,0.0,0.0,0.0,0.0
2023-06-01 19:24:56.860104,0.0,0.0,0.0,0.0
2023-06-01 19:24:56.869944,0.0,0.0,0.0,0.0
2023-06-01 19:24:56.879479,0.0,0.0,0.0,0.0
2023-06-01 19:24:56.890172,0.0,0.0,0.0,0.0
2023-06-01 19:24:56.899002,0.0,0.0,0.0,0.0
2023-06-01 19:24:56.909638,0.0,0.0,0.0,0.0
2023-06-01 19:24:56.919616,0.0,0.0,0.0,0.0
2023-06-01 19:24:56.929006,0.0,0.0,0.0,0.0
2023-06-01 19:24:56.942017,0.0,0.0,0.0,0.0
2023-06-01 19:24:56.951287,0.0,0.0,0.0,0.0
2023-06-01 19:24:56.961066,0.0,0.0,0.0,0.0
2023-06-01 19:24:56.970131,0.0,0.0,0.0,0.0
2023-06-01 19:24:56.979502,0.0,0.0,0.0,0.0
2023-06-01 19:24:56.988876,0.0,0.0,0.0,0.0
2023-06-01 19:24:56.997283,0.0,0.0,0.0,0.0
2023-06-01 19:24:57.006629,0.0,0.0,0.0,0.0
2023-06-01 19:24:57.017315,0.0,0.0,0.0,0.0
2023-06-01 19:24:57.027077,0.0,0.0,0.0,0.0
2023-06-01 19:24:57.041725,0.0,0.0,0.0,0.0
2023-06-01 19:24:57.048581,0.0,0.0,0.0,0.0
2023-06-01 19:24:57.057198,0.0,0.0,0.0,0.0
2023-06-01 19:24:57.067854,0.0,0.0,0.0,0.0
2023-06-01 19:24:57.077261,0.0,0.0,0.0,0.0
2023-06-01 19:24:57.087941,0.0,0.0,0.0,0.0
2023-06-01 19:24:57.096929,0.0,0.0,0.0,0.0
2023-06-01 19:24:57.106998,0.0,0.0,0.0,0.0
2023-06-01 19:24:57.117746,0.0,0.0,0.0,0.0
2023-06-01 19:24:57.129794,0.0,0.0,0.0,0.0
2023-06-01 19:24:57.137367,0.0,0.0,0.0,0.0
2023-06-01 19:24:57.148012,0.0,0.0,0.0,0.0
2023-06-01 19:24:57.157110,0.0,0.0,0.0,0.0
2023-06-01 19:24:57.167414,0.0,0.0,0.0,0.0
2023-06-01 19:24:57.176901,0.0,0.0,0.0,0.0
2023-06-01 19:24:57.187606,0.0,0.0,0.0,0.0
2023-06-01 19:24:57.197264,0.0,0.0,0.0,0.0
2023-06-01 19:24:57.206781,0.0,0.0,0.0,0.0
2023-06-01 19:24:57.217966,0.0,0.0,0.0,0.0
2023-06-01 19:24:57.227267,0.0,0.0,0.0,0.0
2023-06-01 19:24:57.237818,0.0,0.0,0.0,0.0
2023-06-01 19:24:57.247340,0.0,0.0,0.0,0.0
2023-06-01 19:24:57.257549,0.0,0.0,0.0,0.0
2023-06-01 19:24:57.272444,0.0,0.0,0.0,0.0
2023-06-01 19:24:57.288948,0.0,0.0,0.0,0.0
2023-06-01 19:24:57.295379,0.0,0.0,0.0,0.0
2023-06-01 19:24:57.301493,0.0,0.0,0.0,0.0
2023-06-01 19:24:57.307350,0.0,0.0,0.0,0.0
2023-06-01 19:24:57.317546,0.0,0.0,0.0,0.0
2023-06-01 19:24:57.327591,0.0,0.0,0.0,0.0
2023-06-01 19:24:57.337894,0.0,0.0,0.0,0.0
2023-06-01 19:24:57.352682,0.0,0.0,0.0,0.0
2023-06-01 19:24:57.359864,0.0,0.0,0.0,0.0
2023-06-01 19:24:57.367201,0.0,0.0,0.0,0.0
2023-06-01 19:24:57.377554,0.0,0.0,0.0,0.0
2023-06-01 19:24:57.387630,0.0,0.0,0.0,0.0
2023-06-01 19:24:57.396926,0.0,0.0,0.0,0.0
2023-06-01 19:24:57.406924,0.0,0.0,0.0,0.0
2023-06-01 19:24:57.418001,0.0,0.0,0.0,0.0
2023-06-01 19:24:57.427570,0.0,0.0,0.0,0.0
2023-06-01 19:24:57.437927,0.0,0.0,0.0,0.0
2023-06-01 19:24:57.448701,0.0,0.0,0.0,0.0
2023-06-01 19:24:57.458167,0.0,0.0,0.0,0.0
2023-06-01 19:24:57.473196,0.0,0.0,0.0,0.0
2023-06-01 19:24:57.482817,0.0,0.0,0.0,0.0
2023-06-01 19:24:57.490379,0.0,0.0,0.0,0.0
2023-06-01 19:24:57.499990,0.0,0.0,0.0,0.0
2023-06-01 19:24:57.506932,0.0,0.0,0.0,0.0
2023-06-01 19:24:57.518419,0.0,0.0,0.0,0.0
2023-06-01 19:24:57.528232,0.0,0.0,0.0,0.0
2023-06-01 19:24:57.549148,0.0,0.0,0.0,0.0
2023-06-01 19:24:57.556218,0.0,0.0,0.0,0.0
2023-06-01 19:24:57.562527,0.0,0.0,0.0,0.0
2023-06-01 19:24:57.568528,0.0,0.0,0.0,0.0
2023-06-01 19:24:57.576640,0.0,0.0,0.0,0.0
2023-06-01 19:24:57.587039,0.0,0.0,0.0,0.0
2023-06-01 19:24:57.596758,0.0,0.0,0.0,0.0
2023-06-01 19:24:57.606783,0.0,0.0,0.0,0.0
2023-06-01 19:24:57.616893,0.0,0.0,0.0,0.0
2023-06-01 19:24:57.628614,0.0,0.0,0.0,0.0
2023-06-01 19:24:57.637070,0.0,0.0,0.0,0.0
2023-06-01 19:24:57.647896,0.0,0.0,0.0,0.0
2023-06-01 19:24:57.662162,0.0,0.0,0.0,0.0
2023-06-01 19:24:57.668311,0.0,0.0,0.0,0.0
2023-06-01 19:24:57.677357,0.0,0.0,0.0,0.0
2023-06-01 19:24:57.689068,0.0,0.0,0.0,0.0
2023-06-01 19:24:57.698208,0.0,0.0,0.0,0.0
2023-06-01 19:24:57.708301,0.0,0.0,0.0,0.0
2023-06-01 19:24:57.718824,0.0,0.0,0.0,0.0
2023-06-01 19:24:57.729932,0.0,0.0,0.0,0.0
2023-06-01 19:24:57.738823,0.0,0.0,0.0,0.0
2023-06-01 19:24:57.749261,0.0,0.0,0.0,0.0
2023-06-01 19:24:57.759561,0.0,0.0,0.0,0.0
2023-06-01 19:24:57.767972,0.0,0.0,0.0,0.0
2023-06-01 19:24:57.778697,0.0,0.0,0.0,0.0
2023-06-01 19:24:57.788411,0.0,0.0,0.0,0.0
2023-06-01 19:24:57.798015,0.0,0.0,0.0,0.0
2023-06-01 19:24:57.807934,0.0,0.0,0.0,0.0
2023-06-01 19:24:57.818179,0.0,0.0,0.0,0.0
2023-06-01 19:24:57.828022,0.0,0.0,0.0,0.0
2023-06-01 19:24:57.838096,0.0,0.0,0.0,0.0
2023-06-01 19:24:57.848251,0.0,0.0,0.0,0.0
2023-06-01 19:24:57.858344,0.0,0.0,0.0,0.0
2023-06-01 19:24:57.868242,0.0,0.0,0.0,0.0
2023-06-01 19:24:57.877951,0.0,0.0,0.0,0.0
2023-06-01 19:24:57.888284,0.0,0.0,0.0,0.0
2023-06-01 19:24:57.898021,0.0,0.0,0.0,0.0
2023-06-01 19:24:57.908561,0.0,0.0,0.0,0.0
2023-06-01 19:24:57.918099,0.0,0.0,0.0,0.0
2023-06-01 19:24:57.928555,0.0,0.0,0.0,0.0
2023-06-01 19:24:57.938019,0.0,0.0,0.0,0.0
2023-06-01 19:24:57.948035,0.0,0.0,0.0,0.0
2023-06-01 19:24:57.958643,0.0,0.0,0.0,0.0
2023-06-01 19:24:57.968436,0.0,0.0,0.0,0.0
2023-06-01 19:24:57.978060,0.0,0.0,0.0,0.0
2023-06-01 19:24:57.988030,0.0,0.0,0.0,0.0
2023-06-01 19:24:57.997934,0.0,0.0,0.0,0.0
2023-06-01 19:24:58.008005,0.0,0.0,0.0,0.0
2023-06-01 19:24:58.018094,0.0,0.0,0.0,0.0
2023-06-01 19:24:58.027829,0.0,0.0,0.0,0.0
2023-06-01 19:24:58.038053,0.0,0.0,0.0,0.0
2023-06-01 19:24:58.048170,0.0,0.0,0.0,0.0
2023-06-01 19:24:58.058366,0.0,0.0,0.0,0.0
2023-06-01 19:24:58.068084,0.0,0.0,0.0,0.0
2023-06-01 19:24:58.078591,0.0,0.0,0.0,0.0
2023-06-01 19:24:58.088408,0.0,0.0,0.0,0.0
2023-06-01 19:24:58.098319,0.0,0.0,0.0,0.0
2023-06-01 19:24:58.108130,0.0,0.0,0.0,0.0
2023-06-01 19:24:58.118234,0.0,0.0,0.0,0.0
2023-06-01 19:24:58.128061,0.0,0.0,0.0,0.0
2023-06-01 19:24:58.137863,0.0,0.0,0.0,0.0
2023-06-01 19:24:58.148446,0.0,0.0,0.0,0.0
2023-06-01 19:24:58.159449,0.0,0.0,0.0,0.0
2023-06-01 19:24:58.168223,0.0,0.0,0.0,0.0
2023-06-01 19:24:58.178373,0.0,0.0,0.0,0.0
2023-06-01 19:24:58.188007,0.0,0.0,0.0,0.0
2023-06-01 19:24:58.198191,0.0,0.0,0.0,0.0
2023-06-01 19:24:58.209403,0.0,0.0,0.0,0.0
2023-06-01 19:24:58.217914,0.0,0.0,0.0,0.0
2023-06-01 19:24:58.228422,0.0,0.0,0.0,0.0
2023-06-01 19:24:58.238248,0.0,0.0,0.0,0.0
2023-06-01 19:24:58.248375,0.0,0.0,0.0,0.0
2023-06-01 19:24:58.259668,0.0,0.0,0.0,0.0
2023-06-01 19:24:58.269249,0.0,0.0,0.0,0.0
2023-06-01 19:24:58.280509,0.0,0.0,0.0,0.0
2023-06-01 19:24:58.289389,0.0,0.0,0.0,0.0
2023-06-01 19:24:58.298062,0.0,0.0,0.0,0.0
2023-06-01 19:24:58.308450,0.0,0.0,0.0,0.0
2023-06-01 19:24:58.318590,0.0,0.0,0.0,0.0
2023-06-01 19:24:58.328173,0.0,0.0,0.0,0.0
2023-06-01 19:24:58.338282,0.0,0.0,0.0,0.0
2023-06-01 19:24:58.348060,0.0,0.0,0.0,0.0
2023-06-01 19:24:58.358156,0.0,0.0,0.0,0.0
2023-06-01 19:24:58.367918,0.0,0.0,0.0,0.0
2023-06-01 19:24:58.378176,0.0,0.0,0.0,0.0
2023-06-01 19:24:58.389236,0.0,0.0,0.0,0.0
2023-06-01 19:24:58.398038,0.0,0.0,0.0,0.0
2023-06-01 19:24:58.408228,0.0,0.0,0.0,0.0
2023-06-01 19:24:58.418174,0.0,0.0,0.0,0.0
2023-06-01 19:24:58.428457,0.0,0.0,0.0,0.0
2023-06-01 19:24:58.438076,0.0,0.0,0.0,0.0
2023-06-01 19:24:58.447979,0.0,0.0,0.0,0.0
2023-06-01 19:24:58.458921,0.0,0.0,0.0,0.0
2023-06-01 19:24:58.467901,0.0,0.0,0.0,0.0
2023-06-01 19:24:58.478300,0.0,0.0,0.0,0.0
2023-06-01 19:24:58.490638,0.0,0.0,0.0,0.0
2023-06-01 19:24:58.499099,0.0,0.0,0.0,0.0
2023-06-01 19:24:58.508625,0.0,0.0,0.0,0.0
2023-06-01 19:24:58.518169,0.0,0.0,0.0,0.0
2023-06-01 19:24:58.528253,0.0,0.0,0.0,0.0
2023-06-01 19:24:58.538107,0.0,0.0,0.0,0.0
2023-06-01 19:24:58.548286,0.0,0.0,0.0,0.0
2023-06-01 19:24:58.558139,0.0,0.0,0.0,0.0
2023-06-01 19:24:58.568371,0.0,0.0,0.0,0.0
2023-06-01 19:24:58.578103,0.0,0.0,0.0,0.0
2023-06-01 19:24:58.588420,0.0,0.0,0.0,0.0
2023-06-01 19:24:58.599604,0.0,0.0,0.0,0.0
2023-06-01 19:24:58.607827,0.0,0.0,0.0,0.0
2023-06-01 19:24:58.618388,0.0,0.0,0.0,0.0
2023-06-01 19:24:58.628157,0.0,0.0,0.0,0.0
2023-06-01 19:24:58.638259,0.0,0.0,0.0,0.0
2023-06-01 19:24:58.648366,0.0,0.0,0.0,0.0
2023-06-01 19:24:58.657994,0.0,0.0,0.0,0.0
2023-06-01 19:24:58.668121,0.0,0.0,0.0,0.0
2023-06-01 19:24:58.679482,0.0,0.0,0.0,0.0
2023-06-01 19:24:58.688057,0.0,0.0,0.0,0.0
2023-06-01 19:24:58.699336,0.0,0.0,0.0,0.0
2023-06-01 19:24:58.707938,0.0,0.0,0.0,0.0
2023-06-01 19:24:58.718278,0.0,0.0,0.0,0.0
2023-06-01 19:24:58.728271,0.0,0.0,0.0,0.0
2023-06-01 19:24:58.739433,0.0,0.0,0.0,0.0
2023-06-01 19:24:58.748054,0.0,0.0,0.0,0.0
2023-06-01 19:24:58.758184,0.0,0.0,0.0,0.0
2023-06-01 19:24:58.768090,0.0,0.0,0.0,0.0
2023-06-01 19:24:58.778272,0.0,0.0,0.0,0.0
2023-06-01 19:24:58.789404,0.0,0.0,0.0,0.0
2023-06-01 19:24:58.797916,0.0,0.0,0.0,0.0
2023-06-01 19:24:58.808358,0.0,0.0,0.0,0.0
2023-06-01 19:24:58.819595,0.0,0.0,0.0,0.0
2023-06-01 19:24:58.827976,0.0,0.0,0.0,0.0
2023-06-01 19:24:58.838190,0.0,0.0,0.0,0.0
2023-06-01 19:24:58.848277,0.0,0.0,0.0,0.0
2023-06-01 19:24:58.858234,0.0,0.0,0.0,0.0
2023-06-01 19:24:58.869251,0.0,0.0,0.0,0.0
2023-06-01 19:24:58.878058,0.0,0.0,0.0,0.0
2023-06-01 19:24:58.889380,0.0,0.0,0.0,0.0
2023-06-01 19:24:58.898009,0.0,0.0,0.0,0.0
2023-06-01 19:24:58.908246,0.0,0.0,0.0,0.0
2023-06-01 19:24:58.918021,0.0,0.0,0.0,0.0
2023-06-01 19:24:58.928297,0.0,0.0,0.0,0.0
2023-06-01 19:24:58.939483,0.0,0.0,0.0,0.0
2023-06-01 19:24:58.948004,0.0,0.0,0.0,0.0
2023-06-01 19:24:58.959488,0.0,0.0,0.0,0.0
2023-06-01 19:24:58.967894,0.0,0.0,0.0,0.0
2023-06-01 19:24:58.978105,0.0,0.0,0.0,0.0
2023-06-01 19:24:58.989066,0.0,0.0,0.0,0.0
2023-06-01 19:24:58.998014,0.0,0.0,0.0,0.0
2023-06-01 19:24:59.008130,0.0,0.0,0.0,0.0
2023-06-01 19:24:59.018317,0.0,0.0,0.0,0.0
2023-06-01 19:24:59.028171,0.0,0.0,0.0,0.0
2023-06-01 19:24:59.037955,0.0,0.0,0.0,0.0
2023-06-01 19:24:59.048091,0.0,0.0,0.0,0.0
2023-06-01 19:24:59.057979,0.0,0.0,0.0,0.0
2023-06-01 19:24:59.067844,0.0,0.0,0.0,0.0
2023-06-01 19:24:59.078031,0.0,0.0,0.0,0.0
2023-06-01 19:24:59.088172,0.0,0.0,0.0,0.0
2023-06-01 19:24:59.097913,0.0,0.0,0.0,0.0
2023-06-01 19:24:59.108423,0.0,0.0,0.0,0.0
2023-06-01 19:24:59.117940,0.0,0.0,0.0,0.0
2023-06-01 19:24:59.128480,0.0,0.0,0.0,0.0
2023-06-01 19:24:59.147564,0.0,0.0,0.0,0.0
2023-06-01 19:24:59.155674,0.0,0.0,0.0,0.0
2023-06-01 19:24:59.163296,0.0,0.0,0.0,0.0
2023-06-01 19:24:59.172166,0.0,0.0,0.0,0.0
2023-06-01 19:24:59.179849,0.0,0.0,0.0,0.0
2023-06-01 19:24:59.187871,0.0,0.0,0.0,0.0
2023-06-01 19:24:59.198093,0.0,0.0,0.0,0.0
2023-06-01 19:24:59.208256,0.0,0.0,0.0,0.0
2023-06-01 19:24:59.218114,0.0,0.0,0.0,0.0
2023-06-01 19:24:59.227969,0.0,0.0,0.0,0.0
2023-06-01 19:24:59.237969,0.0,0.0,0.0,0.0
2023-06-01 19:24:59.248328,0.0,0.0,0.0,0.0
2023-06-01 19:24:59.257869,0.0,0.0,0.0,0.0
2023-06-01 19:24:59.267998,0.0,0.0,0.0,0.0
2023-06-01 19:24:59.277839,0.0,0.0,0.0,0.0
2023-06-01 19:24:59.287865,0.0,0.0,0.0,0.0
2023-06-01 19:24:59.297855,0.0,0.0,0.0,0.0
2023-06-01 19:24:59.307932,0.0,0.0,0.0,0.0
2023-06-01 19:24:59.317978,0.0,0.0,0.0,0.0
2023-06-01 19:24:59.336531,0.0,0.0,0.0,0.0
2023-06-01 19:24:59.344250,0.0,0.0,0.0,0.0
2023-06-01 19:24:59.352532,0.0,0.0,0.0,0.0
2023-06-01 19:24:59.360418,0.0,0.0,0.0,0.0
2023-06-01 19:24:59.368969,0.0,0.0,0.0,0.0
2023-06-01 19:24:59.378075,0.0,0.0,0.0,0.0
2023-06-01 19:24:59.388163,0.0,0.0,0.0,0.0
2023-06-01 19:24:59.398210,0.0,0.0,0.0,0.0
2023-06-01 19:24:59.408624,0.0,0.0,0.0,0.0
2023-06-01 19:24:59.417936,0.0,0.0,0.0,0.0
2023-06-01 19:24:59.427882,0.0,0.0,0.0,0.0
2023-06-01 19:24:59.437736,0.0,0.0,0.0,0.0
2023-06-01 19:24:59.448122,0.0,0.0,0.0,0.0
2023-06-01 19:24:59.457830,0.0,0.0,0.0,0.0
2023-06-01 19:24:59.467913,0.0,0.0,0.0,0.0
2023-06-01 19:24:59.478157,0.0,0.0,0.0,0.0
2023-06-01 19:24:59.487973,0.0,0.0,0.0,0.0
2023-06-01 19:24:59.498710,0.0,0.0,0.0,0.0
2023-06-01 19:24:59.508273,0.0,0.0,0.0,0.0
2023-06-01 19:24:59.518296,0.0,0.0,0.0,0.0
2023-06-01 19:24:59.528425,0.0,0.0,0.0,0.0
2023-06-01 19:24:59.538320,0.0,0.0,0.0,0.0
2023-06-01 19:24:59.548066,0.0,0.0,0.0,0.0
2023-06-01 19:24:59.557785,0.0,0.0,0.0,0.0
2023-06-01 19:24:59.568115,0.0,0.0,0.0,0.0
2023-06-01 19:24:59.578843,0.0,0.0,0.0,0.0
2023-06-01 19:24:59.587979,0.0,0.0,0.0,0.0
2023-06-01 19:24:59.598962,0.0,0.0,0.0,0.0
2023-06-01 19:24:59.608113,0.0,0.0,0.0,0.0
2023-06-01 19:24:59.617997,0.0,0.0,0.0,0.0
2023-06-01 19:24:59.629181,0.0,0.0,0.0,0.0
2023-06-01 19:24:59.637865,0.0,0.0,0.0,0.0
2023-06-01 19:24:59.648034,0.0,0.0,0.0,0.0
2023-06-01 19:24:59.657867,0.0,0.0,0.0,0.0
2023-06-01 19:24:59.667916,0.0,0.0,0.0,0.0
2023-06-01 19:24:59.677782,0.0,0.0,0.0,0.0
2023-06-01 19:24:59.687844,0.0,0.0,0.0,0.0
2023-06-01 19:24:59.698130,0.0,0.0,0.0,0.0
2023-06-01 19:24:59.708377,0.0,0.0,0.0,0.0
2023-06-01 19:24:59.718082,0.0,0.0,0.0,0.0
2023-06-01 19:24:59.735696,0.0,0.0,0.0,0.0
2023-06-01 19:24:59.743546,0.0,0.0,0.0,0.0
2023-06-01 19:24:59.751156,0.0,0.0,0.0,0.0
2023-06-01 19:24:59.759773,0.0,0.0,0.0,0.0
2023-06-01 19:24:59.768052,0.0,0.0,0.0,0.0
2023-06-01 19:24:59.777891,0.0,0.0,0.0,0.0
2023-06-01 19:24:59.788249,0.0,0.0,0.0,0.0
2023-06-01 19:24:59.798572,0.0,0.0,0.0,0.0
2023-06-01 19:24:59.808290,0.0,0.0,0.0,0.0
2023-06-01 19:24:59.818016,0.0,0.0,0.0,0.0
2023-06-01 19:24:59.828007,0.0,0.0,0.0,0.0
2023-06-01 19:24:59.838028,0.0,0.0,0.0,0.0
2023-06-01 19:24:59.848073,0.0,0.0,0.0,0.0
2023-06-01 19:24:59.859093,0.0,0.0,0.0,0.0
2023-06-01 19:24:59.868071,0.0,0.0,0.0,0.0
2023-06-01 19:24:59.878239,0.0,0.0,0.0,0.0
2023-06-01 19:24:59.888286,0.0,0.0,0.0,0.0
2023-06-01 19:24:59.897771,0.0,0.0,0.0,0.0
2023-06-01 19:24:59.908305,0.0,0.0,0.0,0.0
2023-06-01 19:24:59.918141,0.0,0.0,0.0,0.0
2023-06-01 19:24:59.927881,0.0,0.0,0.0,0.0
2023-06-01 19:24:59.939280,0.0,0.0,0.0,0.0
2023-06-01 19:24:59.948103,0.0,0.0,0.0,0.0
2023-06-01 19:24:59.957912,0.0,0.0,0.0,0.0
2023-06-01 19:24:59.968193,0.0,0.0,0.0,0.0
2023-06-01 19:24:59.978377,0.0,0.0,0.0,0.0
2023-06-01 19:24:59.989354,0.0,0.0,0.0,0.0
2023-06-01 19:24:59.998364,0.0,0.0,0.0,0.0
2023-06-01 19:25:00.008182,0.0,0.0,0.0,0.0
2023-06-01 19:25:00.018195,0.0,0.0,0.0,0.0
2023-06-01 19:25:00.028412,0.0,0.0,0.0,0.0
2023-06-01 19:25:00.039622,0.0,0.0,0.0,0.0
2023-06-01 19:25:00.047956,0.0,0.0,0.0,0.0
2023-06-01 19:25:00.058414,0.0,0.0,0.0,0.0
2023-06-01 19:25:00.068167,0.0,0.0,0.0,0.0
2023-06-01 19:25:00.078423,0.0,0.0,0.0,0.0
2023-06-01 19:25:00.088115,0.0,0.0,0.0,0.0
2023-06-01 19:25:00.097897,0.0,0.0,0.0,0.0
2023-06-01 19:25:00.108469,0.0,0.0,0.0,0.0
2023-06-01 19:25:00.118098,0.0,0.0,0.0,0.0
2023-06-01 19:25:00.128107,0.0,0.0,0.0,0.0
2023-06-01 19:25:00.137773,0.0,0.0,0.0,0.0
2023-06-01 19:25:00.148050,0.0,0.0,0.0,0.0
2023-06-01 19:25:00.158043,0.0,0.0,0.0,0.0
2023-06-01 19:25:00.168011,0.0,0.0,0.0,0.0
2023-06-01 19:25:00.178626,0.0,0.0,0.0,0.0
2023-06-01 19:25:00.188051,0.0,0.0,0.0,0.0
2023-06-01 19:25:00.197951,0.0,0.0,0.0,0.0
2023-06-01 19:25:00.208042,0.0,0.0,0.0,0.0
2023-06-01 19:25:00.218111,0.0,0.0,0.0,0.0
2023-06-01 19:25:00.227915,0.0,0.0,0.0,0.0
2023-06-01 19:25:00.237809,0.0,0.0,0.0,0.0
2023-06-01 19:25:00.249114,0.0,0.0,0.0,0.0
2023-06-01 19:25:00.257878,0.0,0.0,0.0,0.0
2023-06-01 19:25:00.268335,0.0,0.0,0.0,0.0
2023-06-01 19:25:00.278111,0.0,0.0,0.0,0.0
2023-06-01 19:25:00.289524,0.0,0.0,0.0,0.0
2023-06-01 19:25:00.297948,0.0,0.0,0.0,0.0
2023-06-01 19:25:00.308142,0.0,0.0,0.0,0.0
2023-06-01 19:25:00.317810,0.0,0.0,0.0,0.0
2023-06-01 19:25:00.328125,0.0,0.0,0.0,0.0
2023-06-01 19:25:00.338085,0.0,0.0,0.0,0.0
2023-06-01 19:25:00.347850,0.0,0.0,0.0,0.0
2023-06-01 19:25:00.357756,0.0,0.0,0.0,0.0
2023-06-01 19:25:00.368005,0.0,0.0,0.0,0.0
2023-06-01 19:25:00.377818,0.0,0.0,0.0,0.0
2023-06-01 19:25:00.387867,0.0,0.0,0.0,0.0
2023-06-01 19:25:00.397727,0.0,0.0,0.0,0.0
2023-06-01 19:25:00.407745,0.0,0.0,0.0,0.0
2023-06-01 19:25:00.417770,0.0,0.0,0.0,0.0
2023-06-01 19:25:00.427961,0.0,0.0,0.0,0.0
2023-06-01 19:25:00.437882,0.0,0.0,0.0,0.0
2023-06-01 19:25:00.447916,0.0,0.0,0.0,0.0
2023-06-01 19:25:00.457665,0.0,0.0,0.0,0.0
2023-06-01 19:25:00.468679,0.0,0.0,0.0,0.0
2023-06-01 19:25:00.478051,0.0,0.0,0.0,0.0
2023-06-01 19:25:00.488020,0.0,0.0,0.0,0.0
2023-06-01 19:25:00.497960,0.0,0.0,0.0,0.0
2023-06-01 19:25:00.507977,0.0,0.0,0.0,0.0
2023-06-01 19:25:00.518179,0.0,0.0,0.0,0.0
2023-06-01 19:25:00.528147,0.0,0.0,0.0,0.0
2023-06-01 19:25:00.537737,0.0,0.0,0.0,0.0
2023-06-01 19:25:00.548023,0.0,0.0,0.0,0.0
2023-06-01 19:25:00.557949,0.0,0.0,0.0,0.0
2023-06-01 19:25:00.568027,0.0,0.0,0.0,0.0
2023-06-01 19:25:00.578033,0.0,0.0,0.0,0.0
2023-06-01 19:25:00.589155,0.0,0.0,0.0,0.0
2023-06-01 19:25:00.597718,0.0,0.0,0.0,0.0
2023-06-01 19:25:00.607921,0.0,0.0,0.0,0.0
2023-06-01 19:25:00.617772,0.0,0.0,0.0,0.0
2023-06-01 19:25:00.627871,0.0,0.0,0.0,0.0
2023-06-01 19:25:00.637793,0.0,0.0,0.0,0.0
2023-06-01 19:25:00.647777,0.0,0.0,0.0,0.0
2023-06-01 19:25:00.657765,0.0,0.0,0.0,0.0
2023-06-01 19:25:00.668279,0.0,0.0,0.0,0.0
2023-06-01 19:25:00.677730,0.0,0.0,0.0,0.0
2023-06-01 19:25:00.688155,0.0,0.0,0.0,0.0
2023-06-01 19:25:00.697976,0.0,0.0,0.0,0.0
2023-06-01 19:25:00.707817,0.0,0.0,0.0,0.0
2023-06-01 19:25:00.718069,0.0,0.0,0.0,0.0
2023-06-01 19:25:00.727862,0.0,0.0,0.0,0.0
2023-06-01 19:25:00.737734,0.0,0.0,0.0,0.0
2023-06-01 19:25:00.748079,0.0,0.0,0.0,0.0
2023-06-01 19:25:00.758408,0.0,0.0,0.0,0.0
2023-06-01 19:25:00.767875,0.0,0.0,0.0,0.0
2023-06-01 19:25:00.777950,0.0,0.0,0.0,0.0
2023-06-01 19:25:00.787782,0.0,0.0,0.0,0.0
2023-06-01 19:25:00.798147,0.0,0.0,0.0,0.0
2023-06-01 19:25:00.807773,0.0,0.0,0.0,0.0
2023-06-01 19:25:00.817731,0.0,0.0,0.0,0.0
2023-06-01 19:25:00.827869,0.0,0.0,0.0,0.0
2023-06-01 19:25:00.837755,0.0,0.0,0.0,0.0
2023-06-01 19:25:00.848056,0.0,0.0,0.0,0.0
2023-06-01 19:25:00.857695,0.0,0.0,0.0,0.0
2023-06-01 19:25:00.868040,0.0,0.0,0.0,0.0
2023-06-01 19:25:00.877888,0.0,0.0,0.0,0.0
2023-06-01 19:25:00.888776,0.0,0.0,0.0,0.0
2023-06-01 19:25:00.897722,0.0,0.0,0.0,0.0
2023-06-01 19:25:00.908890,0.0,0.0,0.0,0.0
2023-06-01 19:25:00.918143,0.0,0.0,0.0,0.0
2023-06-01 19:25:00.928544,0.0,0.0,0.0,0.0
2023-06-01 19:25:00.938051,0.0,0.0,0.0,0.0
2023-06-01 19:25:00.947978,0.0,0.0,0.0,0.0
2023-06-01 19:25:00.957877,0.0,0.0,0.0,0.0
2023-06-01 19:25:00.968089,0.0,0.0,0.0,0.0
2023-06-01 19:25:00.977796,0.0,0.0,0.0,0.0
2023-06-01 19:25:00.988250,0.0,0.0,0.0,0.0
2023-06-01 19:25:00.998104,0.0,0.0,0.0,0.0
2023-06-01 19:25:01.008166,0.0,0.0,0.0,0.0
2023-06-01 19:25:01.017949,0.0,0.0,0.0,0.0
2023-06-01 19:25:01.027758,0.0,0.0,0.0,0.0
2023-06-01 19:25:01.037777,0.0,0.0,0.0,0.0
2023-06-01 19:25:01.047943,0.0,0.0,0.0,0.0
2023-06-01 19:25:01.057671,0.0,0.0,0.0,0.0
2023-06-01 19:25:01.067861,0.0,0.0,0.0,0.0
2023-06-01 19:25:01.077980,0.0,0.0,0.0,0.0
2023-06-01 19:25:01.087781,0.0,0.0,0.0,0.0
2023-06-01 19:25:01.097795,0.0,0.0,0.0,0.0
2023-06-01 19:25:01.109467,0.0,0.0,0.0,0.0
2023-06-01 19:25:01.118103,0.0,0.0,0.0,0.0
2023-06-01 19:25:01.128156,0.0,0.0,0.0,0.0
2023-06-01 19:25:01.137753,0.0,0.0,0.0,0.0
2023-06-01 19:25:01.147871,0.0,0.0,0.0,0.0
2023-06-01 19:25:01.157788,0.0,0.0,0.0,0.0
2023-06-01 19:25:01.167822,0.0,0.0,0.0,0.0
2023-06-01 19:25:01.177880,0.0,0.0,0.0,0.0
2023-06-01 19:25:01.187788,0.0,0.0,0.0,0.0
2023-06-01 19:25:01.198109,0.0,0.0,0.0,0.0
2023-06-01 19:25:01.207928,0.0,0.0,0.0,0.0
2023-06-01 19:25:01.217844,0.0,0.0,0.0,0.0
2023-06-01 19:25:01.227897,0.0,0.0,0.0,0.0
2023-06-01 19:25:01.238087,0.0,0.0,0.0,0.0
2023-06-01 19:25:01.247886,0.0,0.0,0.0,0.0
2023-06-01 19:25:01.257840,0.0,0.0,0.0,0.0
2023-06-01 19:25:01.267818,0.0,0.0,0.0,0.0
2023-06-01 19:25:01.278282,0.0,0.0,0.0,0.0
2023-06-01 19:25:01.287858,0.0,0.0,0.0,0.0
2023-06-01 19:25:01.297807,0.0,0.0,0.0,0.0
2023-06-01 19:25:01.308579,0.0,0.0,0.0,0.0
2023-06-01 19:25:01.318048,0.0,0.0,0.0,0.0
2023-06-01 19:25:01.327783,0.0,0.0,0.0,0.0
2023-06-01 19:25:01.337848,0.0,0.0,0.0,0.0
2023-06-01 19:25:01.347992,0.0,0.0,0.0,0.0
2023-06-01 19:25:01.357735,0.0,0.0,0.0,0.0
2023-06-01 19:25:01.367935,0.0,0.0,0.0,0.0
2023-06-01 19:25:01.378015,0.0,0.0,0.0,0.0
2023-06-01 19:25:01.388487,0.0,0.0,0.0,0.0
2023-06-01 19:25:01.397948,0.0,0.0,0.0,0.0
2023-06-01 19:25:01.408828,0.0,0.0,0.0,0.0
2023-06-01 19:25:01.417866,0.0,0.0,0.0,0.0
2023-06-01 19:25:01.429054,0.0,0.0,0.0,0.0
2023-06-01 19:25:01.437953,0.0,0.0,0.0,0.0
2023-06-01 19:25:01.447898,0.0,0.0,0.0,0.0
2023-06-01 19:25:01.457773,0.0,0.0,0.0,0.0
2023-06-01 19:25:01.467795,0.0,0.0,0.0,0.0
2023-06-01 19:25:01.477742,0.0,0.0,0.0,0.0
2023-06-01 19:25:01.487870,0.0,0.0,0.0,0.0
2023-06-01 19:25:01.497729,0.0,0.0,0.0,0.0
2023-06-01 19:25:01.507831,0.0,0.0,0.0,0.0
2023-06-01 19:25:01.517975,0.0,0.0,0.0,0.0
2023-06-01 19:25:01.527905,0.0,0.0,0.0,0.0
2023-06-01 19:25:01.538095,0.0,0.0,0.0,0.0
2023-06-01 19:25:01.547960,0.0,0.0,0.0,0.0
2023-06-01 19:25:01.557890,0.0,0.0,0.0,0.0
2023-06-01 19:25:01.567925,0.0,0.0,0.0,0.0
2023-06-01 19:25:01.577897,0.0,0.0,0.0,0.0
2023-06-01 19:25:01.587937,0.0,0.0,0.0,0.0
2023-06-01 19:25:01.597821,0.0,0.0,0.0,0.0
2023-06-01 19:25:01.607797,0.0,0.0,0.0,0.0
2023-06-01 19:25:01.619094,0.0,0.0,0.0,0.0
2023-06-01 19:25:01.628162,0.0,0.0,0.0,0.0
2023-06-01 19:25:01.638208,0.0,0.0,0.0,0.0
2023-06-01 19:25:01.647977,0.0,0.0,0.0,0.0
2023-06-01 19:25:01.657722,0.0,0.0,0.0,0.0
2023-06-01 19:25:01.667820,0.0,0.0,0.0,0.0
2023-06-01 19:25:01.677840,0.0,0.0,0.0,0.0
2023-06-01 19:25:01.687939,0.0,0.0,0.0,0.0
2023-06-01 19:25:01.697882,0.0,0.0,0.0,0.0
2023-06-01 19:25:01.708104,0.0,0.0,0.0,0.0
2023-06-01 19:25:01.717771,0.0,0.0,0.0,0.0
2023-06-01 19:25:01.728143,0.0,0.0,0.0,0.0
2023-06-01 19:25:01.737796,0.0,0.0,0.0,0.0
2023-06-01 19:25:01.748002,0.0,0.0,0.0,0.0
2023-06-01 19:25:01.757872,0.0,0.0,0.0,0.0
2023-06-01 19:25:01.767775,0.0,0.0,0.0,0.0
2023-06-01 19:25:01.786505,0.0,0.0,0.0,0.0
2023-06-01 19:25:01.794826,0.0,0.0,0.0,0.0
2023-06-01 19:25:01.803150,0.0,0.0,0.0,0.0
2023-06-01 19:25:01.811841,0.0,0.0,0.0,0.0
2023-06-01 19:25:01.819527,0.0,0.0,0.0,0.0
2023-06-01 19:25:01.828534,0.0,0.0,0.0,0.0
2023-06-01 19:25:01.837927,0.0,0.0,0.0,0.0
2023-06-01 19:25:01.848041,0.0,0.0,0.0,0.0
2023-06-01 19:25:01.857851,0.0,0.0,0.0,0.0
2023-06-01 19:25:01.867866,0.0,0.0,0.0,0.0
2023-06-01 19:25:01.878087,0.0,0.0,0.0,0.0
2023-06-01 19:25:01.887916,0.0,0.0,0.0,0.0
2023-06-01 19:25:01.898112,0.0,0.0,0.0,0.0
2023-06-01 19:25:01.908513,0.0,0.0,0.0,0.0
2023-06-01 19:25:01.919348,0.0,0.0,0.0,0.0
2023-06-01 19:25:01.927993,0.0,0.0,0.0,0.0
2023-06-01 19:25:01.946212,0.0,0.0,0.0,0.0
2023-06-01 19:25:01.954021,0.0,0.0,0.0,0.0
2023-06-01 19:25:01.961692,0.0,0.0,0.0,0.0
2023-06-01 19:25:01.969269,0.0,0.0,0.0,0.0
2023-06-01 19:25:01.978386,0.0,0.0,0.0,0.0
2023-06-01 19:25:01.987897,0.0,0.0,0.0,0.0
2023-06-01 19:25:01.997783,0.0,0.0,0.0,0.0
2023-06-01 19:25:02.007848,0.0,0.0,0.0,0.0
2023-06-01 19:25:02.017748,0.0,0.0,0.0,0.0
2023-06-01 19:25:02.027989,0.0,0.0,0.0,0.0
2023-06-01 19:25:02.038301,0.0,0.0,0.0,0.0
2023-06-01 19:25:02.047846,0.0,0.0,0.0,0.0
2023-06-01 19:25:02.057833,0.0,0.0,0.0,0.0
2023-06-01 19:25:02.067781,0.0,0.0,0.0,0.0
2023-06-01 19:25:02.078240,0.0,0.0,0.0,0.0
2023-06-01 19:25:02.088109,0.0,0.0,0.0,0.0
2023-06-01 19:25:02.098093,0.0,0.0,0.0,0.0
2023-06-01 19:25:02.107847,0.0,0.0,0.0,0.0
2023-06-01 19:25:02.117832,0.0,0.0,0.0,0.0
2023-06-01 19:25:02.127802,0.0,0.0,0.0,0.0
2023-06-01 19:25:02.138083,0.0,0.0,0.0,0.0
2023-06-01 19:25:02.148249,0.0,0.0,0.0,0.0
2023-06-01 19:25:02.158024,0.0,0.0,0.0,0.0
2023-06-01 19:25:02.167907,0.0,0.0,0.0,0.0
2023-06-01 19:25:02.178012,0.0,0.0,0.0,0.0
2023-06-01 19:25:02.187922,0.0,0.0,0.0,0.0
2023-06-01 19:25:02.197808,0.0,0.0,0.0,0.0
2023-06-01 19:25:02.208219,0.0,0.0,0.0,0.0
2023-06-01 19:25:02.217911,0.0,0.0,0.0,0.0
2023-06-01 19:25:02.227974,0.0,0.0,0.0,0.0
2023-06-01 19:25:02.238058,0.0,0.0,0.0,0.0
2023-06-01 19:25:02.248203,0.0,0.0,0.0,0.0
2023-06-01 19:25:02.259115,0.0,0.0,0.0,0.0
2023-06-01 19:25:02.268249,0.0,0.0,0.0,0.0
2023-06-01 19:25:02.277835,0.0,0.0,0.0,0.0
2023-06-01 19:25:02.287932,0.0,0.0,0.0,0.0
2023-06-01 19:25:02.297881,0.0,0.0,0.0,0.0
2023-06-01 19:25:02.307868,0.0,0.0,0.0,0.0
2023-06-01 19:25:02.319253,0.0,0.0,0.0,0.0
2023-06-01 19:25:02.327864,0.0,0.0,0.0,0.0
2023-06-01 19:25:02.338488,0.0,0.0,0.0,0.0
2023-06-01 19:25:02.348276,0.0,0.0,0.0,0.0
2023-06-01 19:25:02.357795,0.0,0.0,0.0,0.0
2023-06-01 19:25:02.368181,0.0,0.0,0.0,0.0
2023-06-01 19:25:02.378001,0.0,0.0,0.0,0.0
2023-06-01 19:25:02.388195,0.0,0.0,0.0,0.0
2023-06-01 19:25:02.397979,0.0,0.0,0.0,0.0
2023-06-01 19:25:02.407900,0.0,0.0,0.0,0.0
2023-06-01 19:25:02.417885,0.0,0.0,0.0,0.0
2023-06-01 19:25:02.427922,0.0,0.0,0.0,0.0
2023-06-01 19:25:02.437720,0.0,0.0,0.0,0.0
2023-06-01 19:25:02.447986,0.0,0.0,0.0,0.0
2023-06-01 19:25:02.457772,0.0,0.0,0.0,0.0
2023-06-01 19:25:02.467739,0.0,0.0,0.0,0.0
2023-06-01 19:25:02.477846,0.0,0.0,0.0,0.0
2023-06-01 19:25:02.487844,0.0,0.0,0.0,0.0
2023-06-01 19:25:02.497920,0.0,0.0,0.0,0.0
2023-06-01 19:25:02.508008,0.0,0.0,0.0,0.0
2023-06-01 19:25:02.517900,0.0,0.0,0.0,0.0
2023-06-01 19:25:02.528246,0.0,0.0,0.0,0.0
2023-06-01 19:25:02.537850,0.0,0.0,0.0,0.0
2023-06-01 19:25:02.547790,0.0,0.0,0.0,0.0
2023-06-01 19:25:02.558002,0.0,0.0,0.0,0.0
2023-06-01 19:25:02.568292,0.0,0.0,0.0,0.0
2023-06-01 19:25:02.577795,0.0,0.0,0.0,0.0
2023-06-01 19:25:02.588109,0.0,0.0,0.0,0.0
2023-06-01 19:25:02.597758,0.0,0.0,0.0,0.0
2023-06-01 19:25:02.607992,0.0,0.0,0.0,0.0
2023-06-01 19:25:02.617840,0.0,0.0,0.0,0.0
2023-06-01 19:25:02.627728,0.0,0.0,0.0,0.0
2023-06-01 19:25:02.637895,0.0,0.0,0.0,0.0
2023-06-01 19:25:02.647831,0.0,0.0,0.0,0.0
2023-06-01 19:25:02.658000,0.0,0.0,0.0,0.0
2023-06-01 19:25:02.667911,0.0,0.0,0.0,0.0
2023-06-01 19:25:02.677748,0.0,0.0,0.0,0.0
2023-06-01 19:25:02.687988,0.0,0.0,0.0,0.0
2023-06-01 19:25:02.697985,0.0,0.0,0.0,0.0
2023-06-01 19:25:02.709236,0.0,0.0,0.0,0.0
2023-06-01 19:25:02.718001,0.0,0.0,0.0,0.0
2023-06-01 19:25:02.728128,0.0,0.0,0.0,0.0
2023-06-01 19:25:02.738247,0.0,0.0,0.0,0.0
2023-06-01 19:25:02.747944,0.0,0.0,0.0,0.0
2023-06-01 19:25:02.757775,0.0,0.0,0.0,0.0
2023-06-01 19:25:02.767764,0.0,0.0,0.0,0.0
2023-06-01 19:25:02.777945,0.0,0.0,0.0,0.0
2023-06-01 19:25:02.788036,0.0,0.0,0.0,0.0
2023-06-01 19:25:02.797812,0.0,0.0,0.0,0.0
2023-06-01 19:25:02.807870,0.0,0.0,0.0,0.0
2023-06-01 19:25:02.817907,0.0,0.0,0.0,0.0
2023-06-01 19:25:02.827882,0.0,0.0,0.0,0.0
2023-06-01 19:25:02.838188,0.0,0.0,0.0,0.0
2023-06-01 19:25:02.847989,0.0,0.0,0.0,0.0
2023-06-01 19:25:02.858620,0.0,0.0,0.0,0.0
2023-06-01 19:25:02.867940,0.0,0.0,0.0,0.0
2023-06-01 19:25:02.877756,0.0,0.0,0.0,0.0
2023-06-01 19:25:02.887910,0.0,0.0,0.0,0.0
2023-06-01 19:25:02.898315,0.0,0.0,0.0,0.0
2023-06-01 19:25:02.908084,0.0,0.0,0.0,0.0
2023-06-01 19:25:02.917797,0.0,0.0,0.0,0.0
2023-06-01 19:25:02.927799,0.0,0.0,0.0,0.0
2023-06-01 19:25:02.938080,0.0,0.0,0.0,0.0
2023-06-01 19:25:02.947893,0.0,0.0,0.0,0.0
2023-06-01 19:25:02.957742,0.0,0.0,0.0,0.0
2023-06-01 19:25:02.967894,0.0,0.0,0.0,0.0
2023-06-01 19:25:02.977770,0.0,0.0,0.0,0.0
2023-06-01 19:25:02.987884,0.0,0.0,0.0,0.0
2023-06-01 19:25:02.997831,0.0,0.0,0.0,0.0
2023-06-01 19:25:03.008605,0.0,0.0,0.0,0.0
2023-06-01 19:25:03.018346,0.0,0.0,0.0,0.0
2023-06-01 19:25:03.028037,0.0,0.0,0.0,0.0
2023-06-01 19:25:03.038090,0.0,0.0,0.0,0.0
2023-06-01 19:25:03.047922,0.0,0.0,0.0,0.0
2023-06-01 19:25:03.057891,0.0,0.0,0.0,0.0
2023-06-01 19:25:03.067789,0.0,0.0,0.0,0.0
2023-06-01 19:25:03.077894,0.0,0.0,0.0,0.0
2023-06-01 19:25:03.087916,0.0,0.0,0.0,0.0
2023-06-01 19:25:03.097743,0.0,0.0,0.0,0.0
2023-06-01 19:25:03.108145,0.0,0.0,0.0,0.0
2023-06-01 19:25:03.117829,0.0,0.0,0.0,0.0
2023-06-01 19:25:03.127798,0.0,0.0,0.0,0.0
2023-06-01 19:25:03.138282,0.0,0.0,0.0,0.0
2023-06-01 19:25:03.147816,0.0,0.0,0.0,0.0
2023-06-01 19:25:03.157717,0.0,0.0,0.0,0.0
2023-06-01 19:25:03.167789,0.0,0.0,0.0,0.0
2023-06-01 19:25:03.178179,0.0,0.0,0.0,0.0
2023-06-01 19:25:03.187774,0.0,0.0,0.0,0.0
2023-06-01 19:25:03.198331,0.0,0.0,0.0,0.0
2023-06-01 19:25:03.207900,0.0,0.0,0.0,0.0
2023-06-01 19:25:03.217765,0.0,0.0,0.0,0.0
2023-06-01 19:25:03.227765,0.0,0.0,0.0,0.0
2023-06-01 19:25:03.237788,0.0,0.0,0.0,0.0
2023-06-01 19:25:03.248042,0.0,0.0,0.0,0.0
2023-06-01 19:25:03.258144,0.0,0.0,0.0,0.0
2023-06-01 19:25:03.268069,0.0,0.0,0.0,0.0
2023-06-01 19:25:03.278067,0.0,0.0,0.0,0.0
2023-06-01 19:25:03.288094,0.0,0.0,0.0,0.0
2023-06-01 19:25:03.297965,0.0,0.0,0.0,0.0
2023-06-01 19:25:03.307976,0.0,0.0,0.0,0.0
2023-06-01 19:25:03.317804,0.0,0.0,0.0,0.0
2023-06-01 19:25:03.327858,0.0,0.0,0.0,0.0
2023-06-01 19:25:03.338038,0.0,0.0,0.0,0.0
2023-06-01 19:25:03.349119,0.0,0.0,0.0,0.0
2023-06-01 19:25:03.358030,0.0,0.0,0.0,0.0
2023-06-01 19:25:03.367898,0.0,0.0,0.0,0.0
2023-06-01 19:25:03.377926,0.0,0.0,0.0,0.0
2023-06-01 19:25:03.388178,0.0,0.0,0.0,0.0
2023-06-01 19:25:03.398108,0.0,0.0,0.0,0.0
2023-06-01 19:25:03.409126,0.0,0.0,0.0,0.0
2023-06-01 19:25:03.418153,0.0,0.0,0.0,0.0
2023-06-01 19:25:03.428182,0.0,0.0,0.0,0.0
2023-06-01 19:25:03.437988,0.0,0.0,0.0,0.0
2023-06-01 19:25:03.448311,0.0,0.0,0.0,0.0
2023-06-01 19:25:03.457847,0.0,0.0,0.0,0.0
2023-06-01 19:25:03.467887,0.0,0.0,0.0,0.0
2023-06-01 19:25:03.477898,0.0,0.0,0.0,0.0
2023-06-01 19:25:03.488089,0.0,0.0,0.0,0.0
2023-06-01 19:25:03.498058,0.0,0.0,0.0,0.0
2023-06-01 19:25:03.507835,0.0,0.0,0.0,0.0
2023-06-01 19:25:03.519249,0.0,0.0,0.0,0.0
2023-06-01 19:25:03.527858,0.0,0.0,0.0,0.0
2023-06-01 19:25:03.537768,0.0,0.0,0.0,0.0
2023-06-01 19:25:03.547781,0.0,0.0,0.0,0.0
2023-06-01 19:25:03.558008,0.0,0.0,0.0,0.0
2023-06-01 19:25:03.567840,0.0,0.0,0.0,0.0
2023-06-01 19:25:03.577832,0.0,0.0,0.0,0.0
2023-06-01 19:25:03.587875,0.0,0.0,0.0,0.0
2023-06-01 19:25:03.598715,0.0,0.0,0.0,0.0
2023-06-01 19:25:03.607947,0.0,0.0,0.0,0.0
2023-06-01 19:25:03.618030,0.0,0.0,0.0,0.0
2023-06-01 19:25:03.627812,0.0,0.0,0.0,0.0
2023-06-01 19:25:03.637830,0.0,0.0,0.0,0.0
2023-06-01 19:25:03.647988,0.0,0.0,0.0,0.0
2023-06-01 19:25:03.657801,0.0,0.0,0.0,0.0
2023-06-01 19:25:03.668022,0.0,0.0,0.0,0.0
2023-06-01 19:25:03.677978,0.0,0.0,0.0,0.0
2023-06-01 19:25:03.687873,0.0,0.0,0.0,0.0
2023-06-01 19:25:03.697811,0.0,0.0,0.0,0.0
2023-06-01 19:25:03.707873,0.0,0.0,0.0,0.0
2023-06-01 19:25:03.718474,0.0,0.0,0.0,0.0
2023-06-01 19:25:03.731672,0.0,0.0,0.0,0.0
2023-06-01 19:25:03.740424,0.0,0.0,0.0,0.0
2023-06-01 19:25:03.748020,0.0,0.0,0.0,0.0
2023-06-01 19:25:03.758222,0.0,0.0,0.0,0.0
2023-06-01 19:25:03.767848,0.0,0.0,0.0,0.0
2023-06-01 19:25:03.777816,0.0,0.0,0.0,0.0
2023-06-01 19:25:03.787862,0.0,0.0,0.0,0.0
2023-06-01 19:25:03.797835,0.0,0.0,0.0,0.0
2023-06-01 19:25:03.807909,0.0,0.0,0.0,0.0
2023-06-01 19:25:03.817920,0.0,0.0,0.0,0.0
2023-06-01 19:25:03.828021,0.0,0.0,0.0,0.0
2023-06-01 19:25:03.837815,0.0,0.0,0.0,0.0
2023-06-01 19:25:03.847805,0.0,0.0,0.0,0.0
2023-06-01 19:25:03.857900,0.0,0.0,0.0,0.0
2023-06-01 19:25:03.867844,0.0,0.0,0.0,0.0
2023-06-01 19:25:03.877816,0.0,0.0,0.0,0.0
2023-06-01 19:25:03.887939,0.0,0.0,0.0,0.0
2023-06-01 19:25:03.897940,0.0,0.0,0.0,0.0
2023-06-01 19:25:03.908186,0.0,0.0,0.0,0.0
2023-06-01 19:25:03.917976,0.0,0.0,0.0,0.0
2023-06-01 19:25:03.927740,0.0,0.0,0.0,0.0
2023-06-01 19:25:03.937934,0.0,0.0,0.0,0.0
2023-06-01 19:25:03.947863,0.0,0.0,0.0,0.0
2023-06-01 19:25:03.957862,0.0,0.0,0.0,0.0
2023-06-01 19:25:03.968041,0.0,0.0,0.0,0.0
2023-06-01 19:25:03.977859,0.0,0.0,0.0,0.0
2023-06-01 19:25:03.987876,0.0,0.0,0.0,0.0
2023-06-01 19:25:03.997798,0.0,0.0,0.0,0.0
2023-06-01 19:25:04.007869,0.0,0.0,0.0,0.0
2023-06-01 19:25:04.018169,0.0,0.0,0.0,0.0
2023-06-01 19:25:04.028139,0.0,0.0,0.0,0.0
2023-06-01 19:25:04.037781,0.0,0.0,0.0,0.0
2023-06-01 19:25:04.048080,0.0,0.0,0.0,0.0
2023-06-01 19:25:04.058133,0.0,0.0,0.0,0.0
2023-06-01 19:25:04.068032,0.0,0.0,0.0,0.0
2023-06-01 19:25:04.077921,0.0,0.0,0.0,0.0
2023-06-01 19:25:04.087923,0.0,0.0,0.0,0.0
2023-06-01 19:25:04.097823,0.0,0.0,0.0,0.0
2023-06-01 19:25:04.107871,0.0,0.0,0.0,0.0
2023-06-01 19:25:04.118277,0.0,0.0,0.0,0.0
2023-06-01 19:25:04.127811,0.0,0.0,0.0,0.0
2023-06-01 19:25:04.137892,0.0,0.0,0.0,0.0
2023-06-01 19:25:04.148144,0.0,0.0,0.0,0.0
2023-06-01 19:25:04.157951,0.0,0.0,0.0,0.0
2023-06-01 19:25:04.167818,0.0,0.0,0.0,0.0
2023-06-01 19:25:04.177948,0.0,0.0,0.0,0.0
2023-06-01 19:25:04.188762,0.0,0.0,0.0,0.0
2023-06-01 19:25:04.197804,0.0,0.0,0.0,0.0
2023-06-01 19:25:04.208071,0.0,0.0,0.0,0.0
2023-06-01 19:25:04.217838,0.0,0.0,0.0,0.0
2023-06-01 19:25:04.227964,0.0,0.0,0.0,0.0
2023-06-01 19:25:04.249607,0.0,0.0,0.0,0.0
2023-06-01 19:25:04.258126,0.0,0.0,0.0,0.0
2023-06-01 19:25:04.268381,0.0,0.0,0.0,0.0
2023-06-01 19:25:04.278138,0.0,0.0,0.0,0.0
2023-06-01 19:25:04.287983,0.0,0.0,0.0,0.0
2023-06-01 19:25:04.297896,0.0,0.0,0.0,0.0
2023-06-01 19:25:04.309230,0.0,0.0,0.0,0.0
2023-06-01 19:25:04.317972,0.0,0.0,0.0,0.0
2023-06-01 19:25:04.328150,0.0,0.0,0.0,0.0
2023-06-01 19:25:04.338092,0.0,0.0,0.0,0.0
2023-06-01 19:25:04.347836,0.0,0.0,0.0,0.0
2023-06-01 19:25:04.357813,0.0,0.0,0.0,0.0
2023-06-01 19:25:04.367922,0.0,0.0,0.0,0.0
2023-06-01 19:25:04.377905,0.0,0.0,0.0,0.0
2023-06-01 19:25:04.387875,0.0,0.0,0.0,0.0
2023-06-01 19:25:04.397834,0.0,0.0,0.0,0.0
2023-06-01 19:25:04.407976,0.0,0.0,0.0,0.0
2023-06-01 19:25:04.418077,0.0,0.0,0.0,0.0
2023-06-01 19:25:04.428345,0.0,0.0,0.0,0.0
2023-06-01 19:25:04.437820,0.0,0.0,0.0,0.0
2023-06-01 19:25:04.447927,0.0,0.0,0.0,0.0
2023-06-01 19:25:04.457828,0.0,0.0,0.0,0.0
2023-06-01 19:25:04.467932,0.0,0.0,0.0,0.0
2023-06-01 19:25:04.477827,0.0,0.0,0.0,0.0
2023-06-01 19:25:04.487842,0.0,0.0,0.0,0.0
2023-06-01 19:25:04.498038,0.0,0.0,0.0,0.0
2023-06-01 19:25:04.508481,0.0,0.0,0.0,0.0
2023-06-01 19:25:04.517996,0.0,0.0,0.0,0.0
2023-06-01 19:25:04.527823,0.0,0.0,0.0,0.0
2023-06-01 19:25:04.537885,0.0,0.0,0.0,0.0
2023-06-01 19:25:04.547779,0.0,0.0,0.0,0.0
2023-06-01 19:25:04.557803,0.0,0.0,0.0,0.0
2023-06-01 19:25:04.567824,0.0,0.0,0.0,0.0
2023-06-01 19:25:04.577819,0.0,0.0,0.0,0.0
2023-06-01 19:25:04.587822,0.0,0.0,0.0,0.0
2023-06-01 19:25:04.597897,0.0,0.0,0.0,0.0
2023-06-01 19:25:04.607910,0.0,0.0,0.0,0.0
2023-06-01 19:25:04.617821,0.0,0.0,0.0,0.0
2023-06-01 19:25:04.627779,0.0,0.0,0.0,0.0
2023-06-01 19:25:04.637836,0.0,0.0,0.0,0.0
2023-06-01 19:25:04.648146,0.0,0.0,0.0,0.0
2023-06-01 19:25:04.657907,0.0,0.0,0.0,0.0
2023-06-01 19:25:04.667838,0.0,0.0,0.0,0.0
2023-06-01 19:25:04.677724,0.0,0.0,0.0,0.0
2023-06-01 19:25:04.688025,0.0,0.0,0.0,0.0
2023-06-01 19:25:04.698235,0.0,0.0,0.0,0.0
2023-06-01 19:25:04.707914,0.0,0.0,0.0,0.0
2023-06-01 19:25:04.717884,0.0,0.0,0.0,0.0
2023-06-01 19:25:04.727707,0.0,0.0,0.0,0.0
2023-06-01 19:25:04.737694,0.0,0.0,0.0,0.0
2023-06-01 19:25:04.747874,0.0,0.0,0.0,0.0
2023-06-01 19:25:04.757783,0.0,0.0,0.0,0.0
2023-06-01 19:25:04.767845,0.0,0.0,0.0,0.0
2023-06-01 19:25:04.777872,0.0,0.0,0.0,0.0
2023-06-01 19:25:04.787915,0.0,0.0,0.0,0.0
2023-06-01 19:25:04.797755,0.0,0.0,0.0,0.0
2023-06-01 19:25:04.808832,0.0,0.0,0.0,0.0
2023-06-01 19:25:04.817936,0.0,0.0,0.0,0.0
2023-06-01 19:25:04.828066,0.0,0.0,0.0,0.0
2023-06-01 19:25:04.837789,0.0,0.0,0.0,0.0
2023-06-01 19:25:04.847851,0.0,0.0,0.0,0.0
2023-06-01 19:25:04.857775,0.0,0.0,0.0,0.0
2023-06-01 19:25:04.867841,0.0,0.0,0.0,0.0
2023-06-01 19:25:04.877755,0.0,0.0,0.0,0.0
2023-06-01 19:25:04.888608,0.0,0.0,0.0,0.0
2023-06-01 19:25:04.898007,0.0,0.0,0.0,0.0
2023-06-01 19:25:04.907822,0.0,0.0,0.0,0.0
2023-06-01 19:25:04.917803,0.0,0.0,0.0,0.0
2023-06-01 19:25:04.927921,0.0,0.0,0.0,0.0
2023-06-01 19:25:04.937850,0.0,0.0,0.0,0.0
2023-06-01 19:25:04.947984,0.0,0.0,0.0,0.0
2023-06-01 19:25:04.957885,0.0,0.0,0.0,0.0
2023-06-01 19:25:04.968012,0.0,0.0,0.0,0.0
2023-06-01 19:25:04.977686,0.0,0.0,0.0,0.0
2023-06-01 19:25:04.987915,0.0,0.0,0.0,0.0
2023-06-01 19:25:04.997958,0.0,0.0,0.0,0.0
2023-06-01 19:25:05.007899,0.0,0.0,0.0,0.0
2023-06-01 19:25:05.018107,0.0,0.0,0.0,0.0
2023-06-01 19:25:05.027770,0.0,0.0,0.0,0.0
2023-06-01 19:25:05.037793,0.0,0.0,0.0,0.0
2023-06-01 19:25:05.047881,0.0,0.0,0.0,0.0
2023-06-01 19:25:05.057940,0.0,0.0,0.0,0.0
2023-06-01 19:25:05.067907,0.0,0.0,0.0,0.0
2023-06-01 19:25:05.077810,0.0,0.0,0.0,0.0
2023-06-01 19:25:05.087800,0.0,0.0,0.0,0.0
2023-06-01 19:25:05.097756,0.0,0.0,0.0,0.0
2023-06-01 19:25:05.107834,0.0,0.0,0.0,0.0
2023-06-01 19:25:05.117976,0.0,0.0,0.0,0.0
2023-06-01 19:25:05.128028,0.0,0.0,0.0,0.0
2023-06-01 19:25:05.137918,0.0,0.0,0.0,0.0
2023-06-01 19:25:05.147802,0.0,0.0,0.0,0.0
2023-06-01 19:25:05.158005,0.0,0.0,0.0,0.0
2023-06-01 19:25:05.167878,0.0,0.0,0.0,0.0
2023-06-01 19:25:05.177746,0.0,0.0,0.0,0.0
2023-06-01 19:25:05.187795,0.0,0.0,0.0,0.0
2023-06-01 19:25:05.197672,0.0,0.0,0.0,0.0
2023-06-01 19:25:05.207871,0.0,0.0,0.0,0.0
2023-06-01 19:25:05.217919,0.0,0.0,0.0,0.0
2023-06-01 19:25:05.227786,0.0,0.0,0.0,0.0
2023-06-01 19:25:05.237770,0.0,0.0,0.0,0.0
2023-06-01 19:25:05.248036,0.0,0.0,0.0,0.0
2023-06-01 19:25:05.257989,0.0,0.0,0.0,0.0
2023-06-01 19:25:05.267734,0.0,0.0,0.0,0.0
2023-06-01 19:25:05.277778,0.0,0.0,0.0,0.0
2023-06-01 19:25:05.288059,0.0,0.0,0.0,0.0
2023-06-01 19:25:05.297776,0.0,0.0,0.0,0.0
2023-06-01 19:25:05.307842,0.0,0.0,0.0,0.0
2023-06-01 19:25:05.317783,0.0,0.0,0.0,0.0
2023-06-01 19:25:05.327878,0.0,0.0,0.0,0.0
2023-06-01 19:25:05.337854,0.0,0.0,0.0,0.0
2023-06-01 19:25:05.347842,0.0,0.0,0.0,0.0
2023-06-01 19:25:05.357873,0.0,0.0,0.0,0.0
2023-06-01 19:25:05.368127,0.0,0.0,0.0,0.0
2023-06-01 19:25:05.377726,0.0,0.0,0.0,0.0
2023-06-01 19:25:05.387781,0.0,0.0,0.0,0.0
2023-06-01 19:25:05.397841,0.0,0.0,0.0,0.0
2023-06-01 19:25:05.407891,0.0,0.0,0.0,0.0
2023-06-01 19:25:05.417831,0.0,0.0,0.0,0.0
2023-06-01 19:25:05.427816,0.0,0.0,0.0,0.0
2023-06-01 19:25:05.437736,0.0,0.0,0.0,0.0
2023-06-01 19:25:05.447897,0.0,0.0,0.0,0.0
2023-06-01 19:25:05.457908,0.0,0.0,0.0,0.0
2023-06-01 19:25:05.467917,0.0,0.0,0.0,0.0
2023-06-01 19:25:05.477868,0.0,0.0,0.0,0.0
2023-06-01 19:25:05.487867,0.0,0.0,0.0,0.0
2023-06-01 19:25:05.497873,0.0,0.0,0.0,0.0
2023-06-01 19:25:05.507993,0.0,0.0,0.0,0.0
2023-06-01 19:25:05.517776,0.0,0.0,0.0,0.0
2023-06-01 19:25:05.527850,0.0,0.0,0.0,0.0
2023-06-01 19:25:05.537790,0.0,0.0,0.0,0.0
2023-06-01 19:25:05.547785,0.0,0.0,0.0,0.0
2023-06-01 19:25:05.557821,0.0,0.0,0.0,0.0
2023-06-01 19:25:05.567864,0.0,0.0,0.0,0.0
2023-06-01 19:25:05.579120,0.0,0.0,0.0,0.0
2023-06-01 19:25:05.587957,0.0,0.0,0.0,0.0
2023-06-01 19:25:05.598231,0.0,0.0,0.0,0.0
2023-06-01 19:25:05.607977,0.0,0.0,0.0,0.0
2023-06-01 19:25:05.618086,0.0,0.0,0.0,0.0
2023-06-01 19:25:05.627729,0.0,0.0,0.0,0.0
2023-06-01 19:25:05.637841,0.0,0.0,0.0,0.0
2023-06-01 19:25:05.647858,0.0,0.0,0.0,0.0
2023-06-01 19:25:05.657771,0.0,0.0,0.0,0.0
2023-06-01 19:25:05.668020,0.0,0.0,0.0,0.0
2023-06-01 19:25:05.677723,0.0,0.0,0.0,0.0
2023-06-01 19:25:05.687812,0.0,0.0,0.0,0.0
2023-06-01 19:25:05.697818,0.0,0.0,0.0,0.0
2023-06-01 19:25:05.707826,0.0,0.0,0.0,0.0
2023-06-01 19:25:05.717959,0.0,0.0,0.0,0.0
2023-06-01 19:25:05.727841,0.0,0.0,0.0,0.0
2023-06-01 19:25:05.737771,0.0,0.0,0.0,0.0
2023-06-01 19:25:05.747876,0.0,0.0,0.0,0.0
2023-06-01 19:25:05.758050,0.0,0.0,0.0,0.0
2023-06-01 19:25:05.767756,0.0,0.0,0.0,0.0
2023-06-01 19:25:05.777923,0.0,0.0,0.0,0.0
2023-06-01 19:25:05.788039,0.0,0.0,0.0,0.0
2023-06-01 19:25:05.797833,0.0,0.0,0.0,0.0
2023-06-01 19:25:05.807930,0.0,0.0,0.0,0.0
2023-06-01 19:25:05.817841,0.0,0.0,0.0,0.0
2023-06-01 19:25:05.827912,0.0,0.0,0.0,0.0
2023-06-01 19:25:05.838010,0.0,0.0,0.0,0.0
2023-06-01 19:25:05.847859,0.0,0.0,0.0,0.0
2023-06-01 19:25:05.857952,0.0,0.0,0.0,0.0
2023-06-01 19:25:05.867814,0.0,0.0,0.0,0.0
2023-06-01 19:25:05.878086,0.0,0.0,0.0,0.0
2023-06-01 19:25:05.887890,0.0,0.0,0.0,0.0
2023-06-01 19:25:05.898669,0.0,0.0,0.0,0.0
2023-06-01 19:25:05.907836,0.0,0.0,0.0,0.0
2023-06-01 19:25:05.918109,0.0,0.0,0.0,0.0
2023-06-01 19:25:05.927823,0.0,0.0,0.0,0.0
2023-06-01 19:25:05.937959,0.0,0.0,0.0,0.0
2023-06-01 19:25:05.947769,0.0,0.0,0.0,0.0
2023-06-01 19:25:05.957803,0.0,0.0,0.0,0.0
2023-06-01 19:25:05.967854,0.0,0.0,0.0,0.0
2023-06-01 19:25:05.977927,0.0,0.0,0.0,0.0
2023-06-01 19:25:05.987828,0.0,0.0,0.0,0.0
2023-06-01 19:25:05.997887,0.0,0.0,0.0,0.0
2023-06-01 19:25:06.015868,0.0,0.0,0.0,0.0
2023-06-01 19:25:06.024065,0.0,0.0,0.0,0.0
2023-06-01 19:25:06.033230,0.0,0.0,0.0,0.0
2023-06-01 19:25:06.040804,0.0,0.0,0.0,0.0
2023-06-01 19:25:06.049052,0.0,0.0,0.0,0.0
2023-06-01 19:25:06.057798,0.0,0.0,0.0,0.0
2023-06-01 19:25:06.067789,0.0,0.0,0.0,0.0
2023-06-01 19:25:06.077758,0.0,0.0,0.0,0.0
2023-06-01 19:25:06.087841,0.0,0.0,0.0,0.0
2023-06-01 19:25:06.097987,0.0,0.0,0.0,0.0
2023-06-01 19:25:06.107866,0.0,0.0,0.0,0.0
2023-06-01 19:25:06.117848,0.0,0.0,0.0,0.0
2023-06-01 19:25:06.127836,0.0,0.0,0.0,0.0
2023-06-01 19:25:06.137866,0.0,0.0,0.0,0.0
2023-06-01 19:25:06.147969,0.0,0.0,0.0,0.0
2023-06-01 19:25:06.157789,0.0,0.0,0.0,0.0
2023-06-01 19:25:06.167951,0.0,0.0,0.0,0.0
2023-06-01 19:25:06.177936,0.0,0.0,0.0,0.0
2023-06-01 19:25:06.188128,0.0,0.0,0.0,0.0
2023-06-01 19:25:06.197884,0.0,0.0,0.0,0.0
2023-06-01 19:25:06.207839,0.0,0.0,0.0,0.0
2023-06-01 19:25:06.218183,0.0,0.0,0.0,0.0
2023-06-01 19:25:06.228018,0.0,0.0,0.0,0.0
2023-06-01 19:25:06.237817,0.0,0.0,0.0,0.0
2023-06-01 19:25:06.247894,0.0,0.0,0.0,0.0
2023-06-01 19:25:06.257855,0.0,0.0,0.0,0.0
2023-06-01 19:25:06.267815,0.0,0.0,0.0,0.0
2023-06-01 19:25:06.277881,0.0,0.0,0.0,0.0
2023-06-01 19:25:06.287845,0.0,0.0,0.0,0.0
2023-06-01 19:25:06.298138,0.0,0.0,0.0,0.0
2023-06-01 19:25:06.307863,0.0,0.0,0.0,0.0
2023-06-01 19:25:06.317849,0.0,0.0,0.0,0.0
2023-06-01 19:25:06.328044,0.0,0.0,0.0,0.0
2023-06-01 19:25:06.337911,0.0,0.0,0.0,0.0
2023-06-01 19:25:06.347871,0.0,0.0,0.0,0.0
2023-06-01 19:25:06.357898,0.0,0.0,0.0,0.0
2023-06-01 19:25:06.367810,0.0,0.0,0.0,0.0
2023-06-01 19:25:06.377818,0.0,0.0,0.0,0.0
2023-06-01 19:25:06.388055,0.0,0.0,0.0,0.0
2023-06-01 19:25:06.397835,0.0,0.0,0.0,0.0
2023-06-01 19:25:06.407809,0.0,0.0,0.0,0.0
2023-06-01 19:25:06.417883,0.0,0.0,0.0,0.0
2023-06-01 19:25:06.428075,0.0,0.0,0.0,0.0
2023-06-01 19:25:06.437819,0.0,0.0,0.0,0.0
2023-06-01 19:25:06.447809,0.0,0.0,0.0,0.0
2023-06-01 19:25:06.457837,0.0,0.0,0.0,0.0
2023-06-01 19:25:06.468101,0.0,0.0,0.0,0.0
2023-06-01 19:25:06.478139,0.0,0.0,0.0,0.0
2023-06-01 19:25:06.487926,0.0,0.0,0.0,0.0
2023-06-01 19:25:06.497823,0.0,0.0,0.0,0.0
2023-06-01 19:25:06.507870,0.0,0.0,0.0,0.0
2023-06-01 19:25:06.517929,0.0,0.0,0.0,0.0
2023-06-01 19:25:06.527927,0.0,0.0,0.0,0.0
2023-06-01 19:25:06.537829,0.0,0.0,0.0,0.0
2023-06-01 19:25:06.547859,0.0,0.0,0.0,0.0
2023-06-01 19:25:06.557915,0.0,0.0,0.0,0.0
2023-06-01 19:25:06.567864,0.0,0.0,0.0,0.0
2023-06-01 19:25:06.577775,0.0,0.0,0.0,0.0
2023-06-01 19:25:06.587913,0.0,0.0,0.0,0.0
2023-06-01 19:25:06.597786,0.0,0.0,0.0,0.0
2023-06-01 19:25:06.607976,0.0,0.0,0.0,0.0
2023-06-01 19:25:06.617921,0.0,0.0,0.0,0.0
2023-06-01 19:25:06.629419,0.0,0.0,0.0,0.0
2023-06-01 19:25:06.637917,0.0,0.0,0.0,0.0
2023-06-01 19:25:06.648116,0.0,0.0,0.0,0.0
2023-06-01 19:25:06.658011,0.0,0.0,0.0,0.0
2023-06-01 19:25:06.667927,0.0,0.0,0.0,0.0
2023-06-01 19:25:06.677872,0.0,0.0,0.0,0.0
2023-06-01 19:25:06.695478,0.0,0.0,0.0,0.0
2023-06-01 19:25:06.703292,0.0,0.0,0.0,0.0
2023-06-01 19:25:06.711240,0.0,0.0,0.0,0.0
2023-06-01 19:25:06.719016,0.0,0.0,0.0,0.0
2023-06-01 19:25:06.727929,0.0,0.0,0.0,0.0
2023-06-01 19:25:06.737843,0.0,0.0,0.0,0.0
2023-06-01 19:25:06.747813,0.0,0.0,0.0,0.0
2023-06-01 19:25:06.757789,0.0,0.0,0.0,0.0
2023-06-01 19:25:06.767817,0.0,0.0,0.0,0.0
2023-06-01 19:25:06.777778,0.0,0.0,0.0,0.0
2023-06-01 19:25:06.787805,0.0,0.0,0.0,0.0
2023-06-01 19:25:06.797799,0.0,0.0,0.0,0.0
2023-06-01 19:25:06.807900,0.0,0.0,0.0,0.0
2023-06-01 19:25:06.818042,0.0,0.0,0.0,0.0
2023-06-01 19:25:06.828020,0.0,0.0,0.0,0.0
2023-06-01 19:25:06.837881,0.0,0.0,0.0,0.0
2023-06-01 19:25:06.847869,0.0,0.0,0.0,0.0
2023-06-01 19:25:06.857823,0.0,0.0,0.0,0.0
2023-06-01 19:25:06.867896,0.0,0.0,0.0,0.0
2023-06-01 19:25:06.877819,0.0,0.0,0.0,0.0
2023-06-01 19:25:06.887979,0.0,0.0,0.0,0.0
2023-06-01 19:25:06.897810,0.0,0.0,0.0,0.0
2023-06-01 19:25:06.908604,0.0,0.0,0.0,0.0
2023-06-01 19:25:06.917923,0.0,0.0,0.0,0.0
2023-06-01 19:25:06.928054,0.0,0.0,0.0,0.0
2023-06-01 19:25:06.937888,0.0,0.0,0.0,0.0
2023-06-01 19:25:06.948184,0.0,0.0,0.0,0.0
2023-06-01 19:25:06.958081,0.0,0.0,0.0,0.0
2023-06-01 19:25:06.967920,0.0,0.0,0.0,0.0
2023-06-01 19:25:06.977792,0.0,0.0,0.0,0.0
2023-06-01 19:25:06.988021,0.0,0.0,0.0,0.0
2023-06-01 19:25:06.997820,0.0,0.0,0.0,0.0
2023-06-01 19:25:07.008504,0.0,0.0,0.0,0.0
2023-06-01 19:25:07.017976,0.0,0.0,0.0,0.0
2023-06-01 19:25:07.027890,0.0,0.0,0.0,0.0
2023-06-01 19:25:07.037834,0.0,0.0,0.0,0.0
2023-06-01 19:25:07.047821,0.0,0.0,0.0,0.0
2023-06-01 19:25:07.057815,0.0,0.0,0.0,0.0
2023-06-01 19:25:07.068276,0.0,0.0,0.0,0.0
2023-06-01 19:25:07.077777,0.0,0.0,0.0,0.0
2023-06-01 19:25:07.088543,0.0,0.0,0.0,0.0
2023-06-01 19:25:07.097801,0.0,0.0,0.0,0.0
2023-06-01 19:25:07.108139,0.0,0.0,0.0,0.0
2023-06-01 19:25:07.117920,0.0,0.0,0.0,0.0
2023-06-01 19:25:07.128478,0.0,0.0,0.0,0.0
2023-06-01 19:25:07.137837,0.0,0.0,0.0,0.0
2023-06-01 19:25:07.148260,0.0,0.0,0.0,0.0
2023-06-01 19:25:07.157945,0.0,0.0,0.0,0.0
2023-06-01 19:25:07.168010,0.0,0.0,0.0,0.0
2023-06-01 19:25:07.178013,0.0,0.0,0.0,0.0
2023-06-01 19:25:07.187938,0.0,0.0,0.0,0.0
2023-06-01 19:25:07.197857,0.0,0.0,0.0,0.0
2023-06-01 19:25:07.207829,0.0,0.0,0.0,0.0
2023-06-01 19:25:07.217980,0.0,0.0,0.0,0.0
2023-06-01 19:25:07.227858,0.0,0.0,0.0,0.0
2023-06-01 19:25:07.238001,0.0,0.0,0.0,0.0
2023-06-01 19:25:07.247960,0.0,0.0,0.0,0.0
2023-06-01 19:25:07.257827,0.0,0.0,0.0,0.0
2023-06-01 19:25:07.267785,0.0,0.0,0.0,0.0
2023-06-01 19:25:07.277822,0.0,0.0,0.0,0.0
2023-06-01 19:25:07.288157,0.0,0.0,0.0,0.0
2023-06-01 19:25:07.298015,0.0,0.0,0.0,0.0
2023-06-01 19:25:07.309575,0.0,0.0,0.0,0.0
2023-06-01 19:25:07.317829,0.0,0.0,0.0,0.0
2023-06-01 19:25:07.328141,0.0,0.0,0.0,0.0
2023-06-01 19:25:07.337818,0.0,0.0,0.0,0.0
2023-06-01 19:25:07.347929,0.0,0.0,0.0,0.0
2023-06-01 19:25:07.357849,0.0,0.0,0.0,0.0
2023-06-01 19:25:07.367864,0.0,0.0,0.0,0.0
2023-06-01 19:25:07.379156,0.0,0.0,0.0,0.0
2023-06-01 19:25:07.388048,0.0,0.0,0.0,0.0
2023-06-01 19:25:07.398096,0.0,0.0,0.0,0.0
2023-06-01 19:25:07.408005,0.0,0.0,0.0,0.0
2023-06-01 19:25:07.418106,0.0,0.0,0.0,0.0
2023-06-01 19:25:07.428459,0.0,0.0,0.0,0.0
2023-06-01 19:25:07.437934,0.0,0.0,0.0,0.0
2023-06-01 19:25:07.447922,0.0,0.0,0.0,0.0
2023-06-01 19:25:07.458321,0.0,0.0,0.0,0.0
2023-06-01 19:25:07.467970,0.0,0.0,0.0,0.0
2023-06-01 19:25:07.477775,0.0,0.0,0.0,0.0
2023-06-01 19:25:07.487855,0.0,0.0,0.0,0.0
2023-06-01 19:25:07.497847,0.0,0.0,0.0,0.0
2023-06-01 19:25:07.507850,0.0,0.0,0.0,0.0
2023-06-01 19:25:07.518173,0.0,0.0,0.0,0.0
2023-06-01 19:25:07.528424,0.0,0.0,0.0,0.0
2023-06-01 19:25:07.537931,0.0,0.0,0.0,0.0
2023-06-01 19:25:07.548088,0.0,0.0,0.0,0.0
2023-06-01 19:25:07.557801,0.0,0.0,0.0,0.0
2023-06-01 19:25:07.568017,0.0,0.0,0.0,0.0
2023-06-01 19:25:07.579401,0.0,0.0,0.0,0.0
2023-06-01 19:25:07.587972,0.0,0.0,0.0,0.0
2023-06-01 19:25:07.598195,0.0,0.0,0.0,0.0
2023-06-01 19:25:07.608167,0.0,0.0,0.0,0.0
2023-06-01 19:25:07.617803,0.0,0.0,0.0,0.0
2023-06-01 19:25:07.627900,0.0,0.0,0.0,0.0
2023-06-01 19:25:07.637785,0.0,0.0,0.0,0.0
2023-06-01 19:25:07.647864,0.0,0.0,0.0,0.0
2023-06-01 19:25:07.657728,0.0,0.0,0.0,0.0
2023-06-01 19:25:07.668809,0.0,0.0,0.0,0.0
2023-06-01 19:25:07.677938,0.0,0.0,0.0,0.0
2023-06-01 19:25:07.687934,0.0,0.0,0.0,0.0
2023-06-01 19:25:07.698278,0.0,0.0,0.0,0.0
2023-06-01 19:25:07.707918,0.0,0.0,0.0,0.0
2023-06-01 19:25:07.717851,0.0,0.0,0.0,0.0
2023-06-01 19:25:07.727821,0.0,0.0,0.0,0.0
2023-06-01 19:25:07.737926,0.0,0.0,0.0,0.0
2023-06-01 19:25:07.747913,0.0,0.0,0.0,0.0
2023-06-01 19:25:07.757745,0.0,0.0,0.0,0.0
2023-06-01 19:25:07.768125,0.0,0.0,0.0,0.0
2023-06-01 19:25:07.778307,0.0,0.0,0.0,0.0
2023-06-01 19:25:07.787892,0.0,0.0,0.0,0.0
2023-06-01 19:25:07.797800,0.0,0.0,0.0,0.0
2023-06-01 19:25:07.808016,0.0,0.0,0.0,0.0
2023-06-01 19:25:07.817957,0.0,0.0,0.0,0.0
2023-06-01 19:25:07.827866,0.0,0.0,0.0,0.0
2023-06-01 19:25:07.837791,0.0,0.0,0.0,0.0
2023-06-01 19:25:07.847925,0.0,0.0,0.0,0.0
2023-06-01 19:25:07.857739,0.0,0.0,0.0,0.0
2023-06-01 19:25:07.867813,0.0,0.0,0.0,0.0
2023-06-01 19:25:07.877906,0.0,0.0,0.0,0.0
2023-06-01 19:25:07.887893,0.0,0.0,0.0,0.0
2023-06-01 19:25:07.897823,0.0,0.0,0.0,0.0
2023-06-01 19:25:07.907824,0.0,0.0,0.0,0.0
2023-06-01 19:25:07.918012,0.0,0.0,0.0,0.0
2023-06-01 19:25:07.927900,0.0,0.0,0.0,0.0
2023-06-01 19:25:07.937948,0.0,0.0,0.0,0.0
2023-06-01 19:25:07.947730,0.0,0.0,0.0,0.0
2023-06-01 19:25:07.957926,0.0,0.0,0.0,0.0
2023-06-01 19:25:07.967955,0.0,0.0,0.0,0.0
2023-06-01 19:25:07.977854,0.0,0.0,0.0,0.0
2023-06-01 19:25:07.987834,0.0,0.0,0.0,0.0
2023-06-01 19:25:07.997803,0.0,0.0,0.0,0.0
2023-06-01 19:25:08.007865,0.0,0.0,0.0,0.0
2023-06-01 19:25:08.018424,0.0,0.0,0.0,0.0
2023-06-01 19:25:08.028060,0.0,0.0,0.0,0.0
2023-06-01 19:25:08.037930,0.0,0.0,0.0,0.0
2023-06-01 19:25:08.047984,0.0,0.0,0.0,0.0
2023-06-01 19:25:08.057967,0.0,0.0,0.0,0.0
2023-06-01 19:25:08.068027,0.0,0.0,0.0,0.0
2023-06-01 19:25:08.077863,0.0,0.0,0.0,0.0
2023-06-01 19:25:08.087846,0.0,0.0,0.0,0.0
2023-06-01 19:25:08.098114,0.0,0.0,0.0,0.0
2023-06-01 19:25:08.108049,0.0,0.0,0.0,0.0
2023-06-01 19:25:08.118376,0.0,0.0,0.0,0.0
2023-06-01 19:25:08.127946,0.0,0.0,0.0,0.0
2023-06-01 19:25:08.137808,0.0,0.0,0.0,0.0
2023-06-01 19:25:08.147889,0.0,0.0,0.0,0.0
2023-06-01 19:25:08.159074,0.0,0.0,0.0,0.0
2023-06-01 19:25:08.167886,0.0,0.0,0.0,0.0
2023-06-01 19:25:08.178012,0.0,0.0,0.0,0.0
2023-06-01 19:25:08.187963,0.0,0.0,0.0,0.0
2023-06-01 19:25:08.199414,0.0,0.0,0.0,0.0
2023-06-01 19:25:08.207966,0.0,0.0,0.0,0.0
2023-06-01 19:25:08.217996,0.0,0.0,0.0,0.0
2023-06-01 19:25:08.229380,0.0,0.0,0.0,0.0
2023-06-01 19:25:08.237912,0.0,0.0,0.0,0.0
2023-06-01 19:25:08.247923,0.0,0.0,0.0,0.0
2023-06-01 19:25:08.257770,0.0,0.0,0.0,0.0
2023-06-01 19:25:08.267818,0.0,0.0,0.0,0.0
2023-06-01 19:25:08.277929,0.0,0.0,0.0,0.0
2023-06-01 19:25:08.287989,0.0,0.0,0.0,0.0
2023-06-01 19:25:08.297763,0.0,0.0,0.0,0.0
2023-06-01 19:25:08.308967,0.0,0.0,0.0,0.0
2023-06-01 19:25:08.318074,0.0,0.0,0.0,0.0
2023-06-01 19:25:08.327760,0.0,0.0,0.0,0.0
2023-06-01 19:25:08.337835,0.0,0.0,0.0,0.0
2023-06-01 19:25:08.347985,0.0,0.0,0.0,0.0
2023-06-01 19:25:08.358045,0.0,0.0,0.0,0.0
2023-06-01 19:25:08.367861,0.0,0.0,0.0,0.0
2023-06-01 19:25:08.378151,0.0,0.0,0.0,0.0
2023-06-01 19:25:08.387955,0.0,0.0,0.0,0.0
2023-06-01 19:25:08.397939,0.0,0.0,0.0,0.0
2023-06-01 19:25:08.407831,0.0,0.0,0.0,0.0
2023-06-01 19:25:08.417956,0.0,0.0,0.0,0.0
2023-06-01 19:25:08.427860,0.0,0.0,0.0,0.0
2023-06-01 19:25:08.437846,0.0,0.0,0.0,0.0
2023-06-01 19:25:08.447873,0.0,0.0,0.0,0.0
2023-06-01 19:25:08.457879,0.0,0.0,0.0,0.0
2023-06-01 19:25:08.467828,0.0,0.0,0.0,0.0
2023-06-01 19:25:08.477911,0.0,0.0,0.0,0.0
2023-06-01 19:25:08.487861,0.0,0.0,0.0,0.0
2023-06-01 19:25:08.497798,0.0,0.0,0.0,0.0
2023-06-01 19:25:08.507833,0.0,0.0,0.0,0.0
2023-06-01 19:25:08.517860,0.0,0.0,0.0,0.0
2023-06-01 19:25:08.527915,0.0,0.0,0.0,0.0
2023-06-01 19:25:08.537806,0.0,0.0,0.0,0.0
2023-06-01 19:25:08.547886,0.0,0.0,0.0,0.0
2023-06-01 19:25:08.557943,0.0,0.0,0.0,0.0
2023-06-01 19:25:08.567961,0.0,0.0,0.0,0.0
2023-06-01 19:25:08.578442,0.0,0.0,0.0,0.0
2023-06-01 19:25:08.587970,0.0,0.0,0.0,0.0
2023-06-01 19:25:08.597773,0.0,0.0,0.0,0.0
2023-06-01 19:25:08.607846,0.0,0.0,0.0,0.0
2023-06-01 19:25:08.617864,0.0,0.0,0.0,0.0
2023-06-01 19:25:08.627836,0.0,0.0,0.0,0.0
2023-06-01 19:25:08.637930,0.0,0.0,0.0,0.0
2023-06-01 19:25:08.647928,0.0,0.0,0.0,0.0
2023-06-01 19:25:08.657761,0.0,0.0,0.0,0.0
2023-06-01 19:25:08.667829,0.0,0.0,0.0,0.0
2023-06-01 19:25:08.677840,0.0,0.0,0.0,0.0
2023-06-01 19:25:08.687833,0.0,0.0,0.0,0.0
2023-06-01 19:25:08.697742,0.0,0.0,0.0,0.0
2023-06-01 19:25:08.707916,0.0,0.0,0.0,0.0
2023-06-01 19:25:08.718099,0.0,0.0,0.0,0.0
2023-06-01 19:25:08.727808,0.0,0.0,0.0,0.0
2023-06-01 19:25:08.737842,0.0,0.0,0.0,0.0
2023-06-01 19:25:08.748027,0.0,0.0,0.0,0.0
2023-06-01 19:25:08.757850,0.0,0.0,0.0,0.0
2023-06-01 19:25:08.767918,0.0,0.0,0.0,0.0
2023-06-01 19:25:08.777838,0.0,0.0,0.0,0.0
2023-06-01 19:25:08.787812,0.0,0.0,0.0,0.0
2023-06-01 19:25:08.797990,0.0,0.0,0.0,0.0
2023-06-01 19:25:08.807938,0.0,0.0,0.0,0.0
2023-06-01 19:25:08.817943,0.0,0.0,0.0,0.0
2023-06-01 19:25:08.827889,0.0,0.0,0.0,0.0
2023-06-01 19:25:08.837797,0.0,0.0,0.0,0.0
2023-06-01 19:25:08.847881,0.0,0.0,0.0,0.0
2023-06-01 19:25:08.858064,0.0,0.0,0.0,0.0
2023-06-01 19:25:08.868108,0.0,0.0,0.0,0.0
2023-06-01 19:25:08.878026,0.0,0.0,0.0,0.0
2023-06-01 19:25:08.887968,0.0,0.0,0.0,0.0
2023-06-01 19:25:08.897809,0.0,0.0,0.0,0.0
2023-06-01 19:25:08.908203,0.0,0.0,0.0,0.0
2023-06-01 19:25:08.918503,0.0,0.0,0.0,0.0
2023-06-01 19:25:08.927857,0.0,0.0,0.0,0.0
2023-06-01 19:25:08.937746,0.0,0.0,0.0,0.0
2023-06-01 19:25:08.947880,0.0,0.0,0.0,0.0
2023-06-01 19:25:08.958889,0.0,0.0,0.0,0.0
2023-06-01 19:25:08.967824,0.0,0.0,0.0,0.0
2023-06-01 19:25:08.977820,0.0,0.0,0.0,0.0
2023-06-01 19:25:08.987920,0.0,0.0,0.0,0.0
2023-06-01 19:25:08.997811,0.0,0.0,0.0,0.0
2023-06-01 19:25:09.007951,0.0,0.0,0.0,0.0
2023-06-01 19:25:09.017902,0.0,0.0,0.0,0.0
2023-06-01 19:25:09.027796,0.0,0.0,0.0,0.0
2023-06-01 19:25:09.037871,0.0,0.0,0.0,0.0
2023-06-01 19:25:09.047865,0.0,0.0,0.0,0.0
2023-06-01 19:25:09.057739,0.0,0.0,0.0,0.0
2023-06-01 19:25:09.067866,0.0,0.0,0.0,0.0
2023-06-01 19:25:09.077758,0.0,0.0,0.0,0.0
2023-06-01 19:25:09.087820,0.0,0.0,0.0,0.0
2023-06-01 19:25:09.097820,0.0,0.0,0.0,0.0
2023-06-01 19:25:09.108014,0.0,0.0,0.0,0.0
2023-06-01 19:25:09.117845,0.0,0.0,0.0,0.0
2023-06-01 19:25:09.127980,0.0,0.0,0.0,0.0
2023-06-01 19:25:09.137711,0.0,0.0,0.0,0.0
2023-06-01 19:25:09.148201,0.0,0.0,0.0,0.0
2023-06-01 19:25:09.157891,0.0,0.0,0.0,0.0
2023-06-01 19:25:09.167846,0.0,0.0,0.0,0.0
2023-06-01 19:25:09.177696,0.0,0.0,0.0,0.0
2023-06-01 19:25:09.187931,0.0,0.0,0.0,0.0
2023-06-01 19:25:09.197762,0.0,0.0,0.0,0.0
2023-06-01 19:25:09.207979,0.0,0.0,0.0,0.0
2023-06-01 19:25:09.217773,0.0,0.0,0.0,0.0
2023-06-01 19:25:09.227884,0.0,0.0,0.0,0.0
2023-06-01 19:25:09.237654,0.0,0.0,0.0,0.0
2023-06-01 19:25:09.248015,0.0,0.0,0.0,0.0
2023-06-01 19:25:09.257799,0.0,0.0,0.0,0.0
2023-06-01 19:25:09.267942,0.0,0.0,0.0,0.0
2023-06-01 19:25:09.278063,0.0,0.0,0.0,0.0
2023-06-01 19:25:09.287838,0.0,0.0,0.0,0.0
2023-06-01 19:25:09.297966,0.0,0.0,0.0,0.0
2023-06-01 19:25:09.307830,0.0,0.0,0.0,0.0
2023-06-01 19:25:09.317819,0.0,0.0,0.0,0.0
2023-06-01 19:25:09.329161,0.0,0.0,0.0,0.0
2023-06-01 19:25:09.337910,0.0,0.0,0.0,0.0
2023-06-01 19:25:09.348243,0.0,0.0,0.0,0.0
2023-06-01 19:25:09.357963,0.0,0.0,0.0,0.0
2023-06-01 19:25:09.367885,0.0,0.0,0.0,0.0
2023-06-01 19:25:09.377865,0.0,0.0,0.0,0.0
2023-06-01 19:25:09.387871,0.0,0.0,0.0,0.0
2023-06-01 19:25:09.397789,0.0,0.0,0.0,0.0
2023-06-01 19:25:09.408095,0.0,0.0,0.0,0.0
2023-06-01 19:25:09.417736,0.0,0.0,0.0,0.0
2023-06-01 19:25:09.428063,0.0,0.0,0.0,0.0
2023-06-01 19:25:09.437897,0.0,0.0,0.0,0.0
2023-06-01 19:25:09.447826,0.0,0.0,0.0,0.0
2023-06-01 19:25:09.457872,0.0,0.0,0.0,0.0
2023-06-01 19:25:09.467874,0.0,0.0,0.0,0.0
2023-06-01 19:25:09.478046,0.0,0.0,0.0,0.0
2023-06-01 19:25:09.487896,0.0,0.0,0.0,0.0
2023-06-01 19:25:09.497976,0.0,0.0,0.0,0.0
2023-06-01 19:25:09.507957,0.0,0.0,0.0,0.0
2023-06-01 19:25:09.517987,0.0,0.0,0.0,0.0
2023-06-01 19:25:09.528066,0.0,0.0,0.0,0.0
2023-06-01 19:25:09.538155,0.0,0.0,0.0,0.0
2023-06-01 19:25:09.547962,0.0,0.0,0.0,0.0
2023-06-01 19:25:09.557801,0.0,0.0,0.0,0.0
2023-06-01 19:25:09.567936,0.0,0.0,0.0,0.0
2023-06-01 19:25:09.578699,0.0,0.0,0.0,0.0
2023-06-01 19:25:09.587789,0.0,0.0,0.0,0.0
2023-06-01 19:25:09.597761,0.0,0.0,0.0,0.0
2023-06-01 19:25:09.607867,0.0,0.0,0.0,0.0
2023-06-01 19:25:09.617797,0.0,0.0,0.0,0.0
2023-06-01 19:25:09.627815,0.0,0.0,0.0,0.0
2023-06-01 19:25:09.637762,0.0,0.0,0.0,0.0
2023-06-01 19:25:09.647790,0.0,0.0,0.0,0.0
2023-06-01 19:25:09.657795,0.0,0.0,0.0,0.0
2023-06-01 19:25:09.667756,0.0,0.0,0.0,0.0
2023-06-01 19:25:09.677665,0.0,0.0,0.0,0.0
2023-06-01 19:25:09.688057,0.0,0.0,0.0,0.0
2023-06-01 19:25:09.697790,0.0,0.0,0.0,0.0
2023-06-01 19:25:09.707887,0.0,0.0,0.0,0.0
2023-06-01 19:25:09.717842,0.0,0.0,0.0,0.0
2023-06-01 19:25:09.727781,0.0,0.0,0.0,0.0
2023-06-01 19:25:09.737926,0.0,0.0,0.0,0.0
2023-06-01 19:25:09.748156,0.0,0.0,0.0,0.0
2023-06-01 19:25:09.758035,0.0,0.0,0.0,0.0
2023-06-01 19:25:09.767789,0.0,0.0,0.0,0.0
2023-06-01 19:25:09.777772,0.0,0.0,0.0,0.0
2023-06-01 19:25:09.787832,0.0,0.0,0.0,0.0
2023-06-01 19:25:09.798001,0.0,0.0,0.0,0.0
2023-06-01 19:25:09.807883,0.0,0.0,0.0,0.0
2023-06-01 19:25:09.817711,0.0,0.0,0.0,0.0
2023-06-01 19:25:09.827819,0.0,0.0,0.0,0.0
2023-06-01 19:25:09.837976,0.0,0.0,0.0,0.0
2023-06-01 19:25:09.847960,0.0,0.0,0.0,0.0
2023-06-01 19:25:09.858192,0.0,0.0,0.0,0.0
2023-06-01 19:25:09.867938,0.0,0.0,0.0,0.0
2023-06-01 19:25:09.877837,0.0,0.0,0.0,0.0
2023-06-01 19:25:09.887801,0.0,0.0,0.0,0.0
2023-06-01 19:25:09.898026,0.0,0.0,0.0,0.0
2023-06-01 19:25:09.908499,0.0,0.0,0.0,0.0
2023-06-01 19:25:09.917916,0.0,0.0,0.0,0.0
2023-06-01 19:25:09.927955,0.0,0.0,0.0,0.0
2023-06-01 19:25:09.938672,0.0,0.0,0.0,0.0
2023-06-01 19:25:09.947865,0.0,0.0,0.0,0.0
2023-06-01 19:25:09.957861,0.0,0.0,0.0,0.0
2023-06-01 19:25:09.968012,0.0,0.0,0.0,0.0
2023-06-01 19:25:09.977991,0.0,0.0,0.0,0.0
2023-06-01 19:25:09.987912,0.0,0.0,0.0,0.0
2023-06-01 19:25:10.007310,0.0,0.0,0.0,0.0
2023-06-01 19:25:10.014933,0.0,0.0,0.0,0.0
2023-06-01 19:25:10.022439,0.0,0.0,0.0,0.0
2023-06-01 19:25:10.030213,0.0,0.0,0.0,0.0
2023-06-01 19:25:10.037673,0.0,0.0,0.0,0.0
2023-06-01 19:25:10.047973,0.0,0.0,0.0,0.0
2023-06-01 19:25:10.058271,0.0,0.0,0.0,0.0
2023-06-01 19:25:10.068004,0.0,0.0,0.0,0.0
2023-06-01 19:25:10.084929,0.0,0.0,0.0,0.0
2023-06-01 19:25:10.092813,0.0,0.0,0.0,0.0
2023-06-01 19:25:10.100440,0.0,0.0,0.0,0.0
2023-06-01 19:25:10.107894,0.0,0.0,0.0,0.0
2023-06-01 19:25:10.117983,0.0,0.0,0.0,0.0
2023-06-01 19:25:10.128008,0.0,0.0,0.0,0.0
2023-06-01 19:25:10.137809,0.0,0.0,0.0,0.0
2023-06-01 19:25:10.147812,0.0,0.0,0.0,0.0
2023-06-01 19:25:10.157795,0.0,0.0,0.0,0.0
2023-06-01 19:25:10.167801,0.0,0.0,0.0,0.0
2023-06-01 19:25:10.177700,0.0,0.0,0.0,0.0
2023-06-01 19:25:10.187984,0.0,0.0,0.0,0.0
2023-06-01 19:25:10.197974,0.0,0.0,0.0,0.0
2023-06-01 19:25:10.208079,0.0,0.0,0.0,0.0
2023-06-01 19:25:10.217881,0.0,0.0,0.0,0.0
2023-06-01 19:25:10.228277,0.0,0.0,0.0,0.0
2023-06-01 19:25:10.237880,0.0,0.0,0.0,0.0
2023-06-01 19:25:10.247851,0.0,0.0,0.0,0.0
2023-06-01 19:25:10.259074,0.0,0.0,0.0,0.0
2023-06-01 19:25:10.268010,0.0,0.0,0.0,0.0
2023-06-01 19:25:10.277835,0.0,0.0,0.0,0.0
2023-06-01 19:25:10.287789,0.0,0.0,0.0,0.0
2023-06-01 19:25:10.297934,0.0,0.0,0.0,0.0
2023-06-01 19:25:10.308036,0.0,0.0,0.0,0.0
2023-06-01 19:25:10.318191,0.0,0.0,0.0,0.0
2023-06-01 19:25:10.327830,0.0,0.0,0.0,0.0
2023-06-01 19:25:10.337853,0.0,0.0,0.0,0.0
2023-06-01 19:25:10.348118,0.0,0.0,0.0,0.0
2023-06-01 19:25:10.357737,0.0,0.0,0.0,0.0
2023-06-01 19:25:10.367814,0.0,0.0,0.0,0.0
2023-06-01 19:25:10.377746,0.0,0.0,0.0,0.0
2023-06-01 19:25:10.387804,0.0,0.0,0.0,0.0
2023-06-01 19:25:10.397878,0.0,0.0,0.0,0.0
2023-06-01 19:25:10.409119,0.0,0.0,0.0,0.0
2023-06-01 19:25:10.417883,0.0,0.0,0.0,0.0
2023-06-01 19:25:10.428026,0.0,0.0,0.0,0.0
2023-06-01 19:25:10.437870,0.0,0.0,0.0,0.0
2023-06-01 19:25:10.447852,0.0,0.0,0.0,0.0
2023-06-01 19:25:10.457975,0.0,0.0,0.0,0.0
2023-06-01 19:25:10.468099,0.0,0.0,0.0,0.0
2023-06-01 19:25:10.477930,0.0,0.0,0.0,0.0
2023-06-01 19:25:10.488045,0.0,0.0,0.0,0.0
2023-06-01 19:25:10.497742,0.0,0.0,0.0,0.0
2023-06-01 19:25:10.508011,0.0,0.0,0.0,0.0
2023-06-01 19:25:10.517788,0.0,0.0,0.0,0.0
2023-06-01 19:25:10.527908,0.0,0.0,0.0,0.0
2023-06-01 19:25:10.538190,0.0,0.0,0.0,0.0
2023-06-01 19:25:10.548096,0.0,0.0,0.0,0.0
2023-06-01 19:25:10.557829,0.0,0.0,0.0,0.0
2023-06-01 19:25:10.567819,0.0,0.0,0.0,0.0
2023-06-01 19:25:10.577814,0.0,0.0,0.0,0.0
2023-06-01 19:25:10.587811,0.0,0.0,0.0,0.0
2023-06-01 19:25:10.597857,0.0,0.0,0.0,0.0
2023-06-01 19:25:10.607946,0.0,0.0,0.0,0.0
2023-06-01 19:25:10.617779,0.0,0.0,0.0,0.0
2023-06-01 19:25:10.627865,0.0,0.0,0.0,0.0
2023-06-01 19:25:10.637795,0.0,0.0,0.0,0.0
2023-06-01 19:25:10.647737,0.0,0.0,0.0,0.0
2023-06-01 19:25:10.657781,0.0,0.0,0.0,0.0
2023-06-01 19:25:10.667816,0.0,0.0,0.0,0.0
2023-06-01 19:25:10.677839,0.0,0.0,0.0,0.0
2023-06-01 19:25:10.688022,0.0,0.0,0.0,0.0
2023-06-01 19:25:10.697791,0.0,0.0,0.0,0.0
2023-06-01 19:25:10.707837,0.0,0.0,0.0,0.0
2023-06-01 19:25:10.717762,0.0,0.0,0.0,0.0
2023-06-01 19:25:10.727788,0.0,0.0,0.0,0.0
2023-06-01 19:25:10.738253,0.0,0.0,0.0,0.0
2023-06-01 19:25:10.747962,0.0,0.0,0.0,0.0
2023-06-01 19:25:10.757771,0.0,0.0,0.0,0.0
2023-06-01 19:25:10.767736,0.0,0.0,0.0,0.0
2023-06-01 19:25:10.778030,0.0,0.0,0.0,0.0
2023-06-01 19:25:10.787777,0.0,0.0,0.0,0.0
2023-06-01 19:25:10.797799,0.0,0.0,0.0,0.0
2023-06-01 19:25:10.808076,0.0,0.0,0.0,0.0
2023-06-01 19:25:10.817794,0.0,0.0,0.0,0.0
2023-06-01 19:25:10.827918,0.0,0.0,0.0,0.0
2023-06-01 19:25:10.837782,0.0,0.0,0.0,0.0
2023-06-01 19:25:10.847762,0.0,0.0,0.0,0.0
2023-06-01 19:25:10.857799,0.0,0.0,0.0,0.0
2023-06-01 19:25:10.867841,0.0,0.0,0.0,0.0
2023-06-01 19:25:10.877880,0.0,0.0,0.0,0.0
2023-06-01 19:25:10.887747,0.0,0.0,0.0,0.0
2023-06-01 19:25:10.897805,0.0,0.0,0.0,0.0
2023-06-01 19:25:10.908143,0.0,0.0,0.0,0.0
2023-06-01 19:25:10.917824,0.0,0.0,0.0,0.0
2023-06-01 19:25:10.927832,0.0,0.0,0.0,0.0
2023-06-01 19:25:10.937979,0.0,0.0,0.0,0.0
2023-06-01 19:25:10.947976,0.0,0.0,0.0,0.0
2023-06-01 19:25:10.957815,0.0,0.0,0.0,0.0
2023-06-01 19:25:10.975267,0.0,0.0,0.0,0.0
2023-06-01 19:25:10.982909,0.0,0.0,0.0,0.0
2023-06-01 19:25:10.990943,0.0,0.0,0.0,0.0
2023-06-01 19:25:10.998379,0.0,0.0,0.0,0.0
2023-06-01 19:25:11.007868,0.0,0.0,0.0,0.0
2023-06-01 19:25:11.017870,0.0,0.0,0.0,0.0
2023-06-01 19:25:11.027854,0.0,0.0,0.0,0.0
2023-06-01 19:25:11.037807,0.0,0.0,0.0,0.0
2023-06-01 19:25:11.047822,0.0,0.0,0.0,0.0
2023-06-01 19:25:11.057783,0.0,0.0,0.0,0.0
2023-06-01 19:25:11.068034,0.0,0.0,0.0,0.0
2023-06-01 19:25:11.077754,0.0,0.0,0.0,0.0
2023-06-01 19:25:11.088057,0.0,0.0,0.0,0.0
2023-06-01 19:25:11.097813,0.0,0.0,0.0,0.0
2023-06-01 19:25:11.107817,0.0,0.0,0.0,0.0
2023-06-01 19:25:11.117904,0.0,0.0,0.0,0.0
2023-06-01 19:25:11.127804,0.0,0.0,0.0,0.0
2023-06-01 19:25:11.137716,0.0,0.0,0.0,0.0
2023-06-01 19:25:11.147865,0.0,0.0,0.0,0.0
2023-06-01 19:25:11.157809,0.0,0.0,0.0,0.0
2023-06-01 19:25:11.167675,0.0,0.0,0.0,0.0
2023-06-01 19:25:11.177758,0.0,0.0,0.0,0.0
2023-06-01 19:25:11.187954,0.0,0.0,0.0,0.0
2023-06-01 19:25:11.197696,0.0,0.0,0.0,0.0
2023-06-01 19:25:11.207805,0.0,0.0,0.0,0.0
2023-06-01 19:25:11.217691,0.0,0.0,0.0,0.0
2023-06-01 19:25:11.227836,0.0,0.0,0.0,0.0
2023-06-01 19:25:11.237757,0.0,0.0,0.0,0.0
2023-06-01 19:25:11.247773,0.0,0.0,0.0,0.0
2023-06-01 19:25:11.257777,0.0,0.0,0.0,0.0
2023-06-01 19:25:11.267901,0.0,0.0,0.0,0.0
2023-06-01 19:25:11.277708,0.0,0.0,0.0,0.0
2023-06-01 19:25:11.287786,0.0,0.0,0.0,0.0
2023-06-01 19:25:11.297790,0.0,0.0,0.0,0.0
2023-06-01 19:25:11.308146,0.0,0.0,0.0,0.0
2023-06-01 19:25:11.317886,0.0,0.0,0.0,0.0
2023-06-01 19:25:11.327680,0.0,0.0,0.0,0.0
2023-06-01 19:25:11.337815,0.0,0.0,0.0,0.0
2023-06-01 19:25:11.347823,0.0,0.0,0.0,0.0
2023-06-01 19:25:11.357766,0.0,0.0,0.0,0.0
2023-06-01 19:25:11.368027,0.0,0.0,0.0,0.0
2023-06-01 19:25:11.377838,0.0,0.0,0.0,0.0
2023-06-01 19:25:11.387752,0.0,0.0,0.0,0.0
2023-06-01 19:25:11.398215,0.0,0.0,0.0,0.0
2023-06-01 19:25:11.407906,0.0,0.0,0.0,0.0
2023-06-01 19:25:11.417786,0.0,0.0,0.0,0.0
2023-06-01 19:25:11.427873,0.0,0.0,0.0,0.0
2023-06-01 19:25:11.437758,0.0,0.0,0.0,0.0
2023-06-01 19:25:11.447866,0.0,0.0,0.0,0.0
2023-06-01 19:25:11.457770,0.0,0.0,0.0,0.0
2023-06-01 19:25:11.467767,0.0,0.0,0.0,0.0
2023-06-01 19:25:11.477805,0.0,0.0,0.0,0.0
2023-06-01 19:25:11.487863,0.0,0.0,0.0,0.0
2023-06-01 19:25:11.497752,0.0,0.0,0.0,0.0
2023-06-01 19:25:11.508124,0.0,0.0,0.0,0.0
2023-06-01 19:25:11.517848,0.0,0.0,0.0,0.0
2023-06-01 19:25:11.527773,0.0,0.0,0.0,0.0
2023-06-01 19:25:11.537860,0.0,0.0,0.0,0.0
2023-06-01 19:25:11.547845,0.0,0.0,0.0,0.0
2023-06-01 19:25:11.557940,0.0,0.0,0.0,0.0
2023-06-01 19:25:11.568055,0.0,0.0,0.0,0.0
2023-06-01 19:25:11.577792,0.0,0.0,0.0,0.0
2023-06-01 19:25:11.587782,0.0,0.0,0.0,0.0
2023-06-01 19:25:11.598367,0.0,0.0,0.0,0.0
2023-06-01 19:25:11.607811,0.0,0.0,0.0,0.0
2023-06-01 19:25:11.617829,0.0,0.0,0.0,0.0
2023-06-01 19:25:11.627898,0.0,0.0,0.0,0.0
2023-06-01 19:25:11.637715,0.0,0.0,0.0,0.0
2023-06-01 19:25:11.647896,0.0,0.0,0.0,0.0
2023-06-01 19:25:11.657760,0.0,0.0,0.0,0.0
2023-06-01 19:25:11.667937,0.0,0.0,0.0,0.0
2023-06-01 19:25:11.678024,0.0,0.0,0.0,0.0
2023-06-01 19:25:11.688251,0.0,0.0,0.0,0.0
2023-06-01 19:25:11.697936,0.0,0.0,0.0,0.0
2023-06-01 19:25:11.708474,0.0,0.0,0.0,0.0
2023-06-01 19:25:11.718081,0.0,0.0,0.0,0.0
2023-06-01 19:25:11.727896,0.0,0.0,0.0,0.0
2023-06-01 19:25:11.737895,0.0,0.0,0.0,0.0
2023-06-01 19:25:11.747749,0.0,0.0,0.0,0.0
2023-06-01 19:25:11.757816,0.0,0.0,0.0,0.0
2023-06-01 19:25:11.767916,0.0,0.0,0.0,0.0
2023-06-01 19:25:11.777918,0.0,0.0,0.0,0.0
2023-06-01 19:25:11.787858,0.0,0.0,0.0,0.0
2023-06-01 19:25:11.798175,0.0,0.0,0.0,0.0
2023-06-01 19:25:11.807942,0.0,0.0,0.0,0.0
2023-06-01 19:25:11.817772,0.0,0.0,0.0,0.0
2023-06-01 19:25:11.827773,0.0,0.0,0.0,0.0
2023-06-01 19:25:11.838496,0.0,0.0,0.0,0.0
2023-06-01 19:25:11.847968,0.0,0.0,0.0,0.0
2023-06-01 19:25:11.857936,0.0,0.0,0.0,0.0
2023-06-01 19:25:11.867839,0.0,0.0,0.0,0.0
2023-06-01 19:25:11.878215,0.0,0.0,0.0,0.0
2023-06-01 19:25:11.887787,0.0,0.0,0.0,0.0
2023-06-01 19:25:11.897782,0.0,0.0,0.0,0.0
2023-06-01 19:25:11.907945,0.0,0.0,0.0,0.0
2023-06-01 19:25:11.917873,0.0,0.0,0.0,0.0
2023-06-01 19:25:11.928350,0.0,0.0,0.0,0.0
2023-06-01 19:25:11.938584,0.0,0.0,0.0,0.0
2023-06-01 19:25:11.947889,0.0,0.0,0.0,0.0
2023-06-01 19:25:11.957838,0.0,0.0,0.0,0.0
2023-06-01 19:25:11.967784,0.0,0.0,0.0,0.0
2023-06-01 19:25:11.977808,0.0,0.0,0.0,0.0
2023-06-01 19:25:11.987759,0.0,0.0,0.0,0.0
2023-06-01 19:25:11.997731,0.0,0.0,0.0,0.0
2023-06-01 19:25:12.007835,0.0,0.0,0.0,0.0
2023-06-01 19:25:12.017806,0.0,0.0,0.0,0.0
2023-06-01 19:25:12.027692,0.0,0.0,0.0,0.0
2023-06-01 19:25:12.037923,0.0,0.0,0.0,0.0
2023-06-01 19:25:12.048041,0.0,0.0,0.0,0.0
2023-06-01 19:25:12.057725,0.0,0.0,0.0,0.0
2023-06-01 19:25:12.067847,0.0,0.0,0.0,0.0
2023-06-01 19:25:12.077759,0.0,0.0,0.0,0.0
2023-06-01 19:25:12.087830,0.0,0.0,0.0,0.0
2023-06-01 19:25:12.097783,0.0,0.0,0.0,0.0
2023-06-01 19:25:12.107976,0.0,0.0,0.0,0.0
2023-06-01 19:25:12.117772,0.0,0.0,0.0,0.0
2023-06-01 19:25:12.127757,0.0,0.0,0.0,0.0
2023-06-01 19:25:12.137849,0.0,0.0,0.0,0.0
2023-06-01 19:25:12.147874,0.0,0.0,0.0,0.0
2023-06-01 19:25:12.157875,0.0,0.0,0.0,0.0
2023-06-01 19:25:12.168024,0.0,0.0,0.0,0.0
2023-06-01 19:25:12.177854,0.0,0.0,0.0,0.0
2023-06-01 19:25:12.188961,0.0,0.0,0.0,0.0
2023-06-01 19:25:12.197842,0.0,0.0,0.0,0.0
2023-06-01 19:25:12.208102,0.0,0.0,0.0,0.0
2023-06-01 19:25:12.217761,0.0,0.0,0.0,0.0
2023-06-01 19:25:12.227778,0.0,0.0,0.0,0.0
2023-06-01 19:25:12.237759,0.0,0.0,0.0,0.0
2023-06-01 19:25:12.249253,0.0,0.0,0.0,0.0
2023-06-01 19:25:12.257920,0.0,0.0,0.0,0.0
2023-06-01 19:25:12.267974,0.0,0.0,0.0,0.0
2023-06-01 19:25:12.277871,0.0,0.0,0.0,0.0
2023-06-01 19:25:12.287898,0.0,0.0,0.0,0.0
2023-06-01 19:25:12.297780,0.0,0.0,0.0,0.0
2023-06-01 19:25:12.307926,0.0,0.0,0.0,0.0
2023-06-01 19:25:12.317750,0.0,0.0,0.0,0.0
2023-06-01 19:25:12.327786,0.0,0.0,0.0,0.0
2023-06-01 19:25:12.337764,0.0,0.0,0.0,0.0
2023-06-01 19:25:12.347833,0.0,0.0,0.0,0.0
2023-06-01 19:25:12.357783,0.0,0.0,0.0,0.0
2023-06-01 19:25:12.367765,0.0,0.0,0.0,0.0
2023-06-01 19:25:12.377861,0.0,0.0,0.0,0.0
2023-06-01 19:25:12.387791,0.0,0.0,0.0,0.0
2023-06-01 19:25:12.397924,0.0,0.0,0.0,0.0
2023-06-01 19:25:12.407841,0.0,0.0,0.0,0.0
2023-06-01 19:25:12.417807,0.0,0.0,0.0,0.0
2023-06-01 19:25:12.427947,0.0,0.0,0.0,0.0
2023-06-01 19:25:12.437759,0.0,0.0,0.0,0.0
2023-06-01 19:25:12.447916,0.0,0.0,0.0,0.0
2023-06-01 19:25:12.457749,0.0,0.0,0.0,0.0
2023-06-01 19:25:12.467802,0.0,0.0,0.0,0.0
2023-06-01 19:25:12.477872,0.0,0.0,0.0,0.0
2023-06-01 19:25:12.487961,0.0,0.0,0.0,0.0
2023-06-01 19:25:12.497745,0.0,0.0,0.0,0.0
2023-06-01 19:25:12.507870,0.0,0.0,0.0,0.0
2023-06-01 19:25:12.517946,0.0,0.0,0.0,0.0
2023-06-01 19:25:12.527824,0.0,0.0,0.0,0.0
2023-06-01 19:25:12.537718,0.0,0.0,0.0,0.0
2023-06-01 19:25:12.547957,0.0,0.0,0.0,0.0
2023-06-01 19:25:12.557769,0.0,0.0,0.0,0.0
2023-06-01 19:25:12.567705,0.0,0.0,0.0,0.0
2023-06-01 19:25:12.577898,0.0,0.0,0.0,0.0
2023-06-01 19:25:12.588252,0.0,0.0,0.0,0.0
2023-06-01 19:25:12.597731,0.0,0.0,0.0,0.0
2023-06-01 19:25:12.607845,0.0,0.0,0.0,0.0
2023-06-01 19:25:12.617872,0.0,0.0,0.0,0.0
2023-06-01 19:25:12.627868,0.0,0.0,0.0,0.0
2023-06-01 19:25:12.637879,0.0,0.0,0.0,0.0
2023-06-01 19:25:12.647906,0.0,0.0,0.0,0.0
2023-06-01 19:25:12.664509,0.0,0.0,0.0,0.0
2023-06-01 19:25:12.676153,0.0,0.0,0.0,0.0
2023-06-01 19:25:12.702337,0.0,0.0,0.0,0.0
2023-06-01 19:25:12.716248,0.0,0.0,0.0,0.0
2023-06-01 19:25:12.725934,0.0,0.0,0.0,0.0
2023-06-01 19:25:12.735049,0.0,0.0,0.0,0.0
2023-06-01 19:25:12.743542,0.0,0.0,0.0,0.0
2023-06-01 19:25:12.752118,0.0,0.0,0.0,0.0
2023-06-01 19:25:12.760852,0.0,0.0,0.0,0.0
2023-06-01 19:25:12.769071,0.0,0.0,0.0,0.0
2023-06-01 19:25:12.778563,0.0,0.0,0.0,0.0
2023-06-01 19:25:12.795788,0.0,0.0,0.0,0.0
2023-06-01 19:25:12.812538,0.0,0.0,0.0,0.0
2023-06-01 19:25:12.820060,0.0,0.0,0.0,0.0
2023-06-01 19:25:12.827721,0.0,0.0,0.0,0.0
2023-06-01 19:25:12.837783,0.0,0.0,0.0,0.0
2023-06-01 19:25:12.847815,0.0,0.0,0.0,0.0
2023-06-01 19:25:12.857791,0.0,0.0,0.0,0.0
2023-06-01 19:25:12.867862,0.0,0.0,0.0,0.0
2023-06-01 19:25:12.877830,0.0,0.0,0.0,0.0
2023-06-01 19:25:12.887847,0.0,0.0,0.0,0.0
2023-06-01 19:25:12.897849,0.0,0.0,0.0,0.0
2023-06-01 19:25:12.908606,0.0,0.0,0.0,0.0
2023-06-01 19:25:12.918094,0.0,0.0,0.0,0.0
2023-06-01 19:25:12.927928,0.0,0.0,0.0,0.0
2023-06-01 19:25:12.937957,0.0,0.0,0.0,0.0
2023-06-01 19:25:12.947877,0.0,0.0,0.0,0.0
2023-06-01 19:25:12.957773,0.0,0.0,0.0,0.0
2023-06-01 19:25:12.967711,0.0,0.0,0.0,0.0
2023-06-01 19:25:12.977952,0.0,0.0,0.0,0.0
2023-06-01 19:25:12.988019,0.0,0.0,0.0,0.0
2023-06-01 19:25:12.997813,0.0,0.0,0.0,0.0
2023-06-01 19:25:13.007877,0.0,0.0,0.0,0.0
2023-06-01 19:25:13.017906,0.0,0.0,0.0,0.0
2023-06-01 19:25:13.027810,0.0,0.0,0.0,0.0
2023-06-01 19:25:13.038223,0.0,0.0,0.0,0.0
2023-06-01 19:25:13.048217,0.0,0.0,0.0,0.0
2023-06-01 19:25:13.058010,0.0,0.0,0.0,0.0
2023-06-01 19:25:13.067798,0.0,0.0,0.0,0.0
2023-06-01 19:25:13.079135,0.0,0.0,0.0,0.0
2023-06-01 19:25:13.087906,0.0,0.0,0.0,0.0
2023-06-01 19:25:13.098092,0.0,0.0,0.0,0.0
2023-06-01 19:25:13.107951,0.0,0.0,0.0,0.0
2023-06-01 19:25:13.118076,0.0,0.0,0.0,0.0
2023-06-01 19:25:13.128151,0.0,0.0,0.0,0.0
2023-06-01 19:25:13.137805,0.0,0.0,0.0,0.0
2023-06-01 19:25:13.147770,0.0,0.0,0.0,0.0
2023-06-01 19:25:13.157985,0.0,0.0,0.0,0.0
2023-06-01 19:25:13.168149,0.0,0.0,0.0,0.0
2023-06-01 19:25:13.178083,0.0,0.0,0.0,0.0
2023-06-01 19:25:13.188184,0.0,0.0,0.0,0.0
2023-06-01 19:25:13.198613,0.0,0.0,0.0,0.0
2023-06-01 19:25:13.208016,0.0,0.0,0.0,0.0
2023-06-01 19:25:13.218010,0.0,0.0,0.0,0.0
2023-06-01 19:25:13.227754,0.0,0.0,0.0,0.0
2023-06-01 19:25:13.237950,0.0,0.0,0.0,0.0
2023-06-01 19:25:13.247851,0.0,0.0,0.0,0.0
2023-06-01 19:25:13.257801,0.0,0.0,0.0,0.0
2023-06-01 19:25:13.267763,0.0,0.0,0.0,0.0
2023-06-01 19:25:13.278003,0.0,0.0,0.0,0.0
2023-06-01 19:25:13.287798,0.0,0.0,0.0,0.0
2023-06-01 19:25:13.297783,0.0,0.0,0.0,0.0
2023-06-01 19:25:13.308162,0.0,0.0,0.0,0.0
2023-06-01 19:25:13.317796,0.0,0.0,0.0,0.0
2023-06-01 19:25:13.327801,0.0,0.0,0.0,0.0
2023-06-01 19:25:13.337839,0.0,0.0,0.0,0.0
2023-06-01 19:25:13.347874,0.0,0.0,0.0,0.0
2023-06-01 19:25:13.357782,0.0,0.0,0.0,0.0
2023-06-01 19:25:13.367908,0.0,0.0,0.0,0.0
2023-06-01 19:25:13.377747,0.0,0.0,0.0,0.0
2023-06-01 19:25:13.387871,0.0,0.0,0.0,0.0
2023-06-01 19:25:13.398140,0.0,0.0,0.0,0.0
2023-06-01 19:25:13.407849,0.0,0.0,0.0,0.0
2023-06-01 19:25:13.417762,0.0,0.0,0.0,0.0
2023-06-01 19:25:13.427861,0.0,0.0,0.0,0.0
2023-06-01 19:25:13.439344,0.0,0.0,0.0,0.0
2023-06-01 19:25:13.447855,0.0,0.0,0.0,0.0
2023-06-01 19:25:13.457780,0.0,0.0,0.0,0.0
2023-06-01 19:25:13.467816,0.0,0.0,0.0,0.0
2023-06-01 19:25:13.478192,0.0,0.0,0.0,0.0
2023-06-01 19:25:13.487857,0.0,0.0,0.0,0.0
2023-06-01 19:25:13.497944,0.0,0.0,0.0,0.0
2023-06-01 19:25:13.507833,0.0,0.0,0.0,0.0
2023-06-01 19:25:13.517920,0.0,0.0,0.0,0.0
2023-06-01 19:25:13.527789,0.0,0.0,0.0,0.0
2023-06-01 19:25:13.537721,0.0,0.0,0.0,0.0
2023-06-01 19:25:13.547828,0.0,0.0,0.0,0.0
2023-06-01 19:25:13.557713,0.0,0.0,0.0,0.0
2023-06-01 19:25:13.567749,0.0,0.0,0.0,0.0
2023-06-01 19:25:13.578220,0.0,0.0,0.0,0.0
2023-06-01 19:25:13.587823,0.0,0.0,0.0,0.0
2023-06-01 19:25:13.597761,0.0,0.0,0.0,0.0
2023-06-01 19:25:13.607904,0.0,0.0,0.0,0.0
2023-06-01 19:25:13.617781,0.0,0.0,0.0,0.0
2023-06-01 19:25:13.627935,0.0,0.0,0.0,0.0
2023-06-01 19:25:13.644585,0.0,0.0,0.0,0.0
2023-06-01 19:25:13.661942,0.0,0.0,0.0,0.0
2023-06-01 19:25:13.670310,0.0,0.0,0.0,0.0
2023-06-01 19:25:13.679647,0.0,0.0,0.0,0.0
2023-06-01 19:25:13.689835,0.0,0.0,0.0,0.0
2023-06-01 19:25:13.699288,0.0,0.0,0.0,0.0
2023-06-01 19:25:13.708487,0.0,0.0,0.0,0.0
2023-06-01 19:25:13.718099,0.0,0.0,0.0,0.0
2023-06-01 19:25:13.728329,0.0,0.0,0.0,0.0
2023-06-01 19:25:13.738121,0.0,0.0,0.0,0.0
2023-06-01 19:25:13.753363,0.0,0.0,0.0,0.0
2023-06-01 19:25:13.768942,0.0,0.0,0.0,0.0
2023-06-01 19:25:13.784029,0.0,0.0,0.0,0.0
2023-06-01 19:25:13.805880,0.0,0.0,0.0,0.0
2023-06-01 19:25:13.816335,0.0,0.0,0.0,0.0
2023-06-01 19:25:13.833472,0.0,0.0,0.0,0.0
2023-06-01 19:25:13.845121,0.0,0.0,0.0,0.0
2023-06-01 19:25:13.854148,0.0,0.0,0.0,0.0
2023-06-01 19:25:13.863291,0.0,0.0,0.0,0.0
2023-06-01 19:25:13.871632,0.0,0.0,0.0,0.0
2023-06-01 19:25:13.882690,0.0,0.0,0.0,0.0
2023-06-01 19:25:13.891679,0.0,0.0,0.0,0.0
2023-06-01 19:25:13.912128,0.0,0.0,0.0,0.0
2023-06-01 19:25:13.921547,0.0,0.0,0.0,0.0
2023-06-01 19:25:13.929996,0.0,0.0,0.0,0.0
2023-06-01 19:25:13.937987,0.0,0.0,0.0,0.0
2023-06-01 19:25:13.948385,0.0,0.0,0.0,0.0
2023-06-01 19:25:13.965330,0.0,0.0,0.0,0.0
2023-06-01 19:25:13.982983,0.0,0.0,0.0,0.0
2023-06-01 19:25:14.000550,0.0,0.0,0.0,0.0
2023-06-01 19:25:14.020319,0.0,0.0,0.0,0.0
2023-06-01 19:25:14.039568,0.0,0.0,0.0,0.0
2023-06-01 19:25:14.047438,0.0,0.0,0.0,0.0
2023-06-01 19:25:14.067066,0.0,0.0,0.0,0.0
2023-06-01 19:25:14.087875,0.0,0.0,0.0,0.0
2023-06-01 19:25:14.096787,0.0,0.0,0.0,0.0
2023-06-01 19:25:14.116623,0.0,0.0,0.0,0.0
2023-06-01 19:25:14.142004,0.0,0.0,0.0,0.0
2023-06-01 19:25:14.153154,0.0,0.0,0.0,0.0
2023-06-01 19:25:14.160603,0.0,0.0,0.0,0.0
2023-06-01 19:25:14.185638,0.0,0.0,0.0,0.0
2023-06-01 19:25:14.216820,0.0,0.0,0.0,0.0
2023-06-01 19:25:14.225799,0.0,0.0,0.0,0.0
2023-06-01 19:25:14.246992,0.0,0.0,0.0,0.0
2023-06-01 19:25:14.268148,0.0,0.0,0.0,0.0
2023-06-01 19:25:14.297239,0.0,0.0,0.0,0.0
2023-06-01 19:25:14.305337,0.0,0.0,0.0,0.0
2023-06-01 19:25:14.314239,0.0,0.0,0.0,0.0
2023-06-01 19:25:14.345831,0.0,0.0,0.0,0.0
2023-06-01 19:25:14.365671,0.0,0.0,0.0,0.0
2023-06-01 19:25:14.373158,0.0,0.0,0.0,0.0
2023-06-01 19:25:14.385119,0.0,0.0,0.0,0.0
2023-06-01 19:25:14.404918,0.0,0.0,0.0,0.0
2023-06-01 19:25:14.424954,0.0,0.0,0.0,0.0
2023-06-01 19:25:14.432552,0.0,0.0,0.0,0.0
2023-06-01 19:25:14.452300,0.0,0.0,0.0,0.0
2023-06-01 19:25:14.471884,0.0,0.0,0.0,0.0
2023-06-01 19:25:14.479558,0.0,0.0,0.0,0.0
2023-06-01 19:25:14.496487,0.0,0.0,0.0,0.0
2023-06-01 19:25:14.516283,0.0,0.0,0.0,0.0
2023-06-01 19:25:14.524237,0.0,0.0,0.0,0.0
2023-06-01 19:25:14.543986,0.0,0.0,0.0,0.0
2023-06-01 19:25:14.563651,0.0,0.0,0.0,0.0
2023-06-01 19:25:14.572580,0.0,0.0,0.0,0.0
2023-06-01 19:25:14.593005,0.0,0.0,0.0,0.0
2023-06-01 19:25:14.612837,0.0,0.0,0.0,0.0
2023-06-01 19:25:14.620370,0.0,0.0,0.0,0.0
2023-06-01 19:25:14.640071,0.0,0.0,0.0,0.0
2023-06-01 19:25:14.661102,0.0,0.0,0.0,0.0
2023-06-01 19:25:14.669945,0.0,0.0,0.0,0.0
2023-06-01 19:25:14.690188,0.0,0.0,0.0,0.0
2023-06-01 19:25:14.710041,0.0,0.0,0.0,0.0
2023-06-01 19:25:14.717630,0.0,0.0,0.0,0.0
2023-06-01 19:25:14.737574,0.0,0.0,0.0,0.0
2023-06-01 19:25:14.757480,0.0,0.0,0.0,0.0
2023-06-01 19:25:14.765086,0.0,0.0,0.0,0.0
2023-06-01 19:25:14.784902,0.0,0.0,0.0,0.0
2023-06-01 19:25:14.805593,0.0,0.0,0.0,0.0
2023-06-01 19:25:14.814425,0.0,0.0,0.0,0.0
2023-06-01 19:25:14.834496,0.0,0.0,0.0,0.0
2023-06-01 19:25:14.853998,0.0,0.0,0.0,0.0
2023-06-01 19:25:14.861713,0.0,0.0,0.0,0.0
2023-06-01 19:25:14.881618,0.0,0.0,0.0,0.0
2023-06-01 19:25:14.901520,0.0,0.0,0.0,0.0
2023-06-01 19:25:14.909278,0.0,0.0,0.0,0.0
2023-06-01 19:25:14.929521,0.0,0.0,0.0,0.0
2023-06-01 19:25:14.948313,0.0,0.0,0.0,0.0
2023-06-01 19:25:14.968583,0.0,0.0,0.0,0.0
2023-06-01 19:25:14.988391,0.0,0.0,0.0,0.0
2023-06-01 19:25:14.997918,0.0,0.0,0.0,0.0
2023-06-01 19:25:15.016389,0.0,0.0,0.0,0.0
2023-06-01 19:25:15.036464,0.0,0.0,0.0,0.0
2023-06-01 19:25:15.044497,0.0,0.0,0.0,0.0
2023-06-01 19:25:15.064301,0.0,0.0,0.0,0.0
2023-06-01 19:25:15.084395,0.0,0.0,0.0,0.0
2023-06-01 19:25:15.092209,0.0,0.0,0.0,0.0
2023-06-01 19:25:15.112980,0.0,0.0,0.0,0.0
2023-06-01 19:25:15.133008,0.0,0.0,0.0,0.0
2023-06-01 19:25:15.140715,0.0,0.0,0.0,0.0
2023-06-01 19:25:15.160853,0.0,0.0,0.0,0.0
2023-06-01 19:25:15.180863,0.0,0.0,0.0,0.0
2023-06-01 19:25:15.189353,0.0,0.0,0.0,0.0
2023-06-01 19:25:15.209566,0.0,0.0,0.0,0.0
2023-06-01 19:25:15.228483,0.0,0.0,0.0,0.0
2023-06-01 19:25:15.248518,0.0,0.0,0.0,0.0
2023-06-01 19:25:15.258019,0.0,0.0,0.0,0.0
2023-06-01 19:25:15.276568,0.0,0.0,0.0,0.0
2023-06-01 19:25:15.296637,0.0,0.0,0.0,0.0
2023-06-01 19:25:15.304418,0.0,0.0,0.0,0.0
2023-06-01 19:25:15.324082,0.0,0.0,0.0,0.0
2023-06-01 19:25:15.344350,0.0,0.0,0.0,0.0
2023-06-01 19:25:15.351882,0.0,0.0,0.0,0.0
2023-06-01 19:25:15.371663,0.0,0.0,0.0,0.0
2023-06-01 19:25:15.379138,0.0,0.0,0.0,0.0
2023-06-01 19:25:15.399032,0.0,0.0,0.0,0.0
2023-06-01 19:25:15.416426,0.0,0.0,0.0,0.0
2023-06-01 19:25:15.436319,0.0,0.0,0.0,0.0
2023-06-01 19:25:15.444456,0.0,0.0,0.0,0.0
2023-06-01 19:25:15.464216,0.0,0.0,0.0,0.0
2023-06-01 19:25:15.483926,0.0,0.0,0.0,0.0
2023-06-01 19:25:15.492927,0.0,0.0,0.0,0.0
2023-06-01 19:25:15.512878,0.0,0.0,0.0,0.0
2023-06-01 19:25:15.532728,0.0,0.0,0.0,0.0
2023-06-01 19:25:15.540450,0.0,0.0,0.0,0.0
2023-06-01 19:25:15.560631,0.0,0.0,0.0,0.0
2023-06-01 19:25:15.580456,0.0,0.0,0.0,0.0
2023-06-01 19:25:15.588203,0.0,0.0,0.0,0.0
2023-06-01 19:25:15.608409,0.0,0.0,0.0,0.0
2023-06-01 19:25:15.628501,0.0,0.0,0.0,0.0
2023-06-01 19:25:15.648701,0.0,0.0,0.0,0.0
2023-06-01 19:25:15.659073,0.0,0.0,0.0,0.0
2023-06-01 19:25:15.676611,0.0,0.0,0.0,0.0
2023-06-01 19:25:15.696418,0.0,0.0,0.0,0.0
2023-06-01 19:25:15.704163,0.0,0.0,0.0,0.0
2023-06-01 19:25:15.724377,0.0,0.0,0.0,0.0
2023-06-01 19:25:15.745410,0.0,0.0,0.0,0.0
2023-06-01 19:25:15.754208,0.0,0.0,0.0,0.0
2023-06-01 19:25:15.774184,0.0,0.0,0.0,0.0
2023-06-01 19:25:15.793834,0.0,0.0,0.0,0.0
2023-06-01 19:25:15.810954,0.0,0.0,0.0,0.0
2023-06-01 19:25:15.818487,0.0,0.0,0.0,0.0
2023-06-01 19:25:15.836826,0.0,0.0,0.0,0.0
2023-06-01 19:25:15.856793,0.0,0.0,0.0,0.0
2023-06-01 19:25:15.877291,0.0,0.0,0.0,0.0
2023-06-01 19:25:15.884971,0.0,0.0,0.0,0.0
2023-06-01 19:25:15.917823,0.0,0.0,0.0,0.0
2023-06-01 19:25:15.925653,0.0,0.0,0.0,0.0
2023-06-01 19:25:15.946935,0.0,0.0,0.0,0.0
2023-06-01 19:25:15.966823,0.0,0.0,0.0,0.0
2023-06-01 19:25:15.974339,0.0,0.0,0.0,0.0
2023-06-01 19:25:15.994090,0.0,0.0,0.0,0.0
2023-06-01 19:25:16.013753,0.0,0.0,0.0,0.0
2023-06-01 19:25:16.021564,0.0,0.0,0.0,0.0
2023-06-01 19:25:16.042690,0.0,0.0,0.0,0.0
2023-06-01 19:25:16.063898,0.0,0.0,0.0,0.0
2023-06-01 19:25:16.083705,0.0,0.0,0.0,0.0
2023-06-01 19:25:16.091616,0.0,0.0,0.0,0.0
2023-06-01 19:25:16.111346,0.0,0.0,0.0,0.0
2023-06-01 19:25:16.118955,0.0,0.0,0.0,0.0
2023-06-01 19:25:16.138639,0.0,0.0,0.0,0.0
2023-06-01 19:25:16.156941,0.0,0.0,0.0,0.0
2023-06-01 19:25:16.176891,0.0,0.0,0.0,0.0
2023-06-01 19:25:16.184655,0.0,0.0,0.0,0.0
2023-06-01 19:25:16.204623,0.0,0.0,0.0,0.0
2023-06-01 19:25:16.224446,0.0,0.0,0.0,0.0
2023-06-01 19:25:16.232050,0.0,0.0,0.0,0.0
2023-06-01 19:25:16.240723,0.0,0.0,0.0,0.0
2023-06-01 19:25:16.264770,0.0,0.0,0.0,0.0
2023-06-01 19:25:16.273329,0.0,0.0,0.0,0.0
2023-06-01 19:25:16.293260,0.0,0.0,0.0,0.0
2023-06-01 19:25:16.313028,0.0,0.0,0.0,0.0
2023-06-01 19:25:16.320563,0.0,0.0,0.0,0.0
2023-06-01 19:25:16.340284,0.0,0.0,0.0,0.0
2023-06-01 19:25:16.359960,0.0,0.0,0.0,0.0
2023-06-01 19:25:16.368084,0.0,0.0,0.0,0.0
2023-06-01 19:25:16.388427,0.0,0.0,0.0,0.0
2023-06-01 19:25:16.406540,0.0,0.0,0.0,0.0
2023-06-01 19:25:16.423042,0.0,0.0,0.0,0.0
2023-06-01 19:25:16.440102,0.0,0.0,0.0,0.0
2023-06-01 19:25:16.449541,0.0,0.0,0.0,0.0
2023-06-01 19:25:16.467090,0.0,0.0,0.0,0.0
2023-06-01 19:25:16.494893,0.0,0.0,0.0,0.0
2023-06-01 19:25:16.514787,0.0,0.0,0.0,0.0
2023-06-01 19:25:16.522495,0.0,0.0,0.0,0.0
2023-06-01 19:25:16.542301,0.0,0.0,0.0,0.0
2023-06-01 19:25:16.562199,0.0,0.0,0.0,0.0
2023-06-01 19:25:16.569795,0.0,0.0,0.0,0.0
2023-06-01 19:25:16.589558,0.0,0.0,0.0,0.0
2023-06-01 19:25:16.608368,0.0,0.0,0.0,0.0
2023-06-01 19:25:16.628574,0.0,0.0,0.0,0.0
2023-06-01 19:25:16.638014,0.0,0.0,0.0,0.0
2023-06-01 19:25:16.655335,0.0,0.0,0.0,0.0
2023-06-01 19:25:16.675685,0.0,0.0,0.0,0.0
2023-06-01 19:25:16.695444,0.0,0.0,0.0,0.0
2023-06-01 19:25:16.703564,0.0,0.0,0.0,0.0
2023-06-01 19:25:16.723437,0.0,0.0,0.0,0.0
2023-06-01 19:25:16.730921,0.0,0.0,0.0,0.0
2023-06-01 19:25:16.750726,0.0,0.0,0.0,0.0
2023-06-01 19:25:16.770403,0.0,0.0,0.0,0.0
2023-06-01 19:25:16.778091,0.0,0.0,0.0,0.0
2023-06-01 19:25:16.798193,0.0,0.0,0.0,0.0
2023-06-01 19:25:16.817404,0.0,0.0,0.0,0.0
2023-06-01 19:25:16.837286,0.0,0.0,0.0,0.0
2023-06-01 19:25:16.844907,0.0,0.0,0.0,0.0
2023-06-01 19:25:16.864848,0.0,0.0,0.0,0.0
2023-06-01 19:25:16.884768,0.0,0.0,0.0,0.0
2023-06-01 19:25:16.892332,0.0,0.0,0.0,0.0
2023-06-01 19:25:16.912960,0.0,0.0,0.0,0.0
2023-06-01 19:25:16.933224,0.0,0.0,0.0,0.0
2023-06-01 19:25:16.940924,0.0,0.0,0.0,0.0
2023-06-01 19:25:16.960667,0.0,0.0,0.0,0.0
2023-06-01 19:25:16.980536,0.0,0.0,0.0,0.0
2023-06-01 19:25:16.988462,0.0,0.0,0.0,0.0
2023-06-01 19:25:17.008504,0.0,0.0,0.0,0.0
2023-06-01 19:25:17.028534,0.0,0.0,0.0,0.0
2023-06-01 19:25:17.037887,0.0,0.0,0.0,0.0
2023-06-01 19:25:17.056472,0.0,0.0,0.0,0.0
2023-06-01 19:25:17.076266,0.0,0.0,0.0,0.0
2023-06-01 19:25:17.084032,0.0,0.0,0.0,0.0
2023-06-01 19:25:17.103749,0.0,0.0,0.0,0.0
2023-06-01 19:25:17.123642,0.0,0.0,0.0,0.0
2023-06-01 19:25:17.131246,0.0,0.0,0.0,0.0
2023-06-01 19:25:17.152048,0.0,0.0,0.0,0.0
2023-06-01 19:25:17.173172,0.0,0.0,0.0,0.0
2023-06-01 19:25:17.181908,0.0,0.0,0.0,0.0
2023-06-01 19:25:17.202991,0.0,0.0,0.0,0.0
2023-06-01 19:25:17.223179,0.0,0.0,0.0,0.0
2023-06-01 19:25:17.230820,0.0,0.0,0.0,0.0
2023-06-01 19:25:17.250542,0.0,0.0,0.0,0.0
2023-06-01 19:25:17.270382,0.0,0.0,0.0,0.0
2023-06-01 19:25:17.277976,0.0,0.0,0.0,0.0
2023-06-01 19:25:17.297919,0.0,0.0,0.0,0.0
2023-06-01 19:25:17.316453,0.0,0.0,0.0,0.0
2023-06-01 19:25:17.336357,0.0,0.0,0.0,0.0
2023-06-01 19:25:17.345184,0.0,0.0,0.0,0.0
2023-06-01 19:25:17.365137,0.0,0.0,0.0,0.0
2023-06-01 19:25:17.386301,0.0,0.0,0.0,0.0
2023-06-01 19:25:17.407622,0.0,0.0,0.0,0.0
2023-06-01 19:25:17.416090,0.0,0.0,0.0,0.0
2023-06-01 19:25:17.436050,0.0,0.0,0.0,0.0
2023-06-01 19:25:17.455989,0.0,0.0,0.0,0.0
2023-06-01 19:25:17.463788,0.0,0.0,0.0,0.0
2023-06-01 19:25:17.484879,0.0,0.0,0.0,0.0
2023-06-01 19:25:17.502462,0.0,0.0,0.0,0.0
2023-06-01 19:25:17.523299,0.0,0.0,0.0,0.0
2023-06-01 19:25:17.531012,0.0,0.0,0.0,0.0
2023-06-01 19:25:17.552543,0.0,0.0,0.0,0.0
2023-06-01 19:25:17.572528,0.0,0.0,0.0,0.0
2023-06-01 19:25:17.580526,0.0,0.0,0.0,0.0
2023-06-01 19:25:17.600223,0.0,0.0,0.0,0.0
2023-06-01 19:25:17.620046,0.0,0.0,0.0,0.0
2023-06-01 19:25:17.627610,0.0,0.0,0.0,0.0
2023-06-01 19:25:17.648597,0.0,0.0,0.0,0.0
2023-06-01 19:25:17.668481,0.0,0.0,0.0,0.0
2023-06-01 19:25:17.679109,0.0,0.0,0.0,0.0
2023-06-01 19:25:17.709351,0.0,0.0,0.0,0.0
2023-06-01 19:25:17.722935,0.0,0.0,0.0,0.0
2023-06-01 19:25:17.733091,0.0,0.0,0.0,0.0
2023-06-01 19:25:17.740973,0.0,0.0,0.0,0.0
2023-06-01 19:25:17.749097,0.0,0.0,0.0,0.0
2023-06-01 19:25:17.757997,0.0,0.0,0.0,0.0
2023-06-01 19:25:17.768037,0.0,0.0,0.0,0.0
2023-06-01 19:25:17.781051,0.0,0.0,0.0,0.0
2023-06-01 19:25:17.793339,0.0,0.0,0.0,0.0
2023-06-01 19:25:17.805455,0.0,0.0,0.0,0.0
2023-06-01 19:25:17.818319,0.0,0.0,0.0,0.0
2023-06-01 19:25:17.831123,0.0,0.0,0.0,0.0
2023-06-01 19:25:17.839072,0.0,0.0,0.0,0.0
2023-06-01 19:25:17.847890,0.0,0.0,0.0,0.0
2023-06-01 19:25:17.862058,0.0,0.0,0.0,0.0
2023-06-01 19:25:17.874462,0.0,0.0,0.0,0.0
2023-06-01 19:25:17.888427,0.0,0.0,0.0,0.0
2023-06-01 19:25:17.901392,0.0,0.0,0.0,0.0
2023-06-01 19:25:17.914347,0.0,0.0,0.0,0.0
2023-06-01 19:25:17.925809,0.0,0.0,0.0,0.0
2023-06-01 19:25:17.933636,0.0,0.0,0.0,0.0
2023-06-01 19:25:17.941650,0.0,0.0,0.0,0.0
2023-06-01 19:25:17.949329,0.0,0.0,0.0,0.0
2023-06-01 19:25:17.963683,0.0,0.0,0.0,0.0
2023-06-01 19:25:17.980172,0.0,0.0,0.0,0.0
2023-06-01 19:25:17.989118,0.0,0.0,0.0,0.0
2023-06-01 19:25:17.998067,0.0,0.0,0.0,0.0
2023-06-01 19:25:18.016719,0.0,0.0,0.0,0.0
2023-06-01 19:25:18.027309,0.0,0.0,0.0,0.0
2023-06-01 19:25:18.036037,0.0,0.0,0.0,0.0
2023-06-01 19:25:18.044008,0.0,0.0,0.0,0.0
2023-06-01 19:25:18.052073,0.0,0.0,0.0,0.0
2023-06-01 19:25:18.060172,0.0,0.0,0.0,0.0
2023-06-01 19:25:18.069231,0.0,0.0,0.0,0.0
2023-06-01 19:25:18.079717,0.0,0.0,0.0,0.0
2023-06-01 19:25:18.088572,0.0,0.0,0.0,0.0
2023-06-01 19:25:18.097318,0.0,0.0,0.0,0.0
2023-06-01 19:25:18.106952,0.0,0.0,0.0,0.0
2023-06-01 19:25:18.117452,0.0,0.0,0.0,0.0
2023-06-01 19:25:18.134541,0.0,0.0,0.0,0.0
2023-06-01 19:25:18.141686,0.0,0.0,0.0,0.0
2023-06-01 19:25:18.148991,0.0,0.0,0.0,0.0
2023-06-01 19:25:18.157507,0.0,0.0,0.0,0.0
2023-06-01 19:25:18.167732,0.0,0.0,0.0,0.0
2023-06-01 19:25:18.177544,0.0,0.0,0.0,0.0
2023-06-01 19:25:18.187733,0.0,0.0,0.0,0.0
2023-06-01 19:25:18.196728,0.0,0.0,0.0,0.0
2023-06-01 19:25:18.207762,0.0,0.0,0.0,0.0
2023-06-01 19:25:18.217449,0.0,0.0,0.0,0.0
2023-06-01 19:25:18.227418,0.0,0.0,0.0,0.0
2023-06-01 19:25:18.237275,0.0,0.0,0.0,0.0
2023-06-01 19:25:18.248508,0.0,0.0,0.0,0.0
2023-06-01 19:25:18.258039,0.0,0.0,0.0,0.0
2023-06-01 19:25:18.266976,0.0,0.0,0.0,0.0
2023-06-01 19:25:18.277456,0.0,0.0,0.0,0.0
2023-06-01 19:25:18.286964,0.0,0.0,0.0,0.0
2023-06-01 19:25:18.296976,0.0,0.0,0.0,0.0
2023-06-01 19:25:18.307525,0.0,0.0,0.0,0.0
2023-06-01 19:25:18.317771,0.0,0.0,0.0,0.0
2023-06-01 19:25:18.326956,0.0,0.0,0.0,0.0
2023-06-01 19:25:18.347705,0.0,0.0,0.0,0.0
2023-06-01 19:25:18.354537,0.0,0.0,0.0,0.0
2023-06-01 19:25:18.361239,0.0,0.0,0.0,0.0
2023-06-01 19:25:18.367482,0.0,0.0,0.0,0.0
2023-06-01 19:25:18.377427,0.0,0.0,0.0,0.0
2023-06-01 19:25:18.387035,0.0,0.0,0.0,0.0
2023-06-01 19:25:18.396767,0.0,0.0,0.0,0.0
2023-06-01 19:25:18.407244,0.0,0.0,0.0,0.0
2023-06-01 19:25:18.418063,0.0,0.0,0.0,0.0
2023-06-01 19:25:18.428895,0.0,0.0,0.0,0.0
2023-06-01 19:25:18.443936,0.0,0.0,0.0,0.0
2023-06-01 19:25:18.450882,0.0,0.0,0.0,0.0
2023-06-01 19:25:18.457420,0.0,0.0,0.0,0.0
2023-06-01 19:25:18.467235,0.0,0.0,0.0,0.0
2023-06-01 19:25:18.477294,0.0,0.0,0.0,0.0
2023-06-01 19:25:18.487136,0.0,0.0,0.0,0.0
2023-06-01 19:25:18.496797,0.0,0.0,0.0,0.0
2023-06-01 19:25:18.507441,0.0,0.0,0.0,0.0
2023-06-01 19:25:18.517548,0.0,0.0,0.0,0.0
2023-06-01 19:25:18.531977,0.0,0.0,0.0,0.0
2023-06-01 19:25:18.538705,0.0,0.0,0.0,0.0
2023-06-01 19:25:18.548043,0.0,0.0,0.0,0.0
2023-06-01 19:25:18.557340,0.0,0.0,0.0,0.0
2023-06-01 19:25:18.566762,0.0,0.0,0.0,0.0
2023-06-01 19:25:18.577548,0.0,0.0,0.0,0.0
2023-06-01 19:25:18.587157,0.0,0.0,0.0,0.0
2023-06-01 19:25:18.596691,0.0,0.0,0.0,0.0
2023-06-01 19:25:18.607466,0.0,0.0,0.0,0.0
2023-06-01 19:25:18.617675,0.0,0.0,0.0,0.0
2023-06-01 19:25:18.647794,0.0,0.0,0.0,0.0
2023-06-01 19:25:18.654388,0.0,0.0,0.0,0.0
2023-06-01 19:25:18.661231,0.0,0.0,0.0,0.0
2023-06-01 19:25:18.668437,0.0,0.0,0.0,0.0
2023-06-01 19:25:18.677111,0.0,0.0,0.0,0.0
2023-06-01 19:25:18.687134,0.0,0.0,0.0,0.0
2023-06-01 19:25:18.696957,0.0,0.0,0.0,0.0
2023-06-01 19:25:18.708563,0.0,0.0,0.0,0.0
2023-06-01 19:25:18.718294,0.0,0.0,0.0,0.0
2023-06-01 19:25:18.727668,0.0,0.0,0.0,0.0
2023-06-01 19:25:18.737784,0.0,0.0,0.0,0.0
2023-06-01 19:25:18.752901,0.0,0.0,0.0,0.0
2023-06-01 19:25:18.761960,0.0,0.0,0.0,0.0
2023-06-01 19:25:18.768907,0.0,0.0,0.0,0.0
2023-06-01 19:25:18.777051,0.0,0.0,0.0,0.0
2023-06-01 19:25:18.786780,0.0,0.0,0.0,0.0
2023-06-01 19:25:18.796731,0.0,0.0,0.0,0.0
2023-06-01 19:25:18.808070,0.0,0.0,0.0,0.0
2023-06-01 19:25:18.817692,0.0,0.0,0.0,0.0
2023-06-01 19:25:18.828075,0.0,0.0,0.0,0.0
2023-06-01 19:25:18.837407,0.0,0.0,0.0,0.0
2023-06-01 19:25:18.850031,0.0,0.0,0.0,0.0
2023-06-01 19:25:18.858022,0.0,0.0,0.0,0.0
2023-06-01 19:25:18.867925,0.0,0.0,0.0,0.0
2023-06-01 19:25:18.879281,0.0,0.0,0.0,0.0
2023-06-01 19:25:18.886605,0.0,0.0,0.0,0.0
2023-06-01 19:25:18.896584,0.0,0.0,0.0,0.0
2023-06-01 19:25:18.908018,0.0,0.0,0.0,0.0
2023-06-01 19:25:18.917647,0.0,0.0,0.0,0.0
2023-06-01 19:25:18.929147,0.0,0.0,0.0,0.0
2023-06-01 19:25:18.938183,0.0,0.0,0.0,0.0
2023-06-01 19:25:18.955931,0.0,0.0,0.0,0.0
2023-06-01 19:25:18.962399,0.0,0.0,0.0,0.0
2023-06-01 19:25:18.968336,0.0,0.0,0.0,0.0
2023-06-01 19:25:18.976724,0.0,0.0,0.0,0.0
2023-06-01 19:25:18.987077,0.0,0.0,0.0,0.0
2023-06-01 19:25:18.997072,0.0,0.0,0.0,0.0
2023-06-01 19:25:19.006843,0.0,0.0,0.0,0.0
2023-06-01 19:25:19.016950,0.0,0.0,0.0,0.0
2023-06-01 19:25:19.029462,0.0,0.0,0.0,0.0
2023-06-01 19:25:19.044518,0.0,0.0,0.0,0.0
2023-06-01 19:25:19.056383,0.0,0.0,0.0,0.0
2023-06-01 19:25:19.062693,0.0,0.0,0.0,0.0
2023-06-01 19:25:19.069381,0.0,0.0,0.0,0.0
2023-06-01 19:25:19.080462,0.0,0.0,0.0,0.0
2023-06-01 19:25:19.088337,0.0,0.0,0.0,0.0
2023-06-01 19:25:19.096875,0.0,0.0,0.0,0.0
2023-06-01 19:25:19.107673,0.0,0.0,0.0,0.0
2023-06-01 19:25:19.117340,0.0,0.0,0.0,0.0
2023-06-01 19:25:19.127248,0.0,0.0,0.0,0.0
2023-06-01 19:25:19.139108,0.0,0.0,0.0,0.0
2023-06-01 19:25:19.147636,0.0,0.0,0.0,0.0
2023-06-01 19:25:19.159085,0.0,0.0,0.0,0.0
2023-06-01 19:25:19.168254,0.0,0.0,0.0,0.0
2023-06-01 19:25:19.181664,0.0,0.0,0.0,0.0
2023-06-01 19:25:19.193144,0.0,0.0,0.0,0.0
2023-06-01 19:25:19.205169,0.0,0.0,0.0,0.0
2023-06-01 19:25:19.211008,0.0,0.0,0.0,0.0
2023-06-01 19:25:19.217388,0.0,0.0,0.0,0.0
2023-06-01 19:25:19.227289,0.0,0.0,0.0,0.0
2023-06-01 19:25:19.239145,0.0,0.0,0.0,0.0
2023-06-01 19:25:19.261315,0.0,0.0,0.0,0.0
2023-06-01 19:25:19.267871,0.0,0.0,0.0,0.0
2023-06-01 19:25:19.276657,0.0,0.0,0.0,0.0
2023-06-01 19:25:19.286908,0.0,0.0,0.0,0.0
2023-06-01 19:25:19.296775,0.0,0.0,0.0,0.0
2023-06-01 19:25:19.307336,0.0,0.0,0.0,0.0
2023-06-01 19:25:19.316995,0.0,0.0,0.0,0.0
2023-06-01 19:25:19.327146,0.0,0.0,0.0,0.0
2023-06-01 19:25:19.343883,0.0,0.0,0.0,0.0
2023-06-01 19:25:19.354890,0.0,0.0,0.0,0.0
2023-06-01 19:25:19.361527,0.0,0.0,0.0,0.0
2023-06-01 19:25:19.368392,0.0,0.0,0.0,0.0
2023-06-01 19:25:19.377324,0.0,0.0,0.0,0.0
2023-06-01 19:25:19.386988,0.0,0.0,0.0,0.0
2023-06-01 19:25:19.396635,0.0,0.0,0.0,0.0
2023-06-01 19:25:19.407553,0.0,0.0,0.0,0.0
2023-06-01 19:25:19.417696,0.0,0.0,0.0,0.0
2023-06-01 19:25:19.443811,0.0,0.0,0.0,0.0
2023-06-01 19:25:19.450433,0.0,0.0,0.0,0.0
2023-06-01 19:25:19.457134,0.0,0.0,0.0,0.0
2023-06-01 19:25:19.467499,0.0,0.0,0.0,0.0
2023-06-01 19:25:19.477240,0.0,0.0,0.0,0.0
2023-06-01 19:25:19.486781,0.0,0.0,0.0,0.0
2023-06-01 19:25:19.496691,0.0,0.0,0.0,0.0
2023-06-01 19:25:19.506681,0.0,0.0,0.0,0.0
2023-06-01 19:25:19.517559,0.0,0.0,0.0,0.0
2023-06-01 19:25:19.528835,0.0,0.0,0.0,0.0
2023-06-01 19:25:19.537172,0.0,0.0,0.0,0.0
2023-06-01 19:25:19.550965,0.0,0.0,0.0,0.0
2023-06-01 19:25:19.557016,0.0,0.0,0.0,0.0
2023-06-01 19:25:19.567477,0.0,0.0,0.0,0.0
2023-06-01 19:25:19.578866,0.0,0.0,0.0,0.0
2023-06-01 19:25:19.586559,0.0,0.0,0.0,0.0
2023-06-01 19:25:19.596757,0.0,0.0,0.0,0.0
2023-06-01 19:25:19.607259,0.0,0.0,0.0,0.0
2023-06-01 19:25:19.635429,0.0,0.0,0.0,0.0
2023-06-01 19:25:19.653482,0.0,0.0,0.0,0.0
2023-06-01 19:25:19.665615,0.0,0.0,0.0,0.0
2023-06-01 19:25:19.674952,0.0,0.0,0.0,0.0
2023-06-01 19:25:19.684286,0.0,0.0,0.0,0.0
2023-06-01 19:25:19.693176,0.0,0.0,0.0,0.0
2023-06-01 19:25:19.705170,0.0,0.0,0.0,0.0
2023-06-01 19:25:19.714857,0.0,0.0,0.0,0.0
2023-06-01 19:25:19.726673,0.0,0.0,0.0,0.0
2023-06-01 19:25:19.744833,0.0,0.0,0.0,0.0
2023-06-01 19:25:19.763831,0.0,0.0,0.0,0.0
2023-06-01 19:25:19.777265,0.0,0.0,0.0,0.0
2023-06-01 19:25:19.784548,0.0,0.0,0.0,0.0
2023-06-01 19:25:19.790647,0.0,0.0,0.0,0.0
2023-06-01 19:25:19.796464,0.0,0.0,0.0,0.0
2023-06-01 19:25:19.806781,0.0,0.0,0.0,0.0
2023-06-01 19:25:19.816877,0.0,0.0,0.0,0.0
2023-06-01 19:25:19.827344,0.0,0.0,0.0,0.0
2023-06-01 19:25:19.836975,0.0,0.0,0.0,0.0
2023-06-01 19:25:19.847003,0.0,0.0,0.0,0.0
2023-06-01 19:25:19.859679,0.0,0.0,0.0,0.0
2023-06-01 19:25:19.869686,0.0,0.0,0.0,0.0
2023-06-01 19:25:19.877157,0.0,0.0,0.0,0.0
2023-06-01 19:25:19.887014,0.0,0.0,0.0,0.0
2023-06-01 19:25:19.896825,0.0,0.0,0.0,0.0
2023-06-01 19:25:19.907231,0.0,0.0,0.0,0.0
2023-06-01 19:25:19.917127,0.0,0.0,0.0,0.0
2023-06-01 19:25:19.928174,0.0,0.0,0.0,0.0
2023-06-01 19:25:19.941869,0.0,0.0,0.0,0.0
2023-06-01 19:25:19.948541,0.0,0.0,0.0,0.0
2023-06-01 19:25:19.957319,0.0,0.0,0.0,0.0
2023-06-01 19:25:19.967517,0.0,0.0,0.0,0.0
2023-06-01 19:25:19.989051,0.0,0.0,0.0,0.0
2023-06-01 19:25:19.998952,0.0,0.0,0.0,0.0
2023-06-01 19:25:20.014269,0.0,0.0,0.0,0.0
2023-06-01 19:25:20.029737,0.0,0.0,0.0,0.0
2023-06-01 19:25:20.045433,0.0,0.0,0.0,0.0
2023-06-01 19:25:20.064854,0.0,0.0,0.0,0.0
2023-06-01 19:25:20.076538,0.0,0.0,0.0,0.0
2023-06-01 19:25:20.086827,0.0,0.0,0.0,0.0
2023-06-01 19:25:20.096557,0.0,0.0,0.0,0.0
2023-06-01 19:25:20.107619,0.0,0.0,0.0,0.0
2023-06-01 19:25:20.116213,0.0,0.0,0.0,0.0
2023-06-01 19:25:20.126744,0.0,0.0,0.0,0.0
2023-06-01 19:25:20.145759,0.0,0.0,0.0,0.0
2023-06-01 19:25:20.162934,0.0,0.0,0.0,0.0
2023-06-01 19:25:20.183680,0.0,0.0,0.0,0.0
2023-06-01 19:25:20.189427,0.0,0.0,0.0,0.0
2023-06-01 19:25:20.196665,0.0,0.0,0.0,0.0
2023-06-01 19:25:20.206992,0.0,0.0,0.0,0.0
2023-06-01 19:25:20.217872,0.0,0.0,0.0,0.0
2023-06-01 19:25:20.229648,0.0,0.0,0.0,0.0
2023-06-01 19:25:20.239550,0.0,0.0,0.0,0.0
2023-06-01 19:25:20.250566,0.0,0.0,0.0,0.0
2023-06-01 19:25:20.262704,0.0,0.0,0.0,0.0
2023-06-01 19:25:20.279918,0.0,0.0,0.0,0.0
2023-06-01 19:25:20.289422,0.0,0.0,0.0,0.0
2023-06-01 19:25:20.298914,0.0,0.0,0.0,0.0
2023-06-01 19:25:20.309101,0.0,0.0,0.0,0.0
2023-06-01 19:25:20.321436,0.0,0.0,0.0,0.0
2023-06-01 19:25:20.329508,0.0,0.0,0.0,0.0
2023-06-01 19:25:20.337147,0.0,0.0,0.0,0.0
2023-06-01 19:25:20.348100,0.0,0.0,0.0,0.0
2023-06-01 19:25:20.357464,0.0,0.0,0.0,0.0
2023-06-01 19:25:20.368405,0.0,0.0,0.0,0.0
2023-06-01 19:25:20.376804,0.0,0.0,0.0,0.0
2023-06-01 19:25:20.387146,0.0,0.0,0.0,0.0
2023-06-01 19:25:20.396941,0.0,0.0,0.0,0.0
2023-06-01 19:25:20.407444,0.0,0.0,0.0,0.0
2023-06-01 19:25:20.417545,0.0,0.0,0.0,0.0
2023-06-01 19:25:20.427800,0.0,0.0,0.0,0.0
2023-06-01 19:25:20.438121,0.0,0.0,0.0,0.0
2023-06-01 19:25:20.451426,0.0,0.0,0.0,0.0
2023-06-01 19:25:20.458230,0.0,0.0,0.0,0.0
2023-06-01 19:25:20.467136,0.0,0.0,0.0,0.0
2023-06-01 19:25:20.477852,0.0,0.0,0.0,0.0
2023-06-01 19:25:20.487078,0.0,0.0,0.0,0.0
2023-06-01 19:25:20.496674,0.0,0.0,0.0,0.0
2023-06-01 19:25:20.507525,0.0,0.0,0.0,0.0
2023-06-01 19:25:20.517478,0.0,0.0,0.0,0.0
2023-06-01 19:25:20.527221,0.0,0.0,0.0,0.0
2023-06-01 19:25:20.541322,0.0,0.0,0.0,0.0
2023-06-01 19:25:20.548850,0.0,0.0,0.0,0.0
2023-06-01 19:25:20.562932,0.0,0.0,0.0,0.0
2023-06-01 19:25:20.569943,0.0,0.0,0.0,0.0
2023-06-01 19:25:20.577051,0.0,0.0,0.0,0.0
2023-06-01 19:25:20.588520,0.0,0.0,0.0,0.0
2023-06-01 19:25:20.599049,0.0,0.0,0.0,0.0
2023-06-01 19:25:20.606587,0.0,0.0,0.0,0.0
2023-06-01 19:25:20.616719,0.0,0.0,0.0,0.0
2023-06-01 19:25:20.627797,0.0,0.0,0.0,0.0
2023-06-01 19:25:20.639365,0.0,0.0,0.0,0.0
2023-06-01 19:25:20.652247,0.0,0.0,0.0,0.0
2023-06-01 19:25:20.659378,0.0,0.0,0.0,0.0
2023-06-01 19:25:20.670294,0.0,0.0,0.0,0.0
2023-06-01 19:25:20.676670,0.0,0.0,0.0,0.0
2023-06-01 19:25:20.689162,0.0,0.0,0.0,0.0
2023-06-01 19:25:20.696841,0.0,0.0,0.0,0.0
2023-06-01 19:25:20.707118,0.0,0.0,0.0,0.0
2023-06-01 19:25:20.719313,0.0,0.0,0.0,0.0
2023-06-01 19:25:20.726667,0.0,0.0,0.0,0.0
2023-06-01 19:25:20.737361,0.0,0.0,0.0,0.0
2023-06-01 19:25:20.747610,0.0,0.0,0.0,0.0
2023-06-01 19:25:20.757383,0.0,0.0,0.0,0.0
2023-06-01 19:25:20.767403,0.0,0.0,0.0,0.0
2023-06-01 19:25:20.777438,0.0,0.0,0.0,0.0
2023-06-01 19:25:20.786716,0.0,0.0,0.0,0.0
2023-06-01 19:25:20.798002,0.0,0.0,0.0,0.0
2023-06-01 19:25:20.807420,0.0,0.0,0.0,0.0
2023-06-01 19:25:20.817562,0.0,0.0,0.0,0.0
2023-06-01 19:25:20.827820,0.0,0.0,0.0,0.0
2023-06-01 19:25:20.838524,0.0,0.0,0.0,0.0
2023-06-01 19:25:20.848201,0.0,0.0,0.0,0.0
2023-06-01 19:25:20.858420,0.0,0.0,0.0,0.0
2023-06-01 19:25:20.867931,0.0,0.0,0.0,0.0
2023-06-01 19:25:20.877057,0.0,0.0,0.0,0.0
2023-06-01 19:25:20.891249,0.0,0.0,0.0,0.0
2023-06-01 19:25:20.898217,0.0,0.0,0.0,0.0
2023-06-01 19:25:20.906723,0.0,0.0,0.0,0.0
2023-06-01 19:25:20.917064,0.0,0.0,0.0,0.0
2023-06-01 19:25:20.928022,0.0,0.0,0.0,0.0
2023-06-01 19:25:20.938265,0.0,0.0,0.0,0.0
2023-06-01 19:25:20.947758,0.0,0.0,0.0,0.0
2023-06-01 19:25:20.957064,0.0,0.0,0.0,0.0
2023-06-01 19:25:20.969203,0.0,0.0,0.0,0.0
2023-06-01 19:25:20.977547,0.0,0.0,0.0,0.0
2023-06-01 19:25:20.988744,0.0,0.0,0.0,0.0
2023-06-01 19:25:21.003116,0.0,0.0,0.0,0.0
2023-06-01 19:25:21.014643,0.0,0.0,0.0,0.0
2023-06-01 19:25:21.021375,0.0,0.0,0.0,0.0
2023-06-01 19:25:21.034002,0.0,0.0,0.0,0.0
2023-06-01 19:25:21.043727,0.0,0.0,0.0,0.0
2023-06-01 19:25:21.052180,0.0,0.0,0.0,0.0
2023-06-01 19:25:21.058843,0.0,0.0,0.0,0.0
2023-06-01 19:25:21.073549,0.0,0.0,0.0,0.0
2023-06-01 19:25:21.081260,0.0,0.0,0.0,0.0
2023-06-01 19:25:21.087916,0.0,0.0,0.0,0.0
2023-06-01 19:25:21.097176,0.0,0.0,0.0,0.0
2023-06-01 19:25:21.107221,0.0,0.0,0.0,0.0
2023-06-01 19:25:21.117658,0.0,0.0,0.0,0.0
2023-06-01 19:25:21.129687,0.0,0.0,0.0,0.0
2023-06-01 19:25:21.142969,0.0,0.0,0.0,0.0
2023-06-01 19:25:21.155995,0.0,0.0,0.0,0.0
2023-06-01 19:25:21.167082,0.0,0.0,0.0,0.0
2023-06-01 19:25:21.175036,0.0,0.0,0.0,0.0
2023-06-01 19:25:21.181807,0.0,0.0,0.0,0.0
2023-06-01 19:25:21.188745,0.0,0.0,0.0,0.0
2023-06-01 19:25:21.197314,0.0,0.0,0.0,0.0
2023-06-01 19:25:21.208363,0.0,0.0,0.0,0.0
2023-06-01 19:25:21.220613,0.0,0.0,0.0,0.0
2023-06-01 19:25:21.228356,0.0,0.0,0.0,0.0
2023-06-01 19:25:21.238554,0.0,0.0,0.0,0.0
2023-06-01 19:25:21.248197,0.0,0.0,0.0,0.0
2023-06-01 19:25:21.258168,0.0,0.0,0.0,0.0
2023-06-01 19:25:21.267462,0.0,0.0,0.0,0.0
2023-06-01 19:25:21.277354,0.0,0.0,0.0,0.0
2023-06-01 19:25:21.287128,0.0,0.0,0.0,0.0
2023-06-01 19:25:21.296835,0.0,0.0,0.0,0.0
2023-06-01 19:25:21.307460,0.0,0.0,0.0,0.0
2023-06-01 19:25:21.317856,0.0,0.0,0.0,0.0
2023-06-01 19:25:21.328082,0.0,0.0,0.0,0.0
2023-06-01 19:25:21.338136,0.0,0.0,0.0,0.0
2023-06-01 19:25:21.348254,0.0,0.0,0.0,0.0
2023-06-01 19:25:21.361166,0.0,0.0,0.0,0.0
2023-06-01 19:25:21.374452,0.0,0.0,0.0,0.0
2023-06-01 19:25:21.382317,0.0,0.0,0.0,0.0
2023-06-01 19:25:21.390314,0.0,0.0,0.0,0.0
2023-06-01 19:25:21.397398,0.0,0.0,0.0,0.0
2023-06-01 19:25:21.408850,0.0,0.0,0.0,0.0
2023-06-01 19:25:21.423250,0.0,0.0,0.0,0.0
2023-06-01 19:25:21.433869,0.0,0.0,0.0,0.0
2023-06-01 19:25:21.453484,0.0,0.0,0.0,0.0
2023-06-01 19:25:21.471377,0.0,0.0,0.0,0.0
2023-06-01 19:25:21.482026,0.0,0.0,0.0,0.0
2023-06-01 19:25:21.492735,0.0,0.0,0.0,0.0
2023-06-01 19:25:21.500238,0.0,0.0,0.0,0.0
2023-06-01 19:25:21.508546,0.0,0.0,0.0,0.0
2023-06-01 19:25:21.517345,0.0,0.0,0.0,0.0
2023-06-01 19:25:21.527403,0.0,0.0,0.0,0.0
2023-06-01 19:25:21.537371,0.0,0.0,0.0,0.0
2023-06-01 19:25:21.547621,0.0,0.0,0.0,0.0
2023-06-01 19:25:21.565246,0.0,0.0,0.0,0.0
2023-06-01 19:25:21.572619,0.0,0.0,0.0,0.0
2023-06-01 19:25:21.584438,0.0,0.0,0.0,0.0
2023-06-01 19:25:21.590968,0.0,0.0,0.0,0.0
2023-06-01 19:25:21.596977,0.0,0.0,0.0,0.0
2023-06-01 19:25:21.607068,0.0,0.0,0.0,0.0
2023-06-01 19:25:21.617051,0.0,0.0,0.0,0.0
2023-06-01 19:25:21.632949,0.0,0.0,0.0,0.0
2023-06-01 19:25:21.639831,0.0,0.0,0.0,0.0
2023-06-01 19:25:21.647125,0.0,0.0,0.0,0.0
2023-06-01 19:25:21.660071,0.0,0.0,0.0,0.0
2023-06-01 19:25:21.667007,0.0,0.0,0.0,0.0
2023-06-01 19:25:21.676879,0.0,0.0,0.0,0.0
2023-06-01 19:25:21.687596,0.0,0.0,0.0,0.0
2023-06-01 19:25:21.696645,0.0,0.0,0.0,0.0
2023-06-01 19:25:21.707477,0.0,0.0,0.0,0.0
2023-06-01 19:25:21.717361,0.0,0.0,0.0,0.0
2023-06-01 19:25:21.734410,0.0,0.0,0.0,0.0
2023-06-01 19:25:21.741653,0.0,0.0,0.0,0.0
2023-06-01 19:25:21.749135,0.0,0.0,0.0,0.0
2023-06-01 19:25:21.757927,0.0,0.0,0.0,0.0
2023-06-01 19:25:21.766771,0.0,0.0,0.0,0.0
2023-06-01 19:25:21.777516,0.0,0.0,0.0,0.0
2023-06-01 19:25:21.787412,0.0,0.0,0.0,0.0
2023-06-01 19:25:21.797045,0.0,0.0,0.0,0.0
2023-06-01 19:25:21.807418,0.0,0.0,0.0,0.0
2023-06-01 19:25:21.817598,0.0,0.0,0.0,0.0
2023-06-01 19:25:21.827287,0.0,0.0,0.0,0.0
2023-06-01 19:25:21.840814,0.0,0.0,0.0,0.0
2023-06-01 19:25:21.847865,0.0,0.0,0.0,0.0
2023-06-01 19:25:21.857302,0.0,0.0,0.0,0.0
2023-06-01 19:25:21.868302,0.0,0.0,0.0,0.0
2023-06-01 19:25:21.877545,0.0,0.0,0.0,0.0
2023-06-01 19:25:21.889171,0.0,0.0,0.0,0.0
2023-06-01 19:25:21.896928,0.0,0.0,0.0,0.0
2023-06-01 19:25:21.908650,0.0,0.0,0.0,0.0
2023-06-01 19:25:21.917361,0.0,0.0,0.0,0.0
2023-06-01 19:25:21.932691,0.0,0.0,0.0,0.0
2023-06-01 19:25:21.939699,0.0,0.0,0.0,0.0
2023-06-01 19:25:21.949792,0.0,0.0,0.0,0.0
2023-06-01 19:25:21.959604,0.0,0.0,0.0,0.0
2023-06-01 19:25:21.971549,0.0,0.0,0.0,0.0
2023-06-01 19:25:21.977895,0.0,0.0,0.0,0.0
2023-06-01 19:25:21.986811,0.0,0.0,0.0,0.0
2023-06-01 19:25:21.996877,0.0,0.0,0.0,0.0
2023-06-01 19:25:22.006772,0.0,0.0,0.0,0.0
2023-06-01 19:25:22.017409,0.0,0.0,0.0,0.0
2023-06-01 19:25:22.041953,0.0,0.0,0.0,0.0
2023-06-01 19:25:22.048928,0.0,0.0,0.0,0.0
2023-06-01 19:25:22.057170,0.0,0.0,0.0,0.0
2023-06-01 19:25:22.066971,0.0,0.0,0.0,0.0
2023-06-01 19:25:22.077085,0.0,0.0,0.0,0.0
2023-06-01 19:25:22.086731,0.0,0.0,0.0,0.0
2023-06-01 19:25:22.097117,0.0,0.0,0.0,0.0
2023-06-01 19:25:22.108276,0.0,0.0,0.0,0.0
2023-06-01 19:25:22.116751,0.0,0.0,0.0,0.0
2023-06-01 19:25:22.133690,0.0,0.0,0.0,0.0
2023-06-01 19:25:22.140930,0.0,0.0,0.0,0.0
2023-06-01 19:25:22.148973,0.0,0.0,0.0,0.0
2023-06-01 19:25:22.158824,0.0,0.0,0.0,0.0
2023-06-01 19:25:22.166824,0.0,0.0,0.0,0.0
2023-06-01 19:25:22.176804,0.0,0.0,0.0,0.0
2023-06-01 19:25:22.187349,0.0,0.0,0.0,0.0
2023-06-01 19:25:22.196817,0.0,0.0,0.0,0.0
2023-06-01 19:25:22.206804,0.0,0.0,0.0,0.0
2023-06-01 19:25:22.232461,0.0,0.0,0.0,0.0
2023-06-01 19:25:22.257439,0.0,0.0,0.0,0.0
2023-06-01 19:25:22.268851,0.0,0.0,0.0,0.0
2023-06-01 19:25:22.277175,0.0,0.0,0.0,0.0
2023-06-01 19:25:22.287468,0.0,0.0,0.0,0.0
2023-06-01 19:25:22.296723,0.0,0.0,0.0,0.0
2023-06-01 19:25:22.306760,0.0,0.0,0.0,0.0
2023-06-01 19:25:22.316675,0.0,0.0,0.0,0.0
2023-06-01 19:25:22.328714,0.0,0.0,0.0,0.0
2023-06-01 19:25:22.337255,0.0,0.0,0.0,0.0
2023-06-01 19:25:22.353919,0.0,0.0,0.0,0.0
2023-06-01 19:25:22.370160,0.0,0.0,0.0,0.0
2023-06-01 19:25:22.379578,0.0,0.0,0.0,0.0
2023-06-01 19:25:22.386882,0.0,0.0,0.0,0.0
2023-06-01 19:25:22.396886,0.0,0.0,0.0,0.0
2023-06-01 19:25:22.408890,0.0,0.0,0.0,0.0
2023-06-01 19:25:22.420367,0.0,0.0,0.0,0.0
2023-06-01 19:25:22.431707,0.0,0.0,0.0,0.0
2023-06-01 19:25:22.439580,0.0,0.0,0.0,0.0
2023-06-01 19:25:22.448516,0.0,0.0,0.0,0.0
2023-06-01 19:25:22.462103,0.0,0.0,0.0,0.0
2023-06-01 19:25:22.468523,0.0,0.0,0.0,0.0
2023-06-01 19:25:22.476923,0.0,0.0,0.0,0.0
2023-06-01 19:25:22.489567,0.0,0.0,0.0,0.0
2023-06-01 19:25:22.496914,0.0,0.0,0.0,0.0
2023-06-01 19:25:22.506910,0.0,0.0,0.0,0.0
2023-06-01 19:25:22.516573,0.0,0.0,0.0,0.0
2023-06-01 19:25:22.527287,0.0,0.0,0.0,0.0
2023-06-01 19:25:22.543626,0.0,0.0,0.0,0.0
2023-06-01 19:25:22.550239,0.0,0.0,0.0,0.0
2023-06-01 19:25:22.558083,0.0,0.0,0.0,0.0
2023-06-01 19:25:22.567178,0.0,0.0,0.0,0.0
2023-06-01 19:25:22.578384,0.0,0.0,0.0,0.0
2023-06-01 19:25:22.587248,0.0,0.0,0.0,0.0
2023-06-01 19:25:22.596985,0.0,0.0,0.0,0.0
2023-06-01 19:25:22.606881,0.0,0.0,0.0,0.0
2023-06-01 19:25:22.622638,0.0,0.0,0.0,0.0
2023-06-01 19:25:22.629615,0.0,0.0,0.0,0.0
2023-06-01 19:25:22.637741,0.0,0.0,0.0,0.0
2023-06-01 19:25:22.647547,0.0,0.0,0.0,0.0
2023-06-01 19:25:22.658514,0.0,0.0,0.0,0.0
2023-06-01 19:25:22.667424,0.0,0.0,0.0,0.0
2023-06-01 19:25:22.680420,0.0,0.0,0.0,0.0
2023-06-01 19:25:22.687165,0.0,0.0,0.0,0.0
2023-06-01 19:25:22.696984,0.0,0.0,0.0,0.0
2023-06-01 19:25:22.707547,0.0,0.0,0.0,0.0
2023-06-01 19:25:22.717752,0.0,0.0,0.0,0.0
2023-06-01 19:25:22.734464,0.0,0.0,0.0,0.0
2023-06-01 19:25:22.742789,0.0,0.0,0.0,0.0
2023-06-01 19:25:22.750442,0.0,0.0,0.0,0.0
2023-06-01 19:25:22.758065,0.0,0.0,0.0,0.0
2023-06-01 19:25:22.770758,0.0,0.0,0.0,0.0
2023-06-01 19:25:22.778038,0.0,0.0,0.0,0.0
2023-06-01 19:25:22.788072,0.0,0.0,0.0,0.0
2023-06-01 19:25:22.797021,0.0,0.0,0.0,0.0
2023-06-01 19:25:22.807565,0.0,0.0,0.0,0.0
2023-06-01 19:25:22.817638,0.0,0.0,0.0,0.0
2023-06-01 19:25:22.831925,0.0,0.0,0.0,0.0
2023-06-01 19:25:22.842091,0.0,0.0,0.0,0.0
2023-06-01 19:25:22.849493,0.0,0.0,0.0,0.0
2023-06-01 19:25:22.864094,0.0,0.0,0.0,0.0
2023-06-01 19:25:22.871018,0.0,0.0,0.0,0.0
2023-06-01 19:25:22.878300,0.0,0.0,0.0,0.0
2023-06-01 19:25:22.887785,0.0,0.0,0.0,0.0
2023-06-01 19:25:22.897121,0.0,0.0,0.0,0.0
2023-06-01 19:25:22.906670,0.0,0.0,0.0,0.0
2023-06-01 19:25:22.916719,0.0,0.0,0.0,0.0
2023-06-01 19:25:22.927115,0.0,0.0,0.0,0.0
2023-06-01 19:25:22.943073,0.0,0.0,0.0,0.0
2023-06-01 19:25:22.950021,0.0,0.0,0.0,0.0
2023-06-01 19:25:22.959769,0.0,0.0,0.0,0.0
2023-06-01 19:25:22.969204,0.0,0.0,0.0,0.0
2023-06-01 19:25:22.976823,0.0,0.0,0.0,0.0
2023-06-01 19:25:22.989299,0.0,0.0,0.0,0.0
2023-06-01 19:25:22.996903,0.0,0.0,0.0,0.0
2023-06-01 19:25:23.006716,0.0,0.0,0.0,0.0
2023-06-01 19:25:23.017260,0.0,0.0,0.0,0.0
2023-06-01 19:25:23.027466,0.0,0.0,0.0,0.0
2023-06-01 19:25:23.037655,0.0,0.0,0.0,0.0
2023-06-01 19:25:23.064919,0.0,0.0,0.0,0.0
2023-06-01 19:25:23.072892,0.0,0.0,0.0,0.0
2023-06-01 19:25:23.079272,0.0,0.0,0.0,0.0
2023-06-01 19:25:23.088904,0.0,0.0,0.0,0.0
2023-06-01 19:25:23.096939,0.0,0.0,0.0,0.0
2023-06-01 19:25:23.107601,0.0,0.0,0.0,0.0
2023-06-01 19:25:23.119545,0.0,0.0,0.0,0.0
2023-06-01 19:25:23.131134,0.0,0.0,0.0,0.0
2023-06-01 19:25:23.153892,0.0,0.0,0.0,0.0
2023-06-01 19:25:23.160723,0.0,0.0,0.0,0.0
2023-06-01 19:25:23.167616,0.0,0.0,0.0,0.0
2023-06-01 19:25:23.176929,0.0,0.0,0.0,0.0
2023-06-01 19:25:23.187967,0.0,0.0,0.0,0.0
2023-06-01 19:25:23.196656,0.0,0.0,0.0,0.0
2023-06-01 19:25:23.208136,0.0,0.0,0.0,0.0
2023-06-01 19:25:23.217915,0.0,0.0,0.0,0.0
2023-06-01 19:25:23.231492,0.0,0.0,0.0,0.0
2023-06-01 19:25:23.244370,0.0,0.0,0.0,0.0
2023-06-01 19:25:23.251722,0.0,0.0,0.0,0.0
2023-06-01 19:25:23.258697,0.0,0.0,0.0,0.0
2023-06-01 19:25:23.267227,0.0,0.0,0.0,0.0
2023-06-01 19:25:23.277285,0.0,0.0,0.0,0.0
2023-06-01 19:25:23.286679,0.0,0.0,0.0,0.0
2023-06-01 19:25:23.301113,0.0,0.0,0.0,0.0
2023-06-01 19:25:23.309787,0.0,0.0,0.0,0.0
2023-06-01 19:25:23.319347,0.0,0.0,0.0,0.0
2023-06-01 19:25:23.332454,0.0,0.0,0.0,0.0
2023-06-01 19:25:23.351644,0.0,0.0,0.0,0.0
2023-06-01 19:25:23.373222,0.0,0.0,0.0,0.0
2023-06-01 19:25:23.379056,0.0,0.0,0.0,0.0
2023-06-01 19:25:23.386474,0.0,0.0,0.0,0.0
2023-06-01 19:25:23.396939,0.0,0.0,0.0,0.0
2023-06-01 19:25:23.406754,0.0,0.0,0.0,0.0
2023-06-01 19:25:23.416858,0.0,0.0,0.0,0.0
2023-06-01 19:25:23.432241,0.0,0.0,0.0,0.0
2023-06-01 19:25:23.438508,0.0,0.0,0.0,0.0
2023-06-01 19:25:23.447364,0.0,0.0,0.0,0.0
2023-06-01 19:25:23.463122,0.0,0.0,0.0,0.0
2023-06-01 19:25:23.470383,0.0,0.0,0.0,0.0
2023-06-01 19:25:23.482274,0.0,0.0,0.0,0.0
2023-06-01 19:25:23.489128,0.0,0.0,0.0,0.0
2023-06-01 19:25:23.498659,0.0,0.0,0.0,0.0
2023-06-01 19:25:23.510644,0.0,0.0,0.0,0.0
2023-06-01 19:25:23.516862,0.0,0.0,0.0,0.0
2023-06-01 19:25:23.527718,0.0,0.0,0.0,0.0
2023-06-01 19:25:23.538135,0.0,0.0,0.0,0.0
2023-06-01 19:25:23.548812,0.0,0.0,0.0,0.0
2023-06-01 19:25:23.558944,0.0,0.0,0.0,0.0
2023-06-01 19:25:23.567790,0.0,0.0,0.0,0.0
2023-06-01 19:25:23.579391,0.0,0.0,0.0,0.0
2023-06-01 19:25:23.589912,0.0,0.0,0.0,0.0
2023-06-01 19:25:23.598788,0.0,0.0,0.0,0.0
2023-06-01 19:25:23.608551,0.0,0.0,0.0,0.0
2023-06-01 19:25:23.625673,0.0,0.0,0.0,0.0
2023-06-01 19:25:23.632942,0.0,0.0,0.0,0.0
2023-06-01 19:25:23.640654,0.0,0.0,0.0,0.0
2023-06-01 19:25:23.648258,0.0,0.0,0.0,0.0
2023-06-01 19:25:23.662410,0.0,0.0,0.0,0.0
2023-06-01 19:25:23.670107,0.0,0.0,0.0,0.0
2023-06-01 19:25:23.677314,0.0,0.0,0.0,0.0
2023-06-01 19:25:23.687085,0.0,0.0,0.0,0.0
2023-06-01 19:25:23.697382,0.0,0.0,0.0,0.0
2023-06-01 19:25:23.707801,0.0,0.0,0.0,0.0
2023-06-01 19:25:23.717870,0.0,0.0,0.0,0.0
2023-06-01 19:25:23.744202,0.0,0.0,0.0,0.0
2023-06-01 19:25:23.751607,0.0,0.0,0.0,0.0
2023-06-01 19:25:23.758743,0.0,0.0,0.0,0.0
2023-06-01 19:25:23.768573,0.0,0.0,0.0,0.0
2023-06-01 19:25:23.777314,0.0,0.0,0.0,0.0
2023-06-01 19:25:23.787541,0.0,0.0,0.0,0.0
2023-06-01 19:25:23.797272,0.0,0.0,0.0,0.0
2023-06-01 19:25:23.808352,0.0,0.0,0.0,0.0
2023-06-01 19:25:23.817653,0.0,0.0,0.0,0.0
2023-06-01 19:25:23.828464,0.0,0.0,0.0,0.0
2023-06-01 19:25:23.842719,0.0,0.0,0.0,0.0
2023-06-01 19:25:23.855992,0.0,0.0,0.0,0.0
2023-06-01 19:25:23.863012,0.0,0.0,0.0,0.0
2023-06-01 19:25:23.870370,0.0,0.0,0.0,0.0
2023-06-01 19:25:23.877556,0.0,0.0,0.0,0.0
2023-06-01 19:25:23.887499,0.0,0.0,0.0,0.0
2023-06-01 19:25:23.897371,0.0,0.0,0.0,0.0
2023-06-01 19:25:23.907511,0.0,0.0,0.0,0.0
2023-06-01 19:25:23.917692,0.0,0.0,0.0,0.0
2023-06-01 19:25:23.927765,0.0,0.0,0.0,0.0
2023-06-01 19:25:23.938078,0.0,0.0,0.0,0.0
2023-06-01 19:25:23.949277,0.0,0.0,0.0,0.0
2023-06-01 19:25:23.957996,0.0,0.0,0.0,0.0
2023-06-01 19:25:23.968525,0.0,0.0,0.0,0.0
2023-06-01 19:25:23.977585,0.0,0.0,0.0,0.0
2023-06-01 19:25:23.988941,0.0,0.0,0.0,0.0
2023-06-01 19:25:23.997140,0.0,0.0,0.0,0.0
2023-06-01 19:25:24.007270,0.0,0.0,0.0,0.0
2023-06-01 19:25:24.017060,0.0,0.0,0.0,0.0
2023-06-01 19:25:24.035667,0.0,0.0,0.0,0.0
2023-06-01 19:25:24.056292,0.0,0.0,0.0,0.0
2023-06-01 19:25:24.063436,0.0,0.0,0.0,0.0
2023-06-01 19:25:24.074588,0.0,0.0,0.0,0.0
2023-06-01 19:25:24.081575,0.0,0.0,0.0,0.0
2023-06-01 19:25:24.087887,0.0,0.0,0.0,0.0
2023-06-01 19:25:24.097379,0.0,0.0,0.0,0.0
2023-06-01 19:25:24.107659,0.0,0.0,0.0,0.0
2023-06-01 19:25:24.119542,0.0,0.0,0.0,0.0
2023-06-01 19:25:24.141954,0.0,0.0,0.0,0.0
2023-06-01 19:25:24.161346,0.0,0.0,0.0,0.0
2023-06-01 19:25:24.171793,0.0,0.0,0.0,0.0
2023-06-01 19:25:24.180344,0.0,0.0,0.0,0.0
2023-06-01 19:25:24.187944,0.0,0.0,0.0,0.0
2023-06-01 19:25:24.196793,0.0,0.0,0.0,0.0
2023-06-01 19:25:24.207863,0.0,0.0,0.0,0.0
2023-06-01 19:25:24.217357,0.0,0.0,0.0,0.0
2023-06-01 19:25:24.244091,0.0,0.0,0.0,0.0
2023-06-01 19:25:24.260162,0.0,0.0,0.0,0.0
2023-06-01 19:25:24.267163,0.0,0.0,0.0,0.0
2023-06-01 19:25:24.277335,0.0,0.0,0.0,0.0
2023-06-01 19:25:24.287378,0.0,0.0,0.0,0.0
2023-06-01 19:25:24.297498,0.0,0.0,0.0,0.0
2023-06-01 19:25:24.307414,0.0,0.0,0.0,0.0
2023-06-01 19:25:24.317688,0.0,0.0,0.0,0.0
2023-06-01 19:25:24.327517,0.0,0.0,0.0,0.0
2023-06-01 19:25:24.338462,0.0,0.0,0.0,0.0
2023-06-01 19:25:24.349976,0.0,0.0,0.0,0.0
2023-06-01 19:25:24.357316,0.0,0.0,0.0,0.0
2023-06-01 19:25:24.372136,0.0,0.0,0.0,0.0
2023-06-01 19:25:24.379325,0.0,0.0,0.0,0.0
2023-06-01 19:25:24.387228,0.0,0.0,0.0,0.0
2023-06-01 19:25:24.397143,0.0,0.0,0.0,0.0
2023-06-01 19:25:24.407524,0.0,0.0,0.0,0.0
2023-06-01 19:25:24.420072,0.0,0.0,0.0,0.0
2023-06-01 19:25:24.431499,0.0,0.0,0.0,0.0
2023-06-01 19:25:24.438820,0.0,0.0,0.0,0.0
2023-06-01 19:25:24.452025,0.0,0.0,0.0,0.0
2023-06-01 19:25:24.458983,0.0,0.0,0.0,0.0
2023-06-01 19:25:24.475793,0.0,0.0,0.0,0.0
2023-06-01 19:25:24.486548,0.0,0.0,0.0,0.0
2023-06-01 19:25:24.496776,0.0,0.0,0.0,0.0
2023-06-01 19:25:24.506529,0.0,0.0,0.0,0.0
2023-06-01 19:25:24.517304,0.0,0.0,0.0,0.0
2023-06-01 19:25:24.529497,0.0,0.0,0.0,0.0
2023-06-01 19:25:24.551598,0.0,0.0,0.0,0.0
2023-06-01 19:25:24.562283,0.0,0.0,0.0,0.0
2023-06-01 19:25:24.568886,0.0,0.0,0.0,0.0
2023-06-01 19:25:24.577170,0.0,0.0,0.0,0.0
2023-06-01 19:25:24.587327,0.0,0.0,0.0,0.0
2023-06-01 19:25:24.596966,0.0,0.0,0.0,0.0
2023-06-01 19:25:24.606916,0.0,0.0,0.0,0.0
2023-06-01 19:25:24.617110,0.0,0.0,0.0,0.0
2023-06-01 19:25:24.627637,0.0,0.0,0.0,0.0
2023-06-01 19:25:24.639806,0.0,0.0,0.0,0.0
2023-06-01 19:25:24.657735,0.0,0.0,0.0,0.0
2023-06-01 19:25:24.664710,0.0,0.0,0.0,0.0
2023-06-01 19:25:24.671959,0.0,0.0,0.0,0.0
2023-06-01 19:25:24.678974,0.0,0.0,0.0,0.0
2023-06-01 19:25:24.687310,0.0,0.0,0.0,0.0
2023-06-01 19:25:24.696927,0.0,0.0,0.0,0.0
2023-06-01 19:25:24.706699,0.0,0.0,0.0,0.0
2023-06-01 19:25:24.719487,0.0,0.0,0.0,0.0
2023-06-01 19:25:24.726953,0.0,0.0,0.0,0.0
2023-06-01 19:25:24.737311,0.0,0.0,0.0,0.0
2023-06-01 19:25:24.749694,0.0,0.0,0.0,0.0
2023-06-01 19:25:24.758823,0.0,0.0,0.0,0.0
2023-06-01 19:25:24.766918,0.0,0.0,0.0,0.0
2023-06-01 19:25:24.778862,0.0,0.0,0.0,0.0
2023-06-01 19:25:24.786684,0.0,0.0,0.0,0.0
2023-06-01 19:25:24.797741,0.0,0.0,0.0,0.0
2023-06-01 19:25:24.807399,0.0,0.0,0.0,0.0
2023-06-01 19:25:24.820886,0.0,0.0,0.0,0.0
2023-06-01 19:25:24.831146,0.0,0.0,0.0,0.0
2023-06-01 19:25:24.838014,0.0,0.0,0.0,0.0
2023-06-01 19:25:24.848412,0.0,0.0,0.0,0.0
2023-06-01 19:25:24.861443,0.0,0.0,0.0,0.0
2023-06-01 19:25:24.867900,0.0,0.0,0.0,0.0
2023-06-01 19:25:24.876956,0.0,0.0,0.0,0.0
2023-06-01 19:25:24.887384,0.0,0.0,0.0,0.0
2023-06-01 19:25:24.897162,0.0,0.0,0.0,0.0
2023-06-01 19:25:24.907644,0.0,0.0,0.0,0.0
2023-06-01 19:25:24.919275,0.0,0.0,0.0,0.0
2023-06-01 19:25:24.935155,0.0,0.0,0.0,0.0
2023-06-01 19:25:24.952626,0.0,0.0,0.0,0.0
2023-06-01 19:25:24.965726,0.0,0.0,0.0,0.0
2023-06-01 19:25:24.980008,0.0,0.0,0.0,0.0
2023-06-01 19:25:24.991350,0.0,0.0,0.0,0.0
2023-06-01 19:25:25.001415,0.0,0.0,0.0,0.0
2023-06-01 19:25:25.009957,0.0,0.0,0.0,0.0
2023-06-01 19:25:25.024005,0.0,0.0,0.0,0.0
2023-06-01 19:25:25.040940,0.0,0.0,0.0,0.0
2023-06-01 19:25:25.059442,0.0,0.0,0.0,0.0
2023-06-01 19:25:25.071983,0.0,0.0,0.0,0.0
2023-06-01 19:25:25.079543,0.0,0.0,0.0,0.0
2023-06-01 19:25:25.086925,0.0,0.0,0.0,0.0
2023-06-01 19:25:25.097056,0.0,0.0,0.0,0.0
2023-06-01 19:25:25.107308,0.0,0.0,0.0,0.0
2023-06-01 19:25:25.117795,0.0,0.0,0.0,0.0
2023-06-01 19:25:25.130125,0.0,0.0,0.0,0.0
2023-06-01 19:25:25.137530,0.0,0.0,0.0,0.0
2023-06-01 19:25:25.149925,0.0,0.0,0.0,0.0
2023-06-01 19:25:25.158344,0.0,0.0,0.0,0.0
2023-06-01 19:25:25.167244,0.0,0.0,0.0,0.0
2023-06-01 19:25:25.179838,0.0,0.0,0.0,0.0
2023-06-01 19:25:25.188461,0.0,0.0,0.0,0.0
2023-06-01 19:25:25.198576,0.0,0.0,0.0,0.0
2023-06-01 19:25:25.208670,0.0,0.0,0.0,0.0
2023-06-01 19:25:25.217673,0.0,0.0,0.0,0.0
2023-06-01 19:25:25.228126,0.0,0.0,0.0,0.0
2023-06-01 19:25:25.241561,0.0,0.0,0.0,0.0
2023-06-01 19:25:25.257106,0.0,0.0,0.0,0.0
2023-06-01 19:25:25.264132,0.0,0.0,0.0,0.0
2023-06-01 19:25:25.271215,0.0,0.0,0.0,0.0
2023-06-01 19:25:25.277913,0.0,0.0,0.0,0.0
2023-06-01 19:25:25.287118,0.0,0.0,0.0,0.0
2023-06-01 19:25:25.297128,0.0,0.0,0.0,0.0
2023-06-01 19:25:25.307520,0.0,0.0,0.0,0.0
2023-06-01 19:25:25.316784,0.0,0.0,0.0,0.0
2023-06-01 19:25:25.327679,0.0,0.0,0.0,0.0
2023-06-01 19:25:25.345311,0.0,0.0,0.0,0.0
2023-06-01 19:25:25.354363,0.0,0.0,0.0,0.0
2023-06-01 19:25:25.361831,0.0,0.0,0.0,0.0
2023-06-01 19:25:25.369772,0.0,0.0,0.0,0.0
2023-06-01 19:25:25.377529,0.0,0.0,0.0,0.0
2023-06-01 19:25:25.394115,0.0,0.0,0.0,0.0
2023-06-01 19:25:25.402032,0.0,0.0,0.0,0.0
2023-06-01 19:25:25.408259,0.0,0.0,0.0,0.0
2023-06-01 19:25:25.418623,0.0,0.0,0.0,0.0
2023-06-01 19:25:25.442590,0.0,0.0,0.0,0.0
2023-06-01 19:25:25.449945,0.0,0.0,0.0,0.0
2023-06-01 19:25:25.459392,0.0,0.0,0.0,0.0
2023-06-01 19:25:25.468738,0.0,0.0,0.0,0.0
2023-06-01 19:25:25.480433,0.0,0.0,0.0,0.0
2023-06-01 19:25:25.488090,0.0,0.0,0.0,0.0
2023-06-01 19:25:25.497046,0.0,0.0,0.0,0.0
2023-06-01 19:25:25.507426,0.0,0.0,0.0,0.0
2023-06-01 19:25:25.522747,0.0,0.0,0.0,0.0
2023-06-01 19:25:25.529752,0.0,0.0,0.0,0.0
2023-06-01 19:25:25.537570,0.0,0.0,0.0,0.0
2023-06-01 19:25:25.547361,0.0,0.0,0.0,0.0
2023-06-01 19:25:25.557113,0.0,0.0,0.0,0.0
2023-06-01 19:25:25.567373,0.0,0.0,0.0,0.0
2023-06-01 19:25:25.577267,0.0,0.0,0.0,0.0
2023-06-01 19:25:25.586810,0.0,0.0,0.0,0.0
2023-06-01 19:25:25.600532,0.0,0.0,0.0,0.0
2023-06-01 19:25:25.609625,0.0,0.0,0.0,0.0
2023-06-01 19:25:25.619012,0.0,0.0,0.0,0.0
2023-06-01 19:25:25.628875,0.0,0.0,0.0,0.0
2023-06-01 19:25:25.642229,0.0,0.0,0.0,0.0
2023-06-01 19:25:25.664400,0.0,0.0,0.0,0.0
2023-06-01 19:25:25.682040,0.0,0.0,0.0,0.0
2023-06-01 19:25:25.688522,0.0,0.0,0.0,0.0
2023-06-01 19:25:25.696860,0.0,0.0,0.0,0.0
2023-06-01 19:25:25.707144,0.0,0.0,0.0,0.0
2023-06-01 19:25:25.716971,0.0,0.0,0.0,0.0
2023-06-01 19:25:25.728660,0.0,0.0,0.0,0.0
2023-06-01 19:25:25.737165,0.0,0.0,0.0,0.0
2023-06-01 19:25:25.747084,0.0,0.0,0.0,0.0
2023-06-01 19:25:25.758359,0.0,0.0,0.0,0.0
2023-06-01 19:25:25.767348,0.0,0.0,0.0,0.0
2023-06-01 19:25:25.777482,0.0,0.0,0.0,0.0
2023-06-01 19:25:25.789347,0.0,0.0,0.0,0.0
2023-06-01 19:25:25.796830,0.0,0.0,0.0,0.0
2023-06-01 19:25:25.806860,0.0,0.0,0.0,0.0
2023-06-01 19:25:25.817352,0.0,0.0,0.0,0.0
2023-06-01 19:25:25.853196,0.0,0.0,0.0,0.0
2023-06-01 19:25:25.862771,0.0,0.0,0.0,0.0
2023-06-01 19:25:25.869720,0.0,0.0,0.0,0.0
2023-06-01 19:25:25.877389,0.0,0.0,0.0,0.0
2023-06-01 19:25:25.887175,0.0,0.0,0.0,0.0
2023-06-01 19:25:25.896967,0.0,0.0,0.0,0.0
2023-06-01 19:25:25.907881,0.0,0.0,0.0,0.0
2023-06-01 19:25:25.917435,0.0,0.0,0.0,0.0
2023-06-01 19:25:25.932047,0.0,0.0,0.0,0.0
2023-06-01 19:25:25.938659,0.0,0.0,0.0,0.0
2023-06-01 19:25:25.949509,0.0,0.0,0.0,0.0
2023-06-01 19:25:25.964330,0.0,0.0,0.0,0.0
2023-06-01 19:25:25.973408,0.0,0.0,0.0,0.0
2023-06-01 19:25:25.979643,0.0,0.0,0.0,0.0
2023-06-01 19:25:25.987463,0.0,0.0,0.0,0.0
2023-06-01 19:25:25.997125,0.0,0.0,0.0,0.0
2023-06-01 19:25:26.007770,0.0,0.0,0.0,0.0
2023-06-01 19:25:26.017897,0.0,0.0,0.0,0.0
2023-06-01 19:25:26.033296,0.0,0.0,0.0,0.0
2023-06-01 19:25:26.041027,0.0,0.0,0.0,0.0
2023-06-01 19:25:26.061752,0.0,0.0,0.0,0.0
2023-06-01 19:25:26.074487,0.0,0.0,0.0,0.0
2023-06-01 19:25:26.081462,0.0,0.0,0.0,0.0
2023-06-01 19:25:26.087613,0.0,0.0,0.0,0.0
2023-06-01 19:25:26.096809,0.0,0.0,0.0,0.0
2023-06-01 19:25:26.111980,0.0,0.0,0.0,0.0
2023-06-01 19:25:26.131232,0.0,0.0,0.0,0.0
2023-06-01 19:25:26.149111,0.0,0.0,0.0,0.0
2023-06-01 19:25:26.163994,0.0,0.0,0.0,0.0
2023-06-01 19:25:26.192513,0.0,0.0,0.0,0.0
2023-06-01 19:25:26.205509,0.0,0.0,0.0,0.0
2023-06-01 19:25:26.217647,0.0,0.0,0.0,0.0
2023-06-01 19:25:26.229726,0.0,0.0,0.0,0.0
2023-06-01 19:25:26.264298,0.0,0.0,0.0,0.0
2023-06-01 19:25:26.281671,0.0,0.0,0.0,0.0
2023-06-01 19:25:26.288234,0.0,0.0,0.0,0.0
2023-06-01 19:25:26.297109,0.0,0.0,0.0,0.0
2023-06-01 19:25:26.307525,0.0,0.0,0.0,0.0
2023-06-01 19:25:26.317691,0.0,0.0,0.0,0.0
2023-06-01 19:25:26.327957,0.0,0.0,0.0,0.0
2023-06-01 19:25:26.345213,0.0,0.0,0.0,0.0
2023-06-01 19:25:26.354781,0.0,0.0,0.0,0.0
2023-06-01 19:25:26.362086,0.0,0.0,0.0,0.0
2023-06-01 19:25:26.369959,0.0,0.0,0.0,0.0
2023-06-01 19:25:26.377460,0.0,0.0,0.0,0.0
2023-06-01 19:25:26.387717,0.0,0.0,0.0,0.0
2023-06-01 19:25:26.399317,0.0,0.0,0.0,0.0
2023-06-01 19:25:26.409339,0.0,0.0,0.0,0.0
2023-06-01 19:25:26.436335,0.0,0.0,0.0,0.0
2023-06-01 19:25:26.463361,0.0,0.0,0.0,0.0
2023-06-01 19:25:26.470246,0.0,0.0,0.0,0.0
2023-06-01 19:25:26.477496,0.0,0.0,0.0,0.0
2023-06-01 19:25:26.487266,0.0,0.0,0.0,0.0
2023-06-01 19:25:26.496706,0.0,0.0,0.0,0.0
2023-06-01 19:25:26.506801,0.0,0.0,0.0,0.0
2023-06-01 19:25:26.519588,0.0,0.0,0.0,0.0
2023-06-01 19:25:26.528149,0.0,0.0,0.0,0.0
2023-06-01 19:25:26.538198,0.0,0.0,0.0,0.0
2023-06-01 19:25:26.550511,0.0,0.0,0.0,0.0
2023-06-01 19:25:26.557250,0.0,0.0,0.0,0.0
2023-06-01 19:25:26.570288,0.0,0.0,0.0,0.0
2023-06-01 19:25:26.577514,0.0,0.0,0.0,0.0
2023-06-01 19:25:26.587761,0.0,0.0,0.0,0.0
2023-06-01 19:25:26.597082,0.0,0.0,0.0,0.0
2023-06-01 19:25:26.606909,0.0,0.0,0.0,0.0
2023-06-01 19:25:26.617311,0.0,0.0,0.0,0.0
2023-06-01 19:25:26.627431,0.0,0.0,0.0,0.0
2023-06-01 19:25:26.644280,0.0,0.0,0.0,0.0
2023-06-01 19:25:26.651108,0.0,0.0,0.0,0.0
2023-06-01 19:25:26.666318,0.0,0.0,0.0,0.0
2023-06-01 19:25:26.676024,0.0,0.0,0.0,0.0
2023-06-01 19:25:26.683494,0.0,0.0,0.0,0.0
2023-06-01 19:25:26.689629,0.0,0.0,0.0,0.0
2023-06-01 19:25:26.697791,0.0,0.0,0.0,0.0
2023-06-01 19:25:26.707571,0.0,0.0,0.0,0.0
2023-06-01 19:25:26.719726,0.0,0.0,0.0,0.0
2023-06-01 19:25:26.728100,0.0,0.0,0.0,0.0
2023-06-01 19:25:26.741408,0.0,0.0,0.0,0.0
2023-06-01 19:25:26.748739,0.0,0.0,0.0,0.0
2023-06-01 19:25:26.757756,0.0,0.0,0.0,0.0
2023-06-01 19:25:26.767583,0.0,0.0,0.0,0.0
2023-06-01 19:25:26.782936,0.0,0.0,0.0,0.0
2023-06-01 19:25:26.792028,0.0,0.0,0.0,0.0
2023-06-01 19:25:26.800109,0.0,0.0,0.0,0.0
2023-06-01 19:25:26.809139,0.0,0.0,0.0,0.0
2023-06-01 19:25:26.819995,0.0,0.0,0.0,0.0
2023-06-01 19:25:26.833056,0.0,0.0,0.0,0.0
2023-06-01 19:25:26.843688,0.0,0.0,0.0,0.0
2023-06-01 19:25:26.853079,0.0,0.0,0.0,0.0
2023-06-01 19:25:26.861902,0.0,0.0,0.0,0.0
2023-06-01 19:25:26.881788,0.0,0.0,0.0,0.0
2023-06-01 19:25:26.888017,0.0,0.0,0.0,0.0
2023-06-01 19:25:26.902289,0.0,0.0,0.0,0.0
2023-06-01 19:25:26.912524,0.0,0.0,0.0,0.0
2023-06-01 19:25:26.921315,0.0,0.0,0.0,0.0
2023-06-01 19:25:26.931484,0.0,0.0,0.0,0.0
2023-06-01 19:25:26.941068,0.0,0.0,0.0,0.0
2023-06-01 19:25:26.951722,0.0,0.0,0.0,0.0
2023-06-01 19:25:26.967524,0.0,0.0,0.0,0.0
2023-06-01 19:25:26.976356,0.0,0.0,0.0,0.0
2023-06-01 19:25:26.985811,0.0,0.0,0.0,0.0
2023-06-01 19:25:26.994064,0.0,0.0,0.0,0.0
2023-06-01 19:25:27.002880,0.0,0.0,0.0,0.0
2023-06-01 19:25:27.014721,0.0,0.0,0.0,0.0
2023-06-01 19:25:27.023877,0.0,0.0,0.0,0.0
2023-06-01 19:25:27.034788,0.0,0.0,0.0,0.0
2023-06-01 19:25:27.043572,0.0,0.0,0.0,0.0
2023-06-01 19:25:27.052173,0.0,0.0,0.0,0.0
2023-06-01 19:25:27.061182,0.0,0.0,0.0,0.0
2023-06-01 19:25:27.069662,0.0,0.0,0.0,0.0
2023-06-01 19:25:27.080818,0.0,0.0,0.0,0.0
2023-06-01 19:25:27.089257,0.0,0.0,0.0,0.0
2023-06-01 19:25:27.100627,0.0,0.0,0.0,0.0
2023-06-01 19:25:27.109121,0.0,0.0,0.0,0.0
2023-06-01 19:25:27.118501,0.0,0.0,0.0,0.0
2023-06-01 19:25:27.133198,0.0,0.0,0.0,0.0
2023-06-01 19:25:27.145374,0.0,0.0,0.0,0.0
2023-06-01 19:25:27.155918,0.0,0.0,0.0,0.0
2023-06-01 19:25:27.165831,0.0,0.0,0.0,0.0
2023-06-01 19:25:27.175523,0.0,0.0,0.0,0.0
2023-06-01 19:25:27.185783,0.0,0.0,0.0,0.0
2023-06-01 19:25:27.195065,0.0,0.0,0.0,0.0
2023-06-01 19:25:27.206077,0.0,0.0,0.0,0.0
2023-06-01 19:25:27.214830,0.0,0.0,0.0,0.0
2023-06-01 19:25:27.225563,0.0,0.0,0.0,0.0
2023-06-01 19:25:27.234839,0.0,0.0,0.0,0.0
2023-06-01 19:25:27.244519,0.0,0.0,0.0,0.0
2023-06-01 19:25:27.252840,0.0,0.0,0.0,0.0
2023-06-01 19:25:27.264836,0.0,0.0,0.0,0.0
2023-06-01 19:25:27.273587,0.0,0.0,0.0,0.0
2023-06-01 19:25:27.283874,0.0,0.0,0.0,0.0
2023-06-01 19:25:27.293939,0.0,0.0,0.0,0.0
2023-06-01 19:25:27.303735,0.0,0.0,0.0,0.0
2023-06-01 19:25:27.312786,0.0,0.0,0.0,0.0
2023-06-01 19:25:27.321285,0.0,0.0,0.0,0.0
2023-06-01 19:25:27.333655,0.0,0.0,0.0,0.0
2023-06-01 19:25:27.342584,0.0,0.0,0.0,0.0
2023-06-01 19:25:27.351129,0.0,0.0,0.0,0.0
2023-06-01 19:25:27.360419,0.0,0.0,0.0,0.0
2023-06-01 19:25:27.369323,0.0,0.0,0.0,0.0
2023-06-01 19:25:27.378552,0.0,0.0,0.0,0.0
2023-06-01 19:25:27.392615,0.0,0.0,0.0,0.0
2023-06-01 19:25:27.401434,0.0,0.0,0.0,0.0
2023-06-01 19:25:27.410370,0.0,0.0,0.0,0.0
2023-06-01 19:25:27.418761,0.0,0.0,0.0,0.0
2023-06-01 19:25:27.438443,0.0,0.0,0.0,0.0
2023-06-01 19:25:27.463708,0.0,0.0,0.0,0.0
2023-06-01 19:25:27.485366,0.0,0.0,0.0,0.0
2023-06-01 19:25:27.506883,0.0,0.0,0.0,0.0
2023-06-01 19:25:27.531668,0.0,0.0,0.0,0.0
2023-06-01 19:25:27.553347,0.0,0.0,0.0,0.0
2023-06-01 19:25:27.572236,0.0,0.0,0.0,0.0
2023-06-01 19:25:27.581129,0.0,0.0,0.0,0.0
2023-06-01 19:25:27.589613,0.0,0.0,0.0,0.0
2023-06-01 19:25:27.604822,0.0,0.0,0.0,0.0
2023-06-01 19:25:27.613743,0.0,0.0,0.0,0.0
2023-06-01 19:25:27.623628,0.0,0.0,0.0,0.0
2023-06-01 19:25:27.632255,0.0,0.0,0.0,0.0
2023-06-01 19:25:27.642395,0.0,0.0,0.0,0.0
2023-06-01 19:25:27.652349,0.0,0.0,0.0,0.0
2023-06-01 19:25:27.661082,0.0,0.0,0.0,0.0
2023-06-01 19:25:27.670894,0.0,0.0,0.0,0.0
2023-06-01 19:25:27.679813,0.0,0.0,0.0,0.0
2023-06-01 19:25:27.689962,0.0,0.0,0.0,0.0
2023-06-01 19:25:27.698726,0.0,0.0,0.0,0.0
2023-06-01 19:25:27.709681,0.0,0.0,0.0,0.0
2023-06-01 19:25:27.718854,0.0,0.0,0.0,0.0
2023-06-01 19:25:27.728875,0.0,0.0,0.0,0.0
2023-06-01 19:25:27.741724,0.0,0.0,0.0,0.0
2023-06-01 19:25:27.758795,0.0,0.0,0.0,0.0
2023-06-01 19:25:27.767720,0.0,0.0,0.0,0.0
2023-06-01 19:25:27.776160,0.0,0.0,0.0,0.0
2023-06-01 19:25:27.784888,0.0,0.0,0.0,0.0
2023-06-01 19:25:27.793488,0.0,0.0,0.0,0.0
2023-06-01 19:25:27.801699,0.0,0.0,0.0,0.0
2023-06-01 19:25:27.810759,0.0,0.0,0.0,0.0
2023-06-01 19:25:27.819579,0.0,0.0,0.0,0.0
2023-06-01 19:25:27.828508,0.0,0.0,0.0,0.0
2023-06-01 19:25:27.851298,0.0,0.0,0.0,0.0
2023-06-01 19:25:27.861382,0.0,0.0,0.0,0.0
2023-06-01 19:25:27.870175,0.0,0.0,0.0,0.0
2023-06-01 19:25:27.878801,0.0,0.0,0.0,0.0
2023-06-01 19:25:27.891961,0.0,0.0,0.0,0.0
2023-06-01 19:25:27.900767,0.0,0.0,0.0,0.0
2023-06-01 19:25:27.909010,0.0,0.0,0.0,0.0
2023-06-01 19:25:27.926421,0.0,0.0,0.0,0.0
2023-06-01 19:25:27.946839,0.0,0.0,0.0,0.0
2023-06-01 19:25:27.967031,0.0,0.0,0.0,0.0
2023-06-01 19:25:27.983608,0.0,0.0,0.0,0.0
2023-06-01 19:25:27.991983,0.0,0.0,0.0,0.0
2023-06-01 19:25:28.000247,0.0,0.0,0.0,0.0
2023-06-01 19:25:28.009298,0.0,0.0,0.0,0.0
2023-06-01 19:25:28.018578,0.0,0.0,0.0,0.0
2023-06-01 19:25:28.029011,0.0,0.0,0.0,0.0
2023-06-01 19:25:28.048965,0.0,0.0,0.0,0.0
2023-06-01 19:25:28.059525,0.0,0.0,0.0,0.0
2023-06-01 19:25:28.068302,0.0,0.0,0.0,0.0
2023-06-01 19:25:28.084917,0.0,0.0,0.0,0.0
2023-06-01 19:25:28.091508,0.0,0.0,0.0,0.0
2023-06-01 19:25:28.098219,0.0,0.0,0.0,0.0
2023-06-01 19:25:28.107863,0.0,0.0,0.0,0.0
2023-06-01 19:25:28.118743,0.0,0.0,0.0,0.0
2023-06-01 19:25:28.128092,0.0,0.0,0.0,0.0
2023-06-01 19:25:28.143305,0.0,0.0,0.0,0.0
2023-06-01 19:25:28.155060,0.0,0.0,0.0,0.0
2023-06-01 19:25:28.162208,0.0,0.0,0.0,0.0
2023-06-01 19:25:28.182970,0.0,0.0,0.0,0.0
2023-06-01 19:25:28.191302,0.0,0.0,0.0,0.0
2023-06-01 19:25:28.198933,0.0,0.0,0.0,0.0
2023-06-01 19:25:28.210829,0.0,0.0,0.0,0.0
2023-06-01 19:25:28.220372,0.0,0.0,0.0,0.0
2023-06-01 19:25:28.229629,0.0,0.0,0.0,0.0
2023-06-01 19:25:28.249118,0.0,0.0,0.0,0.0
2023-06-01 19:25:28.262791,0.0,0.0,0.0,0.0
2023-06-01 19:25:28.271963,0.0,0.0,0.0,0.0
2023-06-01 19:25:28.280805,0.0,0.0,0.0,0.0
2023-06-01 19:25:28.289977,0.0,0.0,0.0,0.0
2023-06-01 19:25:28.302050,0.0,0.0,0.0,0.0
2023-06-01 19:25:28.310233,0.0,0.0,0.0,0.0
2023-06-01 19:25:28.319252,0.0,0.0,0.0,0.0
2023-06-01 19:25:28.329503,0.0,0.0,0.0,0.0
2023-06-01 19:25:28.337962,0.0,0.0,0.0,0.0
2023-06-01 19:25:28.358052,0.0,0.0,0.0,0.0
2023-06-01 19:25:28.371612,0.0,0.0,0.0,0.0
2023-06-01 19:25:28.379658,0.0,0.0,0.0,0.0
2023-06-01 19:25:28.393222,0.0,0.0,0.0,0.0
2023-06-01 19:25:28.400443,0.0,0.0,0.0,0.0
2023-06-01 19:25:28.407730,0.0,0.0,0.0,0.0
2023-06-01 19:25:28.434128,0.0,0.0,0.0,0.0
2023-06-01 19:25:28.445934,0.0,0.0,0.0,0.0
2023-06-01 19:25:28.455692,0.0,0.0,0.0,0.0
2023-06-01 19:25:28.462624,0.0,0.0,0.0,0.0
2023-06-01 19:25:28.473379,0.0,0.0,0.0,0.0
2023-06-01 19:25:28.480430,0.0,0.0,0.0,0.0
2023-06-01 19:25:28.487323,0.0,0.0,0.0,0.0
2023-06-01 19:25:28.497399,0.0,0.0,0.0,0.0
2023-06-01 19:25:28.506780,0.0,0.0,0.0,0.0
2023-06-01 19:25:28.518214,0.0,0.0,0.0,0.0
2023-06-01 19:25:28.529637,0.0,0.0,0.0,0.0
2023-06-01 19:25:28.538227,0.0,0.0,0.0,0.0
2023-06-01 19:25:28.551141,0.0,0.0,0.0,0.0
2023-06-01 19:25:28.558862,0.0,0.0,0.0,0.0
2023-06-01 19:25:28.571319,0.0,0.0,0.0,0.0
2023-06-01 19:25:28.584440,0.0,0.0,0.0,0.0
2023-06-01 19:25:28.590978,0.0,0.0,0.0,0.0
2023-06-01 19:25:28.597487,0.0,0.0,0.0,0.0
2023-06-01 19:25:28.607394,0.0,0.0,0.0,0.0
2023-06-01 19:25:28.617890,0.0,0.0,0.0,0.0
2023-06-01 19:25:28.630340,0.0,0.0,0.0,0.0
2023-06-01 19:25:28.637159,0.0,0.0,0.0,0.0
2023-06-01 19:25:28.654060,0.0,0.0,0.0,0.0
2023-06-01 19:25:28.662758,0.0,0.0,0.0,0.0
2023-06-01 19:25:28.671849,0.0,0.0,0.0,0.0
2023-06-01 19:25:28.678988,0.0,0.0,0.0,0.0
2023-06-01 19:25:28.687018,0.0,0.0,0.0,0.0
2023-06-01 19:25:28.699662,0.0,0.0,0.0,0.0
2023-06-01 19:25:28.707155,0.0,0.0,0.0,0.0
2023-06-01 19:25:28.719017,0.0,0.0,0.0,0.0
2023-06-01 19:25:28.728784,0.0,0.0,0.0,0.0
2023-06-01 19:25:28.749396,0.0,0.0,0.0,0.0
2023-06-01 19:25:28.765729,0.0,0.0,0.0,0.0
2023-06-01 19:25:28.772410,0.0,0.0,0.0,0.0
2023-06-01 19:25:28.781069,0.0,0.0,0.0,0.0
2023-06-01 19:25:28.787352,0.0,0.0,0.0,0.0
2023-06-01 19:25:28.796664,0.0,0.0,0.0,0.0
2023-06-01 19:25:28.806903,0.0,0.0,0.0,0.0
2023-06-01 19:25:28.816882,0.0,0.0,0.0,0.0
2023-06-01 19:25:28.827232,0.0,0.0,0.0,0.0
2023-06-01 19:25:28.838062,0.0,0.0,0.0,0.0
2023-06-01 19:25:28.847630,0.0,0.0,0.0,0.0
2023-06-01 19:25:28.868387,0.0,0.0,0.0,0.0
2023-06-01 19:25:28.874931,0.0,0.0,0.0,0.0
2023-06-01 19:25:28.882283,0.0,0.0,0.0,0.0
2023-06-01 19:25:28.888595,0.0,0.0,0.0,0.0
2023-06-01 19:25:28.897089,0.0,0.0,0.0,0.0
2023-06-01 19:25:28.909704,0.0,0.0,0.0,0.0
2023-06-01 19:25:28.925247,0.0,0.0,0.0,0.0
2023-06-01 19:25:28.934066,0.0,0.0,0.0,0.0
2023-06-01 19:25:28.942208,0.0,0.0,0.0,0.0
2023-06-01 19:25:28.960401,0.0,0.0,0.0,0.0
2023-06-01 19:25:28.967146,0.0,0.0,0.0,0.0
2023-06-01 19:25:28.977258,0.0,0.0,0.0,0.0
2023-06-01 19:25:28.987074,0.0,0.0,0.0,0.0
2023-06-01 19:25:28.996689,0.0,0.0,0.0,0.0
2023-06-01 19:25:29.006829,0.0,0.0,0.0,0.0
2023-06-01 19:25:29.017588,0.0,0.0,0.0,0.0
2023-06-01 19:25:29.044775,0.0,0.0,0.0,0.0
2023-06-01 19:25:29.061369,0.0,0.0,0.0,0.0
2023-06-01 19:25:29.069256,0.0,0.0,0.0,0.0
2023-06-01 19:25:29.076872,0.0,0.0,0.0,0.0
2023-06-01 19:25:29.086931,0.0,0.0,0.0,0.0
2023-06-01 19:25:29.098531,0.0,0.0,0.0,0.0
2023-06-01 19:25:29.113991,0.0,0.0,0.0,0.0
2023-06-01 19:25:29.158797,0.0,0.0,0.0,0.0
2023-06-01 19:25:29.171466,0.0,0.0,0.0,0.0
2023-06-01 19:25:29.186357,0.0,0.0,0.0,0.0
2023-06-01 19:25:29.195245,0.0,0.0,0.0,0.0
2023-06-01 19:25:29.201036,0.0,0.0,0.0,0.0
2023-06-01 19:25:29.206833,0.0,0.0,0.0,0.0
2023-06-01 19:25:29.225978,0.0,0.0,0.0,0.0
2023-06-01 19:25:29.239254,0.0,0.0,0.0,0.0
2023-06-01 19:25:29.273338,0.0,0.0,0.0,0.0
2023-06-01 19:25:29.286228,0.0,0.0,0.0,0.0
2023-06-01 19:25:29.295159,0.0,0.0,0.0,0.0
2023-06-01 19:25:29.304958,0.0,0.0,0.0,0.0
2023-06-01 19:25:29.314046,0.0,0.0,0.0,0.0
2023-06-01 19:25:29.330286,0.0,0.0,0.0,0.0
2023-06-01 19:25:29.339682,0.0,0.0,0.0,0.0
2023-06-01 19:25:29.351923,0.0,0.0,0.0,0.0
2023-06-01 19:25:29.362920,0.0,0.0,0.0,0.0
2023-06-01 19:25:29.376287,0.0,0.0,0.0,0.0
2023-06-01 19:25:29.385175,0.0,0.0,0.0,0.0
2023-06-01 19:25:29.395176,0.0,0.0,0.0,0.0
2023-06-01 19:25:29.405836,0.0,0.0,0.0,0.0
2023-06-01 19:25:29.415245,0.0,0.0,0.0,0.0
2023-06-01 19:25:29.424966,0.0,0.0,0.0,0.0
2023-06-01 19:25:29.435418,0.0,0.0,0.0,0.0
2023-06-01 19:25:29.444853,0.0,0.0,0.0,0.0
2023-06-01 19:25:29.456075,0.0,0.0,0.0,0.0
2023-06-01 19:25:29.465795,0.0,0.0,0.0,0.0
2023-06-01 19:25:29.474812,0.0,0.0,0.0,0.0
2023-06-01 19:25:29.484369,0.0,0.0,0.0,0.0
2023-06-01 19:25:29.499149,0.0,0.0,0.0,0.0
2023-06-01 19:25:29.507902,0.0,0.0,0.0,0.0
2023-06-01 19:25:29.517276,0.0,0.0,0.0,0.0
2023-06-01 19:25:29.529611,0.0,0.0,0.0,0.0
2023-06-01 19:25:29.539376,0.0,0.0,0.0,0.0
2023-06-01 19:25:29.549744,0.0,0.0,0.0,0.0
2023-06-01 19:25:29.559685,0.0,0.0,0.0,0.0
2023-06-01 19:25:29.570038,0.0,0.0,0.0,0.0
2023-06-01 19:25:29.581866,0.0,0.0,0.0,0.0
2023-06-01 19:25:29.592067,0.0,0.0,0.0,0.0
2023-06-01 19:25:29.600900,0.0,0.0,0.0,0.0
2023-06-01 19:25:29.609812,0.0,0.0,0.0,0.0
2023-06-01 19:25:29.619548,0.0,0.0,0.0,0.0
2023-06-01 19:25:29.629680,0.0,0.0,0.0,0.0
2023-06-01 19:25:29.642543,0.0,0.0,0.0,0.0
2023-06-01 19:25:29.651680,0.0,0.0,0.0,0.0
2023-06-01 19:25:29.663080,0.0,0.0,0.0,0.0
2023-06-01 19:25:29.672762,0.0,0.0,0.0,0.0
2023-06-01 19:25:29.684649,0.0,0.0,0.0,0.0
2023-06-01 19:25:29.694842,0.0,0.0,0.0,0.0
2023-06-01 19:25:29.704691,0.0,0.0,0.0,0.0
2023-06-01 19:25:29.715349,0.0,0.0,0.0,0.0
2023-06-01 19:25:29.727498,0.0,0.0,0.0,0.0
2023-06-01 19:25:29.738543,0.0,0.0,0.0,0.0
2023-06-01 19:25:29.749958,0.0,0.0,0.0,0.0
2023-06-01 19:25:29.764367,0.0,0.0,0.0,0.0
2023-06-01 19:25:29.775238,0.0,0.0,0.0,0.0
2023-06-01 19:25:29.786584,0.0,0.0,0.0,0.0
2023-06-01 19:25:29.797320,0.0,0.0,0.0,0.0
2023-06-01 19:25:29.807936,0.0,0.0,0.0,0.0
2023-06-01 19:25:29.818743,0.0,0.0,0.0,0.0
2023-06-01 19:25:29.833624,0.0,0.0,0.0,0.0
2023-06-01 19:25:29.845753,0.0,0.0,0.0,0.0
2023-06-01 19:25:29.855890,0.0,0.0,0.0,0.0
2023-06-01 19:25:29.866362,0.0,0.0,0.0,0.0
2023-06-01 19:25:29.876990,0.0,0.0,0.0,0.0
2023-06-01 19:25:29.888535,0.0,0.0,0.0,0.0
2023-06-01 19:25:29.899437,0.0,0.0,0.0,0.0
2023-06-01 19:25:29.909411,0.0,0.0,0.0,0.0
2023-06-01 19:25:29.919617,0.0,0.0,0.0,0.0
2023-06-01 19:25:29.929226,0.0,0.0,0.0,0.0
2023-06-01 19:25:29.943361,0.0,0.0,0.0,0.0
2023-06-01 19:25:29.966064,0.0,0.0,0.0,0.0
2023-06-01 19:25:29.977851,0.0,0.0,0.0,0.0
2023-06-01 19:25:29.994768,0.0,0.0,0.0,0.0
2023-06-01 19:25:30.007655,0.0,0.0,0.0,0.0
2023-06-01 19:25:30.017896,0.0,0.0,0.0,0.0
2023-06-01 19:25:30.028757,0.0,0.0,0.0,0.0
2023-06-01 19:25:30.055925,0.0,0.0,0.0,0.0
2023-06-01 19:25:30.071569,0.0,0.0,0.0,0.0
2023-06-01 19:25:30.084062,0.0,0.0,0.0,0.0
2023-06-01 19:25:30.094290,0.0,0.0,0.0,0.0
2023-06-01 19:25:30.103034,0.0,0.0,0.0,0.0
2023-06-01 19:25:30.112048,0.0,0.0,0.0,0.0
2023-06-01 19:25:30.120825,0.0,0.0,0.0,0.0
2023-06-01 19:25:30.130081,0.0,0.0,0.0,0.0
2023-06-01 19:25:30.141272,0.0,0.0,0.0,0.0
2023-06-01 19:25:30.151772,0.0,0.0,0.0,0.0
2023-06-01 19:25:30.169108,0.0,0.0,0.0,0.0
2023-06-01 19:25:30.184550,0.0,0.0,0.0,0.0
2023-06-01 19:25:30.193886,0.0,0.0,0.0,0.0
2023-06-01 19:25:30.202854,0.0,0.0,0.0,0.0
2023-06-01 19:25:30.212352,0.0,0.0,0.0,0.0
2023-06-01 19:25:30.223346,0.0,0.0,0.0,0.0
2023-06-01 19:25:30.232740,0.0,0.0,0.0,0.0
2023-06-01 19:25:30.242059,0.0,0.0,0.0,0.0
2023-06-01 19:25:30.260172,0.0,0.0,0.0,0.0
2023-06-01 19:25:30.271046,0.0,0.0,0.0,0.0
2023-06-01 19:25:30.288405,0.0,0.0,0.0,0.0
2023-06-01 19:25:30.301193,0.0,0.0,0.0,0.0
2023-06-01 19:25:30.309347,0.0,0.0,0.0,0.0
2023-06-01 19:25:30.345578,0.0,0.0,0.0,0.0
2023-06-01 19:25:30.355661,0.0,0.0,0.0,0.0
2023-06-01 19:25:30.364188,0.0,0.0,0.0,0.0
2023-06-01 19:25:30.372460,0.0,0.0,0.0,0.0
2023-06-01 19:25:30.380423,0.0,0.0,0.0,0.0
2023-06-01 19:25:30.389821,0.0,0.0,0.0,0.0
2023-06-01 19:25:30.397985,0.0,0.0,0.0,0.0
2023-06-01 19:25:30.411634,0.0,0.0,0.0,0.0
2023-06-01 19:25:30.420427,0.0,0.0,0.0,0.0
2023-06-01 19:25:30.447549,0.0,0.0,0.0,0.0
2023-06-01 19:25:30.457804,0.0,0.0,0.0,0.0
2023-06-01 19:25:30.466098,0.0,0.0,0.0,0.0
2023-06-01 19:25:30.474707,0.0,0.0,0.0,0.0
2023-06-01 19:25:30.483179,0.0,0.0,0.0,0.0
2023-06-01 19:25:30.492322,0.0,0.0,0.0,0.0
2023-06-01 19:25:30.500726,0.0,0.0,0.0,0.0
2023-06-01 19:25:30.511894,0.0,0.0,0.0,0.0
2023-06-01 19:25:30.520465,0.0,0.0,0.0,0.0
2023-06-01 19:25:30.531272,0.0,0.0,0.0,0.0
2023-06-01 19:25:30.539750,0.0,0.0,0.0,0.0
2023-06-01 19:25:30.559264,0.0,0.0,0.0,0.0
2023-06-01 19:25:30.580261,0.0,0.0,0.0,0.0
2023-06-01 19:25:30.588623,0.0,0.0,0.0,0.0
2023-06-01 19:25:30.599140,0.0,0.0,0.0,0.0
2023-06-01 19:25:30.618903,0.0,0.0,0.0,0.0
2023-06-01 19:25:30.642470,0.0,0.0,0.0,0.0
2023-06-01 19:25:30.656395,0.0,0.0,0.0,0.0
2023-06-01 19:25:30.666751,0.0,0.0,0.0,0.0
2023-06-01 19:25:30.676321,0.0,0.0,0.0,0.0
2023-06-01 19:25:30.687057,0.0,0.0,0.0,0.0
2023-06-01 19:25:30.699716,0.0,0.0,0.0,0.0
2023-06-01 19:25:30.706740,0.0,0.0,0.0,0.0
2023-06-01 19:25:30.717456,0.0,0.0,0.0,0.0
2023-06-01 19:25:30.732013,0.0,0.0,0.0,0.0
2023-06-01 19:25:30.745368,0.0,0.0,0.0,0.0
2023-06-01 19:25:30.759887,0.0,0.0,0.0,0.0
2023-06-01 19:25:30.768294,0.0,0.0,0.0,0.0
2023-06-01 19:25:30.777385,0.0,0.0,0.0,0.0
2023-06-01 19:25:30.787363,0.0,0.0,0.0,0.0
2023-06-01 19:25:30.797084,0.0,0.0,0.0,0.0
2023-06-01 19:25:30.806639,0.0,0.0,0.0,0.0
2023-06-01 19:25:30.817083,0.0,0.0,0.0,0.0
2023-06-01 19:25:30.848538,0.0,0.0,0.0,0.0
2023-06-01 19:25:30.873613,0.0,0.0,0.0,0.0
2023-06-01 19:25:30.884480,0.0,0.0,0.0,0.0
2023-06-01 19:25:30.895930,0.0,0.0,0.0,0.0
2023-06-01 19:25:30.907906,0.0,0.0,0.0,0.0
2023-06-01 19:25:30.925487,0.0,0.0,0.0,0.0
2023-06-01 19:25:30.936509,0.0,0.0,0.0,0.0
2023-06-01 19:25:30.944337,0.0,0.0,0.0,0.0
2023-06-01 19:25:30.955225,0.0,0.0,0.0,0.0
2023-06-01 19:25:30.962010,0.0,0.0,0.0,0.0
2023-06-01 19:25:30.973209,0.0,0.0,0.0,0.0
2023-06-01 19:25:30.986091,0.0,0.0,0.0,0.0
2023-06-01 19:25:30.994462,0.0,0.0,0.0,0.0
2023-06-01 19:25:31.000731,0.0,0.0,0.0,0.0
2023-06-01 19:25:31.007597,0.0,0.0,0.0,0.0
2023-06-01 19:25:31.016820,0.0,0.0,0.0,0.0
2023-06-01 19:25:31.033139,0.0,0.0,0.0,0.0
2023-06-01 19:25:31.047494,0.0,0.0,0.0,0.0
2023-06-01 19:25:31.072138,0.0,0.0,0.0,0.0
2023-06-01 19:25:31.088636,0.0,0.0,0.0,0.0
2023-06-01 19:25:31.095151,0.0,0.0,0.0,0.0
2023-06-01 19:25:31.101351,0.0,0.0,0.0,0.0
2023-06-01 19:25:31.108122,0.0,0.0,0.0,0.0
2023-06-01 19:25:31.128893,0.0,0.0,0.0,0.0
2023-06-01 19:25:31.161235,0.0,0.0,0.0,0.0
2023-06-01 19:25:31.167792,0.0,0.0,0.0,0.0
2023-06-01 19:25:31.177207,0.0,0.0,0.0,0.0
2023-06-01 19:25:31.187132,0.0,0.0,0.0,0.0
2023-06-01 19:25:31.196851,0.0,0.0,0.0,0.0
2023-06-01 19:25:31.207043,0.0,0.0,0.0,0.0
2023-06-01 19:25:31.217003,0.0,0.0,0.0,0.0
2023-06-01 19:25:31.227392,0.0,0.0,0.0,0.0
2023-06-01 19:25:31.237727,0.0,0.0,0.0,0.0
2023-06-01 19:25:31.247262,0.0,0.0,0.0,0.0
2023-06-01 19:25:31.264180,0.0,0.0,0.0,0.0
2023-06-01 19:25:31.271835,0.0,0.0,0.0,0.0
2023-06-01 19:25:31.279379,0.0,0.0,0.0,0.0
2023-06-01 19:25:31.287516,0.0,0.0,0.0,0.0
2023-06-01 19:25:31.296991,0.0,0.0,0.0,0.0
2023-06-01 19:25:31.311370,0.0,0.0,0.0,0.0
2023-06-01 19:25:31.326526,0.0,0.0,0.0,0.0
2023-06-01 19:25:31.341132,0.0,0.0,0.0,0.0
2023-06-01 19:25:31.354802,0.0,0.0,0.0,0.0
2023-06-01 19:25:31.363468,0.0,0.0,0.0,0.0
2023-06-01 19:25:31.376939,0.0,0.0,0.0,0.0
2023-06-01 19:25:31.390092,0.0,0.0,0.0,0.0
2023-06-01 19:25:31.397573,0.0,0.0,0.0,0.0
2023-06-01 19:25:31.408777,0.0,0.0,0.0,0.0
2023-06-01 19:25:31.418413,0.0,0.0,0.0,0.0
2023-06-01 19:25:31.429939,0.0,0.0,0.0,0.0
2023-06-01 19:25:31.437590,0.0,0.0,0.0,0.0
2023-06-01 19:25:31.471779,0.0,0.0,0.0,0.0
2023-06-01 19:25:31.480751,0.0,0.0,0.0,0.0
2023-06-01 19:25:31.489920,0.0,0.0,0.0,0.0
2023-06-01 19:25:31.498976,0.0,0.0,0.0,0.0
2023-06-01 19:25:31.509669,0.0,0.0,0.0,0.0
2023-06-01 19:25:31.516800,0.0,0.0,0.0,0.0
2023-06-01 19:25:31.527304,0.0,0.0,0.0,0.0
2023-06-01 19:25:31.543823,0.0,0.0,0.0,0.0
2023-06-01 19:25:31.550909,0.0,0.0,0.0,0.0
2023-06-01 19:25:31.559829,0.0,0.0,0.0,0.0
2023-06-01 19:25:31.572135,0.0,0.0,0.0,0.0
2023-06-01 19:25:31.580653,0.0,0.0,0.0,0.0
2023-06-01 19:25:31.586886,0.0,0.0,0.0,0.0
2023-06-01 19:25:31.600720,0.0,0.0,0.0,0.0
2023-06-01 19:25:31.607507,0.0,0.0,0.0,0.0
2023-06-01 19:25:31.617339,0.0,0.0,0.0,0.0
2023-06-01 19:25:31.627714,0.0,0.0,0.0,0.0
2023-06-01 19:25:31.640510,0.0,0.0,0.0,0.0
2023-06-01 19:25:31.653411,0.0,0.0,0.0,0.0
2023-06-01 19:25:31.668705,0.0,0.0,0.0,0.0
2023-06-01 19:25:31.682484,0.0,0.0,0.0,0.0
2023-06-01 19:25:31.694558,0.0,0.0,0.0,0.0
2023-06-01 19:25:31.701627,0.0,0.0,0.0,0.0
2023-06-01 19:25:31.710631,0.0,0.0,0.0,0.0
2023-06-01 19:25:31.719036,0.0,0.0,0.0,0.0
2023-06-01 19:25:31.733190,0.0,0.0,0.0,0.0
2023-06-01 19:25:31.760463,0.0,0.0,0.0,0.0
2023-06-01 19:25:31.787729,0.0,0.0,0.0,0.0
2023-06-01 19:25:31.797540,0.0,0.0,0.0,0.0
2023-06-01 19:25:31.807734,0.0,0.0,0.0,0.0
2023-06-01 19:25:31.835565,0.0,0.0,0.0,0.0
2023-06-01 19:25:31.859662,0.0,0.0,0.0,0.0
2023-06-01 19:25:31.882843,0.0,0.0,0.0,0.0
2023-06-01 19:25:31.899086,0.0,0.0,0.0,0.0
2023-06-01 19:25:31.908170,0.0,0.0,0.0,0.0
2023-06-01 19:25:31.916966,0.0,0.0,0.0,0.0
2023-06-01 19:25:31.926048,0.0,0.0,0.0,0.0
2023-06-01 19:25:31.948555,0.0,0.0,0.0,0.0
2023-06-01 19:25:31.961734,0.0,0.0,0.0,0.0
2023-06-01 19:25:31.985169,0.0,0.0,0.0,0.0
2023-06-01 19:25:31.994220,0.0,0.0,0.0,0.0
2023-06-01 19:25:32.005503,0.0,0.0,0.0,0.0
2023-06-01 19:25:32.021010,0.0,0.0,0.0,0.0
2023-06-01 19:25:32.028769,0.0,0.0,0.0,0.0
2023-06-01 19:25:32.041893,0.0,0.0,0.0,0.0
2023-06-01 19:25:32.050557,0.0,0.0,0.0,0.0
2023-06-01 19:25:32.059737,0.0,0.0,0.0,0.0
2023-06-01 19:25:32.070415,0.0,0.0,0.0,0.0
2023-06-01 19:25:32.086605,0.0,0.0,0.0,0.0
2023-06-01 19:25:32.100897,0.0,0.0,0.0,0.0
2023-06-01 19:25:32.107640,0.0,0.0,0.0,0.0
2023-06-01 19:25:32.119204,0.0,0.0,0.0,0.0
2023-06-01 19:25:32.128672,0.0,0.0,0.0,0.0
2023-06-01 19:25:32.144343,0.0,0.0,0.0,0.0
2023-06-01 19:25:32.160736,0.0,0.0,0.0,0.0
2023-06-01 19:25:32.173448,0.0,0.0,0.0,0.0
2023-06-01 19:25:32.181516,0.0,0.0,0.0,0.0
2023-06-01 19:25:32.189073,0.0,0.0,0.0,0.0
2023-06-01 19:25:32.196858,0.0,0.0,0.0,0.0
2023-06-01 19:25:32.207702,0.0,0.0,0.0,0.0
2023-06-01 19:25:32.228274,0.0,0.0,0.0,0.0
2023-06-01 19:25:32.240551,0.0,0.0,0.0,0.0
2023-06-01 19:25:32.250854,0.0,0.0,0.0,0.0
2023-06-01 19:25:32.263577,0.0,0.0,0.0,0.0
2023-06-01 19:25:32.274092,0.0,0.0,0.0,0.0
2023-06-01 19:25:32.282792,0.0,0.0,0.0,0.0
2023-06-01 19:25:32.292276,0.0,0.0,0.0,0.0
2023-06-01 19:25:32.299133,0.0,0.0,0.0,0.0
2023-06-01 19:25:32.307458,0.0,0.0,0.0,0.0
2023-06-01 19:25:32.319384,0.0,0.0,0.0,0.0
2023-06-01 19:25:32.330055,0.0,0.0,0.0,0.0
2023-06-01 19:25:32.338782,0.0,0.0,0.0,0.0
2023-06-01 19:25:32.353158,0.0,0.0,0.0,0.0
2023-06-01 19:25:32.370093,0.0,0.0,0.0,0.0
2023-06-01 19:25:32.380685,0.0,0.0,0.0,0.0
2023-06-01 19:25:32.390239,0.0,0.0,0.0,0.0
2023-06-01 19:25:32.398584,0.0,0.0,0.0,0.0
2023-06-01 19:25:32.413077,0.0,0.0,0.0,0.0
2023-06-01 19:25:32.433540,0.0,0.0,0.0,0.0
2023-06-01 19:25:32.479304,0.0,0.0,0.0,0.0
2023-06-01 19:25:32.489946,0.0,0.0,0.0,0.0
2023-06-01 19:25:32.500495,0.0,0.0,0.0,0.0
2023-06-01 19:25:32.508793,0.0,0.0,0.0,0.0
2023-06-01 19:25:32.538813,0.0,0.0,0.0,0.0
2023-06-01 19:25:32.558940,0.0,0.0,0.0,0.0
2023-06-01 19:25:32.589936,0.0,0.0,0.0,0.0
2023-06-01 19:25:32.596432,0.0,0.0,0.0,0.0
2023-06-01 19:25:32.602306,0.0,0.0,0.0,0.0
2023-06-01 19:25:32.612416,0.0,0.0,0.0,0.0
2023-06-01 19:25:32.619330,0.0,0.0,0.0,0.0
2023-06-01 19:25:32.628635,0.0,0.0,0.0,0.0
2023-06-01 19:25:32.647073,0.0,0.0,0.0,0.0
2023-06-01 19:25:32.654204,0.0,0.0,0.0,0.0
2023-06-01 19:25:32.661149,0.0,0.0,0.0,0.0
2023-06-01 19:25:32.679364,0.0,0.0,0.0,0.0
2023-06-01 19:25:32.686214,0.0,0.0,0.0,0.0
2023-06-01 19:25:32.694286,0.0,0.0,0.0,0.0
2023-06-01 19:25:32.701761,0.0,0.0,0.0,0.0
2023-06-01 19:25:32.708366,0.0,0.0,0.0,0.0
2023-06-01 19:25:32.718226,0.0,0.0,0.0,0.0
2023-06-01 19:25:32.732216,0.0,0.0,0.0,0.0
2023-06-01 19:25:32.738513,0.0,0.0,0.0,0.0
2023-06-01 19:25:32.753480,0.0,0.0,0.0,0.0
2023-06-01 19:25:32.763288,0.0,0.0,0.0,0.0
2023-06-01 19:25:32.772327,0.0,0.0,0.0,0.0
2023-06-01 19:25:32.780125,0.0,0.0,0.0,0.0
2023-06-01 19:25:32.789795,0.0,0.0,0.0,0.0
2023-06-01 19:25:32.797446,0.0,0.0,0.0,0.0
2023-06-01 19:25:32.807653,0.0,0.0,0.0,0.0
2023-06-01 19:25:32.817538,0.0,0.0,0.0,0.0
2023-06-01 19:25:32.827440,0.0,0.0,0.0,0.0
2023-06-01 19:25:32.837407,0.0,0.0,0.0,0.0
2023-06-01 19:25:32.847568,0.0,0.0,0.0,0.0
2023-06-01 19:25:32.857434,0.0,0.0,0.0,0.0
2023-06-01 19:25:32.867480,0.0,0.0,0.0,0.0
2023-06-01 19:25:32.880957,0.0,0.0,0.0,0.0
2023-06-01 19:25:32.888886,0.0,0.0,0.0,0.0
2023-06-01 19:25:32.914848,0.0,0.0,0.0,0.0
2023-06-01 19:25:32.960974,0.0,0.0,0.0,0.0
2023-06-01 19:25:32.980296,0.0,0.0,0.0,0.0
2023-06-01 19:25:32.987306,0.0,0.0,0.0,0.0
2023-06-01 19:25:33.000662,0.0,0.0,0.0,0.0
2023-06-01 19:25:33.009789,0.0,0.0,0.0,0.0
2023-06-01 19:25:33.017571,0.0,0.0,0.0,0.0
2023-06-01 19:25:33.032067,0.0,0.0,0.0,0.0
2023-06-01 19:25:33.045300,0.0,0.0,0.0,0.0
2023-06-01 19:25:33.055606,0.0,0.0,0.0,0.0
2023-06-01 19:25:33.065481,0.0,0.0,0.0,0.0
2023-06-01 19:25:33.075411,0.0,0.0,0.0,0.0
2023-06-01 19:25:33.083113,0.0,0.0,0.0,0.0
2023-06-01 19:25:33.090263,0.0,0.0,0.0,0.0
2023-06-01 19:25:33.096477,0.0,0.0,0.0,0.0
2023-06-01 19:25:33.107100,0.0,0.0,0.0,0.0
2023-06-01 19:25:33.117274,0.0,0.0,0.0,0.0
2023-06-01 19:25:33.127563,0.0,0.0,0.0,0.0
2023-06-01 19:25:33.138682,0.0,0.0,0.0,0.0
2023-06-01 19:25:33.153012,0.0,0.0,0.0,0.0
2023-06-01 19:25:33.159807,0.0,0.0,0.0,0.0
2023-06-01 19:25:33.169636,0.0,0.0,0.0,0.0
2023-06-01 19:25:33.178802,0.0,0.0,0.0,0.0
2023-06-01 19:25:33.189991,0.0,0.0,0.0,0.0
2023-06-01 19:25:33.199458,0.0,0.0,0.0,0.0
2023-06-01 19:25:33.209302,0.0,0.0,0.0,0.0
2023-06-01 19:25:33.218261,0.0,0.0,0.0,0.0
2023-06-01 19:25:33.229063,0.0,0.0,0.0,0.0
2023-06-01 19:25:33.241367,0.0,0.0,0.0,0.0
2023-06-01 19:25:33.249612,0.0,0.0,0.0,0.0
2023-06-01 19:25:33.257570,0.0,0.0,0.0,0.0
2023-06-01 19:25:33.267925,0.0,0.0,0.0,0.0
2023-06-01 19:25:33.279728,0.0,0.0,0.0,0.0
2023-06-01 19:25:33.288682,0.0,0.0,0.0,0.0
2023-06-01 19:25:33.301617,0.0,0.0,0.0,0.0
2023-06-01 19:25:33.310801,0.0,0.0,0.0,0.0
2023-06-01 19:25:33.319526,0.0,0.0,0.0,0.0
2023-06-01 19:25:33.357595,0.0,0.0,0.0,0.0
2023-06-01 19:25:33.365939,0.0,0.0,0.0,0.0
2023-06-01 19:25:33.375622,0.0,0.0,0.0,0.0
2023-06-01 19:25:33.384314,0.0,0.0,0.0,0.0
2023-06-01 19:25:33.395826,0.0,0.0,0.0,0.0
2023-06-01 19:25:33.404252,0.0,0.0,0.0,0.0
2023-06-01 19:25:33.412726,0.0,0.0,0.0,0.0
2023-06-01 19:25:33.424197,0.0,0.0,0.0,0.0
2023-06-01 19:25:33.436825,0.0,0.0,0.0,0.0
2023-06-01 19:25:33.449540,0.0,0.0,0.0,0.0
2023-06-01 19:25:33.473949,0.0,0.0,0.0,0.0
2023-06-01 19:25:33.482721,0.0,0.0,0.0,0.0
2023-06-01 19:25:33.491621,0.0,0.0,0.0,0.0
2023-06-01 19:25:33.500428,0.0,0.0,0.0,0.0
2023-06-01 19:25:33.509379,0.0,0.0,0.0,0.0
2023-06-01 19:25:33.522357,0.0,0.0,0.0,0.0
2023-06-01 19:25:33.531170,0.0,0.0,0.0,0.0
2023-06-01 19:25:33.540312,0.0,0.0,0.0,0.0
2023-06-01 19:25:33.549127,0.0,0.0,0.0,0.0
2023-06-01 19:25:33.562713,0.0,0.0,0.0,0.0
2023-06-01 19:25:33.581116,0.0,0.0,0.0,0.0
2023-06-01 19:25:33.591412,0.0,0.0,0.0,0.0
2023-06-01 19:25:33.600796,0.0,0.0,0.0,0.0
2023-06-01 19:25:33.610490,0.0,0.0,0.0,0.0
2023-06-01 19:25:33.619718,0.0,0.0,0.0,0.0
2023-06-01 19:25:33.642441,0.0,0.0,0.0,0.0
2023-06-01 19:25:33.665258,0.0,0.0,0.0,0.0
2023-06-01 19:25:33.694092,0.0,0.0,0.0,0.0
2023-06-01 19:25:33.714149,0.0,0.0,0.0,0.0
2023-06-01 19:25:33.734921,0.0,0.0,0.0,0.0
2023-06-01 19:25:33.752832,0.0,0.0,0.0,0.0
2023-06-01 19:25:33.779130,0.0,0.0,0.0,0.0
2023-06-01 19:25:33.794782,0.0,0.0,0.0,0.0
2023-06-01 19:25:33.814337,0.0,0.0,0.0,0.0
2023-06-01 19:25:33.833260,0.0,0.0,0.0,0.0
2023-06-01 19:25:33.851949,0.0,0.0,0.0,0.0
2023-06-01 19:25:33.875397,0.0,0.0,0.0,0.0
2023-06-01 19:25:33.901753,0.0,0.0,0.0,0.0
2023-06-01 19:25:33.909506,0.0,0.0,0.0,0.0
2023-06-01 19:25:33.918461,0.0,0.0,0.0,0.0
2023-06-01 19:25:33.930206,0.0,0.0,0.0,0.0
2023-06-01 19:25:33.937650,0.0,0.0,0.0,0.0
2023-06-01 19:25:33.950099,0.0,0.0,0.0,0.0
2023-06-01 19:25:33.957677,0.0,0.0,0.0,0.0
2023-06-01 19:25:33.972069,0.0,0.0,0.0,0.0
2023-06-01 19:25:33.988950,0.0,0.0,0.0,0.0
2023-06-01 19:25:33.995739,0.0,0.0,0.0,0.0
2023-06-01 19:25:34.002061,0.0,0.0,0.0,0.0
2023-06-01 19:25:34.008329,0.0,0.0,0.0,0.0
2023-06-01 19:25:34.017832,0.0,0.0,0.0,0.0
2023-06-01 19:25:34.029674,0.0,0.0,0.0,0.0
2023-06-01 19:25:34.038756,0.0,0.0,0.0,0.0
2023-06-01 19:25:34.047632,0.0,0.0,0.0,0.0
2023-06-01 19:25:34.058230,0.0,0.0,0.0,0.0
2023-06-01 19:25:34.070352,0.0,0.0,0.0,0.0
2023-06-01 19:25:34.078781,0.0,0.0,0.0,0.0
2023-06-01 19:25:34.089384,0.0,0.0,0.0,0.0
2023-06-01 19:25:34.098742,0.0,0.0,0.0,0.0
2023-06-01 19:25:34.113268,0.0,0.0,0.0,0.0
2023-06-01 19:25:34.122519,0.0,0.0,0.0,0.0
2023-06-01 19:25:34.162005,0.0,0.0,0.0,0.0
2023-06-01 19:25:34.174931,0.0,0.0,0.0,0.0
2023-06-01 19:25:34.186637,0.0,0.0,0.0,0.0
2023-06-01 19:25:34.194538,0.0,0.0,0.0,0.0
2023-06-01 19:25:34.200315,0.0,0.0,0.0,0.0
2023-06-01 19:25:34.206568,0.0,0.0,0.0,0.0
2023-06-01 19:25:34.218894,0.0,0.0,0.0,0.0
2023-06-01 19:25:34.228046,0.0,0.0,0.0,0.0
2023-06-01 19:25:34.254816,0.0,0.0,0.0,0.0
2023-06-01 19:25:34.261465,0.0,0.0,0.0,0.0
2023-06-01 19:25:34.276654,0.0,0.0,0.0,0.0
2023-06-01 19:25:34.283402,0.0,0.0,0.0,0.0
2023-06-01 19:25:34.289825,0.0,0.0,0.0,0.0
2023-06-01 19:25:34.298939,0.0,0.0,0.0,0.0
2023-06-01 19:25:34.309424,0.0,0.0,0.0,0.0
2023-06-01 19:25:34.317207,0.0,0.0,0.0,0.0
2023-06-01 19:25:34.331784,0.0,0.0,0.0,0.0
2023-06-01 19:25:34.348093,0.0,0.0,0.0,0.0
2023-06-01 19:25:34.362447,0.0,0.0,0.0,0.0
2023-06-01 19:25:34.379078,0.0,0.0,0.0,0.0
2023-06-01 19:25:34.390704,0.0,0.0,0.0,0.0
2023-06-01 19:25:34.397294,0.0,0.0,0.0,0.0
2023-06-01 19:25:34.407449,0.0,0.0,0.0,0.0
2023-06-01 19:25:34.417265,0.0,0.0,0.0,0.0
2023-06-01 19:25:34.428772,0.0,0.0,0.0,0.0
2023-06-01 19:25:34.448041,0.0,0.0,0.0,0.0
2023-06-01 19:25:34.463728,0.0,0.0,0.0,0.0
2023-06-01 19:25:34.489353,0.0,0.0,0.0,0.0
2023-06-01 19:25:34.500965,0.0,0.0,0.0,0.0
2023-06-01 19:25:34.510088,0.0,0.0,0.0,0.0
2023-06-01 19:25:34.535745,0.0,0.0,0.0,0.0
2023-06-01 19:25:34.559722,0.0,0.0,0.0,0.0
2023-06-01 19:25:34.583067,0.0,0.0,0.0,0.0
2023-06-01 19:25:34.595098,0.0,0.0,0.0,0.0
2023-06-01 19:25:34.603250,0.0,0.0,0.0,0.0
2023-06-01 19:25:34.612053,0.0,0.0,0.0,0.0
2023-06-01 19:25:34.620281,0.0,0.0,0.0,0.0
2023-06-01 19:25:34.635063,0.0,0.0,0.0,0.0
2023-06-01 19:25:34.658010,0.0,0.0,0.0,0.0
2023-06-01 19:25:34.684798,0.0,0.0,0.0,0.0
2023-06-01 19:25:34.693424,0.0,0.0,0.0,0.0
2023-06-01 19:25:34.701624,0.0,0.0,0.0,0.0
2023-06-01 19:25:34.710625,0.0,0.0,0.0,0.0
2023-06-01 19:25:34.723934,0.0,0.0,0.0,0.0
2023-06-01 19:25:34.732938,0.0,0.0,0.0,0.0
2023-06-01 19:25:34.741710,0.0,0.0,0.0,0.0
2023-06-01 19:25:34.765522,0.0,0.0,0.0,0.0
2023-06-01 19:25:34.786189,0.0,0.0,0.0,0.0
2023-06-01 19:25:34.794898,0.0,0.0,0.0,0.0
2023-06-01 19:25:34.803537,0.0,0.0,0.0,0.0
2023-06-01 19:25:34.813527,0.0,0.0,0.0,0.0
2023-06-01 19:25:34.822599,0.0,0.0,0.0,0.0
2023-06-01 19:25:34.834151,0.0,0.0,0.0,0.0
2023-06-01 19:25:34.857387,0.0,0.0,0.0,0.0
2023-06-01 19:25:34.865974,0.0,0.0,0.0,0.0
2023-06-01 19:25:34.894261,0.0,0.0,0.0,0.0
2023-06-01 19:25:34.913070,0.0,0.0,0.0,0.0
2023-06-01 19:25:34.920141,0.0,0.0,0.0,0.0
2023-06-01 19:25:34.927480,0.0,0.0,0.0,0.0
2023-06-01 19:25:34.940412,0.0,0.0,0.0,0.0
2023-06-01 19:25:34.948554,0.0,0.0,0.0,0.0
2023-06-01 19:25:34.962917,0.0,0.0,0.0,0.0
2023-06-01 19:25:34.969302,0.0,0.0,0.0,0.0
2023-06-01 19:25:34.981170,0.0,0.0,0.0,0.0
2023-06-01 19:25:34.987590,0.0,0.0,0.0,0.0
2023-06-01 19:25:34.997462,0.0,0.0,0.0,0.0
2023-06-01 19:25:35.006832,0.0,0.0,0.0,0.0
2023-06-01 19:25:35.020163,0.0,0.0,0.0,0.0
2023-06-01 19:25:35.028222,0.0,0.0,0.0,0.0
2023-06-01 19:25:35.038704,0.0,0.0,0.0,0.0
2023-06-01 19:25:35.052570,0.0,0.0,0.0,0.0
2023-06-01 19:25:35.073365,0.0,0.0,0.0,0.0
2023-06-01 19:25:35.080962,0.0,0.0,0.0,0.0
2023-06-01 19:25:35.090164,0.0,0.0,0.0,0.0
2023-06-01 19:25:35.098173,0.0,0.0,0.0,0.0
2023-06-01 19:25:35.107721,0.0,0.0,0.0,0.0
2023-06-01 19:25:35.117667,0.0,0.0,0.0,0.0
2023-06-01 19:25:35.129480,0.0,0.0,0.0,0.0
2023-06-01 19:25:35.137957,0.0,0.0,0.0,0.0
2023-06-01 19:25:35.147706,0.0,0.0,0.0,0.0
2023-06-01 19:25:35.157779,0.0,0.0,0.0,0.0
2023-06-01 19:25:35.169169,0.0,0.0,0.0,0.0
2023-06-01 19:25:35.177840,0.0,0.0,0.0,0.0
2023-06-01 19:25:35.187173,0.0,0.0,0.0,0.0
2023-06-01 19:25:35.196968,0.0,0.0,0.0,0.0
2023-06-01 19:25:35.207345,0.0,0.0,0.0,0.0
2023-06-01 19:25:35.220271,0.0,0.0,0.0,0.0
2023-06-01 19:25:35.243778,0.0,0.0,0.0,0.0
2023-06-01 19:25:35.275592,0.0,0.0,0.0,0.0
2023-06-01 19:25:35.281893,0.0,0.0,0.0,0.0
2023-06-01 19:25:35.288534,0.0,0.0,0.0,0.0
2023-06-01 19:25:35.296999,0.0,0.0,0.0,0.0
2023-06-01 19:25:35.307029,0.0,0.0,0.0,0.0
2023-06-01 19:25:35.318863,0.0,0.0,0.0,0.0
2023-06-01 19:25:35.329897,0.0,0.0,0.0,0.0
2023-06-01 19:25:35.339214,0.0,0.0,0.0,0.0
2023-06-01 19:25:35.349292,0.0,0.0,0.0,0.0
2023-06-01 19:25:35.359861,0.0,0.0,0.0,0.0
2023-06-01 19:25:35.367028,0.0,0.0,0.0,0.0
2023-06-01 19:25:35.377401,0.0,0.0,0.0,0.0
2023-06-01 19:25:35.387226,0.0,0.0,0.0,0.0
2023-06-01 19:25:35.399813,0.0,0.0,0.0,0.0
2023-06-01 19:25:35.408369,0.0,0.0,0.0,0.0
2023-06-01 19:25:35.418288,0.0,0.0,0.0,0.0
2023-06-01 19:25:35.438360,0.0,0.0,0.0,0.0
2023-06-01 19:25:35.447629,0.0,0.0,0.0,0.0
2023-06-01 19:25:35.457193,0.0,0.0,0.0,0.0
2023-06-01 19:25:35.485283,0.0,0.0,0.0,0.0
2023-06-01 19:25:35.493531,0.0,0.0,0.0,0.0
2023-06-01 19:25:35.502521,0.0,0.0,0.0,0.0
2023-06-01 19:25:35.509547,0.0,0.0,0.0,0.0
2023-06-01 19:25:35.518173,0.0,0.0,0.0,0.0
2023-06-01 19:25:35.541029,0.0,0.0,0.0,0.0
2023-06-01 19:25:35.551209,0.0,0.0,0.0,0.0
2023-06-01 19:25:35.563818,0.0,0.0,0.0,0.0
2023-06-01 19:25:35.571964,0.0,0.0,0.0,0.0
2023-06-01 19:25:35.579553,0.0,0.0,0.0,0.0
2023-06-01 19:25:35.590612,0.0,0.0,0.0,0.0
2023-06-01 19:25:35.601889,0.0,0.0,0.0,0.0
2023-06-01 19:25:35.609606,0.0,0.0,0.0,0.0
2023-06-01 19:25:35.618234,0.0,0.0,0.0,0.0
2023-06-01 19:25:35.639172,0.0,0.0,0.0,0.0
2023-06-01 19:25:35.646374,0.0,0.0,0.0,0.0
2023-06-01 19:25:35.653272,0.0,0.0,0.0,0.0
2023-06-01 19:25:35.660177,0.0,0.0,0.0,0.0
2023-06-01 19:25:35.667326,0.0,0.0,0.0,0.0
2023-06-01 19:25:35.677297,0.0,0.0,0.0,0.0
2023-06-01 19:25:35.686879,0.0,0.0,0.0,0.0
2023-06-01 19:25:35.697336,0.0,0.0,0.0,0.0
2023-06-01 19:25:35.708569,0.0,0.0,0.0,0.0
2023-06-01 19:25:35.717744,0.0,0.0,0.0,0.0
2023-06-01 19:25:35.741964,0.0,0.0,0.0,0.0
2023-06-01 19:25:35.753505,0.0,0.0,0.0,0.0
2023-06-01 19:25:35.760633,0.0,0.0,0.0,0.0
2023-06-01 19:25:35.767806,0.0,0.0,0.0,0.0
2023-06-01 19:25:35.777623,0.0,0.0,0.0,0.0
2023-06-01 19:25:35.796336,0.0,0.0,0.0,0.0
2023-06-01 19:25:35.805811,0.0,0.0,0.0,0.0
2023-06-01 19:25:35.821098,0.0,0.0,0.0,0.0
2023-06-01 19:25:35.838768,0.0,0.0,0.0,0.0
2023-06-01 19:25:35.855457,0.0,0.0,0.0,0.0
2023-06-01 19:25:35.870022,0.0,0.0,0.0,0.0
2023-06-01 19:25:35.879642,0.0,0.0,0.0,0.0
2023-06-01 19:25:35.890612,0.0,0.0,0.0,0.0
2023-06-01 19:25:35.900086,0.0,0.0,0.0,0.0
2023-06-01 19:25:35.909188,0.0,0.0,0.0,0.0
2023-06-01 19:25:35.929085,0.0,0.0,0.0,0.0
2023-06-01 19:25:35.953282,0.0,0.0,0.0,0.0
2023-06-01 19:25:35.975716,0.0,0.0,0.0,0.0
2023-06-01 19:25:35.992811,0.0,0.0,0.0,0.0
2023-06-01 19:25:36.001379,0.0,0.0,0.0,0.0
2023-06-01 19:25:36.009954,0.0,0.0,0.0,0.0
2023-06-01 19:25:36.018197,0.0,0.0,0.0,0.0
2023-06-01 19:25:36.028871,0.0,0.0,0.0,0.0
2023-06-01 19:25:36.040937,0.0,0.0,0.0,0.0
2023-06-01 19:25:36.051047,0.0,0.0,0.0,0.0
2023-06-01 19:25:36.062257,0.0,0.0,0.0,0.0
2023-06-01 19:25:36.072732,0.0,0.0,0.0,0.0
2023-06-01 19:25:36.084950,0.0,0.0,0.0,0.0
2023-06-01 19:25:36.101349,0.0,0.0,0.0,0.0
2023-06-01 19:25:36.115681,0.0,0.0,0.0,0.0
2023-06-01 19:25:36.134942,0.0,0.0,0.0,0.0
2023-06-01 19:25:36.149031,0.0,0.0,0.0,0.0
2023-06-01 19:25:36.161715,0.0,0.0,0.0,0.0
2023-06-01 19:25:36.193426,0.0,0.0,0.0,0.0
2023-06-01 19:25:36.205394,0.0,0.0,0.0,0.0
2023-06-01 19:25:36.215347,0.0,0.0,0.0,0.0
2023-06-01 19:25:36.225000,0.0,0.0,0.0,0.0
2023-06-01 19:25:36.234953,0.0,0.0,0.0,0.0
2023-06-01 19:25:36.245116,0.0,0.0,0.0,0.0
2023-06-01 19:25:36.257126,0.0,0.0,0.0,0.0
2023-06-01 19:25:36.267024,0.0,0.0,0.0,0.0
2023-06-01 19:25:36.282057,0.0,0.0,0.0,0.0
2023-06-01 19:25:36.300621,0.0,0.0,0.0,0.0
2023-06-01 19:25:36.315971,0.0,0.0,0.0,0.0
2023-06-01 19:25:36.338206,0.0,0.0,0.0,0.0
2023-06-01 19:25:36.361514,0.0,0.0,0.0,0.0
2023-06-01 19:25:36.379513,0.0,0.0,0.0,0.0
2023-06-01 19:25:36.402481,0.0,0.0,0.0,0.0
2023-06-01 19:25:36.444554,0.0,0.0,0.0,0.0
2023-06-01 19:25:36.474910,0.0,0.0,0.0,0.0
2023-06-01 19:25:36.497425,0.0,0.0,0.0,0.0
2023-06-01 19:25:36.523662,0.0,0.0,0.0,0.0
2023-06-01 19:25:36.546666,0.0,0.0,0.0,0.0
2023-06-01 19:25:36.553540,0.0,0.0,0.0,0.0
2023-06-01 19:25:36.560119,0.0,0.0,0.0,0.0
2023-06-01 19:25:36.567081,0.0,0.0,0.0,0.0
2023-06-01 19:25:36.577302,0.0,0.0,0.0,0.0
2023-06-01 19:25:36.589916,0.0,0.0,0.0,0.0
2023-06-01 19:25:36.598175,0.0,0.0,0.0,0.0
2023-06-01 19:25:36.608047,0.0,0.0,0.0,0.0
2023-06-01 19:25:36.618169,0.0,0.0,0.0,0.0
2023-06-01 19:25:36.627968,0.0,0.0,0.0,0.0
2023-06-01 19:25:36.641294,0.0,0.0,0.0,0.0
2023-06-01 19:25:36.669275,0.0,0.0,0.0,0.0
2023-06-01 19:25:36.675647,0.0,0.0,0.0,0.0
2023-06-01 19:25:36.682471,0.0,0.0,0.0,0.0
2023-06-01 19:25:36.688941,0.0,0.0,0.0,0.0
2023-06-01 19:25:36.697186,0.0,0.0,0.0,0.0
2023-06-01 19:25:36.707742,0.0,0.0,0.0,0.0
2023-06-01 19:25:36.737469,0.0,0.0,0.0,0.0
2023-06-01 19:25:36.747968,0.0,0.0,0.0,0.0
2023-06-01 19:25:36.758194,0.0,0.0,0.0,0.0
2023-06-01 19:25:36.766724,0.0,0.0,0.0,0.0
2023-06-01 19:25:36.774297,0.0,0.0,0.0,0.0
2023-06-01 19:25:36.781376,0.0,0.0,0.0,0.0
2023-06-01 19:25:36.788505,0.0,0.0,0.0,0.0
2023-06-01 19:25:36.798592,0.0,0.0,0.0,0.0
2023-06-01 19:25:36.807484,0.0,0.0,0.0,0.0
2023-06-01 19:25:36.817501,0.0,0.0,0.0,0.0
2023-06-01 19:25:36.851609,0.0,0.0,0.0,0.0
2023-06-01 19:25:36.872630,0.0,0.0,0.0,0.0
2023-06-01 19:25:36.897426,0.0,0.0,0.0,0.0
2023-06-01 19:25:36.911461,0.0,0.0,0.0,0.0
2023-06-01 19:25:36.925922,0.0,0.0,0.0,0.0
2023-06-01 19:25:36.953961,0.0,0.0,0.0,0.0
2023-06-01 19:25:36.982203,0.0,0.0,0.0,0.0
2023-06-01 19:25:36.988838,0.0,0.0,0.0,0.0
2023-06-01 19:25:36.996507,0.0,0.0,0.0,0.0
2023-06-01 19:25:37.007365,0.0,0.0,0.0,0.0
2023-06-01 19:25:37.017113,0.0,0.0,0.0,0.0
2023-06-01 19:25:37.028137,0.0,0.0,0.0,0.0
2023-06-01 19:25:37.037326,0.0,0.0,0.0,0.0
2023-06-01 19:25:37.048142,0.0,0.0,0.0,0.0
2023-06-01 19:25:37.065994,0.0,0.0,0.0,0.0
2023-06-01 19:25:37.073486,0.0,0.0,0.0,0.0
2023-06-01 19:25:37.082452,0.0,0.0,0.0,0.0
2023-06-01 19:25:37.089727,0.0,0.0,0.0,0.0
2023-06-01 19:25:37.097692,0.0,0.0,0.0,0.0
2023-06-01 19:25:37.110534,0.0,0.0,0.0,0.0
2023-06-01 19:25:37.120031,0.0,0.0,0.0,0.0
2023-06-01 19:25:37.128394,0.0,0.0,0.0,0.0
2023-06-01 19:25:37.155173,0.0,0.0,0.0,0.0
2023-06-01 19:25:37.170736,0.0,0.0,0.0,0.0
2023-06-01 19:25:37.190087,0.0,0.0,0.0,0.0
2023-06-01 19:25:37.202226,0.0,0.0,0.0,0.0
2023-06-01 19:25:37.214475,0.0,0.0,0.0,0.0
2023-06-01 19:25:37.221581,0.0,0.0,0.0,0.0
2023-06-01 19:25:37.244778,0.0,0.0,0.0,0.0
2023-06-01 19:25:37.253318,0.0,0.0,0.0,0.0
2023-06-01 19:25:37.260705,0.0,0.0,0.0,0.0
2023-06-01 19:25:37.269477,0.0,0.0,0.0,0.0
2023-06-01 19:25:37.280108,0.0,0.0,0.0,0.0
2023-06-01 19:25:37.287545,0.0,0.0,0.0,0.0
2023-06-01 19:25:37.302251,0.0,0.0,0.0,0.0
2023-06-01 19:25:37.309728,0.0,0.0,0.0,0.0
2023-06-01 19:25:37.319963,0.0,0.0,0.0,0.0
2023-06-01 19:25:37.341676,0.0,0.0,0.0,0.0
2023-06-01 19:25:37.368476,0.0,0.0,0.0,0.0
2023-06-01 19:25:37.377657,0.0,0.0,0.0,0.0
2023-06-01 19:25:37.384955,0.0,0.0,0.0,0.0
2023-06-01 19:25:37.392033,0.0,0.0,0.0,0.0
2023-06-01 19:25:37.400865,0.0,0.0,0.0,0.0
2023-06-01 19:25:37.417006,0.0,0.0,0.0,0.0
2023-06-01 19:25:37.424388,0.0,0.0,0.0,0.0
2023-06-01 19:25:37.432801,0.0,0.0,0.0,0.0
2023-06-01 19:25:37.440290,0.0,0.0,0.0,0.0
2023-06-01 19:25:37.448574,0.0,0.0,0.0,0.0
2023-06-01 19:25:37.465405,0.0,0.0,0.0,0.0
2023-06-01 19:25:37.471989,0.0,0.0,0.0,0.0
2023-06-01 19:25:37.478558,0.0,0.0,0.0,0.0
2023-06-01 19:25:37.489375,0.0,0.0,0.0,0.0
2023-06-01 19:25:37.498589,0.0,0.0,0.0,0.0
2023-06-01 19:25:37.507472,0.0,0.0,0.0,0.0
2023-06-01 19:25:37.517666,0.0,0.0,0.0,0.0
2023-06-01 19:25:37.530060,0.0,0.0,0.0,0.0
2023-06-01 19:25:37.538027,0.0,0.0,0.0,0.0
2023-06-01 19:25:37.551757,0.0,0.0,0.0,0.0
2023-06-01 19:25:37.560015,0.0,0.0,0.0,0.0
2023-06-01 19:25:37.568614,0.0,0.0,0.0,0.0
2023-06-01 19:25:37.577845,0.0,0.0,0.0,0.0
2023-06-01 19:25:37.587687,0.0,0.0,0.0,0.0
2023-06-01 19:25:37.596946,0.0,0.0,0.0,0.0
2023-06-01 19:25:37.607528,0.0,0.0,0.0,0.0
2023-06-01 19:25:37.617328,0.0,0.0,0.0,0.0
2023-06-01 19:25:37.627744,0.0,0.0,0.0,0.0
2023-06-01 19:25:37.637492,0.0,0.0,0.0,0.0
2023-06-01 19:25:37.648131,0.0,0.0,0.0,0.0
2023-06-01 19:25:37.658149,0.0,0.0,0.0,0.0
2023-06-01 19:25:37.667723,0.0,0.0,0.0,0.0
2023-06-01 19:25:37.677652,0.0,0.0,0.0,0.0
2023-06-01 19:25:37.686586,0.0,0.0,0.0,0.0
2023-06-01 19:25:37.697269,0.0,0.0,0.0,0.0
2023-06-01 19:25:37.707381,0.0,0.0,0.0,0.0
2023-06-01 19:25:37.717784,0.0,0.0,0.0,0.0
2023-06-01 19:25:37.727852,0.0,0.0,0.0,0.0
2023-06-01 19:25:37.737611,0.0,0.0,0.0,0.0
2023-06-01 19:25:37.748594,0.0,0.0,0.0,0.0
2023-06-01 19:25:37.759093,0.0,0.0,0.0,0.0
2023-06-01 19:25:37.770965,0.0,0.0,0.0,0.0
2023-06-01 19:25:37.776715,0.0,0.0,0.0,0.0
2023-06-01 19:25:37.786951,0.0,0.0,0.0,0.0
2023-06-01 19:25:37.796468,0.0,0.0,0.0,0.0
2023-06-01 19:25:37.807158,0.0,0.0,0.0,0.0
2023-06-01 19:25:37.824086,0.0,0.0,0.0,0.0
2023-06-01 19:25:37.831637,0.0,0.0,0.0,0.0
2023-06-01 19:25:37.838747,0.0,0.0,0.0,0.0
2023-06-01 19:25:37.848179,0.0,0.0,0.0,0.0
2023-06-01 19:25:37.857445,0.0,0.0,0.0,0.0
2023-06-01 19:25:37.867602,0.0,0.0,0.0,0.0
2023-06-01 19:25:37.880909,0.0,0.0,0.0,0.0
2023-06-01 19:25:37.895836,0.0,0.0,0.0,0.0
2023-06-01 19:25:37.901746,0.0,0.0,0.0,0.0
2023-06-01 19:25:37.909683,0.0,0.0,0.0,0.0
2023-06-01 19:25:37.918257,0.0,0.0,0.0,0.0
2023-06-01 19:25:37.929220,0.0,0.0,0.0,0.0
2023-06-01 19:25:37.944187,0.0,0.0,0.0,0.0
2023-06-01 19:25:37.951172,0.0,0.0,0.0,0.0
2023-06-01 19:25:37.957734,0.0,0.0,0.0,0.0
2023-06-01 19:25:37.967169,0.0,0.0,0.0,0.0
2023-06-01 19:25:37.976751,0.0,0.0,0.0,0.0
2023-06-01 19:25:37.987222,0.0,0.0,0.0,0.0
2023-06-01 19:25:37.996788,0.0,0.0,0.0,0.0
2023-06-01 19:25:38.007366,0.0,0.0,0.0,0.0
2023-06-01 19:25:38.017657,0.0,0.0,0.0,0.0
2023-06-01 19:25:38.028563,0.0,0.0,0.0,0.0
2023-06-01 19:25:38.037576,0.0,0.0,0.0,0.0
2023-06-01 19:25:38.048165,0.0,0.0,0.0,0.0
2023-06-01 19:25:38.058420,0.0,0.0,0.0,0.0
2023-06-01 19:25:38.067322,0.0,0.0,0.0,0.0
2023-06-01 19:25:38.077694,0.0,0.0,0.0,0.0
2023-06-01 19:25:38.087474,0.0,0.0,0.0,0.0
2023-06-01 19:25:38.096823,0.0,0.0,0.0,0.0
2023-06-01 19:25:38.107733,0.0,0.0,0.0,0.0
2023-06-01 19:25:38.118126,0.0,0.0,0.0,0.0
2023-06-01 19:25:38.129400,0.0,0.0,0.0,0.0
2023-06-01 19:25:38.138225,0.0,0.0,0.0,0.0
2023-06-01 19:25:38.148575,0.0,0.0,0.0,0.0
2023-06-01 19:25:38.157614,0.0,0.0,0.0,0.0
2023-06-01 19:25:38.167680,0.0,0.0,0.0,0.0
2023-06-01 19:25:38.177652,0.0,0.0,0.0,0.0
2023-06-01 19:25:38.186974,0.0,0.0,0.0,0.0
2023-06-01 19:25:38.196682,0.0,0.0,0.0,0.0
2023-06-01 19:25:38.207619,0.0,0.0,0.0,0.0
2023-06-01 19:25:38.218404,0.0,0.0,0.0,0.0
2023-06-01 19:25:38.229403,0.0,0.0,0.0,0.0
2023-06-01 19:25:38.244113,0.0,0.0,0.0,0.0
2023-06-01 19:25:38.258625,0.0,0.0,0.0,0.0
2023-06-01 19:25:38.267385,0.0,0.0,0.0,0.0
2023-06-01 19:25:38.275936,0.0,0.0,0.0,0.0
2023-06-01 19:25:38.284164,0.0,0.0,0.0,0.0
2023-06-01 19:25:38.292272,0.0,0.0,0.0,0.0
2023-06-01 19:25:38.300504,0.0,0.0,0.0,0.0
2023-06-01 19:25:38.308811,0.0,0.0,0.0,0.0
2023-06-01 19:25:38.318511,0.0,0.0,0.0,0.0
2023-06-01 19:25:38.328924,0.0,0.0,0.0,0.0
2023-06-01 19:25:38.339745,0.0,0.0,0.0,0.0
2023-06-01 19:25:38.348256,0.0,0.0,0.0,0.0
2023-06-01 19:25:38.358648,0.0,0.0,0.0,0.0
2023-06-01 19:25:38.368573,0.0,0.0,0.0,0.0
2023-06-01 19:25:38.379318,0.0,0.0,0.0,0.0
2023-06-01 19:25:38.388468,0.0,0.0,0.0,0.0
2023-06-01 19:25:38.398283,0.0,0.0,0.0,0.0
2023-06-01 19:25:38.408077,0.0,0.0,0.0,0.0
2023-06-01 19:25:38.418114,0.0,0.0,0.0,0.0
2023-06-01 19:25:38.428925,0.0,0.0,0.0,0.0
2023-06-01 19:25:38.445128,0.0,0.0,0.0,0.0
2023-06-01 19:25:38.451776,0.0,0.0,0.0,0.0
2023-06-01 19:25:38.458504,0.0,0.0,0.0,0.0
2023-06-01 19:25:38.467030,0.0,0.0,0.0,0.0
2023-06-01 19:25:38.477134,0.0,0.0,0.0,0.0
2023-06-01 19:25:38.487410,0.0,0.0,0.0,0.0
2023-06-01 19:25:38.496732,0.0,0.0,0.0,0.0
2023-06-01 19:25:38.507420,0.0,0.0,0.0,0.0
2023-06-01 19:25:38.518522,0.0,0.0,0.0,0.0
2023-06-01 19:25:38.528703,0.0,0.0,0.0,0.0
2023-06-01 19:25:38.539126,0.0,0.0,0.0,0.0
2023-06-01 19:25:38.561565,0.0,0.0,0.0,0.0
2023-06-01 19:25:38.569968,0.0,0.0,0.0,0.0
2023-06-01 19:25:38.578108,0.0,0.0,0.0,0.0
2023-06-01 19:25:38.588290,0.0,0.0,0.0,0.0
2023-06-01 19:25:38.600692,0.0,0.0,0.0,0.0
2023-06-01 19:25:38.609000,0.0,0.0,0.0,0.0
2023-06-01 19:25:38.618587,0.0,0.0,0.0,0.0
2023-06-01 19:25:38.635302,0.0,0.0,0.0,0.0
2023-06-01 19:25:38.642695,0.0,0.0,0.0,0.0
2023-06-01 19:25:38.650195,0.0,0.0,0.0,0.0
2023-06-01 19:25:38.657236,0.0,0.0,0.0,0.0
2023-06-01 19:25:38.667485,0.0,0.0,0.0,0.0
2023-06-01 19:25:38.677775,0.0,0.0,0.0,0.0
2023-06-01 19:25:38.686671,0.0,0.0,0.0,0.0
2023-06-01 19:25:38.696545,0.0,0.0,0.0,0.0
2023-06-01 19:25:38.706868,0.0,0.0,0.0,0.0
2023-06-01 19:25:38.717340,0.0,0.0,0.0,0.0
2023-06-01 19:25:38.728979,0.0,0.0,0.0,0.0
2023-06-01 19:25:38.737805,0.0,0.0,0.0,0.0
2023-06-01 19:25:38.747654,0.0,0.0,0.0,0.0
2023-06-01 19:25:38.757185,0.0,0.0,0.0,0.0
2023-06-01 19:25:38.769975,0.0,0.0,0.0,0.0
2023-06-01 19:25:38.782219,0.0,0.0,0.0,0.0
2023-06-01 19:25:38.789490,0.0,0.0,0.0,0.0
2023-06-01 19:25:38.798366,0.0,0.0,0.0,0.0
2023-06-01 19:25:38.809038,0.0,0.0,0.0,0.0
2023-06-01 19:25:38.818476,0.0,0.0,0.0,0.0
2023-06-01 19:25:38.828882,0.0,0.0,0.0,0.0
2023-06-01 19:25:38.845965,0.0,0.0,0.0,0.0
2023-06-01 19:25:38.853314,0.0,0.0,0.0,0.0
2023-06-01 19:25:38.859795,0.0,0.0,0.0,0.0
2023-06-01 19:25:38.866387,0.0,0.0,0.0,0.0
2023-06-01 19:25:38.877141,0.0,0.0,0.0,0.0
2023-06-01 19:25:38.887879,0.0,0.0,0.0,0.0
2023-06-01 19:25:38.899671,0.0,0.0,0.0,0.0
2023-06-01 19:25:38.909600,0.0,0.0,0.0,0.0
2023-06-01 19:25:38.918376,0.0,0.0,0.0,0.0
2023-06-01 19:25:38.929838,0.0,0.0,0.0,0.0
2023-06-01 19:25:38.938617,0.0,0.0,0.0,0.0
2023-06-01 19:25:38.954553,0.0,0.0,0.0,0.0
2023-06-01 19:25:38.962319,0.0,0.0,0.0,0.0
2023-06-01 19:25:38.970979,0.0,0.0,0.0,0.0
2023-06-01 19:25:38.979497,0.0,0.0,0.0,0.0
2023-06-01 19:25:38.988569,0.0,0.0,0.0,0.0
2023-06-01 19:25:38.999240,0.0,0.0,0.0,0.0
2023-06-01 19:25:39.008199,0.0,0.0,0.0,0.0
2023-06-01 19:25:39.018292,0.0,0.0,0.0,0.0
2023-06-01 19:25:39.030726,0.0,0.0,0.0,0.0
2023-06-01 19:25:39.038950,0.0,0.0,0.0,0.0
2023-06-01 19:25:39.052037,0.0,0.0,0.0,0.0
2023-06-01 19:25:39.062136,0.0,0.0,0.0,0.0
2023-06-01 19:25:39.070279,0.0,0.0,0.0,0.0
2023-06-01 19:25:39.079248,0.0,0.0,0.0,0.0
2023-06-01 19:25:39.088664,0.0,0.0,0.0,0.0
2023-06-01 19:25:39.098805,0.0,0.0,0.0,0.0
2023-06-01 19:25:39.108179,0.0,0.0,0.0,0.0
2023-06-01 19:25:39.118271,0.0,0.0,0.0,0.0
2023-06-01 19:25:39.131586,0.0,0.0,0.0,0.0
2023-06-01 19:25:39.139016,0.0,0.0,0.0,0.0
2023-06-01 19:25:39.147471,0.0,0.0,0.0,0.0
2023-06-01 19:25:39.161722,0.0,0.0,0.0,0.0
2023-06-01 19:25:39.168009,0.0,0.0,0.0,0.0
2023-06-01 19:25:39.177062,0.0,0.0,0.0,0.0
2023-06-01 19:25:39.188677,0.0,0.0,0.0,0.0
2023-06-01 19:25:39.198337,0.0,0.0,0.0,0.0
2023-06-01 19:25:39.208077,0.0,0.0,0.0,0.0
2023-06-01 19:25:39.218463,0.0,0.0,0.0,0.0
2023-06-01 19:25:39.229023,0.0,0.0,0.0,0.0
2023-06-01 19:25:39.252888,0.0,0.0,0.0,0.0
2023-06-01 19:25:39.261500,0.0,0.0,0.0,0.0
2023-06-01 19:25:39.269574,0.0,0.0,0.0,0.0
2023-06-01 19:25:39.277903,0.0,0.0,0.0,0.0
2023-06-01 19:25:39.288166,0.0,0.0,0.0,0.0
2023-06-01 19:25:39.298182,0.0,0.0,0.0,0.0
2023-06-01 19:25:39.308016,0.0,0.0,0.0,0.0
2023-06-01 19:25:39.324247,0.0,0.0,0.0,0.0
2023-06-01 19:25:39.331834,0.0,0.0,0.0,0.0
2023-06-01 19:25:39.339550,0.0,0.0,0.0,0.0
2023-06-01 19:25:39.349227,0.0,0.0,0.0,0.0
2023-06-01 19:25:39.357508,0.0,0.0,0.0,0.0
2023-06-01 19:25:39.367218,0.0,0.0,0.0,0.0
2023-06-01 19:25:39.377526,0.0,0.0,0.0,0.0
2023-06-01 19:25:39.387991,0.0,0.0,0.0,0.0
2023-06-01 19:25:39.398283,0.0,0.0,0.0,0.0
2023-06-01 19:25:39.408054,0.0,0.0,0.0,0.0
2023-06-01 19:25:39.418199,0.0,0.0,0.0,0.0
2023-06-01 19:25:39.429181,0.0,0.0,0.0,0.0
2023-06-01 19:25:39.444196,0.0,0.0,0.0,0.0
2023-06-01 19:25:39.451612,0.0,0.0,0.0,0.0
2023-06-01 19:25:39.459783,0.0,0.0,0.0,0.0
2023-06-01 19:25:39.468495,0.0,0.0,0.0,0.0
2023-06-01 19:25:39.477504,0.0,0.0,0.0,0.0
2023-06-01 19:25:39.488368,0.0,0.0,0.0,0.0
2023-06-01 19:25:39.498180,0.0,0.0,0.0,0.0
2023-06-01 19:25:39.508084,0.0,0.0,0.0,0.0
2023-06-01 19:25:39.523706,0.0,0.0,0.0,0.0
2023-06-01 19:25:39.534808,0.0,0.0,0.0,0.0
2023-06-01 19:25:39.542827,0.0,0.0,0.0,0.0
2023-06-01 19:25:39.551850,0.0,0.0,0.0,0.0
2023-06-01 19:25:39.560323,0.0,0.0,0.0,0.0
2023-06-01 19:25:39.568818,0.0,0.0,0.0,0.0
2023-06-01 19:25:39.578595,0.0,0.0,0.0,0.0
2023-06-01 19:25:39.588257,0.0,0.0,0.0,0.0
2023-06-01 19:25:39.599484,0.0,0.0,0.0,0.0
2023-06-01 19:25:39.608163,0.0,0.0,0.0,0.0
2023-06-01 19:25:39.618180,0.0,0.0,0.0,0.0
2023-06-01 19:25:39.632019,0.0,0.0,0.0,0.0
2023-06-01 19:25:39.639703,0.0,0.0,0.0,0.0
2023-06-01 19:25:39.648139,0.0,0.0,0.0,0.0
2023-06-01 19:25:39.657812,0.0,0.0,0.0,0.0
2023-06-01 19:25:39.668803,0.0,0.0,0.0,0.0
2023-06-01 19:25:39.679354,0.0,0.0,0.0,0.0
2023-06-01 19:25:39.688827,0.0,0.0,0.0,0.0
2023-06-01 19:25:39.698072,0.0,0.0,0.0,0.0
2023-06-01 19:25:39.708436,0.0,0.0,0.0,0.0
2023-06-01 19:25:39.720788,0.0,0.0,0.0,0.0
2023-06-01 19:25:39.727876,0.0,0.0,0.0,0.0
2023-06-01 19:25:39.739971,0.0,0.0,0.0,0.0
2023-06-01 19:25:39.750550,0.0,0.0,0.0,0.0
2023-06-01 19:25:39.757520,0.0,0.0,0.0,0.0
2023-06-01 19:25:39.767104,0.0,0.0,0.0,0.0
2023-06-01 19:25:39.777141,0.0,0.0,0.0,0.0
2023-06-01 19:25:39.786926,0.0,0.0,0.0,0.0
2023-06-01 19:25:39.796775,0.0,0.0,0.0,0.0
2023-06-01 19:25:39.807384,0.0,0.0,0.0,0.0
2023-06-01 19:25:39.817819,0.0,0.0,0.0,0.0
2023-06-01 19:25:39.829386,0.0,0.0,0.0,0.0
2023-06-01 19:25:39.837739,0.0,0.0,0.0,0.0
2023-06-01 19:25:39.847784,0.0,0.0,0.0,0.0
2023-06-01 19:25:39.859079,0.0,0.0,0.0,0.0
2023-06-01 19:25:39.867445,0.0,0.0,0.0,0.0
2023-06-01 19:25:39.876864,0.0,0.0,0.0,0.0
2023-06-01 19:25:39.886737,0.0,0.0,0.0,0.0
2023-06-01 19:25:39.896798,0.0,0.0,0.0,0.0
2023-06-01 19:25:39.907396,0.0,0.0,0.0,0.0
2023-06-01 19:25:39.918007,0.0,0.0,0.0,0.0
2023-06-01 19:25:39.928213,0.0,0.0,0.0,0.0
2023-06-01 19:25:39.939117,0.0,0.0,0.0,0.0
2023-06-01 19:25:39.949037,0.0,0.0,0.0,0.0
2023-06-01 19:25:39.957135,0.0,0.0,0.0,0.0
2023-06-01 19:25:39.969041,0.0,0.0,0.0,0.0
2023-06-01 19:25:39.977247,0.0,0.0,0.0,0.0
2023-06-01 19:25:39.987332,0.0,0.0,0.0,0.0
2023-06-01 19:25:39.996640,0.0,0.0,0.0,0.0
2023-06-01 19:25:40.007046,0.0,0.0,0.0,0.0
2023-06-01 19:25:40.017780,0.0,0.0,0.0,0.0
2023-06-01 19:25:40.028160,0.0,0.0,0.0,0.0
2023-06-01 19:25:40.038223,0.0,0.0,0.0,0.0
2023-06-01 19:25:40.049134,0.0,0.0,0.0,0.0
2023-06-01 19:25:40.057794,0.0,0.0,0.0,0.0
2023-06-01 19:25:40.067712,0.0,0.0,0.0,0.0
2023-06-01 19:25:40.077377,0.0,0.0,0.0,0.0
2023-06-01 19:25:40.087562,0.0,0.0,0.0,0.0
2023-06-01 19:25:40.098389,0.0,0.0,0.0,0.0
2023-06-01 19:25:40.108492,0.0,0.0,0.0,0.0
2023-06-01 19:25:40.118933,0.0,0.0,0.0,0.0
2023-06-01 19:25:40.131528,0.0,0.0,0.0,0.0
2023-06-01 19:25:40.143946,0.0,0.0,0.0,0.0
2023-06-01 19:25:40.154346,0.0,0.0,0.0,0.0
2023-06-01 19:25:40.164636,0.0,0.0,0.0,0.0
2023-06-01 19:25:40.173569,0.0,0.0,0.0,0.0
2023-06-01 19:25:40.179838,0.0,0.0,0.0,0.0
2023-06-01 19:25:40.188010,0.0,0.0,0.0,0.0
2023-06-01 19:25:40.198912,0.0,0.0,0.0,0.0
2023-06-01 19:25:40.208427,0.0,0.0,0.0,0.0
2023-06-01 19:25:40.218461,0.0,0.0,0.0,0.0
2023-06-01 19:25:40.230544,0.0,0.0,0.0,0.0
2023-06-01 19:25:40.239145,0.0,0.0,0.0,0.0
2023-06-01 19:25:40.256313,0.0,0.0,0.0,0.0
2023-06-01 19:25:40.263547,0.0,0.0,0.0,0.0
2023-06-01 19:25:40.272488,0.0,0.0,0.0,0.0
2023-06-01 19:25:40.282605,0.0,0.0,0.0,0.0
2023-06-01 19:25:40.290783,0.0,0.0,0.0,0.0
2023-06-01 19:25:40.298752,0.0,0.0,0.0,0.0
2023-06-01 19:25:40.308788,0.0,0.0,0.0,0.0
2023-06-01 19:25:40.318697,0.0,0.0,0.0,0.0
2023-06-01 19:25:40.329312,0.0,0.0,0.0,0.0
2023-06-01 19:25:40.342626,0.0,0.0,0.0,0.0
2023-06-01 19:25:40.354448,0.0,0.0,0.0,0.0
2023-06-01 19:25:40.361271,0.0,0.0,0.0,0.0
2023-06-01 19:25:40.367801,0.0,0.0,0.0,0.0
2023-06-01 19:25:40.378448,0.0,0.0,0.0,0.0
2023-06-01 19:25:40.388810,0.0,0.0,0.0,0.0
2023-06-01 19:25:40.398036,0.0,0.0,0.0,0.0
2023-06-01 19:25:40.408367,0.0,0.0,0.0,0.0
