timestamp,temperature(C),pressure(Pa),humidity(%),wind speed(m/s)
2023-06-01 19:07:38.488809,24.260000228881836,85909.9921875,17.150390625,0.08094999939203262
2023-06-01 19:07:39.487303,24.260000228881836,85910.3828125,17.103515625,0.08094999939203262
2023-06-01 19:07:40.488710,24.280000686645508,85909.125,17.091796875,0.0
2023-06-01 19:07:41.489846,24.290000915527344,85913.3046875,17.080078125,0.0
2023-06-01 19:07:42.490557,24.309999465942383,85913.59375,17.0810546875,0.0
2023-06-01 19:07:43.493043,24.31999969482422,85910.265625,17.0576171875,0.0
2023-06-01 19:07:44.492227,24.34000015258789,85912.125,17.05859375,0.0
2023-06-01 19:07:45.493631,24.34000015258789,85910.328125,17.09375,0.0
2023-06-01 19:07:46.494713,24.34000015258789,85911.328125,17.09375,0.08094999939203262
2023-06-01 19:07:47.496252,24.329999923706055,85908.6875,17.0703125,0.3237999975681305
2023-06-01 19:07:48.497814,24.329999923706055,85909.4375,17.0703125,0.4047500193119049
2023-06-01 19:07:49.497861,24.329999923706055,85911.765625,17.08203125,0.4047500193119049
2023-06-01 19:07:50.499093,24.329999923706055,85909.78125,17.08203125,0.3237999975681305
2023-06-01 19:07:51.499454,24.34000015258789,85908.234375,17.05859375,0.24285000562667847
2023-06-01 19:07:52.500930,24.3700008392334,85910.0234375,17.0478515625,0.08094999939203262
2023-06-01 19:07:53.501198,24.389999389648438,85911.0859375,17.048828125,0.08094999939203262
2023-06-01 19:07:54.502570,24.399999618530273,85911.5,17.013671875,0.16189999878406525
2023-06-01 19:07:55.503740,24.389999389648438,85911.109375,17.025390625,0.24285000562667847
2023-06-01 19:07:56.504232,24.389999389648438,85912.71875,17.037109375,0.16189999878406525
2023-06-01 19:07:57.505638,24.389999389648438,85909.734375,17.013671875,0.4047500193119049
2023-06-01 19:07:58.506607,24.40999984741211,85910.765625,16.955078125,0.4047500193119049
2023-06-01 19:07:59.506824,24.40999984741211,85910.546875,16.919921875,0.3237999975681305
2023-06-01 19:08:00.507671,24.420000076293945,85912.953125,16.873046875,0.3237999975681305
2023-06-01 19:08:01.508831,24.420000076293945,85910.0,16.873046875,0.3237999975681305
2023-06-01 19:08:02.509081,24.450000762939453,85909.109375,16.8740234375,0.4047500193119049
2023-06-01 19:08:03.510886,24.450000762939453,85912.671875,16.8623046875,0.3237999975681305
2023-06-01 19:08:04.510756,24.459999084472656,85913.125,16.8740234375,0.24285000562667847
2023-06-01 19:08:05.512182,24.489999771118164,85907.96875,16.8984375,0.16189999878406525
2023-06-01 19:08:06.512489,24.510000228881836,85909.734375,16.9111328125,0.24285000562667847
2023-06-01 19:08:07.514540,24.520000457763672,85911.0078125,16.900390625,0.3237999975681305
2023-06-01 19:08:08.514204,24.540000915527344,85913.234375,16.9013671875,0.3237999975681305
2023-06-01 19:08:09.515653,24.559999465942383,85913.46875,16.9248046875,0.24285000562667847
2023-06-01 19:08:10.515855,24.579999923706055,85909.421875,16.92578125,0.16189999878406525
2023-06-01 19:08:11.517323,24.6200008392334,85912.78125,16.927734375,0.16189999878406525
2023-06-01 19:08:12.517754,24.649999618530273,85910.171875,16.9287109375,0.16189999878406525
2023-06-01 19:08:13.518840,24.65999984741211,85910.6875,16.8818359375,0.08094999939203262
2023-06-01 19:08:14.524207,24.649999618530273,85911.859375,16.822265625,0.3237999975681305
2023-06-01 19:08:15.521581,24.670000076293945,85912.0625,16.8115234375,0.3237999975681305
2023-06-01 19:08:16.521621,24.65999984741211,85911.921875,16.763671875,0.4047500193119049
2023-06-01 19:08:17.522789,24.670000076293945,85910.4375,16.787109375,0.4047500193119049
2023-06-01 19:08:18.523851,24.68000030517578,85912.578125,16.763671875,0.48570001125335693
2023-06-01 19:08:19.523914,24.700000762939453,85911.71875,16.7060546875,0.48570001125335693
2023-06-01 19:08:20.525183,24.700000762939453,85909.234375,16.634765625,0.48570001125335693
2023-06-01 19:08:21.525491,24.690000534057617,85910.0078125,16.5869140625,0.4047500193119049
2023-06-01 19:08:22.526840,24.690000534057617,85912.6875,16.5283203125,0.3237999975681305
2023-06-01 19:08:23.527412,24.709999084472656,85908.578125,16.5048828125,0.08094999939203262
2023-06-01 19:08:24.528390,24.760000228881836,85913.8125,16.5185546875,0.0
2023-06-01 19:08:25.529775,24.770000457763672,85910.828125,16.53125,0.0
2023-06-01 19:08:26.530961,24.799999237060547,85908.765625,16.51953125,0.0
2023-06-01 19:08:27.532388,24.81999969482422,85911.7421875,16.533203125,0.0
2023-06-01 19:08:28.532687,24.84000015258789,85910.09375,16.509765625,0.0
2023-06-01 19:08:29.533976,24.850000381469727,85909.6015625,16.486328125,0.0
2023-06-01 19:08:30.534453,24.8799991607666,85909.7265625,16.4755859375,0.0
2023-06-01 19:08:31.536120,24.889999389648438,85910.2578125,16.46484375,0.0
2023-06-01 19:08:32.536104,24.899999618530273,85910.375,16.453125,0.0
2023-06-01 19:08:33.538790,24.920000076293945,85910.609375,16.44140625,0.0
2023-06-01 19:08:34.537502,24.940000534057617,85909.6171875,16.4072265625,0.0
2023-06-01 19:08:35.539196,24.969999313354492,85911.59375,16.3837890625,0.0
2023-06-01 19:08:36.539423,24.979999542236328,85912.375,16.443359375,0.0
2023-06-01 19:08:37.540535,25.0,85912.0,16.48046875,0.0
2023-06-01 19:08:38.540987,25.030000686645508,85914.28125,16.48046875,0.0
2023-06-01 19:08:39.542406,25.030000686645508,85912.0703125,16.4931640625,0.08094999939203262
2023-06-01 19:08:40.544000,25.030000686645508,85912.234375,16.5048828125,0.0
2023-06-01 19:08:41.544616,25.049999237060547,85912.1328125,16.4814453125,0.0
2023-06-01 19:08:42.545553,25.059999465942383,85911.71875,16.482421875,0.16189999878406525
2023-06-01 19:08:43.545753,25.059999465942383,85912.0859375,16.482421875,0.16189999878406525
2023-06-01 19:08:44.547469,25.059999465942383,85911.390625,16.458984375,0.08094999939203262
2023-06-01 19:08:45.547750,25.049999237060547,85913.4375,16.4345703125,0.08094999939203262
2023-06-01 19:08:46.548828,25.079999923706055,85912.2265625,16.435546875,0.08094999939203262
2023-06-01 19:08:47.549289,25.09000015258789,85912.875,16.4365234375,0.0
2023-06-01 19:08:48.550531,25.110000610351562,85912.96875,16.4609375,0.0
2023-06-01 19:08:49.550697,25.1200008392334,85910.703125,16.4609375,0.0
2023-06-01 19:08:50.552171,25.1200008392334,85912.7734375,16.42578125,0.0
2023-06-01 19:08:51.552957,25.110000610351562,85911.140625,16.4365234375,0.0
2023-06-01 19:08:52.553617,25.1200008392334,85911.140625,16.4140625,0.0
2023-06-01 19:08:53.555228,25.1299991607666,85911.75,16.37890625,0.0
2023-06-01 19:08:54.555472,25.1299991607666,85914.078125,16.3427734375,0.0
2023-06-01 19:08:55.556903,25.1299991607666,85913.0,16.2958984375,0.0
2023-06-01 19:08:56.557437,25.110000610351562,85913.625,16.271484375,0.0
2023-06-01 19:08:57.558871,25.110000610351562,85911.5,16.283203125,0.0
2023-06-01 19:08:58.559104,25.1299991607666,85910.0625,16.259765625,0.0
2023-06-01 19:08:59.560303,25.1200008392334,85911.9453125,16.248046875,0.0
2023-06-01 19:09:00.560410,25.1299991607666,85910.4296875,16.224609375,0.0
2023-06-01 19:09:01.561635,25.139999389648438,85911.953125,16.201171875,0.0
2023-06-01 19:09:02.562950,25.139999389648438,85912.28125,16.201171875,0.0
2023-06-01 19:09:03.563732,25.1299991607666,85913.25,16.201171875,0.0
2023-06-01 19:09:04.564794,25.1200008392334,85912.28125,16.2001953125,0.0
2023-06-01 19:09:05.566541,25.1200008392334,85910.7265625,16.2119140625,0.0
2023-06-01 19:09:06.567907,25.1299991607666,85912.359375,16.1884765625,0.0
2023-06-01 19:09:07.567848,25.1200008392334,85907.7109375,16.1650390625,0.0
2023-06-01 19:09:08.569423,25.100000381469727,85912.125,16.15234375,0.0
2023-06-01 19:09:09.569666,25.079999923706055,85911.953125,16.1396484375,0.08094999939203262
2023-06-01 19:09:10.570871,25.079999923706055,85910.4609375,16.1396484375,0.16189999878406525
2023-06-01 19:09:11.571430,25.079999923706055,85909.90625,16.1513671875,0.16189999878406525
2023-06-01 19:09:12.572759,25.079999923706055,85909.9609375,16.1630859375,0.08094999939203262
2023-06-01 19:09:13.575003,25.079999923706055,85912.484375,16.1875,0.08094999939203262
2023-06-01 19:09:14.574558,25.079999923706055,85913.890625,16.1865234375,0.16189999878406525
2023-06-01 19:09:15.574670,25.06999969482422,85907.796875,16.1982421875,0.16189999878406525
2023-06-01 19:09:16.575919,25.06999969482422,85910.703125,16.22265625,0.08094999939203262
2023-06-01 19:09:17.576403,25.06999969482422,85911.4765625,16.234375,0.08094999939203262
2023-06-01 19:09:18.577674,25.049999237060547,85912.6640625,16.31640625,0.0
2023-06-01 19:09:19.579868,25.049999237060547,85910.3359375,16.328125,0.08094999939203262
2023-06-01 19:09:20.579309,25.06999969482422,85912.609375,16.3046875,0.0
2023-06-01 19:09:21.580675,25.079999923706055,85913.78125,16.3173828125,0.0
2023-06-01 19:09:22.580885,25.079999923706055,85910.734375,16.26953125,0.0
2023-06-01 19:09:23.582367,25.06999969482422,85911.453125,16.24609375,0.0
2023-06-01 19:09:24.582537,25.059999465942383,85910.59375,16.24609375,0.24285000562667847
2023-06-01 19:09:25.583685,25.040000915527344,85911.9609375,16.2451171875,0.48570001125335693
2023-06-01 19:09:26.584377,25.040000915527344,85911.21875,16.2919921875,0.5666499733924866
2023-06-01 19:09:27.585723,25.049999237060547,85911.28125,16.2685546875,0.5666499733924866
2023-06-01 19:09:28.585803,25.020000457763672,85910.375,16.3154296875,0.4047500193119049
2023-06-01 19:09:29.587281,25.020000457763672,85909.765625,16.3388671875,0.24285000562667847
2023-06-01 19:09:30.587650,25.0,85911.640625,16.2900390625,0.24285000562667847
2023-06-01 19:09:31.588744,24.959999084472656,85910.5703125,16.265625,0.5666499733924866
2023-06-01 19:09:32.590327,24.940000534057617,85909.484375,16.265625,0.9714000225067139
2023-06-01 19:09:33.590545,24.940000534057617,85907.265625,16.2763671875,0.9714000225067139
2023-06-01 19:09:34.591895,24.959999084472656,85910.8125,16.27734375,0.9714000225067139
2023-06-01 19:09:35.592335,24.93000030517578,85909.390625,16.2646484375,0.8095000386238098
2023-06-01 19:09:36.593615,24.920000076293945,85911.1875,16.240234375,0.7285500168800354
2023-06-01 19:09:37.593639,24.899999618530273,85908.5234375,16.275390625,0.7285500168800354
2023-06-01 19:09:38.595333,24.899999618530273,85908.984375,16.333984375,0.7285500168800354
2023-06-01 19:09:39.595793,24.899999618530273,85910.453125,16.333984375,0.647599995136261
2023-06-01 19:09:40.597654,24.8799991607666,85910.890625,16.3095703125,0.647599995136261
2023-06-01 19:09:41.597485,24.889999389648438,85909.203125,16.322265625,0.7285500168800354
2023-06-01 19:09:42.599044,24.889999389648438,85910.7265625,16.345703125,0.647599995136261
2023-06-01 19:09:43.599910,24.899999618530273,85909.84375,16.3818359375,0.5666499733924866
2023-06-01 19:09:44.601336,24.899999618530273,85910.375,16.4169921875,0.647599995136261
2023-06-01 19:09:45.602866,24.889999389648438,85909.5078125,16.3935546875,0.5666499733924866
2023-06-01 19:09:46.602885,24.889999389648438,85910.0,16.4169921875,0.48570001125335693
2023-06-01 19:09:47.604548,24.889999389648438,85907.109375,16.3935546875,0.24285000562667847
2023-06-01 19:09:48.606591,24.90999984741211,85908.171875,16.39453125,0.16189999878406525
2023-06-01 19:09:49.605883,24.93000030517578,85908.734375,16.3828125,0.08094999939203262
2023-06-01 19:09:50.607012,24.93000030517578,85909.46875,16.3828125,0.3237999975681305
2023-06-01 19:09:51.607806,24.90999984741211,85908.078125,16.3818359375,0.5666499733924866
2023-06-01 19:09:52.608027,24.889999389648438,85908.703125,16.4287109375,0.9714000225067139
2023-06-01 19:09:53.609614,24.8799991607666,85907.984375,16.4404296875,0.3237999975681305
2023-06-01 19:09:54.609810,24.8799991607666,85908.3984375,16.4638671875,0.16189999878406525
2023-06-01 19:09:55.610962,24.8700008392334,85909.609375,16.4638671875,0.24285000562667847
2023-06-01 19:09:56.611650,24.889999389648438,85907.4375,16.6416015625,0.3237999975681305
2023-06-01 19:09:57.612916,24.889999389648438,85909.375,16.546875,0.647599995136261
2023-06-01 19:09:58.614027,24.8700008392334,85906.453125,16.451171875,0.9714000225067139
2023-06-01 19:09:59.615648,24.8700008392334,85908.75,16.416015625,0.8904500007629395
2023-06-01 19:10:00.615912,24.860000610351562,85907.203125,16.369140625,0.9714000225067139
2023-06-01 19:10:01.616021,24.84000015258789,85908.15625,16.3564453125,0.9714000225067139
2023-06-01 19:10:02.617540,24.809999465942383,85906.8125,16.3427734375,0.9714000225067139
2023-06-01 19:10:03.617924,24.829999923706055,85906.65625,16.33203125,0.647599995136261
2023-06-01 19:10:04.618942,24.84000015258789,85908.59375,16.296875,0.5666499733924866
2023-06-01 19:10:05.619521,24.84000015258789,85906.828125,16.28515625,0.4047500193119049
2023-06-01 19:10:06.620865,24.829999923706055,85905.1328125,16.2841796875,0.5666499733924866
2023-06-01 19:10:07.620940,24.81999969482422,85907.5625,16.2607421875,0.647599995136261
2023-06-01 19:10:08.622699,24.829999923706055,85907.15625,16.2607421875,0.7285500168800354
2023-06-01 19:10:09.622847,24.829999923706055,85909.453125,16.2607421875,0.5666499733924866
2023-06-01 19:10:10.623987,24.790000915527344,85906.5546875,16.259765625,0.5666499733924866
2023-06-01 19:10:11.625516,24.780000686645508,85907.1015625,16.259765625,0.5666499733924866
2023-06-01 19:10:12.625530,24.780000686645508,85908.375,16.294921875,0.647599995136261
2023-06-01 19:10:13.627259,24.780000686645508,85909.453125,16.306640625,0.5666499733924866
2023-06-01 19:10:14.627521,24.780000686645508,85909.75,16.306640625,0.5666499733924866
2023-06-01 19:10:15.628796,24.770000457763672,85912.40625,16.318359375,0.647599995136261
2023-06-01 19:10:16.628769,24.760000228881836,85908.796875,16.3173828125,0.647599995136261
2023-06-01 19:10:17.630427,24.739999771118164,85907.6015625,16.3046875,0.7285500168800354
2023-06-01 19:10:18.632622,24.719999313354492,85907.640625,16.3037109375,0.8904500007629395
2023-06-01 19:10:19.632377,24.709999084472656,85907.03125,16.3037109375,0.8095000386238098
2023-06-01 19:10:20.632597,24.709999084472656,85910.1875,16.41015625,1.295199990272522
2023-06-01 19:10:21.633515,24.719999313354492,85909.5,16.4462890625,3.0761001110076904
2023-06-01 19:10:22.634837,24.719999313354492,85908.7265625,16.4345703125,2.023750066757202
2023-06-01 19:10:23.636421,24.729999542236328,85908.84375,16.458984375,1.5380500555038452
2023-06-01 19:10:24.637763,24.719999313354492,85910.828125,16.4462890625,1.0523500442504883
2023-06-01 19:10:25.637708,24.709999084472656,85908.859375,16.421875,0.8095000386238098
2023-06-01 19:10:26.639292,24.719999313354492,85907.375,16.4345703125,0.7285500168800354
2023-06-01 19:10:27.639698,24.739999771118164,85906.828125,16.447265625,0.48570001125335693
2023-06-01 19:10:28.640860,24.75,85909.40625,16.435546875,0.3237999975681305
2023-06-01 19:10:29.641310,24.760000228881836,85909.5234375,16.423828125,0.16189999878406525
2023-06-01 19:10:30.642619,24.780000686645508,85909.890625,16.4248046875,0.16189999878406525
2023-06-01 19:10:31.642950,24.790000915527344,85909.671875,16.4609375,0.08094999939203262
2023-06-01 19:10:32.644463,24.799999237060547,85909.828125,16.44921875,0.0
2023-06-01 19:10:33.644654,24.809999465942383,85910.90625,16.4375,0.0
2023-06-01 19:10:34.645889,24.809999465942383,85909.9375,16.44921875,0.0
2023-06-01 19:10:35.646329,24.829999923706055,85909.609375,16.4384765625,0.0
2023-06-01 19:10:36.647696,24.84000015258789,85910.640625,16.4384765625,0.0
2023-06-01 19:10:37.649179,24.850000381469727,85908.109375,16.416015625,0.0
2023-06-01 19:10:38.649355,24.8799991607666,85909.5625,16.416015625,0.0
2023-06-01 19:10:39.650959,24.889999389648438,85909.40625,16.4169921875,0.0
2023-06-01 19:10:40.651028,24.920000076293945,85909.109375,16.44140625,0.0
2023-06-01 19:10:41.652176,24.940000534057617,85911.78125,16.4541015625,0.0
2023-06-01 19:10:42.652974,24.959999084472656,85906.75,16.443359375,0.0
2023-06-01 19:10:43.653846,24.979999542236328,85904.734375,16.4677734375,0.0
2023-06-01 19:10:44.653939,24.979999542236328,85907.953125,16.4912109375,0.0
2023-06-01 19:10:45.656086,24.989999771118164,85906.046875,16.4326171875,0.0
2023-06-01 19:10:46.656532,24.979999542236328,85906.5625,16.3486328125,0.0
2023-06-01 19:10:47.657364,24.979999542236328,85906.296875,16.2900390625,0.0
2023-06-01 19:10:48.658363,25.010000228881836,85906.671875,16.267578125,0.0
2023-06-01 19:10:49.658772,25.049999237060547,85908.8125,16.2568359375,0.0
2023-06-01 19:10:50.660227,25.059999465942383,85910.2578125,16.2216796875,0.0
2023-06-01 19:10:51.660540,25.079999923706055,85909.828125,16.19921875,0.0
2023-06-01 19:10:52.661853,25.110000610351562,85908.984375,16.2001953125,0.0
2023-06-01 19:10:53.662356,25.139999389648438,85912.5078125,16.177734375,0.0
2023-06-01 19:10:54.663600,25.149999618530273,85911.59375,16.166015625,0.0
2023-06-01 19:10:55.663689,25.15999984741211,85910.8515625,16.166015625,0.0
2023-06-01 19:10:56.665287,25.18000030517578,85910.921875,16.1669921875,0.0
2023-06-01 19:10:57.665817,25.190000534057617,85910.421875,16.1435546875,0.0
2023-06-01 19:10:58.667120,25.209999084472656,85910.265625,16.1328125,0.0
2023-06-01 19:10:59.667462,25.239999771118164,85909.96875,16.109375,0.0
2023-06-01 19:11:00.668732,25.239999771118164,85913.015625,16.0986328125,0.0
2023-06-01 19:11:01.669642,25.260000228881836,85909.203125,16.1220703125,0.0
2023-06-01 19:11:02.671334,25.25,85908.7578125,16.0751953125,0.0
2023-06-01 19:11:03.672731,25.239999771118164,85911.359375,16.0390625,0.08094999939203262
2023-06-01 19:11:04.672792,25.219999313354492,85910.765625,16.0380859375,0.3237999975681305
2023-06-01 19:11:05.674349,25.239999771118164,85910.5,16.02734375,0.24285000562667847
2023-06-01 19:11:06.674717,25.260000228881836,85910.59375,16.015625,0.16189999878406525
2023-06-01 19:11:07.675742,25.290000915527344,85909.578125,16.0048828125,0.0
2023-06-01 19:11:08.676351,25.290000915527344,85912.234375,16.0048828125,0.0
2023-06-01 19:11:09.677595,25.280000686645508,85911.984375,16.0048828125,0.0
2023-06-01 19:11:10.677715,25.299999237060547,85911.4921875,16.087890625,0.0
2023-06-01 19:11:11.679279,25.309999465942383,85910.671875,16.0888671875,0.0
2023-06-01 19:11:12.679521,25.350000381469727,85913.71875,16.1376953125,0.0
2023-06-01 19:11:13.681225,25.3700008392334,85910.9921875,16.3046875,0.0
2023-06-01 19:11:14.681329,25.360000610351562,85911.265625,16.33984375,0.0
2023-06-01 19:11:15.682599,25.3700008392334,85911.546875,16.2568359375,0.0
2023-06-01 19:11:16.683638,25.40999984741211,85912.4453125,16.17578125,0.0
2023-06-01 19:11:17.684256,25.40999984741211,85914.796875,16.1875,0.0
2023-06-01 19:11:18.685821,25.43000030517578,85910.984375,16.353515625,0.08094999939203262
2023-06-01 19:11:19.685636,25.43000030517578,85909.90625,16.259765625,0.0
2023-06-01 19:11:20.687330,25.459999084472656,85914.203125,16.236328125,0.0
2023-06-01 19:11:21.687610,25.5,85914.296875,16.2373046875,0.0
2023-06-01 19:11:22.688674,25.520000457763672,85914.921875,16.1435546875,0.0
2023-06-01 19:11:23.689477,25.549999237060547,85913.046875,16.0966796875,0.0
2023-06-01 19:11:24.690610,25.56999969482422,85915.4296875,16.09765625,0.0
2023-06-01 19:11:25.690853,25.600000381469727,85915.46875,16.0869140625,0.0
2023-06-01 19:11:26.692252,25.610000610351562,85915.4375,16.0283203125,0.0
2023-06-01 19:11:27.693059,25.6299991607666,85913.953125,15.9580078125,0.0
2023-06-01 19:11:28.694881,25.639999389648438,85915.8125,15.9228515625,0.0
2023-06-01 19:11:29.696631,25.670000076293945,85914.59375,15.888671875,0.0
2023-06-01 19:11:30.696950,25.670000076293945,85914.1015625,15.8525390625,0.0
2023-06-01 19:11:31.697292,25.690000534057617,85916.15625,15.841796875,0.0
2023-06-01 19:11:32.697276,25.719999313354492,85913.703125,15.8310546875,0.0
2023-06-01 19:11:33.698784,25.719999313354492,85915.4453125,15.9970703125,0.0
2023-06-01 19:11:34.700076,25.739999771118164,85918.0,16.0810546875,0.0
2023-06-01 19:11:35.700552,25.780000686645508,85915.203125,16.05859375,0.0
2023-06-01 19:11:36.700824,25.790000915527344,85917.3984375,15.9638671875,0.0
2023-06-01 19:11:37.702053,25.799999237060547,85918.171875,16.0478515625,0.0
2023-06-01 19:11:38.702465,25.81999969482422,85916.1875,16.2490234375,0.0
2023-06-01 19:11:39.704021,25.829999923706055,85920.125,16.1552734375,0.0
2023-06-01 19:11:40.704932,25.81999969482422,85917.078125,16.0361328125,0.0
2023-06-01 19:11:41.706728,25.84000015258789,85918.4609375,15.9775390625,0.0
2023-06-01 19:11:42.707760,25.8700008392334,85916.9140625,15.9189453125,0.0
2023-06-01 19:11:43.708171,25.8799991607666,85917.421875,15.943359375,0.0
2023-06-01 19:11:44.709462,25.899999618530273,85915.984375,16.02734375,0.0
2023-06-01 19:11:45.710031,25.920000076293945,85914.90625,15.9326171875,0.0
2023-06-01 19:11:46.711290,25.940000534057617,85913.9375,15.8740234375,0.0
2023-06-01 19:11:47.711519,25.969999313354492,85915.578125,15.83984375,0.0
2023-06-01 19:11:48.712911,25.989999771118164,85913.7734375,15.78125,0.0
2023-06-01 19:11:49.712970,25.989999771118164,85914.328125,15.6982421875,0.0
2023-06-01 19:11:50.714434,26.010000228881836,85913.6953125,15.6513671875,0.0
2023-06-01 19:11:51.714834,26.030000686645508,85913.453125,15.5927734375,0.0
2023-06-01 19:11:52.716384,26.020000457763672,85914.53125,15.533203125,0.0
2023-06-01 19:11:53.716846,26.059999465942383,85912.5625,15.5341796875,0.08094999939203262
2023-06-01 19:11:54.717985,26.09000015258789,85913.625,15.51171875,0.0
2023-06-01 19:11:55.719280,26.100000381469727,85914.7890625,15.48828125,0.0
2023-06-01 19:11:56.719434,26.110000610351562,85914.1796875,15.8564453125,0.0
2023-06-01 19:11:57.721107,26.1299991607666,85911.40625,15.880859375,0.0
2023-06-01 19:11:58.721966,26.139999389648438,85913.90625,15.703125,0.0
2023-06-01 19:11:59.722710,26.149999618530273,85908.5,15.5966796875,0.0
2023-06-01 19:12:00.722806,26.139999389648438,85913.375,15.69140625,0.0
2023-06-01 19:12:01.724174,26.139999389648438,85913.84375,15.7392578125,0.0
2023-06-01 19:12:02.724612,26.149999618530273,85911.765625,15.7392578125,0.0
2023-06-01 19:12:03.726066,26.170000076293945,85914.234375,15.775390625,0.0
2023-06-01 19:12:04.726076,26.200000762939453,85913.65625,15.9658203125,0.0
2023-06-01 19:12:05.728113,26.200000762939453,85909.390625,15.955078125,0.0
2023-06-01 19:12:06.728307,26.200000762939453,85909.421875,16.572265625,0.0
2023-06-01 19:12:07.729089,26.200000762939453,85912.5546875,16.310546875,0.0
2023-06-01 19:12:08.730426,26.229999542236328,85910.609375,16.1337890625,0.0
2023-06-01 19:12:09.731252,26.260000228881836,85909.09375,16.0400390625,0.0
2023-06-01 19:12:10.732207,26.290000915527344,85910.53125,16.029296875,0.0
2023-06-01 19:12:11.732786,26.299999237060547,85910.3671875,15.9697265625,0.0
2023-06-01 19:12:12.733938,26.31999969482422,85912.0625,15.9111328125,0.0
2023-06-01 19:12:13.734144,26.31999969482422,85911.390625,15.81640625,0.0
2023-06-01 19:12:14.735744,26.329999923706055,85913.171875,15.79296875,0.0
2023-06-01 19:12:15.736352,26.309999465942383,85909.984375,15.81640625,0.0
2023-06-01 19:12:16.737239,26.31999969482422,85912.75,15.7568359375,0.0
2023-06-01 19:12:17.737997,26.309999465942383,85908.3125,15.6494140625,0.0
2023-06-01 19:12:18.739130,26.309999465942383,85909.6484375,15.5546875,0.0
2023-06-01 19:12:19.740258,26.280000686645508,85910.25,15.5419921875,0.0
2023-06-01 19:12:20.741725,26.260000228881836,85911.78125,15.837890625,0.0
2023-06-01 19:12:21.743148,26.260000228881836,85910.953125,16.3720703125,0.0
2023-06-01 19:12:22.744955,26.270000457763672,85909.84375,16.1357421875,0.0
2023-06-01 19:12:23.744866,26.270000457763672,85912.5546875,15.95703125,0.0
2023-06-01 19:12:24.745925,26.270000457763672,85912.21875,15.91015625,0.0
2023-06-01 19:12:25.746739,26.270000457763672,85912.1953125,15.814453125,0.0
2023-06-01 19:12:26.747404,26.270000457763672,85910.9765625,15.7548828125,0.0
2023-06-01 19:12:27.748487,26.280000686645508,85909.9765625,15.755859375,0.0
2023-06-01 19:12:28.748611,26.280000686645508,85909.34375,15.744140625,0.0
2023-06-01 19:12:29.751317,26.280000686645508,85911.609375,15.95703125,0.0
2023-06-01 19:12:30.751692,26.290000915527344,85910.75,16.041015625,0.0
2023-06-01 19:12:31.751694,26.290000915527344,85912.4453125,16.005859375,0.0
2023-06-01 19:12:32.752254,26.290000915527344,85913.109375,15.9462890625,0.3237999975681305
2023-06-01 19:12:33.753588,26.290000915527344,85912.109375,15.8515625,0.24285000562667847
2023-06-01 19:12:34.754687,26.290000915527344,85909.1171875,15.7685546875,0.4047500193119049
2023-06-01 19:12:35.755238,26.290000915527344,85912.421875,15.6611328125,0.24285000562667847
2023-06-01 19:12:36.756711,26.290000915527344,85912.75,15.6015625,0.0
2023-06-01 19:12:37.756952,26.290000915527344,85913.5234375,15.58984375,0.0
2023-06-01 19:12:38.758103,26.239999771118164,85913.390625,15.564453125,0.0
2023-06-01 19:12:39.758398,26.239999771118164,85912.96875,15.5166015625,0.0
2023-06-01 19:12:40.759649,26.209999084472656,85909.3359375,15.4208984375,0.0
2023-06-01 19:12:41.760312,26.200000762939453,85914.375,15.384765625,0.0
2023-06-01 19:12:42.761525,26.209999084472656,85914.296875,15.373046875,0.0
2023-06-01 19:12:43.761882,26.190000534057617,85914.21875,15.3486328125,0.08094999939203262
2023-06-01 19:12:44.763143,26.15999984741211,85911.140625,15.3359375,0.0
2023-06-01 19:12:45.763534,26.1299991607666,85914.203125,15.3349609375,0.24285000562667847
2023-06-01 19:12:46.764819,26.079999923706055,85912.40625,15.357421875,0.4047500193119049
2023-06-01 19:12:47.766178,26.059999465942383,85910.65625,15.392578125,0.5666499733924866
2023-06-01 19:12:48.766822,26.030000686645508,85912.2890625,15.37890625,0.5666499733924866
2023-06-01 19:12:49.767902,26.030000686645508,85911.59375,15.390625,0.5666499733924866
2023-06-01 19:12:50.768521,26.010000228881836,85911.421875,15.3779296875,0.647599995136261
2023-06-01 19:12:51.769763,25.969999313354492,85912.25,15.388671875,0.7285500168800354
2023-06-01 19:12:52.769838,25.959999084472656,85912.96875,15.400390625,0.647599995136261
2023-06-01 19:12:53.771567,25.920000076293945,85912.7421875,15.4111328125,0.7285500168800354
2023-06-01 19:12:54.771805,25.889999389648438,85914.234375,15.4453125,0.7285500168800354
2023-06-01 19:12:55.772816,25.860000610351562,85912.734375,15.4677734375,0.7285500168800354
2023-06-01 19:12:56.773385,25.84000015258789,85913.78125,15.4794921875,0.7285500168800354
2023-06-01 19:12:57.774712,25.809999465942383,85910.7265625,15.501953125,0.647599995136261
2023-06-01 19:12:58.776268,25.829999923706055,85913.109375,15.5380859375,0.48570001125335693
2023-06-01 19:12:59.777385,25.809999465942383,85912.46875,15.5732421875,0.4047500193119049
2023-06-01 19:13:00.778585,25.829999923706055,85911.03125,15.5615234375,0.4047500193119049
2023-06-01 19:13:01.778979,25.799999237060547,85910.8125,15.537109375,0.48570001125335693
2023-06-01 19:13:02.780406,25.770000457763672,85912.4375,15.51171875,0.48570001125335693
2023-06-01 19:13:03.780927,25.75,85912.0703125,15.51171875,0.4047500193119049
2023-06-01 19:13:04.781779,25.739999771118164,85907.46875,15.5107421875,0.48570001125335693
2023-06-01 19:13:05.782542,25.760000228881836,85913.234375,15.48828125,0.5666499733924866
2023-06-01 19:13:06.783964,25.739999771118164,85908.6875,15.48828125,0.3237999975681305
2023-06-01 19:13:07.783948,25.729999542236328,85910.40625,15.4990234375,0.3237999975681305
2023-06-01 19:13:08.785516,25.719999313354492,85911.0390625,15.5107421875,0.24285000562667847
2023-06-01 19:13:09.785772,25.690000534057617,85913.390625,15.521484375,0.24285000562667847
2023-06-01 19:13:10.786899,25.670000076293945,85912.859375,15.544921875,0.16189999878406525
2023-06-01 19:13:11.787465,25.670000076293945,85911.25,15.5439453125,0.4047500193119049
2023-06-01 19:13:12.788548,25.68000030517578,85911.4453125,15.556640625,0.4047500193119049
2023-06-01 19:13:13.789938,25.6299991607666,85909.0546875,15.5546875,0.4047500193119049
2023-06-01 19:13:14.790436,25.649999618530273,85911.71875,15.5673828125,0.5666499733924866
2023-06-01 19:13:15.791928,25.639999389648438,85911.765625,15.5673828125,0.48570001125335693
2023-06-01 19:13:16.791946,25.6200008392334,85910.078125,15.578125,0.3237999975681305
2023-06-01 19:13:17.793175,25.610000610351562,85909.125,15.6015625,0.24285000562667847
2023-06-01 19:13:18.793896,25.610000610351562,85911.65625,15.625,0.24285000562667847
2023-06-01 19:13:19.795114,25.639999389648438,85909.28125,15.638671875,0.16189999878406525
2023-06-01 19:13:20.795802,25.6299991607666,85908.890625,15.6376953125,0.0
2023-06-01 19:13:21.796967,25.6299991607666,85909.46875,15.6376953125,0.0
2023-06-01 19:13:22.796952,25.6299991607666,85907.71875,15.6376953125,0.0
2023-06-01 19:13:23.798675,25.6200008392334,85909.875,15.6259765625,0.0
2023-06-01 19:13:24.799080,25.59000015258789,85909.125,15.625,0.24285000562667847
2023-06-01 19:13:25.800022,25.59000015258789,85909.5390625,15.63671875,0.4047500193119049
2023-06-01 19:13:26.801739,25.559999465942383,85909.890625,15.6357421875,0.5666499733924866
2023-06-01 19:13:27.801850,25.549999237060547,85908.0625,15.634765625,0.647599995136261
2023-06-01 19:13:28.803254,25.56999969482422,85909.8125,15.6474609375,0.647599995136261
2023-06-01 19:13:29.803736,25.559999465942383,85908.234375,15.6357421875,0.5666499733924866
2023-06-01 19:13:30.804905,25.56999969482422,85909.8671875,15.6357421875,0.5666499733924866
2023-06-01 19:13:31.805163,25.56999969482422,85907.34375,15.6240234375,0.647599995136261
2023-06-01 19:13:32.807011,25.56999969482422,85905.3828125,15.6357421875,0.647599995136261
2023-06-01 19:13:33.806945,25.559999465942383,85910.0,15.6357421875,0.4047500193119049
2023-06-01 19:13:34.809205,25.559999465942383,85908.703125,15.6474609375,0.3237999975681305
2023-06-01 19:13:35.809857,25.559999465942383,85907.921875,15.6357421875,0.48570001125335693
2023-06-01 19:13:36.810108,25.559999465942383,85909.2265625,15.6474609375,0.647599995136261
2023-06-01 19:13:37.811132,25.549999237060547,85907.78125,15.646484375,0.5666499733924866
2023-06-01 19:13:38.812575,25.540000915527344,85907.3671875,15.669921875,0.647599995136261
2023-06-01 19:13:39.814110,25.530000686645508,85911.8203125,15.716796875,0.5666499733924866
2023-06-01 19:13:40.814463,25.479999542236328,85907.4296875,15.7392578125,0.647599995136261
2023-06-01 19:13:41.815495,25.459999084472656,85907.3671875,15.75,0.647599995136261
2023-06-01 19:13:42.816258,25.420000076293945,85907.21875,15.7490234375,0.8095000386238098
2023-06-01 19:13:43.817146,25.40999984741211,85907.1015625,15.7724609375,0.7285500168800354
2023-06-01 19:13:44.818906,25.399999618530273,85908.203125,15.7958984375,0.8904500007629395
2023-06-01 19:13:45.818942,25.3700008392334,85906.203125,15.818359375,1.0523500442504883
2023-06-01 19:13:46.819279,25.350000381469727,85906.421875,15.853515625,1.2142499685287476
2023-06-01 19:13:47.820800,25.329999923706055,85906.078125,15.8759765625,1.2142499685287476
2023-06-01 19:13:48.820946,25.290000915527344,85907.5859375,15.86328125,1.295199990272522
2023-06-01 19:13:49.822336,25.260000228881836,85906.25,15.8623046875,1.3761500120162964
2023-06-01 19:13:50.822398,25.229999542236328,85906.5625,15.884765625,1.295199990272522
2023-06-01 19:13:51.823859,25.209999084472656,85905.484375,15.9072265625,1.4571000337600708
2023-06-01 19:13:52.825102,25.18000030517578,85906.8515625,15.90625,1.2142499685287476
2023-06-01 19:13:53.825633,25.1299991607666,85908.578125,15.9287109375,0.9714000225067139
2023-06-01 19:13:54.826970,25.1200008392334,85906.46875,15.9404296875,0.5666499733924866
2023-06-01 19:13:55.826870,25.110000610351562,85908.671875,15.951171875,0.48570001125335693
2023-06-01 19:13:56.828307,25.079999923706055,85905.3125,15.9619140625,0.4047500193119049
2023-06-01 19:13:57.828574,25.06999969482422,85907.5234375,15.9736328125,0.24285000562667847
2023-06-01 19:13:58.829626,25.059999465942383,85906.546875,15.9853515625,0.16189999878406525
2023-06-01 19:13:59.830019,25.020000457763672,85908.609375,15.9951171875,0.0
2023-06-01 19:14:00.831469,25.020000457763672,85904.59375,15.9951171875,0.0
2023-06-01 19:14:01.831477,25.010000228881836,85907.6328125,16.0068359375,0.0
2023-06-01 19:14:02.833072,24.969999313354492,85907.3125,16.029296875,0.0
2023-06-01 19:14:03.833581,24.93000030517578,85908.8125,16.0517578125,0.08094999939203262
2023-06-01 19:14:04.834640,24.90999984741211,85907.75,16.07421875,0.3237999975681305
2023-06-01 19:14:05.836227,24.899999618530273,85905.96875,16.0859375,0.4047500193119049
2023-06-01 19:14:06.836466,24.889999389648438,85912.03125,16.12109375,0.24285000562667847
2023-06-01 19:14:07.837503,24.889999389648438,85909.34375,16.1572265625,0.08094999939203262
2023-06-01 19:14:08.838135,24.889999389648438,85909.375,16.1806640625,0.0
2023-06-01 19:14:09.839329,24.899999618530273,85909.1875,16.2158203125,0.08094999939203262
2023-06-01 19:14:10.839501,24.889999389648438,85908.765625,16.2392578125,0.08094999939203262
2023-06-01 19:14:11.841066,24.8700008392334,85907.453125,16.21484375,0.3237999975681305
2023-06-01 19:14:12.841258,24.84000015258789,85907.40625,16.2255859375,0.4047500193119049
2023-06-01 19:14:13.843681,24.81999969482422,85908.828125,16.224609375,0.08094999939203262
2023-06-01 19:14:14.843178,24.809999465942383,85907.0625,16.283203125,0.08094999939203262
2023-06-01 19:14:15.844334,24.81999969482422,85909.0625,16.2841796875,0.0
2023-06-01 19:14:16.845750,24.850000381469727,85907.03125,16.3681640625,0.0
2023-06-01 19:14:17.846994,24.850000381469727,85909.2109375,16.3798828125,0.0
2023-06-01 19:14:18.848443,24.829999923706055,85909.109375,16.3203125,0.0
2023-06-01 19:14:19.849584,24.799999237060547,85909.65625,16.3193359375,0.16189999878406525
2023-06-01 19:14:20.849926,24.809999465942383,85909.21875,16.3779296875,0.24285000562667847
2023-06-01 19:14:21.850126,24.81999969482422,85908.171875,16.7216796875,0.0
2023-06-01 19:14:22.851367,24.81999969482422,85909.25,16.580078125,0.24285000562667847
2023-06-01 19:14:23.853508,24.850000381469727,85911.53125,16.841796875,0.0
2023-06-01 19:14:24.853306,24.850000381469727,85908.578125,17.2080078125,0.0
2023-06-01 19:14:25.853336,24.850000381469727,85909.375,17.0546875,0.0
2023-06-01 19:14:26.854898,24.860000610351562,85909.3828125,16.8662109375,0.0
2023-06-01 19:14:27.855221,24.8700008392334,85910.1640625,16.8662109375,0.08094999939203262
2023-06-01 19:14:28.856345,24.8799991607666,85911.46875,16.724609375,0.0
2023-06-01 19:14:29.856892,24.899999618530273,85910.6484375,16.712890625,0.08094999939203262
2023-06-01 19:14:30.858096,24.899999618530273,85908.875,16.6064453125,0.0
2023-06-01 19:14:31.859261,24.90999984741211,85909.6015625,16.595703125,0.0
2023-06-01 19:14:32.859791,24.920000076293945,85910.9375,16.6787109375,0.08094999939203262
2023-06-01 19:14:33.862326,24.93000030517578,85910.03125,16.8330078125,0.08094999939203262
2023-06-01 19:14:34.861482,24.940000534057617,85910.8125,16.892578125,0.0
2023-06-01 19:14:35.862778,24.950000762939453,85908.4375,16.880859375,0.0
2023-06-01 19:14:36.863036,24.950000762939453,85911.6953125,16.703125,0.0
2023-06-01 19:14:37.864499,24.940000534057617,85910.3125,16.5615234375,0.0
2023-06-01 19:14:38.864775,24.950000762939453,85913.3828125,16.5732421875,0.08094999939203262
2023-06-01 19:14:39.866743,24.950000762939453,85911.59375,16.73828125,0.0
2023-06-01 19:14:40.866548,24.979999542236328,85911.046875,16.7041015625,0.0
2023-06-01 19:14:41.867826,24.979999542236328,85907.984375,16.59765625,0.08094999939203262
2023-06-01 19:14:42.867981,24.989999771118164,85909.75,16.89453125,0.08094999939203262
2023-06-01 19:14:43.869337,25.020000457763672,85912.8359375,17.2265625,0.0
2023-06-01 19:14:44.870573,25.030000686645508,85911.625,16.82421875,0.0
2023-06-01 19:14:45.870949,25.030000686645508,85914.8359375,16.611328125,0.0
2023-06-01 19:14:46.872221,25.040000915527344,85912.9296875,16.564453125,0.0
2023-06-01 19:14:47.872506,25.040000915527344,85912.375,16.541015625,0.08094999939203262
2023-06-01 19:14:48.873711,25.059999465942383,85913.7421875,16.66015625,0.0
2023-06-01 19:14:49.873836,25.079999923706055,85912.75,16.6015625,0.0
2023-06-01 19:14:50.875542,25.09000015258789,85912.84375,16.6015625,0.0
2023-06-01 19:14:51.875931,25.110000610351562,85911.7421875,16.755859375,0.0
2023-06-01 19:14:52.876942,25.1200008392334,85913.1328125,16.7333984375,0.0
2023-06-01 19:14:53.877639,25.139999389648438,85911.046875,16.6982421875,0.0
2023-06-01 19:14:54.878766,25.170000076293945,85914.984375,16.69921875,0.0
2023-06-01 19:14:55.879747,25.18000030517578,85914.1015625,16.58203125,0.0
2023-06-01 19:14:56.881231,25.170000076293945,85911.359375,16.439453125,0.0
2023-06-01 19:14:57.882591,25.170000076293945,85912.15625,16.3203125,0.0
2023-06-01 19:14:58.883126,25.18000030517578,85914.8984375,16.2734375,0.0
2023-06-01 19:14:59.884051,25.18000030517578,85913.46875,16.23828125,0.0
2023-06-01 19:15:00.884328,25.209999084472656,85913.0859375,16.369140625,0.0
2023-06-01 19:15:01.885678,25.219999313354492,85911.765625,16.322265625,0.3237999975681305
2023-06-01 19:15:02.886399,25.219999313354492,85910.796875,16.3349609375,0.16189999878406525
2023-06-01 19:15:03.887741,25.25,85912.109375,16.3115234375,0.0
2023-06-01 19:15:04.887793,25.260000228881836,85912.390625,16.2412109375,0.0
2023-06-01 19:15:05.889145,25.270000457763672,85912.8125,16.2060546875,0.0
2023-06-01 19:15:06.889474,25.290000915527344,85914.53125,16.1591796875,0.0
2023-06-01 19:15:07.890652,25.309999465942383,85910.640625,16.1240234375,0.0
2023-06-01 19:15:08.891270,25.329999923706055,85913.21875,16.1962890625,0.0
2023-06-01 19:15:09.892615,25.34000015258789,85912.171875,16.232421875,0.0
2023-06-01 19:15:10.893527,25.34000015258789,85911.171875,16.1259765625,0.08094999939203262
2023-06-01 19:15:11.893857,25.34000015258789,85912.140625,16.1015625,0.0
2023-06-01 19:15:12.895561,25.34000015258789,85911.703125,16.06640625,0.0
2023-06-01 19:15:13.896164,25.34000015258789,85912.3125,15.9833984375,0.16189999878406525
2023-06-01 19:15:14.898465,25.329999923706055,85909.765625,15.958984375,0.16189999878406525
2023-06-01 19:15:15.898833,25.34000015258789,85912.3671875,15.923828125,0.3237999975681305
2023-06-01 19:15:16.892782,25.329999923706055,85912.0859375,0.0,0.0
2023-06-01 19:15:16.902004,0.0,0.0,0.0,0.0
2023-06-01 19:15:17.891689,25.31999969482422,85910.0625,16.005859375,0.0
2023-06-01 19:15:18.890921,25.309999465942383,85912.515625,16.005859375,0.5666499733924866
2023-06-01 19:15:19.890498,25.299999237060547,85911.25,15.982421875,0.5666499733924866
2023-06-01 19:15:20.892062,25.290000915527344,85913.09375,15.9580078125,0.647599995136261
2023-06-01 19:15:21.892475,25.270000457763672,85912.0078125,15.9921875,0.647599995136261
2023-06-01 19:15:22.893511,25.280000686645508,85910.953125,15.9931640625,0.5666499733924866
2023-06-01 19:15:23.895616,25.280000686645508,85913.1171875,16.0166015625,0.48570001125335693
2023-06-01 19:15:24.895668,25.260000228881836,85911.8359375,16.015625,0.48570001125335693
2023-06-01 19:15:25.896568,25.239999771118164,85910.46875,16.0146484375,0.4047500193119049
2023-06-01 19:15:26.897005,25.239999771118164,85911.96875,16.0390625,0.4047500193119049
2023-06-01 19:15:27.898182,25.209999084472656,85912.84375,16.0380859375,0.647599995136261
2023-06-01 19:15:28.898728,25.209999084472656,85913.421875,16.0615234375,0.48570001125335693
2023-06-01 19:15:29.900170,25.190000534057617,85913.0234375,16.0849609375,0.4047500193119049
2023-06-01 19:15:30.900337,25.170000076293945,85912.046875,16.1201171875,0.4047500193119049
2023-06-01 19:15:31.901755,25.190000534057617,85910.2890625,16.14453125,0.48570001125335693
2023-06-01 19:15:32.901920,25.18000030517578,85914.1015625,16.1318359375,0.4047500193119049
2023-06-01 19:15:33.903541,25.170000076293945,85911.5,16.1552734375,0.24285000562667847
2023-06-01 19:15:34.904423,25.170000076293945,85909.53125,16.107421875,0.24285000562667847
2023-06-01 19:15:35.906300,25.15999984741211,85913.4296875,16.083984375,0.24285000562667847
2023-06-01 19:15:36.907542,25.1200008392334,85912.0546875,16.08203125,0.16189999878406525
2023-06-01 19:15:37.907618,25.110000610351562,85914.65625,16.0693359375,0.24285000562667847
2023-06-01 19:15:38.909732,25.100000381469727,85913.875,16.0693359375,0.16189999878406525
2023-06-01 19:15:39.909158,25.100000381469727,85914.0390625,16.0576171875,0.16189999878406525
2023-06-01 19:15:40.910851,25.09000015258789,85915.6875,16.0927734375,0.08094999939203262
2023-06-01 19:15:41.911214,25.09000015258789,85913.3671875,16.1044921875,0.0
2023-06-01 19:15:42.912275,25.09000015258789,85912.046875,16.1044921875,0.0
2023-06-01 19:15:43.912341,25.079999923706055,85912.8125,16.1630859375,0.0
2023-06-01 19:15:44.914791,25.100000381469727,85914.953125,16.1875,0.0
2023-06-01 19:15:45.914015,25.09000015258789,85911.765625,16.17578125,0.0
2023-06-01 19:15:46.915434,25.09000015258789,85911.9375,16.19921875,0.4047500193119049
2023-06-01 19:15:47.915856,25.09000015258789,85914.7265625,16.17578125,0.16189999878406525
2023-06-01 19:15:48.917229,25.09000015258789,85915.03125,16.1640625,0.08094999939203262
2023-06-01 19:15:49.918476,25.100000381469727,85913.34375,16.1640625,0.0
2023-06-01 19:15:50.918763,25.110000610351562,85911.25,16.140625,0.0
2023-06-01 19:15:51.920168,25.1200008392334,85911.5625,16.1171875,0.0
2023-06-01 19:15:52.920296,25.1299991607666,85912.71875,16.1767578125,0.0
2023-06-01 19:15:53.921878,25.139999389648438,85911.5390625,16.201171875,0.0
2023-06-01 19:15:54.921972,25.15999984741211,85912.40625,16.2373046875,0.0
2023-06-01 19:15:55.923225,25.170000076293945,85911.1875,16.26171875,0.0
2023-06-01 19:15:56.923787,25.18000030517578,85910.25,16.26171875,0.0
2023-06-01 19:15:57.925309,25.18000030517578,85912.578125,16.2734375,0.0
2023-06-01 19:15:58.925301,25.18000030517578,85911.9140625,16.2021484375,0.0
2023-06-01 19:15:59.926542,25.18000030517578,85911.671875,16.1669921875,0.0
2023-06-01 19:16:00.927213,25.190000534057617,85913.578125,16.1669921875,0.0
2023-06-01 19:16:01.927988,25.209999084472656,85912.484375,16.15625,0.0
2023-06-01 19:16:02.929257,25.229999542236328,85912.7109375,16.1806640625,0.0
2023-06-01 19:16:03.929731,25.239999771118164,85912.515625,16.216796875,0.0
2023-06-01 19:16:04.930995,25.260000228881836,85912.890625,16.2177734375,0.0
2023-06-01 19:16:05.931530,25.280000686645508,85913.28125,16.1943359375,0.0
2023-06-01 19:16:06.932789,25.280000686645508,85911.8125,16.25390625,0.0
2023-06-01 19:16:07.933157,25.290000915527344,85912.875,16.1591796875,0.0
2023-06-01 19:16:08.934802,25.309999465942383,85911.609375,16.1005859375,0.0
2023-06-01 19:16:09.936100,25.329999923706055,85911.890625,16.06640625,0.0
2023-06-01 19:16:10.937298,25.329999923706055,85912.328125,16.08984375,0.0
2023-06-01 19:16:11.937665,25.34000015258789,85911.484375,16.0302734375,0.0
2023-06-01 19:16:12.938888,25.329999923706055,85909.265625,16.0068359375,0.0
2023-06-01 19:16:13.940132,25.31999969482422,85910.953125,15.958984375,0.0
2023-06-01 19:16:14.941484,25.31999969482422,85910.09375,15.970703125,0.0
2023-06-01 19:16:15.942790,25.34000015258789,85912.28125,15.947265625,0.0
2023-06-01 19:16:16.943276,25.350000381469727,85913.5625,15.9482421875,0.0
2023-06-01 19:16:17.944755,25.3700008392334,85915.609375,15.9482421875,0.0
2023-06-01 19:16:18.945635,25.3700008392334,85910.796875,15.9482421875,0.0
2023-06-01 19:16:19.946453,25.389999389648438,85913.7109375,15.9853515625,0.0
2023-06-01 19:16:20.946765,25.40999984741211,85913.609375,16.056640625,0.0
2023-06-01 19:16:21.948179,25.420000076293945,85912.859375,16.1044921875,0.0
2023-06-01 19:16:22.948363,25.43000030517578,85913.03125,16.1640625,0.0
2023-06-01 19:16:23.951082,25.440000534057617,85913.703125,16.2353515625,0.0
2023-06-01 19:16:24.950152,25.459999084472656,85913.234375,16.2841796875,0.0
2023-06-01 19:16:25.951292,25.469999313354492,85915.1796875,16.3310546875,0.0
2023-06-01 19:16:26.951636,25.489999771118164,85912.1953125,16.3681640625,0.0
2023-06-01 19:16:27.952972,25.5,85912.140625,16.3916015625,0.0
2023-06-01 19:16:28.954306,25.510000228881836,85915.765625,16.416015625,0.0
2023-06-01 19:16:29.954661,25.520000457763672,85911.59375,16.4521484375,0.0
2023-06-01 19:16:30.956043,25.540000915527344,85915.421875,16.3701171875,0.0
2023-06-01 19:16:31.956293,25.540000915527344,85914.453125,16.2041015625,0.0
2023-06-01 19:16:32.958586,25.540000915527344,85913.921875,16.0966796875,0.0
2023-06-01 19:16:33.958023,25.549999237060547,85915.203125,16.0498046875,0.0
2023-06-01 19:16:34.958855,25.559999465942383,85913.515625,15.9794921875,0.08094999939203262
2023-06-01 19:16:35.959195,25.579999923706055,85912.578125,15.9677734375,0.0
2023-06-01 19:16:36.960930,25.600000381469727,85913.3359375,16.880859375,0.0
2023-06-01 19:16:37.960813,25.6200008392334,85916.1875,17.3330078125,0.08094999939203262
2023-06-01 19:16:38.962485,25.639999389648438,85919.046875,17.23828125,0.0
2023-06-01 19:16:39.962744,25.649999618530273,85914.703125,17.2509765625,0.0
2023-06-01 19:16:40.965066,25.65999984741211,85918.03125,17.2392578125,0.0
2023-06-01 19:16:41.965547,25.670000076293945,85917.5625,16.966796875,0.0
2023-06-01 19:16:42.965984,25.670000076293945,85918.0,16.552734375,0.0
2023-06-01 19:16:43.966955,25.670000076293945,85914.765625,16.3505859375,0.0
2023-06-01 19:16:44.967662,25.68000030517578,85916.703125,16.4814453125,0.0
2023-06-01 19:16:45.968958,25.700000762939453,85914.796875,16.70703125,0.0
2023-06-01 19:16:46.968894,25.709999084472656,85915.5,16.625,0.0
2023-06-01 19:16:47.970572,25.719999313354492,85915.03125,16.458984375,0.0
2023-06-01 19:16:48.970766,25.719999313354492,85916.7734375,16.400390625,0.0
2023-06-01 19:16:49.971891,25.739999771118164,85914.953125,16.3408203125,0.0
2023-06-01 19:16:50.972129,25.760000228881836,85915.9765625,16.2822265625,0.0
2023-06-01 19:16:51.973591,25.760000228881836,85916.5,16.47265625,0.0
2023-06-01 19:16:52.976068,25.75,85917.03125,16.330078125,0.0
2023-06-01 19:16:53.977318,25.760000228881836,85914.8125,16.12890625,0.0
2023-06-01 19:16:54.978324,25.760000228881836,85912.40625,16.0341796875,0.0
2023-06-01 19:16:55.977775,25.770000457763672,85913.625,15.9990234375,0.0
2023-06-01 19:16:56.979282,25.780000686645508,85915.953125,15.9990234375,0.0
2023-06-01 19:16:57.979901,25.790000915527344,85915.65625,16.05859375,0.0
2023-06-01 19:16:58.980490,25.770000457763672,85915.2890625,16.0341796875,0.0
2023-06-01 19:16:59.980867,25.729999542236328,85914.359375,15.9375,0.0
2023-06-01 19:17:00.982822,25.729999542236328,85914.96875,15.9375,0.0
2023-06-01 19:17:01.982485,25.75,85913.453125,16.021484375,0.08094999939203262
2023-06-01 19:17:02.984175,25.760000228881836,85913.234375,16.0224609375,0.0
2023-06-01 19:17:03.984542,25.770000457763672,85913.515625,16.12890625,0.0
2023-06-01 19:17:04.988779,25.770000457763672,85912.3515625,16.08203125,0.0
2023-06-01 19:17:05.985963,25.770000457763672,85915.8125,16.0224609375,0.08094999939203262
2023-06-01 19:17:06.987628,25.770000457763672,85913.765625,15.998046875,0.8904500007629395
2023-06-01 19:17:07.988404,25.770000457763672,85915.7890625,16.08203125,1.0523500442504883
2023-06-01 19:17:08.991401,25.770000457763672,85910.609375,16.306640625,0.8904500007629395
2023-06-01 19:17:09.990295,25.770000457763672,85911.765625,16.4248046875,0.647599995136261
2023-06-01 19:17:10.990388,25.75,85912.40625,16.2705078125,0.48570001125335693
2023-06-01 19:17:11.991882,25.75,85913.125,16.4013671875,0.3237999975681305
2023-06-01 19:17:12.993562,25.760000228881836,85916.5625,16.5205078125,0.24285000562667847
2023-06-01 19:17:13.993648,25.75,85917.5546875,16.4482421875,0.0
2023-06-01 19:17:14.994445,25.739999771118164,85911.9296875,16.3056640625,0.0
2023-06-01 19:17:15.995468,25.739999771118164,85912.84375,16.54296875,0.0
2023-06-01 19:17:16.995781,25.739999771118164,85912.7890625,16.4599609375,0.0
2023-06-01 19:17:17.996966,25.719999313354492,85910.9296875,16.3408203125,0.0
2023-06-01 19:17:18.997318,25.729999542236328,85914.2265625,16.22265625,0.0
2023-06-01 19:17:19.998532,25.739999771118164,85912.484375,16.1279296875,0.0
2023-06-01 19:17:20.999846,25.739999771118164,85913.953125,16.033203125,0.0
2023-06-01 19:17:22.000421,25.729999542236328,85916.390625,15.9501953125,0.0
2023-06-01 19:17:23.001813,25.729999542236328,85915.96875,16.2578125,0.0
2023-06-01 19:17:24.001914,25.709999084472656,85916.7421875,16.0556640625,0.0
2023-06-01 19:17:25.003607,25.68000030517578,85914.90625,15.912109375,0.0
2023-06-01 19:17:26.003376,25.65999984741211,85912.4921875,15.828125,0.0
2023-06-01 19:17:27.005556,25.65999984741211,85912.625,15.8046875,0.0
2023-06-01 19:17:28.005415,25.670000076293945,85914.5703125,15.79296875,0.0
2023-06-01 19:17:29.007843,25.65999984741211,85912.515625,15.79296875,0.0
2023-06-01 19:17:30.006966,25.68000030517578,85914.40625,15.8408203125,0.0
2023-06-01 19:17:31.008100,25.649999618530273,85912.4375,15.81640625,0.0
2023-06-01 19:17:32.009906,25.649999618530273,85915.421875,15.8046875,0.0
2023-06-01 19:17:32.039626,0.0,0.0,0.0,0.0
2023-06-01 19:17:33.010948,25.639999389648438,85914.625,15.79296875,0.0
2023-06-01 19:17:34.012028,25.6299991607666,85913.8125,15.7802734375,0.0
2023-06-01 19:17:35.015144,25.639999389648438,85917.25,15.7919921875,0.0
2023-06-01 19:17:36.013855,25.639999389648438,85915.1171875,15.78125,0.0
2023-06-01 19:17:37.014399,25.639999389648438,85912.5703125,15.7685546875,0.0
2023-06-01 19:17:38.015751,25.639999389648438,85913.09375,15.828125,0.0
2023-06-01 19:17:39.015864,25.649999618530273,85912.40625,16.50390625,0.0
2023-06-01 19:17:40.017220,25.670000076293945,85913.296875,17.0146484375,0.0
2023-06-01 19:17:41.017485,25.690000534057617,85914.9921875,16.9912109375,0.0
2023-06-01 19:17:42.019165,25.700000762939453,85915.4921875,16.9208984375,0.0
2023-06-01 19:17:43.019330,25.700000762939453,85913.8046875,16.6953125,0.0
2023-06-01 19:17:44.020769,25.709999084472656,85915.578125,16.6845703125,0.0
2023-06-01 19:17:45.020910,25.709999084472656,85913.421875,16.826171875,0.0
2023-06-01 19:17:46.022007,25.709999084472656,85915.140625,17.0634765625,0.0
2023-06-01 19:17:47.023523,25.709999084472656,85913.890625,16.7197265625,0.0
2023-06-01 19:17:48.023840,25.700000762939453,85914.1640625,16.36328125,0.0
2023-06-01 19:17:49.025570,25.690000534057617,85913.0546875,16.173828125,0.0
2023-06-01 19:17:50.025481,25.65999984741211,85911.796875,16.0537109375,0.08094999939203262
2023-06-01 19:17:51.026790,25.6299991607666,85914.9765625,15.9462890625,0.0
2023-06-01 19:17:52.027260,25.6299991607666,85913.984375,15.9931640625,0.0
2023-06-01 19:17:53.029026,25.6299991607666,85914.9765625,15.9580078125,0.0
2023-06-01 19:17:54.028654,25.59000015258789,85914.359375,15.8974609375,0.08094999939203262
2023-06-01 19:17:55.030276,25.59000015258789,85916.515625,15.8857421875,0.08094999939203262
2023-06-01 19:17:56.030056,25.559999465942383,85915.375,15.8369140625,0.0
2023-06-01 19:17:56.579117,0.0,0.0,0.0,0.0
2023-06-01 19:17:57.031803,25.549999237060547,85912.625,15.896484375,0.0
2023-06-01 19:17:58.032123,25.5,85913.5,15.8466796875,0.0
2023-06-01 19:17:59.032916,25.459999084472656,85914.84375,15.8330078125,0.16189999878406525
2023-06-01 19:18:00.037453,25.43000030517578,85915.03125,15.8564453125,0.0
2023-06-01 19:18:01.034795,25.389999389648438,85915.5390625,15.8544921875,0.0
2023-06-01 19:18:02.036068,25.3799991607666,85912.46875,15.8544921875,0.0
2023-06-01 19:18:03.036528,25.389999389648438,85914.2109375,15.8662109375,0.16189999878406525
2023-06-01 19:18:04.037877,25.40999984741211,85909.625,16.1640625,0.4047500193119049
2023-06-01 19:18:05.038064,25.43000030517578,85910.15625,16.484375,0.647599995136261
2023-06-01 19:18:06.039523,25.43000030517578,85909.515625,16.5078125,0.48570001125335693
2023-06-01 19:18:07.040167,25.420000076293945,85909.40625,16.3173828125,0.4047500193119049
2023-06-01 19:18:08.041047,25.420000076293945,85908.734375,16.17578125,0.24285000562667847
2023-06-01 19:18:09.041167,25.3799991607666,85911.96875,16.0087890625,0.16189999878406525
2023-06-01 19:18:10.042701,25.350000381469727,85911.734375,15.9599609375,0.08094999939203262
2023-06-01 19:18:11.044370,25.309999465942383,85906.484375,15.9345703125,0.0
2023-06-01 19:18:12.045952,25.299999237060547,85910.328125,15.9345703125,0.0
2023-06-01 19:18:13.047019,25.299999237060547,85915.03125,15.9580078125,0.16189999878406525
2023-06-01 19:18:14.047108,25.290000915527344,85911.9375,15.9931640625,0.24285000562667847
2023-06-01 19:18:15.048583,25.309999465942383,85913.328125,16.0771484375,0.3237999975681305
2023-06-01 19:18:16.048807,25.309999465942383,85912.4375,16.1357421875,0.16189999878406525
2023-06-01 19:18:17.050274,25.31999969482422,85911.5546875,16.16015625,0.08094999939203262
2023-06-01 19:18:18.050765,25.329999923706055,85912.5859375,16.11328125,0.0
2023-06-01 19:18:19.052195,25.34000015258789,85911.484375,16.0537109375,0.0
2023-06-01 19:18:20.051958,25.360000610351562,85914.2265625,16.04296875,0.0
2023-06-01 19:18:21.053716,25.360000610351562,85913.234375,16.0673828125,0.0
2023-06-01 19:18:22.054404,25.3700008392334,85913.7890625,16.1025390625,0.0
2023-06-01 19:18:23.055503,25.3700008392334,85913.875,16.150390625,0.0
2023-06-01 19:18:24.055223,25.389999389648438,85914.015625,16.126953125,0.0
2023-06-01 19:18:25.057263,25.389999389648438,85914.9296875,16.1748046875,0.0
2023-06-01 19:18:26.057837,25.3799991607666,85910.4375,16.0439453125,0.0
2023-06-01 19:18:27.058752,25.3799991607666,85911.90625,16.126953125,0.0
2023-06-01 19:18:28.059751,25.3700008392334,85912.1875,16.1025390625,0.0
2023-06-01 19:18:29.060327,25.360000610351562,85914.359375,16.1259765625,0.0
2023-06-01 19:18:30.061719,25.360000610351562,85910.4375,16.1259765625,0.08094999939203262
2023-06-01 19:18:31.061629,25.309999465942383,85913.015625,16.0771484375,0.08094999939203262
2023-06-01 19:18:32.063178,25.270000457763672,85913.8046875,16.0400390625,0.0
2023-06-01 19:18:33.064099,25.25,85912.109375,16.05078125,0.0
2023-06-01 19:18:34.064995,25.209999084472656,85913.96875,16.013671875,0.0
2023-06-01 19:18:35.066077,25.190000534057617,85912.6875,15.9775390625,0.0
2023-06-01 19:18:36.066758,25.15999984741211,85914.09375,16.0009765625,0.0
2023-06-01 19:18:37.066809,25.110000610351562,85912.9921875,15.9990234375,0.0
2023-06-01 19:18:38.068656,25.059999465942383,85911.25,15.9970703125,0.16189999878406525
2023-06-01 19:18:39.069756,25.030000686645508,85911.796875,16.04296875,0.08094999939203262
2023-06-01 19:18:40.070560,25.020000457763672,85913.6953125,16.0546875,0.0
2023-06-01 19:18:41.070944,25.010000228881836,85914.265625,16.04296875,0.0
2023-06-01 19:18:42.069427,24.969999313354492,85913.28125,16.041015625,0.24285000562667847
2023-06-01 19:18:43.072884,24.959999084472656,85910.2890625,16.064453125,0.0
2023-06-01 19:18:44.072966,24.989999771118164,85911.65625,16.0419921875,0.0
2023-06-01 19:18:45.074170,25.010000228881836,85912.640625,16.06640625,0.0
2023-06-01 19:18:46.074706,25.020000457763672,85910.9375,16.08984375,0.0
2023-06-01 19:18:47.076007,25.030000686645508,85912.703125,16.1259765625,0.0
2023-06-01 19:18:48.076433,25.020000457763672,85909.546875,16.1376953125,0.0
2023-06-01 19:18:49.077886,25.030000686645508,85910.296875,16.1494140625,0.0
2023-06-01 19:18:50.079040,25.030000686645508,85911.2109375,16.220703125,0.0
2023-06-01 19:18:51.080364,25.040000915527344,85915.34375,16.4111328125,0.0
2023-06-01 19:18:52.081614,25.049999237060547,85913.59375,16.576171875,0.0
2023-06-01 19:18:53.081933,25.049999237060547,85913.9375,16.4814453125,0.0
2023-06-01 19:18:54.083241,25.059999465942383,85913.8515625,16.7548828125,0.0
2023-06-01 19:18:55.083437,25.059999465942383,85915.734375,16.482421875,0.0
2023-06-01 19:18:56.084730,25.049999237060547,85914.3203125,16.328125,0.0
2023-06-01 19:18:57.085234,25.059999465942383,85915.8984375,16.24609375,0.0
2023-06-01 19:18:58.086704,25.06999969482422,85914.625,16.2109375,0.0
2023-06-01 19:18:59.086783,25.079999923706055,85915.90625,16.234375,0.0
2023-06-01 19:19:00.088218,25.079999923706055,85915.2421875,16.19921875,0.0
2023-06-01 19:19:01.088422,25.079999923706055,85915.40625,16.423828125,0.0
2023-06-01 19:19:02.089448,25.079999923706055,85915.078125,16.423828125,0.0
2023-06-01 19:19:03.089991,25.079999923706055,85912.8125,16.4833984375,0.0
2023-06-01 19:19:04.091458,25.100000381469727,85916.2734375,16.3896484375,0.0
2023-06-01 19:19:05.092637,25.110000610351562,85915.2578125,16.4248046875,0.0
2023-06-01 19:19:06.093259,25.1200008392334,85914.7109375,16.4013671875,0.0
2023-06-01 19:19:07.094662,25.1200008392334,85914.34375,16.3427734375,0.0
2023-06-01 19:19:08.094636,25.1299991607666,85915.015625,16.4140625,0.08094999939203262
2023-06-01 19:19:09.095895,25.1299991607666,85915.734375,16.3544921875,0.08094999939203262
2023-06-01 19:19:10.096827,25.1299991607666,85915.40625,16.3671875,0.08094999939203262
2023-06-01 19:19:11.097761,25.139999389648438,85916.1875,16.6162109375,0.0
2023-06-01 19:19:12.098318,25.149999618530273,85916.2734375,16.509765625,0.16189999878406525
2023-06-01 19:19:13.099265,25.149999618530273,85914.96875,16.4384765625,0.08094999939203262
2023-06-01 19:19:14.099851,25.149999618530273,85913.953125,16.556640625,0.08094999939203262
2023-06-01 19:19:15.101244,25.15999984741211,85914.703125,16.556640625,0.24285000562667847
2023-06-01 19:19:16.101553,25.15999984741211,85913.5078125,16.509765625,0.0
2023-06-01 19:19:17.102947,25.170000076293945,85915.8125,16.5693359375,0.16189999878406525
2023-06-01 19:19:18.104239,25.15999984741211,85912.9375,16.521484375,0.24285000562667847
2023-06-01 19:19:19.104687,25.170000076293945,85915.9765625,16.7822265625,0.0
2023-06-01 19:19:20.105675,25.170000076293945,85913.625,16.4150390625,0.08094999939203262
2023-06-01 19:19:21.106135,25.15999984741211,85914.421875,16.4033203125,0.0
2023-06-01 19:19:22.107485,25.18000030517578,85912.6640625,16.6640625,0.0
2023-06-01 19:19:23.107715,25.18000030517578,85914.0703125,16.5458984375,0.0
2023-06-01 19:19:24.109535,25.18000030517578,85910.421875,16.3095703125,0.0
2023-06-01 19:19:25.109493,25.170000076293945,85915.8671875,16.1904296875,0.0
2023-06-01 19:19:26.110772,25.170000076293945,85914.515625,16.1552734375,0.0
2023-06-01 19:19:27.111148,25.190000534057617,85912.71875,16.1796875,0.0
2023-06-01 19:19:28.112818,25.200000762939453,85913.96875,16.203125,0.0
2023-06-01 19:19:29.113564,25.200000762939453,85915.296875,16.21484375,0.0
2023-06-01 19:19:30.115508,25.200000762939453,85914.1875,16.55859375,0.0
2023-06-01 19:19:31.116683,25.209999084472656,85915.109375,16.357421875,0.0
2023-06-01 19:19:32.117862,25.209999084472656,85913.75,16.203125,0.0
2023-06-01 19:19:33.118372,25.209999084472656,85913.671875,16.19140625,0.0
2023-06-01 19:19:34.118992,25.209999084472656,85914.671875,16.14453125,0.0
2023-06-01 19:19:35.119853,25.209999084472656,85914.609375,16.0966796875,0.0
2023-06-01 19:19:36.120281,25.219999313354492,85913.390625,16.0732421875,0.0
2023-06-01 19:19:37.121751,25.219999313354492,85912.9296875,16.12109375,0.0
2023-06-01 19:19:38.121623,25.200000762939453,85915.71875,16.203125,0.0
2023-06-01 19:19:39.123445,25.200000762939453,85913.640625,16.1796875,0.0
2023-06-01 19:19:40.123517,25.209999084472656,85914.9375,16.2158203125,0.0
2023-06-01 19:19:41.126009,25.209999084472656,85915.140625,16.2744140625,0.0
2023-06-01 19:19:42.125280,25.209999084472656,85912.671875,16.2861328125,0.0
2023-06-01 19:19:43.126679,25.200000762939453,85915.125,16.2265625,0.0
2023-06-01 19:19:44.127841,25.209999084472656,85912.953125,16.203125,0.0
2023-06-01 19:19:45.128616,25.209999084472656,85913.4765625,16.2744140625,0.0
2023-06-01 19:19:46.129352,25.209999084472656,85913.140625,16.2275390625,0.0
2023-06-01 19:19:47.129661,25.209999084472656,85914.25,16.19140625,0.0
2023-06-01 19:19:48.131236,25.190000534057617,85914.078125,16.1318359375,0.0
2023-06-01 19:19:49.131259,25.18000030517578,85915.484375,16.095703125,0.0
2023-06-01 19:19:50.132380,25.18000030517578,85913.1640625,16.107421875,0.0
2023-06-01 19:19:51.132905,25.190000534057617,85915.4375,16.2861328125,0.0
2023-06-01 19:19:52.134279,25.190000534057617,85914.8515625,16.3564453125,0.0
2023-06-01 19:19:53.134454,25.200000762939453,85911.203125,16.369140625,0.0
2023-06-01 19:19:54.136004,25.219999313354492,85914.78125,16.4296875,0.0
2023-06-01 19:19:55.136305,25.219999313354492,85912.765625,16.322265625,0.0
2023-06-01 19:19:56.137629,25.219999313354492,85915.859375,16.1806640625,0.0
2023-06-01 19:19:57.138890,25.229999542236328,85916.640625,16.1328125,0.08094999939203262
2023-06-01 19:19:58.139415,25.229999542236328,85915.703125,16.1689453125,0.0
2023-06-01 19:19:59.140602,25.219999313354492,85915.5546875,16.12109375,0.0
2023-06-01 19:20:00.140976,25.209999084472656,85916.4375,16.0498046875,0.0
2023-06-01 19:20:01.142626,25.15999984741211,85913.3984375,16.0009765625,0.0
2023-06-01 19:20:02.143841,25.1299991607666,85914.71875,15.9638671875,0.0
2023-06-01 19:20:03.144145,25.100000381469727,85915.96875,15.974609375,0.08094999939203262
2023-06-01 19:20:04.144636,25.059999465942383,85914.2109375,15.9853515625,0.0
2023-06-01 19:20:05.145886,25.030000686645508,85914.703125,15.99609375,0.16189999878406525
2023-06-01 19:20:06.146351,25.010000228881836,85915.703125,16.0068359375,0.647599995136261
2023-06-01 19:20:07.147390,24.979999542236328,85914.5625,16.041015625,0.8095000386238098
2023-06-01 19:20:08.149420,24.940000534057617,85911.75,16.0634765625,1.0523500442504883
2023-06-01 19:20:09.150078,24.920000076293945,85915.359375,16.0869140625,1.1332999467849731
2023-06-01 19:20:10.151578,24.899999618530273,85911.4765625,16.09765625,0.8904500007629395
2023-06-01 19:20:11.151767,24.8799991607666,85910.03125,16.0966796875,0.4047500193119049
2023-06-01 19:20:12.153276,24.8700008392334,85910.90625,16.1083984375,0.3237999975681305
2023-06-01 19:20:13.153571,24.850000381469727,85909.6796875,16.119140625,0.4047500193119049
2023-06-01 19:20:14.154646,24.829999923706055,85910.46875,16.142578125,0.48570001125335693
2023-06-01 19:20:15.155049,24.809999465942383,85912.453125,16.1416015625,0.7285500168800354
2023-06-01 19:20:16.156534,24.790000915527344,85911.46875,16.2001953125,0.7285500168800354
2023-06-01 19:20:17.157737,24.780000686645508,85911.8828125,16.2001953125,0.5666499733924866
2023-06-01 19:20:18.158480,24.770000457763672,85911.765625,16.2109375,0.08094999939203262
2023-06-01 19:20:19.158588,24.75,85911.3671875,16.22265625,0.0
2023-06-01 19:20:20.159824,24.719999313354492,85913.140625,16.2802734375,0.0
2023-06-01 19:20:21.160276,24.670000076293945,85912.53125,16.337890625,0.0
2023-06-01 19:20:22.161312,24.649999618530273,85914.546875,16.3369140625,0.08094999939203262
2023-06-01 19:20:23.162450,24.6299991607666,85908.84375,16.3125,0.0
2023-06-01 19:20:24.163921,24.6200008392334,85912.8125,16.3125,0.0
2023-06-01 19:20:25.164619,24.6200008392334,85913.34375,16.32421875,0.08094999939203262
2023-06-01 19:20:26.164816,24.610000610351562,85912.328125,16.3115234375,0.16189999878406525
2023-06-01 19:20:27.165913,24.600000381469727,85913.109375,16.359375,0.24285000562667847
2023-06-01 19:20:28.166373,24.600000381469727,85913.2109375,16.4296875,0.16189999878406525
2023-06-01 19:20:29.167791,24.56999969482422,85912.5625,16.5,0.08094999939203262
2023-06-01 19:20:30.168270,24.549999237060547,85912.15625,16.5224609375,0.0
2023-06-01 19:20:31.169421,24.530000686645508,85911.7890625,16.5341796875,0.0
2023-06-01 19:20:32.169567,24.549999237060547,85914.59375,16.4873046875,0.0
2023-06-01 19:20:33.171140,24.559999465942383,85914.4609375,16.5,0.0
2023-06-01 19:20:34.171278,24.579999923706055,85914.03125,16.6064453125,0.08094999939203262
2023-06-01 19:20:35.172824,24.579999923706055,85912.375,16.6064453125,0.0
2023-06-01 19:20:36.174096,24.56999969482422,85914.4140625,16.5712890625,0.4047500193119049
2023-06-01 19:20:37.174419,24.56999969482422,85913.0,16.724609375,0.16189999878406525
2023-06-01 19:20:38.175626,24.579999923706055,85913.640625,16.8310546875,0.0
2023-06-01 19:20:39.176000,24.579999923706055,85914.3046875,16.7958984375,0.0
2023-06-01 19:20:40.178613,24.59000015258789,85914.484375,16.90234375,0.0
2023-06-01 19:20:40.931697,0.0,0.0,0.0,0.0
2023-06-01 19:20:41.177657,24.59000015258789,85912.59375,17.0322265625,0.0
2023-06-01 19:20:42.178889,24.59000015258789,85912.296875,17.1630859375,0.0
2023-06-01 19:20:43.179167,24.600000381469727,85913.265625,17.1875,0.16189999878406525
2023-06-01 19:20:44.180335,24.610000610351562,85914.3828125,17.3408203125,0.08094999939203262
2023-06-01 19:20:45.183502,24.610000610351562,85915.2421875,17.458984375,0.0
2023-06-01 19:20:46.182296,24.610000610351562,85912.890625,17.2109375,0.0
2023-06-01 19:20:47.183306,24.600000381469727,85914.234375,16.9267578125,0.0
2023-06-01 19:20:48.184601,24.600000381469727,85914.5625,16.796875,0.0
2023-06-01 19:20:49.186038,24.610000610351562,85911.3671875,16.7734375,0.0
2023-06-01 19:20:50.186415,24.6299991607666,85912.4609375,16.8212890625,0.0
2023-06-01 19:20:51.188119,24.639999389648438,85912.546875,17.330078125,0.08094999939203262
2023-06-01 19:20:52.188271,24.65999984741211,85914.796875,18.6669921875,0.16189999878406525
2023-06-01 19:20:53.189274,24.68000030517578,85915.0,19.4716796875,0.16189999878406525
2023-06-01 19:20:54.189734,24.68000030517578,85914.34375,18.71484375,0.08094999939203262
2023-06-01 19:20:55.191460,24.700000762939453,85914.2109375,20.1337890625,0.0
2023-06-01 19:20:56.191122,24.700000762939453,85912.9140625,18.833984375,0.0
2023-06-01 19:20:57.193020,24.709999084472656,85913.2265625,18.9287109375,0.0
2023-06-01 19:20:58.192867,24.709999084472656,85912.2578125,18.8818359375,0.08094999939203262
2023-06-01 19:20:59.194754,24.719999313354492,85912.875,18.5986328125,0.0
2023-06-01 19:21:00.196088,24.739999771118164,85914.5703125,18.2802734375,0.0
2023-06-01 19:21:01.196265,24.75,85915.578125,18.1513671875,0.16189999878406525
2023-06-01 19:21:02.197743,24.760000228881836,85915.03125,17.9970703125,0.16189999878406525
2023-06-01 19:21:03.198557,24.780000686645508,85913.90625,17.76171875,0.08094999939203262
2023-06-01 19:21:04.198999,24.790000915527344,85914.375,17.76171875,0.0
2023-06-01 19:21:05.199390,24.799999237060547,85913.578125,17.916015625,0.0
2023-06-01 19:21:06.200835,24.799999237060547,85912.921875,17.6083984375,0.0
2023-06-01 19:21:07.201207,24.809999465942383,85912.890625,17.7158203125,0.0
2023-06-01 19:21:08.202562,24.799999237060547,85912.25,17.6669921875,0.647599995136261
2023-06-01 19:21:09.202962,24.799999237060547,85915.734375,17.525390625,0.5666499733924866
2023-06-01 19:21:10.204085,24.809999465942383,85914.03125,17.6201171875,0.3237999975681305
2023-06-01 19:21:11.204288,24.829999923706055,85911.2734375,17.5380859375,0.08094999939203262
2023-06-01 19:21:12.205899,24.81999969482422,85910.984375,17.466796875,0.0
2023-06-01 19:21:13.205896,24.81999969482422,85911.40625,17.3251953125,0.0
2023-06-01 19:21:14.207368,24.829999923706055,85913.953125,17.384765625,0.0
2023-06-01 19:21:15.208769,24.84000015258789,85913.2421875,17.787109375,0.0
2023-06-01 19:21:16.209201,24.84000015258789,85910.28125,17.5625,0.0
2023-06-01 19:21:17.210674,24.850000381469727,85913.359375,17.3974609375,0.0
2023-06-01 19:21:18.210539,24.860000610351562,85914.2734375,17.208984375,0.0
2023-06-01 19:21:19.211882,24.860000610351562,85913.4765625,17.03125,0.0
2023-06-01 19:21:20.212318,24.8700008392334,85912.296875,16.9130859375,0.08094999939203262
2023-06-01 19:21:21.213739,24.8799991607666,85912.625,16.8076171875,0.0
2023-06-01 19:21:22.214060,24.889999389648438,85910.09375,16.724609375,0.0
2023-06-01 19:21:23.215628,24.889999389648438,85913.078125,16.666015625,0.647599995136261
2023-06-01 19:21:24.215636,24.90999984741211,85913.890625,16.654296875,0.48570001125335693
2023-06-01 19:21:25.217020,24.889999389648438,85911.75,16.5595703125,0.16189999878406525
2023-06-01 19:21:26.218660,24.889999389648438,85912.4921875,16.48828125,0.0
2023-06-01 19:21:27.219513,24.860000610351562,85912.171875,16.451171875,0.0
2023-06-01 19:21:28.220791,24.850000381469727,85912.71875,16.439453125,0.0
2023-06-01 19:21:29.221442,24.84000015258789,85914.9375,16.4150390625,0.0
2023-06-01 19:21:30.222736,24.84000015258789,85913.265625,16.4033203125,0.0
2023-06-01 19:21:31.222734,24.829999923706055,85911.1640625,16.3916015625,0.0
2023-06-01 19:21:32.224546,24.850000381469727,85911.34375,16.3916015625,0.24285000562667847
2023-06-01 19:21:33.224821,24.84000015258789,85910.59375,16.4033203125,0.3237999975681305
2023-06-01 19:21:34.225874,24.850000381469727,85911.921875,16.439453125,0.3237999975681305
2023-06-01 19:21:35.227061,24.84000015258789,85912.140625,16.4501953125,0.3237999975681305
2023-06-01 19:21:36.227740,24.860000610351562,85911.875,16.451171875,0.16189999878406525
2023-06-01 19:21:37.227693,24.8700008392334,85911.328125,16.416015625,0.08094999939203262
2023-06-01 19:21:38.229297,24.8700008392334,85909.9375,16.392578125,0.0
2023-06-01 19:21:39.229564,24.8700008392334,85910.6640625,16.416015625,0.0
2023-06-01 19:21:40.229174,24.889999389648438,85910.09375,16.51171875,0.0
2023-06-01 19:21:41.232871,24.90999984741211,85909.96875,16.5361328125,0.0
2023-06-01 19:21:42.232449,24.90999984741211,85910.234375,16.5009765625,0.0
2023-06-01 19:21:43.233762,24.90999984741211,85912.15625,16.44140625,0.0
2023-06-01 19:21:44.234073,24.93000030517578,85911.46875,16.4296875,0.0
2023-06-01 19:21:45.235461,24.940000534057617,85912.609375,16.4541015625,0.0
2023-06-01 19:21:46.235490,24.940000534057617,85909.2578125,16.3828125,0.0
2023-06-01 19:21:47.237347,24.920000076293945,85911.046875,16.3349609375,0.0
2023-06-01 19:21:48.237777,24.90999984741211,85910.9296875,16.3232421875,0.0
2023-06-01 19:21:49.238922,24.920000076293945,85910.6875,16.359375,0.0
2023-06-01 19:21:50.240059,24.940000534057617,85910.9453125,16.3837890625,0.08094999939203262
2023-06-01 19:21:51.240517,24.940000534057617,85911.46875,16.3720703125,0.0
2023-06-01 19:21:52.240593,24.950000762939453,85910.0625,16.3603515625,0.0
2023-06-01 19:21:53.241930,24.959999084472656,85910.453125,16.3837890625,0.0
2023-06-01 19:21:54.243420,24.93000030517578,85909.703125,16.2998046875,0.0
2023-06-01 19:21:55.243489,24.920000076293945,85910.71875,16.2646484375,0.0
2023-06-01 19:21:56.244862,24.90999984741211,85911.125,16.251953125,0.0
2023-06-01 19:21:57.245325,24.899999618530273,85909.046875,16.251953125,0.0
2023-06-01 19:21:58.246503,24.899999618530273,85910.8125,16.2392578125,0.0
2023-06-01 19:21:59.247040,24.8799991607666,85911.75,16.2275390625,0.08094999939203262
2023-06-01 19:22:00.248407,24.8700008392334,85912.296875,16.2265625,0.3237999975681305
2023-06-01 19:22:01.248622,24.860000610351562,85909.9609375,16.2265625,0.5666499733924866
2023-06-01 19:22:02.250197,24.850000381469727,85909.90625,16.23828125,0.4047500193119049
2023-06-01 19:22:03.250585,24.860000610351562,85910.328125,16.23828125,0.3237999975681305
2023-06-01 19:22:04.251599,24.860000610351562,85912.375,16.25,0.3237999975681305
2023-06-01 19:22:05.253171,24.8700008392334,85908.453125,16.2861328125,0.4047500193119049
2023-06-01 19:22:06.254449,24.8799991607666,85907.734375,16.2861328125,0.48570001125335693
2023-06-01 19:22:07.255520,24.860000610351562,85910.546875,16.25,0.48570001125335693
2023-06-01 19:22:08.256350,24.860000610351562,85910.015625,16.2744140625,0.3237999975681305
2023-06-01 19:22:09.257443,24.8700008392334,85910.2421875,16.2744140625,0.16189999878406525
2023-06-01 19:22:10.257421,24.8700008392334,85910.90625,16.2744140625,0.0
2023-06-01 19:22:11.259142,24.8700008392334,85911.296875,16.2626953125,0.0
2023-06-01 19:22:11.302503,0.0,0.0,0.0,0.0
2023-06-01 19:22:12.259367,24.889999389648438,85909.5078125,16.287109375,0.0
2023-06-01 19:22:13.260570,24.899999618530273,85906.96875,16.3466796875,0.0
2023-06-01 19:22:14.260767,24.90999984741211,85908.828125,16.41796875,0.0
2023-06-01 19:22:15.262118,24.920000076293945,85909.71875,16.44140625,0.0
2023-06-01 19:22:16.263582,24.920000076293945,85912.09375,16.44140625,0.0
2023-06-01 19:22:17.266523,24.93000030517578,85911.859375,16.3828125,0.0
2023-06-01 19:22:18.265520,24.93000030517578,85912.546875,16.359375,0.0
2023-06-01 19:22:19.267135,24.950000762939453,85912.828125,16.32421875,0.0
2023-06-01 19:22:20.267039,24.950000762939453,85909.09375,16.3125,0.0
2023-06-01 19:22:21.267602,24.969999313354492,85911.953125,16.3017578125,0.0
2023-06-01 19:22:22.268478,24.979999542236328,85912.765625,16.3017578125,0.0
2023-06-01 19:22:23.268750,24.989999771118164,85911.359375,16.302734375,0.0
2023-06-01 19:22:24.270519,25.0,85912.96875,16.302734375,0.0
2023-06-01 19:22:25.270453,25.010000228881836,85913.75,16.291015625,0.0
2023-06-01 19:22:26.272150,25.020000457763672,85912.046875,16.3037109375,0.0
2023-06-01 19:22:27.272235,25.030000686645508,85912.40625,16.3037109375,0.0
2023-06-01 19:22:28.273286,25.040000915527344,85912.625,16.3154296875,0.0
2023-06-01 19:22:29.273944,25.040000915527344,85913.015625,16.328125,0.0
2023-06-01 19:22:30.275451,25.049999237060547,85910.75,16.38671875,0.0
2023-06-01 19:22:31.275721,25.049999237060547,85912.328125,16.33984375,0.0
2023-06-01 19:22:32.277032,25.049999237060547,85911.0,16.3046875,0.0
2023-06-01 19:22:33.278107,25.049999237060547,85912.9921875,16.26953125,0.0
2023-06-01 19:22:34.279627,25.059999465942383,85912.390625,16.2333984375,0.0
2023-06-01 19:22:35.280248,25.059999465942383,85915.546875,16.2216796875,0.0
2023-06-01 19:22:36.282868,25.059999465942383,85912.8828125,16.2099609375,0.0
2023-06-01 19:22:37.279576,25.059999465942383,85913.578125,16.1865234375,0.0
2023-06-01 19:22:38.282927,25.06999969482422,85910.78125,16.1748046875,0.0
2023-06-01 19:22:39.289300,25.06999969482422,85912.3359375,16.1748046875,0.0
2023-06-01 19:22:40.283238,25.059999465942383,85911.0625,16.1748046875,0.0
2023-06-01 19:22:41.284895,25.06999969482422,85911.453125,16.1630859375,0.0
2023-06-01 19:22:42.285091,25.059999465942383,85912.9140625,16.1513671875,0.0
2023-06-01 19:22:43.286815,25.06999969482422,85912.9375,16.1513671875,0.0
2023-06-01 19:22:44.287701,25.06999969482422,85914.625,16.1396484375,0.0
2023-06-01 19:22:45.289178,25.040000915527344,85912.84375,16.138671875,0.0
2023-06-01 19:22:46.291006,25.020000457763672,85911.34375,16.1376953125,0.0
2023-06-01 19:22:47.290871,25.010000228881836,85910.234375,16.1484375,0.0
2023-06-01 19:22:48.292155,25.0,85910.140625,16.1962890625,0.0
2023-06-01 19:22:49.292206,25.0,85910.140625,16.2197265625,0.0
2023-06-01 19:22:50.293766,25.0,85909.1796875,16.2080078125,0.0
2023-06-01 19:22:51.294349,25.010000228881836,85911.640625,16.208984375,0.0
2023-06-01 19:22:52.293890,25.020000457763672,85910.875,16.197265625,0.0
2023-06-01 19:22:53.296281,25.030000686645508,85913.84375,16.220703125,0.0
2023-06-01 19:22:54.297438,25.040000915527344,85915.5,16.2333984375,0.0
2023-06-01 19:22:55.297243,25.049999237060547,85914.5625,16.2568359375,0.0
2023-06-01 19:22:56.298840,25.049999237060547,85913.125,16.2568359375,0.0
2023-06-01 19:22:57.298880,25.059999465942383,85911.2265625,16.2568359375,0.0
2023-06-01 19:22:58.300081,25.059999465942383,85915.40625,16.2578125,0.0
2023-06-01 19:22:59.301545,25.059999465942383,85912.25,16.26953125,0.0
2023-06-01 19:23:00.301849,25.06999969482422,85914.6875,16.2578125,0.0
2023-06-01 19:23:01.302907,25.079999923706055,85916.796875,16.234375,0.0
2023-06-01 19:23:02.303516,25.09000015258789,85914.921875,16.2353515625,0.0
2023-06-01 19:23:03.304658,25.100000381469727,85918.296875,16.2470703125,0.0
2023-06-01 19:23:05.136842,25.100000381469727,85917.03125,16.2587890625,0.0
2023-06-01 19:23:05.306967,25.110000610351562,85917.0859375,16.271484375,0.0
2023-06-01 19:23:06.307089,25.110000610351562,85915.125,16.2587890625,0.0
2023-06-01 19:23:07.308095,25.09000015258789,85914.671875,16.24609375,0.08094999939203262
2023-06-01 19:23:08.306554,25.09000015258789,85913.734375,16.2470703125,0.0
2023-06-01 19:23:09.309769,25.09000015258789,85912.015625,16.234375,0.0
2023-06-01 19:23:10.310132,25.079999923706055,85913.21875,16.22265625,0.0
2023-06-01 19:23:11.311286,25.059999465942383,85914.546875,16.1982421875,0.0
2023-06-01 19:23:12.312911,25.040000915527344,85915.671875,16.1982421875,0.0
2023-06-01 19:23:13.312877,24.979999542236328,85907.6171875,16.171875,0.16189999878406525
2023-06-01 19:23:14.314184,24.979999542236328,85914.2890625,16.171875,0.48570001125335693
2023-06-01 19:23:15.314647,24.950000762939453,85910.0078125,16.1826171875,0.48570001125335693
2023-06-01 19:23:16.315905,24.93000030517578,85909.3359375,16.181640625,0.24285000562667847
2023-06-01 19:23:17.316187,24.899999618530273,85908.625,16.1923828125,0.08094999939203262
2023-06-01 19:23:18.318073,24.889999389648438,85910.5,16.2158203125,0.16189999878406525
2023-06-01 19:23:19.317977,24.8700008392334,85912.09375,16.2265625,0.08094999939203262
2023-06-01 19:23:20.319418,24.84000015258789,85912.28125,16.2255859375,0.08094999939203262
2023-06-01 19:23:21.319649,24.81999969482422,85915.3046875,16.236328125,0.0
2023-06-01 19:23:22.321110,24.790000915527344,85912.328125,16.2470703125,0.0
2023-06-01 19:23:23.322163,24.770000457763672,85913.453125,16.2587890625,0.08094999939203262
2023-06-01 19:23:23.643427,0.0,0.0,0.0,0.0
2023-06-01 19:23:24.323867,24.770000457763672,85915.25,16.2822265625,0.08094999939203262
2023-06-01 19:23:25.324664,24.780000686645508,85915.171875,16.306640625,0.08094999939203262
2023-06-01 19:23:26.325364,24.790000915527344,85917.140625,16.318359375,0.0
2023-06-01 19:23:27.326662,24.780000686645508,85915.09375,16.330078125,0.0
2023-06-01 19:23:28.326565,24.780000686645508,85914.703125,16.341796875,0.0
2023-06-01 19:23:29.328186,24.709999084472656,85913.2265625,16.3271484375,0.24285000562667847
2023-06-01 19:23:30.331150,24.700000762939453,85916.296875,16.3388671875,0.0
2023-06-01 19:23:31.329425,24.690000534057617,85915.1484375,16.3388671875,0.24285000562667847
2023-06-01 19:23:32.330033,24.670000076293945,85914.890625,16.361328125,0.24285000562667847
2023-06-01 19:23:33.331266,24.65999984741211,85912.34375,16.4208984375,0.4047500193119049
2023-06-01 19:23:34.331488,24.65999984741211,85913.25,16.5146484375,0.24285000562667847
2023-06-01 19:23:35.333037,24.649999618530273,85914.046875,16.455078125,0.08094999939203262
2023-06-01 19:23:36.333490,24.639999389648438,85914.9296875,16.431640625,0.08094999939203262
2023-06-01 19:23:37.334379,24.639999389648438,85915.5625,16.443359375,0.0
2023-06-01 19:23:38.335666,24.649999618530273,85913.65625,16.4677734375,0.0
2023-06-01 19:23:39.336450,24.649999618530273,85912.6875,16.455078125,0.0
2023-06-01 19:23:40.337456,24.65999984741211,85913.28125,16.4443359375,0.0
2023-06-01 19:23:41.337763,24.649999618530273,85913.6875,16.455078125,0.0
2023-06-01 19:23:42.339140,24.65999984741211,85912.609375,16.4677734375,0.0
2023-06-01 19:23:43.339087,24.649999618530273,85913.546875,16.455078125,0.08094999939203262
2023-06-01 19:23:44.340747,24.639999389648438,85910.5625,16.431640625,0.3237999975681305
2023-06-01 19:23:45.341252,24.639999389648438,85911.390625,16.443359375,0.24285000562667847
2023-06-01 19:23:46.342102,24.6299991607666,85913.59375,16.466796875,0.08094999939203262
2023-06-01 19:23:47.342486,24.6299991607666,85910.9375,16.455078125,0.08094999939203262
2023-06-01 19:23:48.344938,24.6299991607666,85912.59375,16.466796875,0.16189999878406525
2023-06-01 19:23:49.344381,24.6299991607666,85910.7421875,16.455078125,0.24285000562667847
2023-06-01 19:23:50.346043,24.610000610351562,85911.5625,16.4658203125,0.3237999975681305
2023-06-01 19:23:51.347278,24.56999969482422,85913.28125,16.46484375,0.16189999878406525
2023-06-01 19:23:52.347391,24.579999923706055,85915.1328125,16.453125,0.08094999939203262
2023-06-01 19:23:53.349099,24.549999237060547,85915.671875,16.4521484375,0.0
2023-06-01 19:23:54.349661,24.540000915527344,85913.671875,16.462890625,0.0
2023-06-01 19:23:55.350198,24.510000228881836,85913.046875,16.4736328125,0.0
2023-06-01 19:23:56.350742,24.510000228881836,85916.03125,16.4853515625,0.0
2023-06-01 19:23:57.352298,24.520000457763672,85917.609375,16.486328125,0.08094999939203262
2023-06-01 19:23:58.352135,24.530000686645508,85918.0625,16.509765625,0.08094999939203262
2023-06-01 19:23:59.353824,24.540000915527344,85914.96875,16.5341796875,0.16189999878406525
2023-06-01 19:24:00.354803,24.530000686645508,85914.875,16.5810546875,0.48570001125335693
2023-06-01 19:24:01.355237,24.510000228881836,85912.71875,16.556640625,0.647599995136261
2023-06-01 19:24:02.356663,24.530000686645508,85912.6953125,16.5693359375,0.8095000386238098
2023-06-01 19:24:03.358789,24.540000915527344,85915.0,16.60546875,0.5666499733924866
2023-06-01 19:24:04.360540,24.489999771118164,85914.4375,16.5556640625,0.48570001125335693
2023-06-01 19:24:05.359582,24.479999542236328,85914.8515625,16.5322265625,0.24285000562667847
2023-06-01 19:24:06.360932,24.459999084472656,85915.359375,16.54296875,0.24285000562667847
2023-06-01 19:24:07.360933,24.469999313354492,85915.140625,16.5546875,0.16189999878406525
2023-06-01 19:24:08.362381,24.450000762939453,85916.40625,16.54296875,0.0
2023-06-01 19:24:09.362633,24.459999084472656,85914.09375,16.54296875,0.0
2023-06-01 19:24:10.363863,24.479999542236328,85917.9453125,16.53125,0.0
2023-06-01 19:24:11.364495,24.479999542236328,85913.9921875,16.5673828125,0.3237999975681305
2023-06-01 19:24:12.365623,24.479999542236328,85916.921875,16.5556640625,0.48570001125335693
2023-06-01 19:24:13.365910,24.479999542236328,85913.296875,16.5556640625,0.48570001125335693
2023-06-01 19:24:14.368112,24.489999771118164,85915.6015625,16.5556640625,0.4047500193119049
2023-06-01 19:24:15.367763,24.489999771118164,85912.953125,16.5439453125,0.7285500168800354
2023-06-01 19:24:16.369222,24.5,85913.3984375,16.544921875,0.647599995136261
2023-06-01 19:24:17.370439,24.510000228881836,85913.34375,16.533203125,0.48570001125335693
2023-06-01 19:24:18.370600,24.510000228881836,85913.515625,16.556640625,0.24285000562667847
2023-06-01 19:24:19.372029,24.5,85911.40625,16.580078125,0.16189999878406525
2023-06-01 19:24:20.371963,24.5,85913.59375,16.603515625,0.08094999939203262
2023-06-01 19:24:21.373811,24.5,85914.125,16.603515625,0.08094999939203262
2023-06-01 19:24:22.373532,24.479999542236328,85913.6640625,16.5908203125,0.0
2023-06-01 19:24:23.374939,24.489999771118164,85912.953125,16.591796875,0.0
2023-06-01 19:24:24.375329,24.520000457763672,85912.7421875,16.6044921875,0.0
2023-06-01 19:24:25.376963,24.520000457763672,85910.78125,16.5927734375,0.0
2023-06-01 19:24:26.377027,24.5,85911.46875,16.591796875,0.0
2023-06-01 19:24:27.378467,24.5,85909.8125,16.568359375,0.0
2023-06-01 19:24:28.379077,24.5,85913.4296875,16.580078125,0.0
2023-06-01 19:24:29.379882,24.479999542236328,85911.53125,16.5673828125,0.0
2023-06-01 19:24:30.381223,24.459999084472656,85916.7421875,16.5791015625,0.0
2023-06-01 19:24:31.381664,24.469999313354492,85915.640625,16.5791015625,0.0
2023-06-01 19:24:32.382896,24.469999313354492,85909.8984375,16.5908203125,0.0
2023-06-01 19:24:33.383082,24.479999542236328,85913.9921875,16.6025390625,0.0
2023-06-01 19:24:34.384582,24.479999542236328,85912.53125,16.626953125,0.0
2023-06-01 19:24:35.384806,24.479999542236328,85910.15625,16.6376953125,0.0
2023-06-01 19:24:36.385548,24.479999542236328,85911.609375,16.6376953125,0.0
2023-06-01 19:24:37.385445,24.489999771118164,85914.7734375,16.638671875,0.0
2023-06-01 19:24:38.386548,24.489999771118164,85917.8125,16.6396484375,0.0
2023-06-01 19:24:39.386946,24.5,85915.9140625,16.6513671875,0.0
2023-06-01 19:24:40.388451,24.510000228881836,85914.84375,16.6396484375,0.0
2023-06-01 19:24:41.389496,24.510000228881836,85916.3359375,16.6513671875,0.0
2023-06-01 19:24:42.391313,24.510000228881836,85913.84375,16.6630859375,0.0
2023-06-01 19:24:43.392169,24.5,85911.875,16.615234375,0.0
2023-06-01 19:24:44.392375,24.469999313354492,85914.5703125,16.6142578125,0.0
2023-06-01 19:24:45.393702,24.479999542236328,85913.359375,16.615234375,0.0
2023-06-01 19:24:46.394611,24.5,85916.21875,16.626953125,0.0
2023-06-01 19:24:47.395598,24.489999771118164,85913.671875,16.615234375,0.08094999939203262
2023-06-01 19:24:48.395809,24.5,85913.296875,16.603515625,0.0
2023-06-01 19:24:49.397037,24.510000228881836,85915.8359375,16.591796875,0.0
2023-06-01 19:24:50.397644,24.5,85916.046875,16.580078125,0.0
2023-06-01 19:24:51.398492,24.5,85916.109375,16.580078125,0.0
2023-06-01 19:24:52.399398,24.5,85916.046875,16.568359375,0.08094999939203262
2023-06-01 19:24:53.400381,24.489999771118164,85916.796875,16.568359375,0.0
2023-06-01 19:24:54.400835,24.479999542236328,85915.953125,16.5556640625,0.0
2023-06-01 19:24:55.401942,24.469999313354492,85911.9921875,16.5546875,0.08094999939203262
2023-06-01 19:24:56.403150,24.43000030517578,85914.4375,16.5419921875,0.08094999939203262
2023-06-01 19:24:57.403618,24.399999618530273,85914.796875,16.552734375,0.0
2023-06-01 19:24:58.404820,24.3700008392334,85914.96875,16.5751953125,0.08094999939203262
2023-06-01 19:24:59.405218,24.3700008392334,85916.625,16.5869140625,0.48570001125335693
2023-06-01 19:25:00.406612,24.360000610351562,85918.75,16.5986328125,0.7285500168800354
2023-06-01 19:25:01.406709,24.360000610351562,85916.734375,16.6103515625,0.8904500007629395
2023-06-01 19:25:02.408153,24.360000610351562,85918.5546875,16.6220703125,1.2142499685287476
2023-06-01 19:25:03.408603,24.360000610351562,85919.25,16.669921875,1.4571000337600708
2023-06-01 19:25:04.409568,24.360000610351562,85916.5,16.6689453125,1.699950098991394
2023-06-01 19:25:05.409913,24.329999923706055,85918.4453125,16.66796875,1.4571000337600708
2023-06-01 19:25:06.411389,24.31999969482422,85918.4921875,16.6796875,0.9714000225067139
2023-06-01 19:25:07.411634,24.299999237060547,85916.296875,16.6904296875,0.8095000386238098
2023-06-01 19:25:08.413022,24.309999465942383,85916.1875,16.703125,0.647599995136261
2023-06-01 19:25:09.414549,24.309999465942383,85915.03125,16.7265625,0.4047500193119049
2023-06-01 19:25:10.414523,24.290000915527344,85916.84375,16.7138671875,0.3237999975681305
2023-06-01 19:25:11.416107,24.260000228881836,85915.859375,16.724609375,0.08094999939203262
2023-06-01 19:25:12.416586,24.270000457763672,85917.40625,16.7490234375,0.0
2023-06-01 19:25:13.417461,24.280000686645508,85916.2265625,16.7373046875,0.0
2023-06-01 19:25:14.417729,24.290000915527344,85915.484375,16.75,0.4047500193119049
2023-06-01 19:25:15.419075,24.290000915527344,85914.9609375,16.7373046875,0.16189999878406525
2023-06-01 19:25:16.419277,24.290000915527344,85915.375,16.73828125,0.08094999939203262
2023-06-01 19:25:17.420952,24.299999237060547,85915.96875,16.75,0.24285000562667847
2023-06-01 19:25:18.420842,24.309999465942383,85916.21875,16.75,0.5666499733924866
2023-06-01 19:25:19.422026,24.309999465942383,85915.890625,16.73828125,0.5666499733924866
2023-06-01 19:25:20.423677,24.309999465942383,85916.0859375,16.73828125,0.4047500193119049
2023-06-01 19:25:21.425110,24.309999465942383,85913.203125,16.7265625,0.16189999878406525
2023-06-01 19:25:22.426345,24.290000915527344,85918.03125,16.7255859375,0.0
2023-06-01 19:25:23.426594,24.299999237060547,85917.734375,16.7255859375,0.0
2023-06-01 19:25:24.427883,24.280000686645508,85920.5625,16.7138671875,0.0
2023-06-01 19:25:25.427982,24.260000228881836,85916.796875,16.736328125,0.08094999939203262
2023-06-01 19:25:26.429415,24.25,85916.640625,16.771484375,0.0
2023-06-01 19:25:27.429867,24.260000228881836,85914.671875,16.7724609375,0.16189999878406525
2023-06-01 19:25:28.430909,24.280000686645508,85915.171875,16.7724609375,0.08094999939203262
2023-06-01 19:25:29.431477,24.280000686645508,85917.828125,16.7607421875,0.0
2023-06-01 19:25:30.432804,24.25,85917.890625,16.759765625,0.16189999878406525
2023-06-01 19:25:31.432765,24.239999771118164,85917.4453125,16.748046875,0.08094999939203262
2023-06-01 19:25:32.433951,24.260000228881836,85918.421875,16.748046875,0.4047500193119049
2023-06-01 19:25:33.434612,24.280000686645508,85916.09375,16.78515625,0.3237999975681305
2023-06-01 19:25:34.435695,24.309999465942383,85918.015625,16.76171875,0.08094999939203262
2023-06-01 19:25:35.437055,24.31999969482422,85915.0703125,16.7509765625,0.08094999939203262
2023-06-01 19:25:36.437556,24.34000015258789,85918.59375,16.7392578125,0.0
2023-06-01 19:25:37.438853,24.34000015258789,85918.453125,16.7392578125,0.3237999975681305
2023-06-01 19:25:38.439298,24.350000381469727,85915.953125,16.728515625,0.4047500193119049
2023-06-01 19:25:39.440333,24.3700008392334,85914.96875,16.705078125,0.24285000562667847
2023-06-01 19:25:40.440520,24.3700008392334,85915.984375,16.7763671875,0.08094999939203262
2023-06-01 19:25:41.442138,24.3700008392334,85915.296875,16.7529296875,0.0
2023-06-01 19:25:42.442772,24.360000610351562,85917.09375,16.728515625,0.08094999939203262
2023-06-01 19:25:43.443819,24.3799991607666,85918.53125,16.716796875,0.08094999939203262
2023-06-01 19:25:44.444017,24.3799991607666,85917.8984375,16.693359375,0.08094999939203262
2023-06-01 19:25:45.445342,24.3799991607666,85917.46875,16.6943359375,0.0
2023-06-01 19:25:46.445503,24.3799991607666,85919.2578125,16.669921875,0.0
2023-06-01 19:25:47.447065,24.389999389648438,85919.703125,16.6591796875,0.0
2023-06-01 19:25:48.448401,24.3700008392334,85918.5,16.658203125,0.0
2023-06-01 19:25:49.448608,24.389999389648438,85919.6484375,16.658203125,0.0
2023-06-01 19:25:50.449815,24.3799991607666,85917.046875,16.634765625,0.0
2023-06-01 19:25:51.449894,24.3700008392334,85920.296875,16.634765625,0.0
2023-06-01 19:25:52.451446,24.3700008392334,85919.8046875,16.634765625,0.0
2023-06-01 19:25:53.451835,24.3799991607666,85918.5625,16.634765625,0.0
2023-06-01 19:25:54.453125,24.399999618530273,85917.5,16.6474609375,0.0
2023-06-01 19:25:55.453353,24.420000076293945,85920.0625,16.66015625,0.0
2023-06-01 19:25:56.454601,24.43000030517578,85917.9140625,16.66015625,0.08094999939203262
2023-06-01 19:25:57.455063,24.440000534057617,85916.046875,16.6611328125,0.0
2023-06-01 19:25:58.456397,24.420000076293945,85919.2578125,16.66015625,0.0
2023-06-01 19:25:59.457831,24.43000030517578,85918.15625,16.68359375,0.16189999878406525
2023-06-01 19:26:00.459020,24.440000534057617,85920.015625,16.6728515625,0.0
2023-06-01 19:26:01.460157,24.450000762939453,85918.0625,16.6845703125,0.0
2023-06-01 19:26:02.460836,24.459999084472656,85917.734375,16.697265625,0.0
2023-06-01 19:26:03.461815,24.479999542236328,85923.4453125,16.685546875,0.0
2023-06-01 19:26:04.462005,24.489999771118164,85921.1875,16.673828125,0.0
2023-06-01 19:26:05.463490,24.5,85917.90625,16.6513671875,0.0
2023-06-01 19:26:06.463782,24.520000457763672,85915.734375,16.6630859375,0.0
2023-06-01 19:26:07.464979,24.510000228881836,85914.34375,16.6630859375,0.0
2023-06-01 19:26:08.465477,24.530000686645508,85914.875,16.67578125,0.0
2023-06-01 19:26:09.466824,24.559999465942383,85916.53125,16.6533203125,0.0
2023-06-01 19:26:10.466913,24.56999969482422,85916.703125,16.6650390625,0.0
2023-06-01 19:26:11.468525,24.579999923706055,85916.984375,16.642578125,0.0
2023-06-01 19:26:12.468747,24.56999969482422,85917.3125,16.58203125,0.0
2023-06-01 19:26:13.469904,24.559999465942383,85917.390625,16.546875,0.08094999939203262
2023-06-01 19:26:14.471358,24.549999237060547,85915.96875,16.5224609375,0.08094999939203262
2023-06-01 19:26:15.471722,24.56999969482422,85917.734375,16.5947265625,0.08094999939203262
2023-06-01 19:26:16.472760,24.579999923706055,85916.125,16.6064453125,0.0
2023-06-01 19:26:17.473271,24.579999923706055,85916.4609375,16.6064453125,0.08094999939203262
2023-06-01 19:26:18.474559,24.549999237060547,85914.3125,16.59375,0.08094999939203262
2023-06-01 19:26:19.474583,24.559999465942383,85918.8515625,16.6171875,0.24285000562667847
2023-06-01 19:26:20.476349,24.56999969482422,85918.03125,16.6298828125,0.3237999975681305
2023-06-01 19:26:21.476541,24.579999923706055,85916.875,16.724609375,0.647599995136261
2023-06-01 19:26:22.477597,24.59000015258789,85916.578125,16.7490234375,0.8904500007629395
2023-06-01 19:26:23.477728,24.56999969482422,85916.9296875,16.6298828125,0.7285500168800354
2023-06-01 19:26:24.479492,24.56999969482422,85918.25,16.5712890625,0.5666499733924866
2023-06-01 19:26:25.479359,24.579999923706055,85915.1328125,16.5478515625,0.3237999975681305
2023-06-01 19:26:26.480914,24.579999923706055,85916.546875,16.5361328125,0.08094999939203262
2023-06-01 19:26:27.482048,24.59000015258789,85919.125,16.5244140625,0.0
2023-06-01 19:26:28.482193,24.59000015258789,85915.140625,16.5009765625,0.0
2023-06-01 19:26:29.483745,24.56999969482422,85917.7578125,16.5,0.0
2023-06-01 19:26:30.484050,24.56999969482422,85916.59375,16.51171875,0.08094999939203262
2023-06-01 19:26:31.485140,24.579999923706055,85916.328125,16.5478515625,0.08094999939203262
2023-06-01 19:26:32.485494,24.579999923706055,85915.9921875,16.5595703125,0.0
2023-06-01 19:26:33.486949,24.579999923706055,85916.484375,16.5595703125,0.0
2023-06-01 19:26:34.487131,24.56999969482422,85915.046875,16.546875,0.08094999939203262
2023-06-01 19:26:35.488666,24.579999923706055,85917.34375,16.5595703125,0.0
2023-06-01 19:26:36.488702,24.59000015258789,85914.640625,16.5947265625,0.0
2023-06-01 19:26:37.489811,24.59000015258789,85914.8125,16.666015625,0.0
2023-06-01 19:26:38.491547,24.600000381469727,85918.71875,16.619140625,0.0
2023-06-01 19:26:39.492870,24.610000610351562,85915.375,16.607421875,0.0
2023-06-01 19:26:40.494781,24.610000610351562,85913.859375,16.6669921875,0.24285000562667847
2023-06-01 19:26:41.494676,24.610000610351562,85917.5625,16.6318359375,0.0
2023-06-01 19:26:42.495897,24.600000381469727,85917.9140625,16.619140625,0.0
2023-06-01 19:26:43.496023,24.610000610351562,85916.5625,16.6201171875,0.0
2023-06-01 19:26:44.497531,24.610000610351562,85917.3125,16.583984375,0.0
2023-06-01 19:26:45.497568,24.59000015258789,85917.65625,16.595703125,0.08094999939203262
2023-06-01 19:26:46.498839,24.600000381469727,85916.5859375,16.548828125,0.16189999878406525
2023-06-01 19:26:47.499310,24.610000610351562,85914.984375,16.5244140625,0.08094999939203262
2023-06-01 19:26:48.500718,24.610000610351562,85916.203125,16.537109375,0.0
2023-06-01 19:26:49.500707,24.600000381469727,85918.078125,16.537109375,0.0
2023-06-01 19:26:50.502043,24.6200008392334,85916.4609375,16.548828125,0.0
2023-06-01 19:26:51.502652,24.6200008392334,85918.78125,16.513671875,0.16189999878406525
2023-06-01 19:26:52.503927,24.6299991607666,85920.453125,16.525390625,0.0
2023-06-01 19:26:53.504891,24.649999618530273,85918.359375,16.5146484375,0.08094999939203262
2023-06-01 19:26:54.505405,24.670000076293945,85918.3984375,16.50390625,0.08094999939203262
2023-06-01 19:26:55.506765,24.670000076293945,85919.75,16.4794921875,0.0
2023-06-01 19:26:56.506964,24.68000030517578,85918.484375,16.45703125,0.08094999939203262
2023-06-01 19:26:57.508142,24.700000762939453,85918.25,16.4580078125,0.4047500193119049
2023-06-01 19:26:58.508629,24.700000762939453,85918.390625,16.46875,0.16189999878406525
2023-06-01 19:26:59.509818,24.670000076293945,85918.5625,16.4443359375,0.08094999939203262
2023-06-01 19:27:00.510354,24.690000534057617,85919.828125,16.43359375,0.0
2023-06-01 19:27:01.511795,24.68000030517578,85920.03125,16.4091796875,0.0
2023-06-01 19:27:02.512097,24.68000030517578,85920.4765625,16.3974609375,0.0
2023-06-01 19:27:03.513190,24.68000030517578,85918.3203125,16.3857421875,0.08094999939203262
2023-06-01 19:27:04.513529,24.65999984741211,85916.8203125,16.396484375,0.0
2023-06-01 19:27:05.514784,24.68000030517578,85918.7890625,16.4091796875,0.3237999975681305
2023-06-01 19:27:06.516255,24.68000030517578,85920.1171875,16.4091796875,0.5666499733924866
2023-06-01 19:27:07.518977,24.68000030517578,85917.4609375,16.4091796875,0.5666499733924866
2023-06-01 19:27:08.517817,24.68000030517578,85919.34375,16.3974609375,0.48570001125335693
2023-06-01 19:27:09.518753,24.700000762939453,85919.21875,16.3984375,0.4047500193119049
2023-06-01 19:27:10.519278,24.690000534057617,85916.3125,16.3974609375,0.4047500193119049
2023-06-01 19:27:11.519957,24.670000076293945,85918.703125,16.4091796875,0.4047500193119049
2023-06-01 19:27:12.521009,24.690000534057617,85918.828125,16.421875,0.4047500193119049
2023-06-01 19:27:13.521207,24.719999313354492,85920.671875,16.4345703125,0.3237999975681305
2023-06-01 19:27:14.522531,24.709999084472656,85922.21875,16.4228515625,0.24285000562667847
2023-06-01 19:27:15.522767,24.709999084472656,85920.65625,16.38671875,0.16189999878406525
2023-06-01 19:27:16.524029,24.690000534057617,85919.828125,16.3740234375,0.3237999975681305
2023-06-01 19:27:17.525348,24.709999084472656,85917.9765625,16.36328125,0.3237999975681305
2023-06-01 19:27:18.526775,24.719999313354492,85921.2734375,16.375,0.48570001125335693
2023-06-01 19:27:19.529322,24.719999313354492,85921.3359375,16.3994140625,0.48570001125335693
2023-06-01 19:27:20.528595,24.729999542236328,85921.140625,16.4111328125,0.4047500193119049
2023-06-01 19:27:21.529462,24.739999771118164,85919.375,16.494140625,0.3237999975681305
2023-06-01 19:27:22.529734,24.760000228881836,85920.75,16.6728515625,0.4047500193119049
2023-06-01 19:27:23.531198,24.770000457763672,85920.7265625,16.6494140625,0.08094999939203262
2023-06-01 19:27:24.531648,24.780000686645508,85920.3125,16.58984375,0.0
2023-06-01 19:27:25.532616,24.780000686645508,85919.3203125,16.744140625,0.0
2023-06-01 19:27:26.532800,24.780000686645508,85919.015625,17.0751953125,0.0
2023-06-01 19:27:27.534406,24.780000686645508,85921.5625,17.0166015625,0.0
2023-06-01 19:27:28.534986,24.780000686645508,85920.234375,16.8271484375,0.0
2023-06-01 19:27:29.535955,24.780000686645508,85919.2109375,16.708984375,0.0
2023-06-01 19:27:30.536408,24.780000686645508,85918.21875,16.6025390625,0.0
2023-06-01 19:27:31.537511,24.780000686645508,85919.90625,16.54296875,0.08094999939203262
2023-06-01 19:27:32.538623,24.790000915527344,85920.765625,16.5078125,0.0
2023-06-01 19:27:33.539224,24.790000915527344,85920.515625,16.49609375,0.08094999939203262
2023-06-01 19:27:34.540236,24.790000915527344,85919.828125,16.49609375,0.08094999939203262
2023-06-01 19:27:35.540894,24.790000915527344,85922.1484375,16.47265625,0.08094999939203262
2023-06-01 19:27:36.542034,24.790000915527344,85917.671875,16.5078125,0.0
2023-06-01 19:27:37.542315,24.809999465942383,85918.4296875,16.5322265625,0.0
2023-06-01 19:27:38.544006,24.84000015258789,85918.6875,16.544921875,0.24285000562667847
2023-06-01 19:27:39.544479,24.850000381469727,85917.5078125,16.509765625,0.08094999939203262
2023-06-01 19:27:40.545392,24.850000381469727,85920.796875,16.544921875,0.0
2023-06-01 19:27:41.545772,24.850000381469727,85920.1875,16.498046875,0.16189999878406525
2023-06-01 19:27:42.547300,24.860000610351562,85921.40625,16.4990234375,0.08094999939203262
2023-06-01 19:27:43.547512,24.860000610351562,85919.0078125,16.5458984375,0.0
2023-06-01 19:27:44.550102,24.8700008392334,85920.59375,16.4755859375,0.0
2023-06-01 19:27:45.550101,24.8700008392334,85920.5625,16.439453125,0.0
2023-06-01 19:27:46.549990,24.8799991607666,85921.171875,16.4404296875,0.0
2023-06-01 19:27:47.551725,24.8700008392334,85921.453125,16.392578125,0.08094999939203262
2023-06-01 19:27:48.551965,24.899999618530273,85920.40625,16.4169921875,0.0
2023-06-01 19:27:49.553267,24.90999984741211,85923.2109375,16.4296875,0.0
2023-06-01 19:27:50.553491,24.920000076293945,85918.34375,16.4296875,0.0
2023-06-01 19:27:51.554895,24.93000030517578,85919.65625,16.40625,0.08094999939203262
2023-06-01 19:27:52.555013,24.93000030517578,85920.1875,16.3955078125,0.0
2023-06-01 19:27:53.556825,24.93000030517578,85918.4921875,16.39453125,0.0
2023-06-01 19:27:54.556849,24.950000762939453,85918.3046875,16.3837890625,0.08094999939203262
2023-06-01 19:27:55.557940,24.959999084472656,85917.3125,16.3486328125,0.0
2023-06-01 19:27:56.559362,24.969999313354492,85920.453125,16.3251953125,0.0
2023-06-01 19:27:57.560716,24.969999313354492,85919.6171875,16.3134765625,0.0
2023-06-01 19:27:58.562025,24.959999084472656,85921.0234375,16.265625,0.0
2023-06-01 19:27:59.562153,24.959999084472656,85922.3515625,16.25390625,0.0
2023-06-01 19:28:00.563646,24.959999084472656,85921.1328125,16.23046875,0.0
2023-06-01 19:28:01.563721,24.969999313354492,85920.4765625,16.25390625,0.0
2023-06-01 19:28:02.565237,24.969999313354492,85917.9609375,16.2421875,0.0
2023-06-01 19:28:03.565564,24.959999084472656,85919.03125,16.20703125,0.0
2023-06-01 19:28:04.567015,24.979999542236328,85919.34375,16.20703125,0.0
2023-06-01 19:28:05.567212,25.010000228881836,85922.375,16.2197265625,0.0
2023-06-01 19:28:06.568524,25.030000686645508,85924.625,16.232421875,0.0
2023-06-01 19:28:07.568837,25.049999237060547,85924.71875,16.2451171875,0.0
2023-06-01 19:28:08.569899,25.059999465942383,85921.65625,16.2333984375,0.0
2023-06-01 19:28:09.569984,25.06999969482422,85923.59375,16.24609375,0.0
2023-06-01 19:28:10.572536,25.059999465942383,85920.875,16.2216796875,0.08094999939203262
2023-06-01 19:28:11.573026,25.059999465942383,85921.15625,16.1982421875,0.0
2023-06-01 19:28:12.573307,25.079999923706055,85919.859375,16.19921875,0.0
2023-06-01 19:28:13.574542,25.09000015258789,85919.3125,16.22265625,0.0
2023-06-01 19:28:14.574860,25.09000015258789,85921.5625,16.2353515625,0.0
2023-06-01 19:28:15.576523,25.100000381469727,85920.453125,16.2236328125,0.0
2023-06-01 19:28:16.576243,25.100000381469727,85920.34375,16.2353515625,0.0
2023-06-01 19:28:17.577658,25.100000381469727,85921.5078125,16.2353515625,0.0
2023-06-01 19:28:18.578181,25.100000381469727,85917.4375,16.2236328125,0.0
2023-06-01 19:28:19.579088,25.100000381469727,85919.125,16.2236328125,0.0
2023-06-01 19:28:20.579601,25.100000381469727,85920.421875,16.2236328125,0.08094999939203262
2023-06-01 19:28:21.581068,25.06999969482422,85918.609375,16.1865234375,0.0
2023-06-01 19:28:22.580920,25.059999465942383,85921.046875,16.1865234375,0.0
2023-06-01 19:28:23.582408,25.06999969482422,85918.671875,16.1630859375,0.0
2023-06-01 19:28:24.583747,25.079999923706055,85919.453125,16.17578125,0.0
2023-06-01 19:28:25.584786,25.06999969482422,85918.921875,16.2099609375,0.0
2023-06-01 19:28:26.585312,25.06999969482422,85918.421875,16.1982421875,0.0
2023-06-01 19:28:27.585584,25.049999237060547,85917.75,16.173828125,0.0
2023-06-01 19:28:28.587004,25.030000686645508,85918.34375,16.1611328125,0.08094999939203262
2023-06-01 19:28:29.587224,25.030000686645508,85919.7578125,16.1611328125,0.0
2023-06-01 19:28:30.588662,24.989999771118164,85921.015625,16.1484375,0.0
2023-06-01 19:28:31.588763,24.969999313354492,85920.3125,16.1474609375,0.0
2023-06-01 19:28:32.589931,24.959999084472656,85918.703125,16.1591796875,0.0
2023-06-01 19:28:33.590494,24.969999313354492,85916.9921875,16.1708984375,0.0
2023-06-01 19:28:34.591980,24.959999084472656,85920.25,16.1826171875,0.0
2023-06-01 19:28:35.593339,24.969999313354492,85917.59375,16.20703125,0.08094999939203262
2023-06-01 19:28:36.594487,24.959999084472656,85918.375,16.21875,0.0
2023-06-01 19:28:37.595769,24.959999084472656,85919.96875,16.21875,0.0
2023-06-01 19:28:38.596118,24.950000762939453,85919.296875,16.2177734375,0.0
2023-06-01 19:28:39.597506,24.93000030517578,85919.296875,16.216796875,0.0
2023-06-01 19:28:40.597937,24.920000076293945,85918.40625,16.205078125,0.08094999939203262
2023-06-01 19:28:41.599044,24.940000534057617,85921.0703125,16.2294921875,0.0
2023-06-01 19:28:41.640661,0.0,0.0,0.0,0.0
2023-06-01 19:28:42.599093,24.959999084472656,85919.96875,16.5732421875,0.08094999939203262
2023-06-01 19:28:43.600441,24.979999542236328,85921.5,17.03515625,0.0
2023-06-01 19:28:44.600810,24.979999542236328,85920.0078125,17.0947265625,0.08094999939203262
2023-06-01 19:28:45.601965,24.959999084472656,85920.359375,16.857421875,0.0
2023-06-01 19:28:46.602412,24.969999313354492,85919.28125,16.7626953125,0.0
2023-06-01 19:28:47.603916,24.969999313354492,85921.71875,16.5849609375,0.08094999939203262
2023-06-01 19:28:48.604252,24.969999313354492,85919.75,16.478515625,0.0
2023-06-01 19:28:49.608316,24.959999084472656,85919.703125,16.419921875,0.0
2023-06-01 19:28:50.606819,24.950000762939453,85916.234375,16.4306640625,0.0
2023-06-01 19:28:50.711797,0.0,0.0,0.0,0.0
2023-06-01 19:28:51.608269,24.899999618530273,85918.8125,16.4296875,0.0
2023-06-01 19:28:52.608271,24.90999984741211,85917.59375,16.41796875,0.0
2023-06-01 19:28:53.608633,24.920000076293945,85922.46875,16.453125,0.08094999939203262
2023-06-01 19:28:54.609988,24.940000534057617,85920.234375,16.8330078125,0.0
2023-06-01 19:28:55.610021,24.950000762939453,85917.4765625,16.8095703125,0.0
2023-06-01 19:28:56.611656,24.93000030517578,85920.625,16.525390625,0.0
2023-06-01 19:28:57.611877,24.920000076293945,85917.515625,16.453125,0.0
2023-06-01 19:28:58.613233,24.920000076293945,85921.203125,16.3828125,0.0
2023-06-01 19:28:59.615754,24.920000076293945,85919.0703125,16.5009765625,0.0
2023-06-01 19:29:00.614938,24.899999618530273,85919.9375,16.3935546875,0.0
2023-06-01 19:29:01.615073,24.889999389648438,85919.328125,16.3935546875,0.0
2023-06-01 19:29:02.616523,24.8799991607666,85921.7578125,16.345703125,0.0
2023-06-01 19:29:03.617972,24.8700008392334,85919.296875,16.345703125,0.0
2023-06-01 19:29:04.617870,24.860000610351562,85922.0,16.3447265625,0.08094999939203262
2023-06-01 19:29:05.619553,24.860000610351562,85922.90625,16.427734375,0.0
2023-06-01 19:29:06.619805,24.8700008392334,85919.203125,16.439453125,0.0
2023-06-01 19:29:07.620978,24.8799991607666,85920.9296875,16.5703125,0.0
2023-06-01 19:29:08.621256,24.899999618530273,85921.328125,16.630859375,0.08094999939203262
2023-06-01 19:29:09.622591,24.899999618530273,85916.484375,16.630859375,0.0
2023-06-01 19:29:10.623137,24.899999618530273,85919.8046875,16.6064453125,0.08094999939203262
2023-06-01 19:29:11.624255,24.889999389648438,85917.7265625,16.5595703125,0.0
2023-06-01 19:29:12.624584,24.899999618530273,85918.3125,16.8671875,0.08094999939203262
2023-06-01 19:29:13.625925,24.90999984741211,85922.265625,16.9150390625,0.0
2023-06-01 19:29:14.627079,24.920000076293945,85918.875,16.9267578125,0.0
2023-06-01 19:29:15.628473,24.889999389648438,85918.390625,16.654296875,0.3237999975681305
2023-06-01 19:29:16.629396,24.850000381469727,85921.8515625,16.5224609375,0.24285000562667847
2023-06-01 19:29:17.629912,24.850000381469727,85922.78125,16.462890625,0.0
2023-06-01 19:29:18.631318,24.84000015258789,85922.34375,16.4384765625,0.0
2023-06-01 19:29:19.631643,24.81999969482422,85921.3125,16.42578125,0.0
2023-06-01 19:29:20.632866,24.809999465942383,85920.5546875,16.390625,0.16189999878406525
2023-06-01 19:29:21.633128,24.829999923706055,85920.0625,16.390625,0.0
2023-06-01 19:29:22.634585,24.84000015258789,85918.8828125,16.3916015625,0.08094999939203262
2023-06-01 19:29:23.635073,24.84000015258789,85918.6875,16.4267578125,0.0
2023-06-01 19:29:24.636202,24.84000015258789,85919.515625,16.474609375,0.16189999878406525
2023-06-01 19:29:25.636376,24.84000015258789,85918.859375,16.5693359375,0.24285000562667847
2023-06-01 19:29:26.637797,24.829999923706055,85921.125,16.4853515625,0.0
2023-06-01 19:29:27.637954,24.829999923706055,85922.0859375,16.4150390625,0.0
2023-06-01 19:29:28.639215,24.829999923706055,85919.8984375,16.4140625,0.16189999878406525
2023-06-01 19:29:29.640609,24.84000015258789,85921.203125,16.4150390625,0.0
2023-06-01 19:29:30.640901,24.850000381469727,85920.859375,16.462890625,0.0
2023-06-01 19:29:31.641882,24.860000610351562,85918.984375,16.4755859375,0.0
2023-06-01 19:29:32.643821,24.8700008392334,85917.2109375,16.4755859375,0.0
2023-06-01 19:29:33.643921,24.8700008392334,85917.46875,16.4755859375,0.0
2023-06-01 19:29:34.644238,24.8700008392334,85921.453125,16.4521484375,0.0
2023-06-01 19:29:35.645924,24.8700008392334,85921.28125,16.4404296875,0.0
2023-06-01 19:29:36.645763,24.8799991607666,85922.75,16.4169921875,0.0
2023-06-01 19:29:37.646954,24.889999389648438,85922.34375,16.4052734375,0.0
2023-06-01 19:29:38.647517,24.899999618530273,85920.65625,16.4169921875,0.0
2023-06-01 19:29:39.648785,24.90999984741211,85921.0234375,16.4296875,0.0
2023-06-01 19:29:40.648932,24.899999618530273,85922.15625,16.44140625,0.0
2023-06-01 19:29:41.650408,24.90999984741211,85921.0234375,16.453125,0.0
2023-06-01 19:29:42.651698,24.90999984741211,85921.609375,16.44140625,0.0
2023-06-01 19:29:43.652009,24.90999984741211,85923.265625,16.39453125,0.0
2023-06-01 19:29:44.653358,24.90999984741211,85922.546875,16.3818359375,0.0
2023-06-01 19:29:45.653560,24.90999984741211,85921.2734375,16.37109375,0.0
2023-06-01 19:29:46.654678,24.920000076293945,85920.4765625,16.359375,0.0
2023-06-01 19:29:47.655847,24.90999984741211,85921.9375,16.359375,0.0
2023-06-01 19:29:48.656603,24.920000076293945,85919.34375,16.359375,0.0
2023-06-01 19:29:49.656895,24.90999984741211,85923.234375,16.39453125,0.0
2023-06-01 19:29:50.657936,24.920000076293945,85920.640625,16.39453125,0.0
2023-06-01 19:29:51.658443,24.90999984741211,85919.1171875,16.39453125,0.0
2023-06-01 19:29:52.659611,24.920000076293945,85920.640625,16.44140625,0.0
2023-06-01 19:29:53.661180,24.93000030517578,85917.96875,16.4775390625,0.0
2023-06-01 19:29:54.662685,24.950000762939453,85918.859375,16.478515625,0.0
2023-06-01 19:29:55.663590,24.979999542236328,85920.0625,16.4794921875,0.0
2023-06-01 19:29:56.664332,24.989999771118164,85919.8515625,16.4921875,0.0
2023-06-01 19:29:57.666413,25.010000228881836,85922.734375,16.5283203125,0.0
2023-06-01 19:29:58.665574,25.030000686645508,85925.953125,16.7177734375,0.0
2023-06-01 19:29:59.667080,25.040000915527344,85921.421875,16.6357421875,0.0
2023-06-01 19:30:00.667433,25.049999237060547,85923.359375,16.505859375,0.0
2023-06-01 19:30:01.668936,25.049999237060547,85922.3671875,16.4111328125,0.0
2023-06-01 19:30:02.668995,25.049999237060547,85923.6953125,16.3515625,0.0
2023-06-01 19:30:03.669911,25.030000686645508,85920.921875,16.3037109375,0.0
2023-06-01 19:30:04.670418,25.040000915527344,85920.3984375,16.2685546875,0.08094999939203262
2023-06-01 19:30:05.671912,25.049999237060547,85920.796875,16.26953125,0.0
2023-06-01 19:30:06.672244,25.079999923706055,85921.0234375,16.26953125,0.0
2023-06-01 19:30:07.673307,25.079999923706055,85919.75,16.3056640625,0.0
2023-06-01 19:30:08.674812,25.09000015258789,85923.3828125,16.3056640625,0.0
2023-06-01 19:30:09.675131,25.100000381469727,85922.3125,16.330078125,0.0
2023-06-01 19:30:10.676332,25.110000610351562,85924.109375,16.294921875,0.0
2023-06-01 19:30:11.676667,25.110000610351562,85923.53125,16.2470703125,0.0
2023-06-01 19:30:12.677750,25.1299991607666,85922.7890625,16.212890625,0.0
2023-06-01 19:30:13.677922,25.149999618530273,85924.1875,16.224609375,0.0
2023-06-01 19:30:14.679480,25.15999984741211,85922.859375,16.2734375,0.0
2023-06-01 19:30:15.679692,25.170000076293945,85923.5859375,16.3203125,0.0
2023-06-01 19:30:16.681151,25.170000076293945,85922.1796875,16.3564453125,0.0
2023-06-01 19:30:17.681311,25.170000076293945,85922.8125,16.3330078125,0.08094999939203262
2023-06-01 19:30:18.682668,25.18000030517578,85926.546875,16.3095703125,0.16189999878406525
2023-06-01 19:30:19.682771,25.190000534057617,85922.65625,16.3095703125,0.0
2023-06-01 19:30:20.684345,25.200000762939453,85923.765625,16.2861328125,0.0
2023-06-01 19:30:21.685739,25.200000762939453,85923.1875,16.2509765625,0.0
2023-06-01 19:30:22.685618,25.209999084472656,85923.296875,16.2626953125,0.0
2023-06-01 19:30:23.687051,25.219999313354492,85921.09375,16.251953125,0.0
2023-06-01 19:30:24.687637,25.229999542236328,85922.3671875,16.228515625,0.0
2023-06-01 19:30:25.688777,25.219999313354492,85922.359375,16.1806640625,0.0
2023-06-01 19:30:26.689142,25.219999313354492,85921.203125,16.16796875,0.0
2023-06-01 19:30:27.690801,25.190000534057617,85923.046875,16.1552734375,0.0
2023-06-01 19:30:28.690673,25.18000030517578,85923.203125,16.1435546875,0.0
2023-06-01 19:30:29.692466,25.200000762939453,85923.1015625,16.14453125,0.0
2023-06-01 19:30:30.692811,25.200000762939453,85922.328125,16.14453125,0.0
2023-06-01 19:30:31.693858,25.200000762939453,85922.265625,16.1318359375,0.0
2023-06-01 19:30:32.695766,25.209999084472656,85922.640625,16.1328125,0.0
2023-06-01 19:30:33.696691,25.219999313354492,85925.765625,16.1455078125,0.08094999939203262
2023-06-01 19:30:34.698166,25.229999542236328,85922.171875,16.1455078125,0.08094999939203262
2023-06-01 19:30:35.698094,25.25,85924.0,16.1572265625,0.0
2023-06-01 19:30:36.699567,25.25,85923.09375,16.181640625,0.24285000562667847
2023-06-01 19:30:37.699712,25.270000457763672,85925.125,16.1826171875,0.3237999975681305
2023-06-01 19:30:38.701170,25.280000686645508,85922.8046875,16.1826171875,0.24285000562667847
2023-06-01 19:30:39.701380,25.290000915527344,85921.703125,16.1708984375,0.08094999939203262
2023-06-01 19:30:40.702520,25.280000686645508,85921.1953125,16.1826171875,0.08094999939203262
2023-06-01 19:30:41.703186,25.270000457763672,85923.6015625,16.169921875,0.0
2023-06-01 19:30:42.704327,25.290000915527344,85921.53125,16.1708984375,0.0
2023-06-01 19:30:43.704968,25.290000915527344,85918.9375,16.1591796875,0.0
2023-06-01 19:30:44.705937,25.299999237060547,85925.609375,16.1708984375,0.0
2023-06-01 19:30:45.706269,25.299999237060547,85922.8671875,16.20703125,0.0
2023-06-01 19:30:46.707676,25.309999465942383,85922.921875,16.20703125,0.0
2023-06-01 19:30:47.708787,25.299999237060547,85920.875,16.171875,0.0
2023-06-01 19:30:48.709125,25.299999237060547,85919.71875,16.1357421875,0.0
2023-06-01 19:30:49.710630,25.309999465942383,85920.765625,16.1123046875,0.0
2023-06-01 19:30:50.710719,25.309999465942383,85922.734375,16.1123046875,0.0
2023-06-01 19:30:51.712175,25.299999237060547,85921.1484375,16.1357421875,0.0
2023-06-01 19:30:52.712407,25.299999237060547,85924.6953125,16.171875,0.0
2023-06-01 19:30:53.713656,25.329999923706055,85925.6171875,16.1728515625,0.0
2023-06-01 19:30:54.713911,25.329999923706055,85922.828125,16.1484375,0.0
2023-06-01 19:30:55.715261,25.329999923706055,85921.546875,16.13671875,0.0
2023-06-01 19:30:56.715551,25.34000015258789,85921.078125,16.125,0.16189999878406525
2023-06-01 19:30:57.717147,25.31999969482422,85919.71875,16.1123046875,0.16189999878406525
2023-06-01 19:30:58.717128,25.299999237060547,85920.296875,16.1005859375,0.08094999939203262
2023-06-01 19:30:59.718454,25.280000686645508,85921.1171875,16.099609375,0.0
2023-06-01 19:31:00.719742,25.299999237060547,85921.8125,16.1005859375,0.0
2023-06-01 19:31:01.719998,25.290000915527344,85921.890625,16.099609375,0.0
2023-06-01 19:31:02.721704,25.280000686645508,85921.9453125,16.087890625,0.0
2023-06-01 19:31:03.723004,25.25,85922.40625,16.0986328125,0.0
2023-06-01 19:31:04.723109,25.229999542236328,85923.5,16.09765625,0.0
2023-06-01 19:31:05.723458,25.190000534057617,85921.984375,16.1083984375,0.0
2023-06-01 19:31:06.724763,25.15999984741211,85918.7421875,16.130859375,0.08094999939203262
2023-06-01 19:31:07.724767,25.170000076293945,85918.859375,16.1318359375,0.3237999975681305
2023-06-01 19:31:08.726399,25.190000534057617,85920.859375,16.1318359375,0.7285500168800354
2023-06-01 19:31:09.726680,25.190000534057617,85922.6875,16.1435546875,0.5666499733924866
2023-06-01 19:31:10.727651,25.200000762939453,85921.5,16.14453125,0.4047500193119049
2023-06-01 19:31:11.729308,25.209999084472656,85921.75,16.15625,0.24285000562667847
2023-06-01 19:31:12.730571,25.209999084472656,85923.546875,16.15625,0.3237999975681305
2023-06-01 19:31:13.731662,25.209999084472656,85920.5625,16.16796875,0.3237999975681305
2023-06-01 19:31:14.732167,25.219999313354492,85921.8359375,16.1806640625,0.24285000562667847
2023-06-01 19:31:15.733449,25.219999313354492,85921.03125,16.1806640625,0.4047500193119049
2023-06-01 19:31:16.733542,25.219999313354492,85923.9921875,16.1806640625,0.3237999975681305
2023-06-01 19:31:17.735415,25.200000762939453,85922.1875,16.16796875,0.3237999975681305
2023-06-01 19:31:18.735385,25.219999313354492,85920.84375,16.1806640625,0.24285000562667847
2023-06-01 19:31:19.736499,25.239999771118164,85921.59375,16.1923828125,0.08094999939203262
2023-06-01 19:31:20.737167,25.239999771118164,85920.828125,16.193359375,0.0
2023-06-01 19:31:21.738200,25.229999542236328,85922.640625,16.1806640625,0.0
2023-06-01 19:31:22.738747,25.209999084472656,85922.25,16.1796875,0.0
2023-06-01 19:31:23.739953,25.209999084472656,85922.71875,16.15625,0.0
2023-06-01 19:31:24.740316,25.209999084472656,85922.25,16.14453125,0.0
2023-06-01 19:31:25.741553,25.209999084472656,85921.21875,16.14453125,0.0
2023-06-01 19:31:26.742924,25.219999313354492,85923.0859375,16.1572265625,0.0
2023-06-01 19:31:27.742994,25.229999542236328,85920.3203125,16.1572265625,0.0
2023-06-01 19:31:28.744489,25.239999771118164,85921.5625,16.1572265625,0.0
2023-06-01 19:31:29.745030,25.239999771118164,85922.890625,16.1455078125,0.0
2023-06-01 19:31:30.746185,25.219999313354492,85923.0546875,16.1328125,0.0
2023-06-01 19:31:31.746744,25.209999084472656,85922.578125,16.1328125,0.24285000562667847
2023-06-01 19:31:32.748256,25.200000762939453,85924.3203125,16.1318359375,0.3237999975681305
2023-06-01 19:31:33.748510,25.190000534057617,85923.734375,16.14453125,0.4047500193119049
2023-06-01 19:31:34.749937,25.209999084472656,85923.765625,16.15625,0.3237999975681305
2023-06-01 19:31:35.749849,25.200000762939453,85920.359375,16.16796875,0.4047500193119049
2023-06-01 19:31:36.751400,25.200000762939453,85919.8359375,16.15625,0.4047500193119049
2023-06-01 19:31:37.751782,25.190000534057617,85920.390625,16.1552734375,0.3237999975681305
2023-06-01 19:31:38.753022,25.170000076293945,85920.9296875,16.1669921875,0.16189999878406525
2023-06-01 19:31:39.754195,25.149999618530273,85923.90625,16.166015625,0.16189999878406525
2023-06-01 19:31:40.754575,25.139999389648438,85922.40625,16.177734375,0.0
2023-06-01 19:31:41.756134,25.149999618530273,85923.359375,16.189453125,0.08094999939203262
2023-06-01 19:31:42.756343,25.149999618530273,85923.1875,16.177734375,0.0
2023-06-01 19:31:43.758054,25.139999389648438,85923.078125,16.189453125,0.08094999939203262
2023-06-01 19:31:44.757509,25.1200008392334,85920.578125,16.1884765625,0.0
2023-06-01 19:31:45.759109,25.110000610351562,85920.125,16.3662109375,0.08094999939203262
2023-06-01 19:31:46.759141,25.139999389648438,85923.625,16.6513671875,0.08094999939203262
2023-06-01 19:31:47.760409,25.110000610351562,85921.0390625,16.4716796875,0.0
2023-06-01 19:31:48.760751,25.110000610351562,85921.625,16.353515625,0.0
2023-06-01 19:31:49.761930,25.1200008392334,85920.109375,16.3076171875,0.0
2023-06-01 19:31:50.763633,25.139999389648438,85921.078125,16.2958984375,0.0
2023-06-01 19:31:51.764724,25.139999389648438,85919.1171875,16.2958984375,0.0
2023-06-01 19:31:52.766101,25.1200008392334,85921.9375,16.271484375,0.0
2023-06-01 19:31:53.766450,25.100000381469727,85920.1796875,16.2587890625,0.0
2023-06-01 19:31:54.767895,25.100000381469727,85919.8203125,16.2587890625,0.08094999939203262
2023-06-01 19:31:55.768124,25.1200008392334,85920.328125,16.248046875,0.0
2023-06-01 19:31:56.769577,25.110000610351562,85921.125,16.2470703125,0.0
2023-06-01 19:31:57.769792,25.09000015258789,85921.5,16.2353515625,0.16189999878406525
2023-06-01 19:31:58.771048,25.06999969482422,85919.578125,16.234375,0.16189999878406525
2023-06-01 19:31:59.771373,25.059999465942383,85918.390625,16.2216796875,0.08094999939203262
2023-06-01 19:32:00.772686,25.079999923706055,85919.703125,16.24609375,0.0
2023-06-01 19:32:01.772778,25.079999923706055,85919.453125,16.234375,0.0
2023-06-01 19:32:02.774408,25.09000015258789,85922.96875,16.24609375,0.0
2023-06-01 19:32:03.774723,25.09000015258789,85920.9765625,16.2705078125,0.0
2023-06-01 19:32:04.775723,25.100000381469727,85922.453125,16.294921875,0.0
2023-06-01 19:32:05.777204,25.100000381469727,85920.6796875,16.294921875,0.0
2023-06-01 19:32:06.777564,25.110000610351562,85923.6171875,16.294921875,0.0
2023-06-01 19:32:07.778559,25.1200008392334,85920.2421875,16.3076171875,0.0
2023-06-01 19:32:08.779062,25.100000381469727,85920.8125,16.2587890625,0.08094999939203262
2023-06-01 19:32:09.780629,25.079999923706055,85922.6875,16.234375,0.0
2023-06-01 19:32:10.780675,25.09000015258789,85922.0625,16.22265625,0.0
2023-06-01 19:32:11.781986,25.100000381469727,85921.171875,16.2470703125,0.0
2023-06-01 19:32:12.782382,25.100000381469727,85918.65625,16.2587890625,0.0
2023-06-01 19:32:13.783723,25.1200008392334,85920.4921875,16.259765625,0.0
2023-06-01 19:32:14.784113,25.110000610351562,85918.578125,16.2587890625,0.0
2023-06-01 19:32:15.785233,25.100000381469727,85917.96875,16.2470703125,0.0
2023-06-01 19:32:16.785889,25.110000610351562,85919.7109375,16.2587890625,0.0
2023-06-01 19:32:17.786969,25.110000610351562,85917.28125,16.2587890625,0.08094999939203262
2023-06-01 19:32:18.788087,25.110000610351562,85921.09375,16.2470703125,0.0
2023-06-01 19:32:19.788313,25.09000015258789,85919.5390625,16.2353515625,0.0
2023-06-01 19:32:20.789725,25.100000381469727,85920.1796875,16.2587890625,0.0
2023-06-01 19:32:21.789778,25.1200008392334,85921.015625,16.248046875,0.0
2023-06-01 19:32:22.791464,25.1200008392334,85920.6875,16.248046875,0.0
2023-06-01 19:32:23.791768,25.079999923706055,85921.390625,16.234375,0.0
2023-06-01 19:32:24.793058,25.040000915527344,85918.265625,16.2451171875,0.0
2023-06-01 19:32:25.793254,25.040000915527344,85920.734375,16.2568359375,0.0
2023-06-01 19:32:26.794961,25.049999237060547,85919.078125,16.2685546875,0.0
2023-06-01 19:32:27.795089,25.049999237060547,85919.1328125,16.29296875,0.0
2023-06-01 19:32:28.796217,25.06999969482422,85918.75,16.31640625,0.0
2023-06-01 19:32:29.797759,25.059999465942383,85920.015625,16.3642578125,0.0
2023-06-01 19:32:30.798898,25.059999465942383,85923.171875,16.3642578125,0.0
2023-06-01 19:32:31.800334,25.059999465942383,85922.5390625,16.3525390625,0.0
2023-06-01 19:32:32.800834,25.06999969482422,85922.765625,16.3759765625,0.0
2023-06-01 19:32:33.802035,25.06999969482422,85923.0625,16.3994140625,0.08094999939203262
2023-06-01 19:32:34.802798,25.059999465942383,85920.71875,16.4111328125,0.08094999939203262
2023-06-01 19:32:35.803794,25.049999237060547,85920.2109375,16.38671875,0.16189999878406525
2023-06-01 19:32:36.804283,25.049999237060547,85921.625,16.3759765625,0.5666499733924866
2023-06-01 19:32:37.805039,25.06999969482422,85924.0625,16.3994140625,0.48570001125335693
2023-06-01 19:32:38.805685,25.049999237060547,85919.296875,16.3876953125,0.4047500193119049
2023-06-01 19:32:39.807196,25.049999237060547,85920.4609375,16.4228515625,0.24285000562667847
2023-06-01 19:32:40.807066,25.040000915527344,85920.5625,16.38671875,0.08094999939203262
2023-06-01 19:32:41.808621,25.040000915527344,85921.0625,16.3515625,0.08094999939203262
2023-06-01 19:32:42.808891,25.030000686645508,85922.03125,16.3515625,0.08094999939203262
2023-06-01 19:32:43.809934,25.040000915527344,85920.1796875,16.38671875,0.08094999939203262
2023-06-01 19:32:44.811526,25.040000915527344,85921.5078125,16.3994140625,0.16189999878406525
2023-06-01 19:32:45.811749,25.049999237060547,85920.90625,16.3994140625,0.16189999878406525
2023-06-01 19:32:46.813380,25.040000915527344,85923.8046875,16.4111328125,0.0
2023-06-01 19:32:47.813378,25.030000686645508,85923.828125,16.41015625,0.16189999878406525
2023-06-01 19:32:48.681301,0.0,0.0,0.0,0.0
2023-06-01 19:32:48.815029,25.030000686645508,85923.0234375,16.38671875,0.16189999878406525
2023-06-01 19:32:49.815042,25.030000686645508,85921.0,16.375,0.08094999939203262
2023-06-01 19:32:50.816462,25.020000457763672,85923.6875,16.3623046875,0.24285000562667847
2023-06-01 19:32:51.816767,25.030000686645508,85922.40625,16.4453125,0.16189999878406525
2023-06-01 19:32:52.817779,25.040000915527344,85920.4296875,16.5166015625,0.08094999939203262
2023-06-01 19:32:53.818527,25.040000915527344,85923.171875,16.564453125,0.0
2023-06-01 19:32:54.819939,25.030000686645508,85920.640625,16.4931640625,0.0
2023-06-01 19:32:55.819852,25.020000457763672,85922.828125,16.45703125,0.0
2023-06-01 19:32:56.821290,25.020000457763672,85921.1328125,16.421875,0.0
2023-06-01 19:32:57.825145,25.020000457763672,85920.46875,16.421875,0.0
2023-06-01 19:32:58.823042,25.030000686645508,85922.6640625,16.4931640625,0.0
2023-06-01 19:32:59.824341,25.030000686645508,85924.515625,16.5166015625,0.0
2023-06-01 19:33:00.824595,25.040000915527344,85922.96875,16.505859375,0.0
2023-06-01 19:33:01.825672,25.040000915527344,85920.0625,16.4931640625,0.0
2023-06-01 19:33:02.826158,25.040000915527344,85920.265625,16.4931640625,0.0
2023-06-01 19:33:03.827409,25.030000686645508,85919.7578125,16.5048828125,0.0
2023-06-01 19:33:04.827445,25.030000686645508,85922.828125,16.587890625,0.0
2023-06-01 19:33:05.829060,25.030000686645508,85921.640625,16.564453125,0.0
2023-06-01 19:33:06.829322,25.030000686645508,85920.3125,16.4697265625,0.0
2023-06-01 19:33:07.830593,25.040000915527344,85920.8125,16.4462890625,0.0
2023-06-01 19:33:08.831915,25.040000915527344,85920.59375,16.4580078125,0.08094999939203262
2023-06-01 19:33:09.833177,25.040000915527344,85920.8125,16.4345703125,0.0
2023-06-01 19:33:10.834518,25.049999237060547,85920.375,16.564453125,0.08094999939203262
2023-06-01 19:33:11.834973,25.040000915527344,85923.8046875,16.494140625,0.0
2023-06-01 19:33:12.836125,24.979999542236328,85918.90625,16.4208984375,0.0
2023-06-01 19:33:13.836255,24.979999542236328,85918.9375,16.384765625,0.08094999939203262
2023-06-01 19:33:14.837556,25.010000228881836,85918.53125,16.3974609375,0.08094999939203262
2023-06-01 19:33:15.838370,25.0,85921.59375,16.4091796875,0.0
2023-06-01 19:33:16.839303,25.010000228881836,85920.578125,16.4453125,0.0
2023-06-01 19:33:17.839911,25.030000686645508,85922.140625,16.43359375,0.08094999939203262
2023-06-01 19:33:18.841293,25.030000686645508,85922.078125,16.41015625,0.24285000562667847
2023-06-01 19:33:19.841324,25.020000457763672,85922.6875,16.41015625,0.16189999878406525
2023-06-01 19:33:20.842554,25.020000457763672,85917.40625,16.41015625,0.08094999939203262
2023-06-01 19:33:21.843015,25.020000457763672,85922.46875,16.3857421875,0.0
2023-06-01 19:33:22.844252,25.0,85921.265625,16.373046875,0.3237999975681305
2023-06-01 19:33:23.845651,25.020000457763672,85922.125,16.3740234375,0.24285000562667847
2023-06-01 19:33:24.845935,25.0,85919.109375,16.373046875,0.0
2023-06-01 19:33:25.847399,25.0,85923.3125,16.3740234375,0.0
2023-06-01 19:33:26.847537,25.010000228881836,85924.3671875,16.4453125,0.0
2023-06-01 19:33:27.849048,25.0,85921.8984375,16.4677734375,0.0
2023-06-01 19:33:28.234812,0.0,0.0,0.0,0.0
2023-06-01 19:33:28.849404,25.010000228881836,85922.015625,16.6455078125,0.0
2023-06-01 19:33:29.850469,25.010000228881836,85921.9375,16.6943359375,0.0
2023-06-01 19:33:30.850824,25.020000457763672,85922.46875,16.599609375,0.0
2023-06-01 19:33:31.852003,25.040000915527344,85922.5,16.6123046875,0.08094999939203262
2023-06-01 19:33:32.852656,25.06999969482422,85924.453125,16.671875,0.0
2023-06-01 19:33:33.853845,25.079999923706055,85924.1015625,16.7314453125,0.08094999939203262
2023-06-01 19:33:34.853832,25.09000015258789,85922.65625,16.8154296875,0.08094999939203262
2023-06-01 19:33:35.855624,25.079999923706055,85917.9296875,17.1220703125,0.08094999939203262
2023-06-01 19:33:36.856789,25.020000457763672,85913.3359375,16.80078125,0.0
2023-06-01 19:33:37.856819,25.0,85919.828125,16.7646484375,0.08094999939203262
2023-06-01 19:33:38.860897,24.989999771118164,85919.375,16.6806640625,0.0
2023-06-01 19:33:39.858673,24.969999313354492,85922.2734375,16.5849609375,0.08094999939203262
2023-06-01 19:33:40.859947,24.969999313354492,85923.625,16.5615234375,0.0
2023-06-01 19:33:41.860340,25.0,85923.5625,16.5390625,0.0
2023-06-01 19:33:42.861654,25.020000457763672,85924.703125,16.5283203125,0.08094999939203262
2023-06-01 19:33:43.862018,25.010000228881836,85925.2265625,16.5400390625,0.0
2023-06-01 19:33:44.863451,25.010000228881836,85921.9375,16.4931640625,0.0
2023-06-01 19:33:45.863535,25.0,85921.8203125,16.45703125,0.0
2023-06-01 19:33:46.865001,25.010000228881836,85925.03125,16.43359375,0.08094999939203262
2023-06-01 19:33:47.866761,25.020000457763672,85921.6328125,16.43359375,0.0
2023-06-01 19:33:48.867899,25.030000686645508,85917.875,16.4814453125,0.08094999939203262
2023-06-01 19:33:49.868815,25.030000686645508,85917.59375,16.45703125,0.0
2023-06-01 19:33:50.869366,25.030000686645508,85918.59375,16.45703125,0.08094999939203262
2023-06-01 19:33:51.870636,25.040000915527344,85918.328125,16.4697265625,0.0
2023-06-01 19:33:52.870754,25.020000457763672,85920.53125,16.4453125,0.0
2023-06-01 19:33:53.872207,25.020000457763672,85919.8359375,16.4453125,0.08094999939203262
2023-06-01 19:33:54.872312,25.030000686645508,85920.640625,16.421875,0.0
2023-06-01 19:33:55.873670,25.0,85921.4609375,16.3974609375,0.0
2023-06-01 19:33:56.873795,25.0,85919.765625,16.4208984375,0.16189999878406525
2023-06-01 19:33:57.875534,25.010000228881836,85921.4375,16.421875,0.08094999939203262
2023-06-01 19:33:58.876089,25.020000457763672,85917.84375,16.43359375,0.0
2023-06-01 19:33:59.876881,25.030000686645508,85920.921875,16.43359375,0.08094999939203262
2023-06-01 19:34:00.877357,25.010000228881836,85920.90625,16.43359375,0.0
2023-06-01 19:34:01.878585,24.989999771118164,85915.234375,16.4091796875,0.0
2023-06-01 19:34:02.879774,24.959999084472656,85916.796875,16.3955078125,0.08094999939203262
2023-06-01 19:34:03.879985,24.93000030517578,85917.5,16.39453125,0.08094999939203262
2023-06-01 19:34:04.881252,24.920000076293945,85916.4921875,16.41796875,0.0
2023-06-01 19:34:05.881665,24.90999984741211,85921.0546875,16.41796875,0.0
2023-06-01 19:34:06.882888,24.920000076293945,85919.484375,16.41796875,0.0
2023-06-01 19:34:07.883240,24.950000762939453,85916.484375,16.4306640625,0.0
2023-06-01 19:34:08.884754,24.950000762939453,85915.6796875,16.4306640625,0.0
2023-06-01 19:34:09.885104,24.940000534057617,85919.078125,16.4306640625,0.08094999939203262
2023-06-01 19:34:10.886320,24.940000534057617,85916.390625,16.4306640625,0.08094999939203262
2023-06-01 19:34:11.886803,24.950000762939453,85919.859375,16.4306640625,0.16189999878406525
2023-06-01 19:34:12.888206,24.959999084472656,85917.703125,16.431640625,0.0
2023-06-01 19:34:13.888180,24.950000762939453,85920.3828125,16.4306640625,0.16189999878406525
2023-06-01 19:34:14.889487,24.93000030517578,85918.4921875,16.4892578125,0.0
2023-06-01 19:34:15.890979,24.93000030517578,85917.359375,16.4658203125,0.16189999878406525
2023-06-01 19:34:16.038753,0.0,0.0,0.0,0.0
2023-06-01 19:34:16.891138,24.920000076293945,85916.515625,16.44140625,0.08094999939203262
2023-06-01 19:34:17.893209,24.90999984741211,85916.9375,16.4296875,0.0
2023-06-01 19:34:18.892925,24.920000076293945,85918.1875,16.5009765625,0.08094999939203262
2023-06-01 19:34:19.893968,24.920000076293945,85918.2109375,16.5126953125,0.0
2023-06-01 19:34:20.897657,24.920000076293945,85917.90625,16.5361328125,0.08094999939203262
2023-06-01 19:34:21.896073,24.920000076293945,85918.703125,16.5244140625,0.08094999939203262
2023-06-01 19:34:22.896374,24.93000030517578,85919.125,16.525390625,0.08094999939203262
2023-06-01 19:34:23.897677,24.93000030517578,85918.765625,16.537109375,0.16189999878406525
2023-06-01 19:34:24.897953,24.950000762939453,85919.296875,16.537109375,0.08094999939203262
2023-06-01 19:34:25.898962,24.950000762939453,85917.5,16.513671875,0.08094999939203262
2023-06-01 19:34:26.900770,24.959999084472656,85918.5859375,16.478515625,0.08094999939203262
2023-06-01 19:34:27.904138,24.940000534057617,85917.75,16.466796875,0.0
2023-06-01 19:34:28.903021,24.940000534057617,85917.578125,16.4541015625,0.08094999939203262
2023-06-01 19:34:29.903723,24.950000762939453,85917.0078125,16.4423828125,0.4047500193119049
2023-06-01 19:34:30.904686,24.969999313354492,85918.125,16.431640625,0.24285000562667847
2023-06-01 19:34:31.905045,24.989999771118164,85918.8828125,16.50390625,0.16189999878406525
2023-06-01 19:34:32.906517,25.020000457763672,85920.03125,16.5400390625,0.0
2023-06-01 19:34:33.906684,25.030000686645508,85917.1015625,16.611328125,0.08094999939203262
2023-06-01 19:34:34.907635,25.040000915527344,85919.8984375,16.587890625,0.0
2023-06-01 19:34:35.908178,25.049999237060547,85918.21875,16.564453125,0.0
2023-06-01 19:34:36.909479,25.059999465942383,85920.359375,16.505859375,0.08094999939203262
2023-06-01 19:34:37.909719,25.06999969482422,85918.5859375,16.447265625,0.0
2023-06-01 19:34:38.911287,25.06999969482422,85919.671875,16.400390625,0.0
2023-06-01 19:34:39.911452,25.049999237060547,85921.2890625,16.3759765625,0.0
2023-06-01 19:34:40.912548,25.030000686645508,85921.96875,16.375,0.48570001125335693
2023-06-01 19:34:41.913988,25.030000686645508,85919.84375,16.375,0.8095000386238098
2023-06-01 19:34:42.313670,0.0,0.0,0.0,0.0
2023-06-01 19:34:42.914062,25.049999237060547,85919.9375,16.3515625,0.647599995136261
2023-06-01 19:34:43.915711,25.079999923706055,85918.625,16.365234375,0.4047500193119049
2023-06-01 19:34:44.915949,25.110000610351562,85922.203125,16.4130859375,0.5666499733924866
2023-06-01 19:34:45.917589,25.1200008392334,85921.765625,16.44921875,0.48570001125335693
2023-06-01 19:34:46.917644,25.110000610351562,85919.4375,16.4130859375,0.48570001125335693
2023-06-01 19:34:47.919379,25.1299991607666,85922.375,16.4375,0.48570001125335693
2023-06-01 19:34:48.919445,25.139999389648438,85921.0,16.521484375,0.48570001125335693
2023-06-01 19:34:49.920362,25.170000076293945,85920.09375,16.6044921875,0.4047500193119049
2023-06-01 19:34:50.920936,25.18000030517578,85918.78125,16.5693359375,0.4047500193119049
2023-06-01 19:34:51.922108,25.190000534057617,85918.8359375,16.4638671875,0.7285500168800354
2023-06-01 19:34:52.922120,25.209999084472656,85920.71875,16.4521484375,1.1332999467849731
2023-06-01 19:34:53.924081,25.229999542236328,85921.28125,16.453125,1.2142499685287476
2023-06-01 19:34:54.928642,25.25,85920.6875,16.4658203125,0.0
2023-06-01 19:34:55.925239,25.25,85918.859375,16.5009765625,0.8095000386238098
2023-06-01 19:34:56.926879,25.260000228881836,85919.2265625,16.513671875,0.5666499733924866
2023-06-01 19:34:57.927232,25.270000457763672,85920.109375,16.5732421875,0.3237999975681305
2023-06-01 19:34:58.928054,25.270000457763672,85918.125,16.6083984375,0.3237999975681305
2023-06-01 19:34:59.928501,25.270000457763672,85920.140625,16.501953125,0.08094999939203262
2023-06-01 19:35:00.929712,25.260000228881836,85919.03125,16.4423828125,0.0
2023-06-01 19:35:01.929850,25.280000686645508,85923.40625,16.478515625,0.0
2023-06-01 19:35:02.931512,25.290000915527344,85920.5625,16.5615234375,0.0
2023-06-01 19:35:03.931730,25.299999237060547,85919.484375,16.609375,0.0
2023-06-01 19:35:04.933038,25.299999237060547,85921.375,16.5390625,0.0
2023-06-01 19:35:05.934521,25.309999465942383,85919.078125,16.4794921875,0.4047500193119049
2023-06-01 19:35:06.935676,25.31999969482422,85922.34375,16.4921875,0.24285000562667847
2023-06-01 19:35:07.936807,25.31999969482422,85920.8515625,16.716796875,0.08094999939203262
2023-06-01 19:35:08.937313,25.34000015258789,85920.25,16.7294921875,0.0
2023-06-01 19:35:09.939033,25.34000015258789,85923.734375,16.7412109375,0.0
2023-06-01 19:35:10.938749,25.31999969482422,85922.765625,16.6103515625,0.08094999939203262
2023-06-01 19:35:11.939965,25.31999969482422,85922.84375,16.515625,0.16189999878406525
2023-06-01 19:35:12.940404,25.309999465942383,85922.984375,16.4560546875,0.08094999939203262
2023-06-01 19:35:13.941470,25.31999969482422,85921.734375,16.4208984375,0.08094999939203262
2023-06-01 19:35:14.941693,25.34000015258789,85923.1015625,16.4208984375,0.08094999939203262
2023-06-01 19:35:15.943284,25.329999923706055,85925.203125,16.3505859375,0.0
2023-06-01 19:35:16.943486,25.350000381469727,85923.546875,16.3271484375,0.0
2023-06-01 19:35:17.946175,25.350000381469727,85925.546875,16.3271484375,0.08094999939203262
2023-06-01 19:35:18.945648,25.360000610351562,85926.6875,16.4345703125,0.08094999939203262
2023-06-01 19:35:19.947167,25.350000381469727,85922.25,16.375,0.0
2023-06-01 19:35:20.948022,25.350000381469727,85923.71875,16.3154296875,0.08094999939203262
2023-06-01 19:35:21.948462,25.360000610351562,85922.9453125,16.4345703125,0.08094999939203262
2023-06-01 19:35:22.949724,25.360000610351562,85925.1875,16.8134765625,0.0
2023-06-01 19:35:23.949887,25.350000381469727,85922.890625,16.6708984375,0.0
2023-06-01 19:35:24.951279,25.34000015258789,85925.125,16.576171875,0.0
2023-06-01 19:35:25.951415,25.34000015258789,85922.65625,16.634765625,0.0
2023-06-01 19:35:26.952987,25.350000381469727,85921.390625,16.6708984375,0.08094999939203262
2023-06-01 19:35:27.953226,25.360000610351562,85923.1953125,16.564453125,0.0
2023-06-01 19:35:28.954393,25.3799991607666,85922.8671875,16.4345703125,0.08094999939203262
2023-06-01 19:35:29.954709,25.3700008392334,85922.421875,16.36328125,0.0
2023-06-01 19:35:30.956201,25.350000381469727,85923.0546875,16.3271484375,0.0
2023-06-01 19:35:31.956528,25.3700008392334,85923.640625,16.328125,0.08094999939203262
2023-06-01 19:35:32.957913,25.3700008392334,85922.4765625,16.2802734375,0.24285000562667847
2023-06-01 19:35:33.958700,25.3700008392334,85920.3203125,16.2568359375,0.16189999878406525
2023-06-01 19:35:34.959157,25.329999923706055,85921.0234375,16.2314453125,0.08094999939203262
2023-06-01 19:35:35.960670,25.290000915527344,85922.390625,16.2421875,0.16189999878406525
2023-06-01 19:35:36.960864,25.309999465942383,85923.953125,16.23046875,0.24285000562667847
2023-06-01 19:35:37.962399,25.329999923706055,85920.171875,16.2314453125,0.08094999939203262
2023-06-01 19:35:38.962410,25.329999923706055,85923.546875,16.3974609375,0.08094999939203262
2023-06-01 19:35:39.963870,25.329999923706055,85922.21875,16.82421875,0.0
2023-06-01 19:35:40.964169,25.329999923706055,85923.453125,16.9072265625,0.0
2023-06-01 19:35:41.965507,25.31999969482422,85923.09375,16.9541015625,0.0
2023-06-01 19:35:42.965699,25.329999923706055,85924.125,16.658203125,0.08094999939203262
2023-06-01 19:35:43.966924,25.309999465942383,85923.484375,16.91796875,0.0
2023-06-01 19:35:44.663974,0.0,0.0,0.0,0.0
2023-06-01 19:35:44.968144,25.31999969482422,85924.203125,16.89453125,0.08094999939203262
2023-06-01 19:35:45.969653,25.31999969482422,85921.375,16.6337890625,0.0
2023-06-01 19:35:46.970809,25.31999969482422,85921.2421875,16.5517578125,0.0
2023-06-01 19:35:47.971357,25.329999923706055,85924.1796875,16.4453125,0.0
2023-06-01 19:35:48.972580,25.34000015258789,85922.5,16.41015625,0.08094999939203262
2023-06-01 19:35:49.972681,25.329999923706055,85921.828125,16.3740234375,0.08094999939203262
2023-06-01 19:35:50.974062,25.350000381469727,85923.21875,16.3984375,0.0
2023-06-01 19:35:51.974527,25.360000610351562,85921.890625,16.3984375,0.0
2023-06-01 19:35:52.975710,25.3700008392334,85922.171875,16.36328125,0.0
2023-06-01 19:35:53.976322,25.360000610351562,85922.390625,16.33984375,0.0
2023-06-01 19:35:54.977439,25.360000610351562,85922.3359375,16.2919921875,0.0
2023-06-01 19:35:55.977504,25.3700008392334,85920.625,16.2802734375,0.0
2023-06-01 19:35:56.979213,25.3700008392334,85921.015625,16.2451171875,0.0
2023-06-01 19:35:57.981430,25.3700008392334,85919.796875,16.2568359375,0.0
2023-06-01 19:35:58.980382,25.3799991607666,85920.765625,16.24609375,0.0
2023-06-01 19:35:59.981675,25.389999389648438,85921.90625,16.2099609375,0.0
2023-06-01 19:36:00.981775,25.399999618530273,85922.296875,16.1982421875,0.24285000562667847
2023-06-01 19:36:01.983206,25.399999618530273,85919.109375,16.1865234375,0.0
2023-06-01 19:36:02.983749,25.389999389648438,85923.015625,16.1630859375,0.0
2023-06-01 19:36:03.985103,25.389999389648438,85922.6796875,16.138671875,0.0
2023-06-01 19:36:04.985132,25.399999618530273,85923.1875,16.1630859375,0.16189999878406525
2023-06-01 19:36:05.986610,25.420000076293945,85922.9921875,16.2822265625,0.0
2023-06-01 19:36:06.986813,25.43000030517578,85921.0,16.2353515625,0.0
2023-06-01 19:36:07.988124,25.43000030517578,85922.46875,16.2353515625,0.16189999878406525
2023-06-01 19:36:08.988927,25.43000030517578,85922.3125,16.318359375,0.08094999939203262
2023-06-01 19:36:09.989773,25.43000030517578,85920.8671875,16.330078125,0.08094999939203262
2023-06-01 19:36:10.989835,25.440000534057617,85922.640625,16.3427734375,0.0
2023-06-01 19:36:11.991518,25.440000534057617,85923.578125,16.283203125,0.0
2023-06-01 19:36:12.992637,25.440000534057617,85921.2578125,16.2353515625,0.0
2023-06-01 19:36:13.992978,25.479999542236328,85926.03125,16.201171875,0.08094999939203262
2023-06-01 19:36:14.994558,25.469999313354492,85924.75,16.177734375,0.08094999939203262
2023-06-01 19:36:15.994967,25.43000030517578,85924.6015625,16.15234375,0.08094999939203262
2023-06-01 19:36:16.996007,25.40999984741211,85922.71875,16.1396484375,0.0
2023-06-01 19:36:17.996396,25.40999984741211,85923.4375,16.1396484375,0.0
2023-06-01 19:36:18.997821,25.399999618530273,85923.7890625,16.1748046875,0.0
2023-06-01 19:36:19.997800,25.3700008392334,85923.0625,16.2451171875,0.0
2023-06-01 19:36:20.999424,25.360000610351562,85921.03125,16.220703125,0.08094999939203262
2023-06-01 19:36:21.999519,25.399999618530273,85923.1875,16.234375,0.08094999939203262
2023-06-01 19:36:23.000729,25.40999984741211,85921.140625,16.2587890625,0.08094999939203262
2023-06-01 19:36:24.002329,25.420000076293945,85922.6875,16.2470703125,0.0
2023-06-01 19:36:25.003622,25.43000030517578,85924.96875,16.2119140625,0.08094999939203262
2023-06-01 19:36:26.004681,25.440000534057617,85923.171875,16.1767578125,0.0
2023-06-01 19:36:27.005032,25.469999313354492,85920.796875,16.1416015625,0.08094999939203262
2023-06-01 19:36:28.007923,25.489999771118164,85924.3203125,16.130859375,0.16189999878406525
2023-06-01 19:36:29.007755,25.5,85923.078125,16.119140625,0.24285000562667847
2023-06-01 19:36:30.007995,25.510000228881836,85924.078125,16.1201171875,0.16189999878406525
2023-06-01 19:36:31.008305,25.489999771118164,85922.6875,16.130859375,0.0
2023-06-01 19:36:32.009535,25.469999313354492,85923.515625,16.142578125,0.08094999939203262
2023-06-01 19:36:33.009858,25.5,85924.765625,16.2255859375,0.0
2023-06-01 19:36:34.011374,25.520000457763672,85923.1953125,16.3212890625,0.16189999878406525
2023-06-01 19:36:35.011435,25.510000228881836,85925.515625,16.28515625,0.0
2023-06-01 19:36:36.012940,25.520000457763672,85921.671875,16.23828125,0.0
2023-06-01 19:36:37.013282,25.530000686645508,85923.3125,16.19140625,0.0
2023-06-01 19:36:38.014496,25.549999237060547,85925.53125,16.2158203125,0.16189999878406525
2023-06-01 19:36:39.015938,25.559999465942383,85924.0390625,16.39453125,0.08094999939203262
2023-06-01 19:36:40.016482,25.56999969482422,85920.9375,16.2880859375,0.24285000562667847
2023-06-01 19:36:41.017403,25.579999923706055,85922.71875,16.251953125,0.48570001125335693
2023-06-01 19:36:42.017790,25.59000015258789,85923.328125,16.2529296875,0.08094999939203262
2023-06-01 19:36:43.019174,25.59000015258789,85923.7421875,16.2529296875,0.0
2023-06-01 19:36:44.019172,25.600000381469727,85923.5,16.2294921875,0.08094999939203262
2023-06-01 19:36:45.020570,25.610000610351562,85924.0546875,16.1943359375,0.0
2023-06-01 19:36:46.020871,25.600000381469727,85924.859375,16.1826171875,0.0
2023-06-01 19:36:47.022053,25.610000610351562,85925.609375,16.1826171875,0.08094999939203262
2023-06-01 19:36:48.022565,25.639999389648438,85921.9296875,16.18359375,0.08094999939203262
2023-06-01 19:36:49.023982,25.649999618530273,85924.4765625,16.1484375,0.0
2023-06-01 19:36:50.024053,25.6299991607666,85921.78125,16.1005859375,0.0
2023-06-01 19:36:51.025267,25.600000381469727,85922.7734375,16.0634765625,0.08094999939203262
2023-06-01 19:36:52.026959,25.600000381469727,85924.9375,16.0751953125,0.08094999939203262
2023-06-01 19:36:53.026932,25.56999969482422,85923.765625,16.09765625,0.08094999939203262
2023-06-01 19:36:54.028308,25.530000686645508,85926.1875,16.0849609375,0.0
2023-06-01 19:36:55.028696,25.540000915527344,85924.453125,16.0615234375,0.0
2023-06-01 19:36:56.029762,25.549999237060547,85923.0078125,16.0849609375,0.08094999939203262
2023-06-01 19:36:57.030066,25.56999969482422,85924.5625,16.1455078125,0.0
2023-06-01 19:36:58.031902,25.579999923706055,85923.1875,16.1572265625,0.0
2023-06-01 19:36:59.031858,25.56999969482422,85923.484375,16.2763671875,0.08094999939203262
2023-06-01 19:37:00.033179,25.579999923706055,85924.6796875,16.41796875,0.0
2023-06-01 19:37:01.033488,25.56999969482422,85923.765625,16.3115234375,0.3237999975681305
2023-06-01 19:37:02.034545,25.549999237060547,85924.7265625,16.2392578125,0.08094999939203262
2023-06-01 19:37:03.036151,25.510000228881836,85925.9375,16.1318359375,0.0
2023-06-01 19:37:04.037496,25.5,85926.2578125,16.107421875,0.08094999939203262
2023-06-01 19:37:05.038820,25.520000457763672,85926.078125,16.1201171875,0.08094999939203262
2023-06-01 19:37:06.039056,25.540000915527344,85925.8828125,16.1796875,0.16189999878406525
2023-06-01 19:37:07.040315,25.520000457763672,85925.15625,16.1083984375,0.5666499733924866
2023-06-01 19:37:08.040461,25.520000457763672,85923.5234375,16.1318359375,0.48570001125335693
2023-06-01 19:37:09.041828,25.530000686645508,85923.28125,16.369140625,0.4047500193119049
2023-06-01 19:37:10.042078,25.540000915527344,85925.9140625,16.83203125,0.48570001125335693
2023-06-01 19:37:11.043196,25.549999237060547,85923.171875,18.69140625,0.4047500193119049
2023-06-01 19:37:12.043810,25.549999237060547,85923.53125,18.64453125,0.24285000562667847
2023-06-01 19:37:13.045192,25.549999237060547,85923.03125,17.875,0.08094999939203262
2023-06-01 19:37:14.045368,25.540000915527344,85923.8125,17.1162109375,0.0
2023-06-01 19:37:15.046831,25.530000686645508,85924.53125,16.7958984375,0.0
2023-06-01 19:37:16.047384,25.530000686645508,85925.2734375,16.6416015625,0.08094999939203262
2023-06-01 19:37:17.048778,25.520000457763672,85924.21875,16.5107421875,0.16189999878406525
2023-06-01 19:37:18.049699,25.530000686645508,85922.671875,16.48828125,0.16189999878406525
2023-06-01 19:37:19.049718,25.540000915527344,85924.640625,16.5712890625,0.16189999878406525
2023-06-01 19:37:20.051204,25.559999465942383,85922.125,16.5478515625,0.16189999878406525
2023-06-01 19:37:21.051689,25.549999237060547,85924.921875,16.4765625,0.08094999939203262
2023-06-01 19:37:22.052892,25.549999237060547,85922.4296875,16.453125,0.08094999939203262
2023-06-01 19:37:23.053032,25.559999465942383,85922.953125,16.46484375,0.0
2023-06-01 19:37:24.054448,25.530000686645508,85923.8125,16.380859375,0.0
2023-06-01 19:37:25.054871,25.530000686645508,85920.375,16.3935546875,0.0
2023-06-01 19:37:26.055935,25.540000915527344,85922.59375,16.3701171875,0.3237999975681305
2023-06-01 19:37:27.056527,25.530000686645508,85924.1953125,16.4052734375,0.16189999878406525
2023-06-01 19:37:28.057711,25.520000457763672,85924.75,16.3212890625,0.0
2023-06-01 19:37:29.057794,25.510000228881836,85924.109375,16.2265625,0.0
2023-06-01 19:37:30.059373,25.479999542236328,85923.7890625,16.166015625,0.08094999939203262
2023-06-01 19:37:31.060902,25.489999771118164,85925.6484375,16.1669921875,0.08094999939203262
2023-06-01 19:37:32.061100,25.489999771118164,85924.484375,16.1669921875,0.08094999939203262
2023-06-01 19:37:33.062401,25.469999313354492,85925.8125,16.1298828125,0.08094999939203262
2023-06-01 19:37:34.062570,25.459999084472656,85922.703125,16.1416015625,0.16189999878406525
2023-06-01 19:37:35.063658,25.43000030517578,85924.0234375,16.15234375,0.24285000562667847
2023-06-01 19:37:36.064813,25.440000534057617,85926.65625,16.15234375,0.16189999878406525
2023-06-01 19:37:37.065540,25.440000534057617,85924.609375,16.1171875,0.08094999939203262
2023-06-01 19:37:38.065676,25.450000762939453,85925.6875,16.1171875,0.0
2023-06-01 19:37:38.293860,0.0,0.0,0.0,0.0
2023-06-01 19:37:39.067292,25.459999084472656,85924.171875,16.1884765625,0.0
2023-06-01 19:37:40.067476,25.459999084472656,85924.703125,16.224609375,0.0
2023-06-01 19:37:41.068803,25.459999084472656,85923.890625,16.212890625,0.08094999939203262
2023-06-01 19:37:42.069923,25.469999313354492,85923.78125,16.224609375,0.08094999939203262
2023-06-01 19:37:43.071341,25.459999084472656,85925.03125,16.2724609375,0.0
2023-06-01 19:37:44.072488,25.459999084472656,85926.1953125,16.3310546875,0.0
2023-06-01 19:37:45.072961,25.469999313354492,85921.984375,16.4736328125,0.0
2023-06-01 19:37:46.074606,25.489999771118164,85925.484375,16.486328125,0.0
2023-06-01 19:37:47.074448,25.479999542236328,85924.8984375,16.4267578125,0.0
2023-06-01 19:37:48.075960,25.479999542236328,85924.8671875,16.34375,0.08094999939203262
2023-06-01 19:37:49.076164,25.469999313354492,85924.3125,16.2724609375,0.08094999939203262
2023-06-01 19:37:50.077095,25.459999084472656,85926.0,16.259765625,0.08094999939203262
2023-06-01 19:37:51.077665,25.450000762939453,85923.75,16.248046875,0.16189999878406525
2023-06-01 19:37:52.079157,25.450000762939453,85922.921875,16.271484375,0.08094999939203262
2023-06-01 19:37:53.082041,25.459999084472656,85922.3984375,16.3193359375,0.0
2023-06-01 19:37:54.080529,25.469999313354492,85924.8125,16.4619140625,0.08094999939203262
2023-06-01 19:37:55.080924,25.469999313354492,85924.921875,16.580078125,0.16189999878406525
2023-06-01 19:37:56.082143,25.469999313354492,85925.5859375,16.4267578125,0.24285000562667847
2023-06-01 19:37:57.083699,25.469999313354492,85924.9765625,16.3310546875,0.16189999878406525
2023-06-01 19:37:58.083802,25.459999084472656,85924.3359375,16.2958984375,0.0
2023-06-01 19:37:59.085380,25.459999084472656,85924.140625,16.2958984375,0.0
2023-06-01 19:38:00.085485,25.459999084472656,85924.671875,16.3310546875,0.0
2023-06-01 19:38:01.086929,25.450000762939453,85920.9296875,16.283203125,0.0
2023-06-01 19:38:02.087247,25.459999084472656,85925.1953125,16.2841796875,0.0
2023-06-01 19:38:03.088433,25.450000762939453,85924.609375,16.271484375,0.08094999939203262
2023-06-01 19:38:04.088665,25.459999084472656,85924.96875,16.3427734375,0.16189999878406525
2023-06-01 19:38:05.090360,25.459999084472656,85925.1953125,16.4267578125,0.4047500193119049
2023-06-01 19:38:06.090423,25.469999313354492,85924.921875,16.4619140625,0.4047500193119049
2023-06-01 19:38:07.091694,25.450000762939453,85925.609375,16.3310546875,0.48570001125335693
2023-06-01 19:38:08.092255,25.440000534057617,85927.15625,16.3544921875,0.4047500193119049
2023-06-01 19:38:09.093187,25.440000534057617,85926.4609375,16.44921875,0.3237999975681305
2023-06-01 19:38:10.094672,25.440000534057617,85923.609375,16.318359375,0.24285000562667847
2023-06-01 19:38:11.094782,25.440000534057617,85921.78125,16.318359375,0.24285000562667847
2023-06-01 19:38:12.096150,25.450000762939453,85921.0625,16.3427734375,0.3237999975681305
2023-06-01 19:38:13.096692,25.450000762939453,85925.4140625,16.3193359375,0.08094999939203262
2023-06-01 19:38:14.097892,25.440000534057617,85923.75,16.248046875,0.0
2023-06-01 19:38:15.098057,25.43000030517578,85923.03125,16.248046875,0.0
2023-06-01 19:38:16.099402,25.43000030517578,85920.6171875,16.365234375,0.08094999939203262
2023-06-01 19:38:16.207187,0.0,0.0,0.0,0.0
2023-06-01 19:38:17.099738,25.420000076293945,85921.0625,16.388671875,0.08094999939203262
2023-06-01 19:38:18.100891,25.440000534057617,85921.0078125,16.47265625,0.0
2023-06-01 19:38:19.101245,25.43000030517578,85922.8046875,16.3779296875,0.08094999939203262
2023-06-01 19:38:20.102480,25.450000762939453,85927.7109375,16.3193359375,0.24285000562667847
2023-06-01 19:38:21.103974,25.43000030517578,85922.609375,16.2705078125,0.24285000562667847
2023-06-01 19:38:22.105132,25.399999618530273,85924.984375,16.234375,0.08094999939203262
2023-06-01 19:38:23.106403,25.3700008392334,85922.421875,16.197265625,0.0
2023-06-01 19:38:24.107006,25.360000610351562,85922.7265625,16.185546875,0.0
2023-06-01 19:38:25.108350,25.360000610351562,85923.1640625,16.173828125,0.0
2023-06-01 19:38:26.108740,25.350000381469727,85925.84375,16.185546875,0.0
2023-06-01 19:38:27.109851,25.34000015258789,85923.796875,16.2080078125,0.0
2023-06-01 19:38:28.109960,25.329999923706055,85921.8828125,16.2080078125,0.0
2023-06-01 19:38:29.111281,25.34000015258789,85922.1640625,16.244140625,0.08094999939203262
2023-06-01 19:38:30.111682,25.350000381469727,85924.078125,16.2919921875,0.0
2023-06-01 19:38:31.113038,25.350000381469727,85920.2578125,16.2919921875,0.08094999939203262
2023-06-01 19:38:32.115742,25.360000610351562,85922.6640625,16.3154296875,0.0
2023-06-01 19:38:33.114622,25.360000610351562,85922.3359375,16.375,0.24285000562667847
2023-06-01 19:38:34.114806,25.350000381469727,85920.421875,16.41015625,0.16189999878406525
2023-06-01 19:38:35.116239,25.350000381469727,85920.421875,16.41015625,0.0
2023-06-01 19:38:36.117696,25.3700008392334,85922.28125,16.38671875,0.0
2023-06-01 19:38:37.117895,25.3700008392334,85923.28125,16.375,0.0
2023-06-01 19:38:38.119112,25.350000381469727,85922.578125,16.3271484375,0.16189999878406525
2023-06-01 19:38:39.119457,25.34000015258789,85924.234375,16.279296875,0.48570001125335693
2023-06-01 19:38:40.120760,25.31999969482422,85924.171875,16.2548828125,0.8904500007629395
2023-06-01 19:38:41.121150,25.34000015258789,85923.625,16.267578125,0.7285500168800354
2023-06-01 19:38:42.123414,25.350000381469727,85923.359375,16.3505859375,0.24285000562667847
2023-06-01 19:38:43.122734,25.360000610351562,85924.328125,16.41015625,0.08094999939203262
2023-06-01 19:38:44.123770,25.34000015258789,85922.1640625,16.3857421875,0.08094999939203262
2023-06-01 19:38:45.124675,25.350000381469727,85926.40625,16.3984375,0.08094999939203262
2023-06-01 19:38:46.125894,25.3700008392334,85927.984375,16.3994140625,0.0
2023-06-01 19:38:47.125775,25.3799991607666,85924.2265625,16.3759765625,0.0
2023-06-01 19:38:48.127541,25.3799991607666,85924.859375,16.3642578125,0.0
2023-06-01 19:38:49.128379,25.3700008392334,85923.140625,16.3994140625,0.0
2023-06-01 19:38:50.128438,25.360000610351562,85923.4375,16.36328125,0.0
2023-06-01 19:38:51.129868,25.350000381469727,85923.71875,16.3271484375,0.0
2023-06-01 19:38:52.130342,25.350000381469727,85923.578125,16.3388671875,0.0
2023-06-01 19:38:53.131951,25.360000610351562,85922.3359375,16.3515625,0.0
2023-06-01 19:38:54.131943,25.350000381469727,85921.859375,16.3505859375,0.0
2023-06-01 19:38:55.133317,25.309999465942383,85923.7265625,16.3017578125,0.0
2023-06-01 19:38:56.133635,25.290000915527344,85923.03125,16.2890625,0.08094999939203262
2023-06-01 19:38:57.134897,25.299999237060547,85924.5,16.2900390625,0.0
2023-06-01 19:38:58.135105,25.309999465942383,85921.4609375,16.3251953125,0.0
2023-06-01 19:38:59.136311,25.31999969482422,85921.375,16.4921875,0.0
2023-06-01 19:39:00.137708,25.31999969482422,85920.2734375,16.4921875,0.0
2023-06-01 19:39:01.138966,25.329999923706055,85922.1875,16.4453125,1.295199990272522
2023-06-01 19:39:02.140345,25.31999969482422,85923.8984375,16.3857421875,2.1047000885009766
2023-06-01 19:39:03.140758,25.31999969482422,85922.9375,16.349609375,3.0761001110076904
2023-06-01 19:39:04.141934,25.31999969482422,85925.09375,16.326171875,1.295199990272522
2023-06-01 19:39:05.141986,25.309999465942383,85923.125,16.3251953125,0.08094999939203262
2023-06-01 19:39:06.143727,25.309999465942383,85923.234375,16.3017578125,0.08094999939203262
2023-06-01 19:39:07.144070,25.299999237060547,85923.4765625,16.3134765625,0.0
2023-06-01 19:39:08.145265,25.309999465942383,85921.765625,16.4326171875,0.0
2023-06-01 19:39:09.145767,25.290000915527344,85923.5234375,16.478515625,0.0
2023-06-01 19:39:10.147141,25.270000457763672,85924.8203125,16.4072265625,0.0
2023-06-01 19:39:11.147544,25.25,85923.0703125,16.34765625,0.24285000562667847
2023-06-01 19:39:12.148743,25.25,85923.09375,16.34765625,0.16189999878406525
2023-06-01 19:39:13.149089,25.239999771118164,85921.5625,16.3349609375,0.16189999878406525
2023-06-01 19:39:14.149996,25.229999542236328,85925.296875,16.3232421875,0.08094999939203262
2023-06-01 19:39:15.151311,25.260000228881836,85925.6171875,16.3828125,0.24285000562667847
2023-06-01 19:39:16.151904,25.260000228881836,85926.703125,16.560546875,0.08094999939203262
2023-06-01 19:39:17.153306,25.260000228881836,85924.375,16.548828125,0.0
2023-06-01 19:39:18.153546,25.270000457763672,85924.296875,16.478515625,0.0
2023-06-01 19:39:19.154937,25.270000457763672,85923.6015625,16.466796875,0.0
2023-06-01 19:39:20.154942,25.270000457763672,85925.921875,16.455078125,0.08094999939203262
2023-06-01 19:39:21.156569,25.260000228881836,85923.375,16.537109375,0.0
2023-06-01 19:39:22.157608,25.270000457763672,85923.9609375,16.5615234375,0.0
2023-06-01 19:39:23.157876,25.270000457763672,85925.09375,16.65625,0.0
2023-06-01 19:39:24.158335,25.270000457763672,85925.0625,16.560546875,0.0
2023-06-01 19:39:25.159450,25.260000228881836,85921.546875,16.513671875,0.0
2023-06-01 19:39:26.159621,25.25,85922.6796875,16.548828125,0.0
2023-06-01 19:39:27.161156,25.260000228881836,85924.3125,16.572265625,0.0
2023-06-01 19:39:28.162637,25.280000686645508,85923.90625,16.7744140625,0.08094999939203262
2023-06-01 19:39:29.163000,25.290000915527344,85922.6953125,16.822265625,0.0
2023-06-01 19:39:30.164034,25.290000915527344,85923.5,16.798828125,0.08094999939203262
2023-06-01 19:39:31.164704,25.299999237060547,85924.53125,16.716796875,0.0
2023-06-01 19:39:32.165603,25.31999969482422,85924.3671875,16.681640625,0.0
2023-06-01 19:39:33.165785,25.34000015258789,85925.4296875,16.87109375,0.0
2023-06-01 19:39:34.167552,25.329999923706055,85923.2890625,16.8837890625,0.08094999939203262
2023-06-01 19:39:35.168403,25.329999923706055,85926.34375,16.7880859375,0.08094999939203262
2023-06-01 19:39:36.169289,25.31999969482422,85924.234375,16.693359375,0.0
2023-06-01 19:39:37.169286,25.31999969482422,85923.015625,16.5625,0.0
2023-06-01 19:39:38.170878,25.309999465942383,85922.484375,16.4794921875,0.0
2023-06-01 19:39:39.171913,25.309999465942383,85922.59375,16.4794921875,0.0
2023-06-01 19:39:40.173206,25.299999237060547,85924.171875,16.4912109375,0.0
2023-06-01 19:39:41.174741,25.299999237060547,85924.859375,16.4326171875,0.0
2023-06-01 19:39:42.174736,25.299999237060547,85923.8125,16.396484375,0.0
2023-06-01 19:39:43.176350,25.299999237060547,85921.6796875,16.4443359375,0.0
2023-06-01 19:39:44.176265,25.299999237060547,85921.984375,16.384765625,0.08094999939203262
2023-06-01 19:39:45.177620,25.299999237060547,85924.3046875,16.3603515625,0.0
2023-06-01 19:39:46.177908,25.309999465942383,85920.796875,16.337890625,0.0
2023-06-01 19:39:47.179177,25.309999465942383,85923.3125,16.361328125,0.0
2023-06-01 19:39:48.179574,25.34000015258789,85922.5,16.587890625,0.0
2023-06-01 19:39:49.180842,25.360000610351562,85920.53125,16.8720703125,0.08094999939203262
2023-06-01 19:39:50.181215,25.3700008392334,85919.65625,16.6953125,0.0
2023-06-01 19:39:51.182544,25.3799991607666,85920.796875,16.6962890625,0.0
2023-06-01 19:39:52.182830,25.389999389648438,85920.1875,16.6484375,0.08094999939203262
2023-06-01 19:39:53.184199,25.399999618530273,85923.15625,16.6728515625,0.0
2023-06-01 19:39:54.185548,25.40999984741211,85923.9375,16.732421875,0.0
2023-06-01 19:39:55.185880,25.40999984741211,85923.46875,16.6728515625,0.08094999939203262
2023-06-01 19:39:56.187241,25.40999984741211,85921.0546875,16.5546875,0.0
2023-06-01 19:39:57.187333,25.399999618530273,85921.6875,16.6015625,0.0
2023-06-01 19:39:58.188696,25.389999389648438,85923.1796875,16.482421875,0.0
2023-06-01 19:39:59.188726,25.3700008392334,85921.421875,16.3984375,0.0
2023-06-01 19:40:00.190079,25.3799991607666,85921.875,16.3876953125,0.0
2023-06-01 19:40:01.190566,25.389999389648438,85922.3203125,16.3642578125,0.0
2023-06-01 19:40:02.191827,25.3799991607666,85926.078125,16.328125,0.0
2023-06-01 19:40:03.192141,25.3799991607666,85922.5625,16.29296875,0.0
2023-06-01 19:40:04.193877,25.399999618530273,85924.921875,16.29296875,0.0
2023-06-01 19:40:05.193806,25.399999618530273,85923.84375,16.3291015625,0.0
2023-06-01 19:40:05.896088,0.0,0.0,0.0,0.0
2023-06-01 19:40:06.195873,25.399999618530273,85923.34375,16.4599609375,0.0
2023-06-01 19:40:07.196778,25.399999618530273,85920.328125,16.412109375,0.08094999939203262
2023-06-01 19:40:08.196898,25.399999618530273,85922.9296875,16.447265625,0.0
2023-06-01 19:40:09.198303,25.399999618530273,85921.9921875,16.6015625,0.08094999939203262
2023-06-01 19:40:10.198620,25.399999618530273,85923.84375,16.5302734375,0.08094999939203262
2023-06-01 19:40:11.199826,25.399999618530273,85924.8125,16.423828125,0.08094999939203262
2023-06-01 19:40:12.200170,25.399999618530273,85921.828125,16.3525390625,0.08094999939203262
2023-06-01 19:40:13.201378,25.389999389648438,85920.7421875,16.3642578125,0.08094999939203262
2023-06-01 19:40:14.201514,25.3700008392334,85921.84375,16.3046875,0.0
2023-06-01 19:40:15.203135,25.3799991607666,85922.890625,16.3515625,0.0
2023-06-01 19:40:16.203442,25.40999984741211,85922.40625,16.4716796875,0.0
2023-06-01 19:40:17.204841,25.40999984741211,85923.9609375,16.56640625,0.0
2023-06-01 19:40:18.206980,25.420000076293945,85923.65625,16.5546875,0.0
2023-06-01 19:40:19.207470,25.40999984741211,85924.4609375,16.54296875,0.0
2023-06-01 19:40:20.208705,25.420000076293945,85924.328125,16.4599609375,0.0
2023-06-01 19:40:21.208846,25.420000076293945,85924.328125,16.4482421875,0.0
2023-06-01 19:40:22.213089,25.40999984741211,85927.0625,16.376953125,0.0
2023-06-01 19:40:23.210407,25.399999618530273,85928.140625,16.388671875,0.0
2023-06-01 19:40:24.212066,25.399999618530273,85923.84375,16.435546875,0.0
2023-06-01 19:40:25.213439,25.40999984741211,85930.4375,16.5068359375,0.0
2023-06-01 19:40:26.214060,25.43000030517578,85927.625,16.708984375,0.0
2023-06-01 19:40:27.213855,25.43000030517578,85926.015625,16.638671875,0.0
2023-06-01 19:40:28.215577,25.43000030517578,85926.265625,16.51953125,0.0
2023-06-01 19:40:29.215306,25.420000076293945,85926.671875,16.423828125,0.08094999939203262
2023-06-01 19:40:30.216919,25.420000076293945,85925.6484375,16.412109375,0.0
2023-06-01 19:40:31.217186,25.40999984741211,85924.59375,16.400390625,0.08094999939203262
2023-06-01 19:40:32.218390,25.43000030517578,85923.796875,16.3896484375,0.0
2023-06-01 19:40:33.219673,25.440000534057617,85926.4375,16.42578125,0.08094999939203262
2023-06-01 19:40:34.219971,25.43000030517578,85926.484375,16.49609375,0.0
2023-06-01 19:40:35.221122,25.40999984741211,85926.53125,16.388671875,0.0
2023-06-01 19:40:36.221592,25.399999618530273,85925.25,16.3173828125,0.0
2023-06-01 19:40:37.223236,25.3799991607666,85924.921875,16.3046875,0.08094999939203262
2023-06-01 19:40:38.223120,25.3799991607666,85923.09375,16.31640625,0.0
2023-06-01 19:40:39.224722,25.3799991607666,85922.625,16.3046875,0.0
2023-06-01 19:40:40.224924,25.389999389648438,85929.125,16.3408203125,0.0
2023-06-01 19:40:40.785183,0.0,0.0,0.0,0.0
2023-06-01 19:40:41.226187,25.3799991607666,85927.4375,16.3046875,0.0
2023-06-01 19:40:42.226620,25.389999389648438,85926.46875,16.328125,0.0
2023-06-01 19:40:43.227749,25.389999389648438,85924.0625,16.3291015625,0.0
2023-06-01 19:40:44.227918,25.40999984741211,85925.375,16.58984375,0.08094999939203262
2023-06-01 19:40:45.229267,25.40999984741211,85925.2890625,16.6845703125,0.08094999939203262
2023-06-01 19:40:46.230443,25.40999984741211,85925.78125,16.779296875,0.0
2023-06-01 19:40:47.230814,25.43000030517578,85925.1015625,16.697265625,0.0
2023-06-01 19:40:48.232361,25.40999984741211,85925.125,16.4951171875,0.0
2023-06-01 19:40:49.232599,25.40999984741211,85928.03125,16.376953125,0.0
2023-06-01 19:40:50.233809,25.399999618530273,85927.75,16.3173828125,0.0
2023-06-01 19:40:51.233829,25.399999618530273,85925.9765625,16.3056640625,0.0
2023-06-01 19:40:52.235607,25.40999984741211,85926.859375,16.2822265625,0.08094999939203262
2023-06-01 19:40:53.235531,25.420000076293945,85928.203125,16.341796875,0.08094999939203262
2023-06-01 19:40:54.237176,25.440000534057617,85925.296875,16.5439453125,0.0
2023-06-01 19:40:54.977413,0.0,0.0,0.0,0.0
2023-06-01 19:40:55.237490,25.440000534057617,85927.40625,16.4130859375,0.08094999939203262
2023-06-01 19:40:56.238525,25.420000076293945,85923.578125,16.330078125,0.0
2023-06-01 19:40:57.240244,25.440000534057617,85926.9375,16.294921875,0.0
2023-06-01 19:40:58.244223,25.459999084472656,85930.171875,16.3076171875,0.0
2023-06-01 19:40:59.242611,25.440000534057617,85926.984375,16.283203125,0.0
2023-06-01 19:41:00.243145,25.459999084472656,85925.859375,16.34375,0.0
2023-06-01 19:41:01.244282,25.440000534057617,85927.65625,16.294921875,0.0
2023-06-01 19:41:02.244495,25.450000762939453,85925.859375,16.3427734375,0.0
2023-06-01 19:41:03.246375,25.43000030517578,85922.9375,16.2822265625,0.08094999939203262
2023-06-01 19:41:04.246641,25.399999618530273,85925.171875,16.24609375,0.08094999939203262
2023-06-01 19:41:05.247743,25.420000076293945,85928.3359375,16.3056640625,0.0
2023-06-01 19:41:06.248038,25.43000030517578,85929.171875,16.4130859375,0.0
2023-06-01 19:41:07.249338,25.440000534057617,85928.2890625,16.4375,0.0
2023-06-01 19:41:08.250563,25.440000534057617,85927.4296875,16.3662109375,0.0
2023-06-01 19:41:09.251193,25.43000030517578,85926.6875,16.306640625,0.08094999939203262
2023-06-01 19:41:10.251213,25.43000030517578,85929.34375,16.271484375,0.0
2023-06-01 19:41:11.252781,25.43000030517578,85924.515625,16.259765625,0.0
2023-06-01 19:41:12.254000,25.43000030517578,85927.34375,16.283203125,0.0
2023-06-01 19:41:13.256795,25.43000030517578,85927.984375,16.306640625,0.0
2023-06-01 19:41:14.256376,25.43000030517578,85923.65625,16.353515625,0.08094999939203262
2023-06-01 19:41:15.255889,25.40999984741211,85926.703125,16.2822265625,0.0
2023-06-01 19:41:16.256932,25.3700008392334,85924.171875,16.2568359375,0.0
2023-06-01 19:41:17.257890,25.3799991607666,85924.6953125,16.2451171875,0.0
2023-06-01 19:41:18.258743,25.399999618530273,85925.9765625,16.2578125,0.08094999939203262
2023-06-01 19:41:19.259615,25.389999389648438,85925.890625,16.22265625,0.16189999878406525
2023-06-01 19:41:20.260690,25.399999618530273,85927.9375,16.22265625,0.16189999878406525
2023-06-01 19:41:21.260765,25.399999618530273,85929.734375,16.234375,0.24285000562667847
2023-06-01 19:41:22.261837,25.399999618530273,85927.90625,16.22265625,0.16189999878406525
2023-06-01 19:41:23.262202,25.34000015258789,85924.984375,16.1962890625,0.0
2023-06-01 19:41:24.263713,25.309999465942383,85924.421875,16.20703125,0.08094999939203262
2023-06-01 19:41:25.264848,25.290000915527344,85927.375,16.1826171875,0.0
2023-06-01 19:41:26.265366,25.290000915527344,85924.25,16.23046875,0.0
2023-06-01 19:41:27.266682,25.290000915527344,85925.828125,16.2294921875,0.08094999939203262
2023-06-01 19:41:28.266819,25.260000228881836,85929.4375,16.216796875,0.0
2023-06-01 19:41:28.950086,0.0,0.0,0.0,0.0
2023-06-01 19:41:29.268551,25.260000228881836,85926.640625,16.2412109375,0.0
2023-06-01 19:41:30.268782,25.260000228881836,85924.8125,16.228515625,0.08094999939203262
2023-06-01 19:41:31.269833,25.260000228881836,85924.0390625,16.2177734375,0.0
2023-06-01 19:41:32.270138,25.260000228881836,85925.640625,16.216796875,0.0
2023-06-01 19:41:33.271613,25.260000228881836,85924.703125,16.2177734375,0.0
2023-06-01 19:41:34.271630,25.260000228881836,85926.171875,16.2294921875,0.0
2023-06-01 19:41:35.273353,25.270000457763672,85927.0625,16.2412109375,0.0
2023-06-01 19:41:36.274874,25.280000686645508,85925.5703125,16.30078125,0.08094999939203262
2023-06-01 19:41:37.275690,25.280000686645508,85925.296875,16.32421875,0.08094999939203262
2023-06-01 19:41:38.277013,25.290000915527344,85923.6640625,16.30078125,0.08094999939203262
2023-06-01 19:41:39.277407,25.260000228881836,85925.1171875,16.2998046875,0.0
2023-06-01 19:41:40.278527,25.25,85925.203125,16.3115234375,0.0
2023-06-01 19:41:41.279022,25.239999771118164,85930.234375,16.275390625,0.16189999878406525
2023-06-01 19:41:42.281565,25.25,85928.1875,16.2763671875,0.0
2023-06-01 19:41:43.280758,25.239999771118164,85927.765625,16.2998046875,0.0
2023-06-01 19:41:44.281915,25.25,85929.078125,16.34765625,0.24285000562667847
2023-06-01 19:41:45.282135,25.25,85930.703125,16.34765625,0.0
2023-06-01 19:41:46.283448,25.25,85930.171875,16.3232421875,0.24285000562667847
2023-06-01 19:41:47.284217,25.239999771118164,85928.625,16.3349609375,0.08094999939203262
2023-06-01 19:41:48.287893,25.229999542236328,85927.15625,16.3349609375,0.0
2023-06-01 19:41:49.285231,25.239999771118164,85930.234375,16.3466796875,0.0
2023-06-01 19:41:50.287082,25.229999542236328,85926.796875,16.3701171875,0.08094999939203262
2023-06-01 19:41:51.288588,25.209999084472656,85928.421875,16.322265625,0.0
2023-06-01 19:41:52.288612,25.219999313354492,85926.484375,16.310546875,0.0
2023-06-01 19:41:53.290089,25.219999313354492,85929.2265625,16.310546875,0.0
2023-06-01 19:41:54.290574,25.239999771118164,85926.2734375,16.3349609375,0.0
2023-06-01 19:41:55.291792,25.25,85928.8515625,16.3828125,0.0
2023-06-01 19:41:56.292212,25.239999771118164,85931.453125,16.39453125,0.0
2023-06-01 19:41:57.293453,25.229999542236328,85930.0,16.3583984375,0.08094999939203262
2023-06-01 19:41:58.293500,25.229999542236328,85928.84375,16.3349609375,0.08094999939203262
2023-06-01 19:41:59.295418,25.209999084472656,85926.59375,16.310546875,0.08094999939203262
2023-06-01 19:42:00.295386,25.229999542236328,85925.1328125,16.3466796875,0.0
2023-06-01 19:42:01.296512,25.229999542236328,85925.859375,16.3818359375,0.0
2023-06-01 19:42:02.297004,25.239999771118164,85923.7265625,16.39453125,0.0
2023-06-01 19:42:03.298381,25.239999771118164,85926.3046875,16.3583984375,0.0
2023-06-01 19:42:04.299668,25.25,85925.5,16.3349609375,0.0
2023-06-01 19:42:05.299924,25.25,85924.09375,16.3828125,0.16189999878406525
2023-06-01 19:42:06.301353,25.260000228881836,85927.1953125,16.3955078125,0.0
2023-06-01 19:42:07.301419,25.270000457763672,85928.640625,16.5380859375,0.0
2023-06-01 19:42:08.302789,25.270000457763672,85928.3125,16.455078125,0.0
2023-06-01 19:42:09.303161,25.280000686645508,85928.0625,16.455078125,0.08094999939203262
2023-06-01 19:42:10.304291,25.290000915527344,85924.828125,16.466796875,0.0
2023-06-01 19:42:11.305074,25.290000915527344,85925.578125,16.419921875,0.0
2023-06-01 19:42:12.306139,25.299999237060547,85924.28125,16.373046875,0.08094999939203262
2023-06-01 19:42:13.306115,25.290000915527344,85925.40625,16.3369140625,0.0
2023-06-01 19:42:14.307597,25.290000915527344,85927.8984375,16.3017578125,0.0
2023-06-01 19:42:15.308834,25.299999237060547,85925.96875,16.3134765625,0.0
2023-06-01 19:42:16.310189,25.309999465942383,85926.109375,16.349609375,0.0
2023-06-01 19:42:17.311646,25.31999969482422,85924.59375,16.3740234375,0.08094999939203262
2023-06-01 19:42:18.311944,25.31999969482422,85925.0,16.361328125,0.0
2023-06-01 19:42:19.313040,25.329999923706055,85925.953125,16.3974609375,0.0
2023-06-01 19:42:20.313485,25.309999465942383,85924.28125,16.349609375,0.0
2023-06-01 19:42:21.317117,25.31999969482422,85924.09375,16.361328125,0.0
2023-06-01 19:42:22.315140,25.34000015258789,85926.7265625,16.3505859375,0.08094999939203262
2023-06-01 19:42:23.316827,25.350000381469727,85927.84375,16.4453125,0.0
2023-06-01 19:42:24.317116,25.360000610351562,85927.59375,16.4580078125,0.0
2023-06-01 19:42:25.318279,25.350000381469727,85926.5703125,16.41015625,0.16189999878406525
2023-06-01 19:42:26.318519,25.350000381469727,85926.0390625,16.43359375,0.0
2023-06-01 19:42:27.319873,25.350000381469727,85926.703125,16.375,0.0
2023-06-01 19:42:28.320007,25.350000381469727,85926.375,16.41015625,0.08094999939203262
2023-06-01 19:42:29.321533,25.360000610351562,85923.71875,16.4462890625,0.08094999939203262
2023-06-01 19:42:30.322915,25.360000610351562,85928.8671875,16.421875,0.0
2023-06-01 19:42:31.323131,25.360000610351562,85925.515625,16.36328125,0.08094999939203262
2023-06-01 19:42:32.324619,25.360000610351562,85926.9296875,16.3037109375,0.0
2023-06-01 19:42:33.324716,25.3700008392334,85926.1328125,16.2802734375,0.0
2023-06-01 19:42:34.325870,25.399999618530273,85924.1796875,16.26953125,0.08094999939203262
2023-06-01 19:42:35.326647,25.40999984741211,85928.109375,16.2705078125,0.08094999939203262
2023-06-01 19:42:36.327741,25.399999618530273,85927.140625,16.2109375,0.0
2023-06-01 19:42:37.328168,25.399999618530273,85925.1171875,16.1982421875,0.0
2023-06-01 19:42:38.329591,25.43000030517578,85925.296875,16.2587890625,0.0
2023-06-01 19:42:39.329536,25.450000762939453,85924.6953125,16.283203125,0.0
2023-06-01 19:42:40.330741,25.450000762939453,85926.1875,16.3076171875,0.0
2023-06-01 19:42:41.331187,25.469999313354492,85926.578125,16.2841796875,0.0
2023-06-01 19:42:42.332535,25.479999542236328,85926.6171875,16.2724609375,0.0
2023-06-01 19:42:43.333815,25.489999771118164,85924.703125,16.2373046875,0.0
2023-06-01 19:42:44.333836,25.469999313354492,85925.8125,16.236328125,0.0
2023-06-01 19:42:45.335634,25.479999542236328,85925.453125,16.2138671875,0.08094999939203262
2023-06-01 19:42:46.335788,25.5,85927.640625,16.1904296875,0.0
2023-06-01 19:42:47.337299,25.510000228881836,85927.09375,16.1787109375,0.0
2023-06-01 19:42:48.337501,25.510000228881836,85927.53125,16.1787109375,0.0
2023-06-01 19:42:49.339010,25.520000457763672,85927.671875,16.1796875,0.0
2023-06-01 19:42:50.339175,25.510000228881836,85926.59375,16.1552734375,0.0
2023-06-01 19:42:51.340512,25.530000686645508,85929.453125,16.14453125,0.0
2023-06-01 19:42:52.340617,25.530000686645508,85927.8515625,16.1328125,0.0
2023-06-01 19:42:53.343422,25.530000686645508,85928.984375,16.1083984375,0.08094999939203262
2023-06-01 19:42:54.343474,25.540000915527344,85928.7109375,16.109375,0.0
2023-06-01 19:42:55.344878,25.540000915527344,85929.375,16.109375,0.0
2023-06-01 19:42:56.346371,25.540000915527344,85927.296875,16.109375,0.0
2023-06-01 19:42:57.346610,25.56999969482422,85928.8828125,16.1103515625,0.0
2023-06-01 19:42:58.347952,25.56999969482422,85928.71875,16.1103515625,0.0
2023-06-01 19:42:59.347988,25.59000015258789,85927.734375,16.134765625,0.08094999939203262
2023-06-01 19:43:00.349767,25.59000015258789,85928.7265625,16.0986328125,0.0
2023-06-01 19:43:01.349650,25.559999465942383,85929.6875,16.07421875,0.0
2023-06-01 19:43:02.350954,25.579999923706055,85926.84375,16.0625,0.0
2023-06-01 19:43:03.351658,25.56999969482422,85927.0859375,16.05078125,0.0
2023-06-01 19:43:04.352590,25.56999969482422,85927.3125,16.0869140625,0.0
2023-06-01 19:43:05.353247,25.59000015258789,85931.15625,16.0869140625,0.08094999939203262
2023-06-01 19:43:06.354730,25.600000381469727,85929.8125,16.0751953125,0.0
2023-06-01 19:43:07.354534,25.59000015258789,85929.390625,16.0634765625,0.0
2023-06-01 19:43:08.356252,25.579999923706055,85929.390625,16.0751953125,0.0
2023-06-01 19:43:09.357554,25.579999923706055,85928.359375,16.07421875,0.0
2023-06-01 19:43:10.357503,25.579999923706055,85928.25,16.0751953125,0.0
2023-06-01 19:43:11.358926,25.600000381469727,85925.1875,16.111328125,0.08094999939203262
2023-06-01 19:43:12.359311,25.600000381469727,85925.765625,16.0869140625,0.0
2023-06-01 19:43:13.360626,25.56999969482422,85928.9375,16.09765625,0.0
2023-06-01 19:43:14.360919,25.59000015258789,85929.4453125,16.2060546875,0.16189999878406525
2023-06-01 19:43:15.362498,25.59000015258789,85928.609375,16.3125,0.0
2023-06-01 19:43:16.362674,25.59000015258789,85930.328125,16.30078125,0.0
2023-06-01 19:43:17.363715,25.610000610351562,85929.625,16.27734375,0.08094999939203262
2023-06-01 19:43:18.364328,25.639999389648438,85930.8984375,16.2197265625,0.08094999939203262
2023-06-01 19:43:19.365520,25.6299991607666,85928.328125,16.1474609375,0.0
2023-06-01 19:43:20.365796,25.649999618530273,85926.859375,16.1484375,0.08094999939203262
2023-06-01 19:43:21.367557,25.65999984741211,85932.265625,16.1484375,0.0
2023-06-01 19:43:22.368511,25.68000030517578,85930.0,16.2919921875,0.08094999939203262
2023-06-01 19:43:23.369062,25.690000534057617,85929.109375,16.552734375,0.16189999878406525
2023-06-01 19:43:24.370432,25.68000030517578,85931.828125,16.279296875,0.08094999939203262
2023-06-01 19:43:25.370363,25.68000030517578,85929.5,16.1611328125,0.0
2023-06-01 19:43:26.372062,25.65999984741211,85926.0859375,16.1015625,0.0
2023-06-01 19:43:27.372171,25.649999618530273,85925.5,16.0771484375,0.0
2023-06-01 19:43:28.373543,25.670000076293945,85928.6953125,16.13671875,0.0
2023-06-01 19:43:29.373946,25.690000534057617,85929.109375,16.1376953125,0.08094999939203262
2023-06-01 19:43:30.375225,25.670000076293945,85929.296875,16.08984375,0.0
2023-06-01 19:43:31.375428,25.690000534057617,85928.671875,16.1259765625,0.0
2023-06-01 19:43:32.376772,25.709999084472656,85927.4609375,16.2099609375,0.0
2023-06-01 19:43:33.378034,25.719999313354492,85926.65625,16.138671875,0.0
2023-06-01 19:43:34.379125,25.700000762939453,85928.984375,16.0556640625,0.0
2023-06-01 19:43:35.380671,25.719999313354492,85929.8125,16.0322265625,0.0
2023-06-01 19:43:36.380978,25.690000534057617,85925.2109375,15.984375,0.08094999939203262
2023-06-01 19:43:37.382482,25.719999313354492,85927.65625,15.9970703125,0.0
2023-06-01 19:43:38.382637,25.719999313354492,85926.3515625,16.234375,0.0
2023-06-01 19:43:39.383931,25.700000762939453,85925.46875,16.1025390625,0.0
2023-06-01 19:43:40.384241,25.709999084472656,85929.34375,16.0673828125,0.0
2023-06-01 19:43:41.385549,25.719999313354492,85928.84375,16.091796875,0.0
2023-06-01 19:43:42.385889,25.729999542236328,85929.984375,16.1279296875,0.0
2023-06-01 19:43:43.387013,25.729999542236328,85930.2578125,16.103515625,0.0
2023-06-01 19:43:44.387648,25.719999313354492,85927.7109375,16.044921875,0.0
2023-06-01 19:43:45.389049,25.719999313354492,85928.5390625,16.0205078125,0.0
2023-06-01 19:43:46.389317,25.719999313354492,85929.015625,15.9970703125,0.0
2023-06-01 19:43:47.390458,25.729999542236328,85926.46875,15.9970703125,0.0
2023-06-01 19:43:48.392001,25.739999771118164,85926.109375,16.044921875,0.0
2023-06-01 19:43:49.391980,25.739999771118164,85928.2421875,16.033203125,0.0
2023-06-01 19:43:50.393668,25.719999313354492,85926.875,16.0087890625,0.0
2023-06-01 19:43:51.393854,25.709999084472656,85928.375,15.99609375,0.0
2023-06-01 19:43:52.395069,25.700000762939453,85930.640625,16.0078125,0.0
2023-06-01 19:43:53.395293,25.690000534057617,85928.453125,15.9951171875,0.0
2023-06-01 19:43:54.397319,25.719999313354492,85928.875,16.044921875,0.0
2023-06-01 19:43:55.396934,25.729999542236328,85929.953125,16.0205078125,0.0
2023-06-01 19:43:56.398804,25.739999771118164,85928.46875,16.1044921875,0.0
2023-06-01 19:43:57.398752,25.760000228881836,85930.265625,16.0693359375,0.0
2023-06-01 19:43:58.400343,25.760000228881836,85927.140625,16.021484375,0.08094999939203262
2023-06-01 19:43:59.400466,25.780000686645508,85929.0546875,16.0224609375,0.0
2023-06-01 19:44:00.401783,25.780000686645508,85928.421875,15.9990234375,0.08094999939203262
2023-06-01 19:44:01.402877,25.780000686645508,85928.359375,15.9638671875,0.0
2023-06-01 19:44:02.403457,25.780000686645508,85928.25,15.9638671875,0.0
2023-06-01 19:44:03.404776,25.799999237060547,85926.7578125,15.9638671875,0.0
2023-06-01 19:44:04.404812,25.799999237060547,85927.5625,15.9287109375,0.0
2023-06-01 19:44:05.406502,25.799999237060547,85929.0625,15.9287109375,0.0
2023-06-01 19:44:06.406774,25.81999969482422,85927.15625,15.98828125,0.0
2023-06-01 19:44:07.408002,25.829999923706055,85927.90625,16.083984375,0.0
2023-06-01 19:44:08.408408,25.829999923706055,85928.765625,16.0595703125,0.08094999939203262
2023-06-01 19:44:09.409610,25.81999969482422,85929.703125,16.0244140625,0.0
2023-06-01 19:44:10.409754,25.84000015258789,85927.375,16.0009765625,0.16189999878406525
2023-06-01 19:44:11.411297,25.850000381469727,85925.859375,15.9892578125,0.16189999878406525
2023-06-01 19:44:12.412789,25.850000381469727,85927.078125,15.9306640625,0.0
2023-06-01 19:44:13.414424,25.84000015258789,85927.4375,15.90625,0.08094999939203262
2023-06-01 19:44:14.415704,25.81999969482422,85926.7109375,15.8935546875,0.0
2023-06-01 19:44:15.415852,25.829999923706055,85927.15625,15.8935546875,0.0
2023-06-01 19:44:16.417008,25.84000015258789,85929.625,15.8828125,0.0
2023-06-01 19:44:17.417570,25.850000381469727,85930.203125,15.87109375,0.0
2023-06-01 19:44:18.418671,25.860000610351562,85927.4921875,15.87109375,0.0
2023-06-01 19:44:19.418888,25.860000610351562,85927.15625,15.8955078125,0.0
2023-06-01 19:44:20.420359,25.850000381469727,85924.53125,15.9189453125,0.0
2023-06-01 19:44:21.420910,25.860000610351562,85926.140625,15.9306640625,0.0
2023-06-01 19:44:22.421956,25.860000610351562,85925.4453125,15.90625,0.0
2023-06-01 19:44:23.422341,25.860000610351562,85926.46875,15.87109375,0.0
2023-06-01 19:44:24.423664,25.850000381469727,85925.859375,15.87109375,0.0
2023-06-01 19:44:25.424142,25.850000381469727,85925.21875,15.90625,0.0
2023-06-01 19:44:26.425288,25.850000381469727,85926.21875,15.89453125,0.0
2023-06-01 19:44:27.426719,25.84000015258789,85926.6328125,15.8828125,0.08094999939203262
2023-06-01 19:44:28.427013,25.8700008392334,85926.890625,15.8720703125,0.08094999939203262
2023-06-01 19:44:29.428342,25.889999389648438,85929.6328125,15.943359375,0.08094999939203262
2023-06-01 19:44:30.428445,25.899999618530273,85928.28125,16.0390625,0.0
2023-06-01 19:44:31.429683,25.920000076293945,85928.28125,16.0986328125,0.0
2023-06-01 19:44:32.429791,25.920000076293945,85927.34375,16.134765625,0.0
2023-06-01 19:44:33.431453,25.899999618530273,85925.59375,16.0986328125,0.08094999939203262
2023-06-01 19:44:34.431929,25.889999389648438,85929.296875,16.09765625,0.0
2023-06-01 19:44:35.433059,25.889999389648438,85928.2734375,16.1572265625,0.0
2023-06-01 19:44:36.433488,25.8799991607666,85928.90625,16.1328125,0.0
2023-06-01 19:44:37.018818,0.0,0.0,0.0,0.0
2023-06-01 19:44:37.434867,25.8799991607666,85929.515625,16.0859375,0.0
2023-06-01 19:44:38.435490,25.8700008392334,85929.265625,16.0615234375,0.0
2023-06-01 19:44:39.436634,25.8700008392334,85928.46875,16.0498046875,0.0
2023-06-01 19:44:40.437844,25.889999389648438,85928.2734375,16.0029296875,0.0
2023-06-01 19:44:41.437957,25.8700008392334,85924.8125,15.943359375,0.08094999939203262
2023-06-01 19:44:42.439415,25.860000610351562,85927.828125,15.9189453125,0.0
2023-06-01 19:44:43.439554,25.860000610351562,85926.359375,15.8955078125,0.0
2023-06-01 19:44:44.441314,25.8799991607666,85924.421875,15.8837890625,0.0
2023-06-01 19:44:45.441527,25.8799991607666,85930.2421875,15.8837890625,0.0
2023-06-01 19:44:46.442512,25.889999389648438,85928.5,15.8837890625,0.0
2023-06-01 19:44:47.442932,25.90999984741211,85928.96875,15.884765625,0.0
2023-06-01 19:44:48.444185,25.889999389648438,85929.859375,15.884765625,0.08094999939203262
2023-06-01 19:44:49.444480,25.899999618530273,85930.2421875,15.861328125,0.16189999878406525
2023-06-01 19:44:50.445912,25.90999984741211,85926.640625,15.873046875,0.08094999939203262
2023-06-01 19:44:51.447536,25.90999984741211,85927.5,15.9326171875,0.08094999939203262
2023-06-01 19:44:52.448537,25.889999389648438,85930.15625,15.931640625,0.0
2023-06-01 19:44:53.449804,25.899999618530273,85927.890625,15.919921875,0.0
2023-06-01 19:44:54.450514,25.889999389648438,85927.1953125,15.908203125,0.0
2023-06-01 19:44:55.451548,25.889999389648438,85928.6640625,15.8720703125,0.0
2023-06-01 19:44:56.452298,25.850000381469727,85926.3828125,15.84765625,0.0
2023-06-01 19:44:57.455657,25.8700008392334,85930.625,15.9072265625,0.0
2023-06-01 19:44:58.453431,25.8799991607666,85926.0,15.8720703125,0.0
2023-06-01 19:44:59.455126,25.8799991607666,85926.359375,15.8486328125,0.0
2023-06-01 19:45:00.455151,25.860000610351562,85927.359375,15.84765625,0.0
2023-06-01 19:45:01.457634,25.8700008392334,85929.375,15.82421875,0.08094999939203262
2023-06-01 19:45:02.456724,25.8799991607666,85931.84375,15.8486328125,0.08094999939203262
2023-06-01 19:45:03.458296,25.889999389648438,85930.1875,15.8369140625,0.0
2023-06-01 19:45:04.458646,25.860000610351562,85927.109375,15.7880859375,0.0
2023-06-01 19:45:05.459837,25.850000381469727,85931.53125,15.8232421875,0.0
2023-06-01 19:45:06.461278,25.860000610351562,85928.515625,15.9423828125,0.0
2023-06-01 19:45:07.461405,25.8700008392334,85929.7109375,15.9306640625,0.0
2023-06-01 19:45:08.463110,25.8700008392334,85928.90625,15.8955078125,0.0
2023-06-01 19:45:09.463434,25.84000015258789,85925.3046875,15.859375,0.16189999878406525
2023-06-01 19:45:10.464494,25.84000015258789,85926.46875,15.87109375,0.0
2023-06-01 19:45:11.465043,25.850000381469727,85927.21875,15.90625,0.0
2023-06-01 19:45:12.466376,25.850000381469727,85927.8515625,15.9541015625,0.08094999939203262
2023-06-01 19:45:13.466875,25.829999923706055,85930.484375,15.9052734375,0.0
2023-06-01 19:45:14.467985,25.81999969482422,85931.859375,15.8583984375,0.0
2023-06-01 19:45:15.468517,25.799999237060547,85931.96875,15.869140625,0.0
2023-06-01 19:45:16.469688,25.81999969482422,85931.859375,15.8583984375,0.08094999939203262
2023-06-01 19:45:17.469919,25.84000015258789,85928.90625,15.8701171875,0.0
2023-06-01 19:45:18.471328,25.84000015258789,85928.2109375,15.953125,0.08094999939203262
2023-06-01 19:45:19.472439,25.84000015258789,85927.7109375,15.9892578125,0.0
2023-06-01 19:45:20.472800,25.829999923706055,85925.90625,15.9052734375,0.08094999939203262
2023-06-01 19:45:21.474308,25.81999969482422,85927.34375,15.8935546875,0.24285000562667847
2023-06-01 19:45:22.474496,25.81999969482422,85927.1875,15.8701171875,0.24285000562667847
2023-06-01 19:45:23.475938,25.81999969482422,85925.828125,15.8583984375,0.08094999939203262
2023-06-01 19:45:24.476429,25.850000381469727,85930.671875,15.8232421875,0.08094999939203262
2023-06-01 19:45:25.477405,25.850000381469727,85927.984375,15.7998046875,0.16189999878406525
2023-06-01 19:45:26.477529,25.829999923706055,85931.390625,15.787109375,0.16189999878406525
2023-06-01 19:45:27.479067,25.81999969482422,85927.5390625,15.787109375,0.0
2023-06-01 19:45:28.479150,25.81999969482422,85930.53125,15.798828125,0.0
2023-06-01 19:45:29.480712,25.81999969482422,85931.28125,15.810546875,0.0
2023-06-01 19:45:30.481934,25.84000015258789,85930.78125,15.90625,0.0
2023-06-01 19:45:31.483355,25.850000381469727,85927.7421875,15.9423828125,0.0
2023-06-01 19:45:32.484809,25.84000015258789,85928.4609375,15.9775390625,0.08094999939203262
2023-06-01 19:45:33.485106,25.829999923706055,85929.421875,15.9296875,0.0
2023-06-01 19:45:34.486155,25.81999969482422,85933.96875,15.8818359375,0.08094999939203262
2023-06-01 19:45:35.486775,25.799999237060547,85931.109375,15.845703125,0.0
2023-06-01 19:45:36.488353,25.790000915527344,85926.953125,15.8447265625,0.0
2023-06-01 19:45:37.488597,25.760000228881836,85929.65625,15.83203125,0.0
2023-06-01 19:45:38.489855,25.770000457763672,85929.140625,15.8330078125,0.0
2023-06-01 19:45:39.489950,25.790000915527344,85929.46875,15.8447265625,0.0
2023-06-01 19:45:40.491239,25.790000915527344,85928.453125,15.8564453125,0.0
2023-06-01 19:45:41.491750,25.760000228881836,85931.015625,15.84375,0.0
2023-06-01 19:45:42.493227,25.700000762939453,85929.953125,15.841796875,0.0
2023-06-01 19:45:43.493161,25.700000762939453,85930.21875,15.841796875,0.0
2023-06-01 19:45:44.494557,25.690000534057617,85929.78125,15.841796875,0.08094999939203262
2023-06-01 19:45:45.496134,25.65999984741211,85927.3125,15.8525390625,0.24285000562667847
2023-06-01 19:45:46.496224,25.670000076293945,85929.46875,15.923828125,0.0
2023-06-01 19:45:47.497766,25.690000534057617,85927.5078125,15.99609375,0.24285000562667847
2023-06-01 19:45:48.498442,25.709999084472656,85925.3515625,16.2568359375,0.3237999975681305
2023-06-01 19:45:49.499367,25.709999084472656,85930.203125,16.26953125,0.24285000562667847
2023-06-01 19:45:50.499617,25.700000762939453,85927.8125,16.0908203125,0.08094999939203262
2023-06-01 19:45:51.500826,25.690000534057617,85927.3125,16.01953125,0.08094999939203262
2023-06-01 19:45:52.501292,25.670000076293945,85926.640625,15.9716796875,0.16189999878406525
2023-06-01 19:45:53.502960,25.65999984741211,85926.9453125,15.947265625,0.16189999878406525
2023-06-01 19:45:54.503077,25.649999618530273,85928.1328125,15.9345703125,0.0
2023-06-01 19:45:55.505370,25.65999984741211,85928.578125,15.935546875,0.0
2023-06-01 19:45:56.504727,25.65999984741211,85931.765625,15.994140625,0.08094999939203262
2023-06-01 19:45:57.505994,25.65999984741211,85928.7734375,16.0419921875,0.0
2023-06-01 19:45:58.507034,25.639999389648438,85927.25,15.994140625,0.0
2023-06-01 19:45:59.507600,25.639999389648438,85929.046875,15.9580078125,0.08094999939203262
2023-06-01 19:46:00.509127,25.6200008392334,85927.328125,15.9462890625,0.0
2023-06-01 19:46:01.509089,25.600000381469727,85927.84375,15.9453125,0.0
2023-06-01 19:46:02.510657,25.600000381469727,85929.9765625,15.95703125,0.08094999939203262
2023-06-01 19:46:03.510961,25.600000381469727,85927.453125,15.98046875,0.0
2023-06-01 19:46:04.512183,25.600000381469727,85927.78125,15.9921875,0.08094999939203262
2023-06-01 19:46:05.512741,25.600000381469727,85930.140625,15.9921875,0.16189999878406525
2023-06-01 19:46:06.513957,25.600000381469727,85928.75,15.98046875,0.24285000562667847
2023-06-01 19:46:07.513959,25.59000015258789,85927.34375,15.98046875,0.08094999939203262
2023-06-01 19:46:08.515606,25.610000610351562,85929.0625,15.9814453125,0.24285000562667847
2023-06-01 19:46:09.517007,25.6299991607666,85928.234375,16.0166015625,0.08094999939203262
2023-06-01 19:46:10.518348,25.6200008392334,85929.015625,16.029296875,0.08094999939203262
2023-06-01 19:46:11.519467,25.6200008392334,85929.015625,16.0166015625,0.0
2023-06-01 19:46:12.519969,25.610000610351562,85926.625,16.0166015625,0.0
2023-06-01 19:46:13.521143,25.59000015258789,85929.2265625,16.00390625,0.0
2023-06-01 19:46:14.521819,25.59000015258789,85928.234375,15.9921875,0.0
2023-06-01 19:46:15.523077,25.610000610351562,85929.7578125,15.9814453125,0.0
2023-06-01 19:46:16.523122,25.610000610351562,85930.59375,15.95703125,0.08094999939203262
2023-06-01 19:46:17.524823,25.6299991607666,85928.234375,15.9580078125,0.0
2023-06-01 19:46:18.524920,25.6200008392334,85928.3203125,16.0048828125,0.0
2023-06-01 19:46:19.525903,25.6299991607666,85928.65625,16.005859375,0.16189999878406525
2023-06-01 19:46:20.526502,25.65999984741211,85928.4375,16.16015625,0.0
2023-06-01 19:46:21.527898,25.690000534057617,85932.765625,16.1494140625,0.0
2023-06-01 19:46:22.528078,25.700000762939453,85931.75,16.0791015625,0.0
2023-06-01 19:46:23.529290,25.68000030517578,85936.703125,15.9951171875,0.08094999939203262
2023-06-01 19:46:24.530757,25.65999984741211,85929.296875,15.958984375,0.0
2023-06-01 19:46:25.530910,25.670000076293945,85931.546875,15.947265625,0.0
2023-06-01 19:46:26.532431,25.670000076293945,85930.546875,15.923828125,0.0
2023-06-01 19:46:27.532695,25.700000762939453,85931.9453125,15.9609375,0.0
2023-06-01 19:46:28.533762,25.729999542236328,85928.3515625,16.056640625,0.0
2023-06-01 19:46:29.534025,25.760000228881836,85930.765625,16.0927734375,0.0
2023-06-01 19:46:30.535879,25.760000228881836,85927.4375,16.033203125,0.08094999939203262
2023-06-01 19:46:31.536053,25.760000228881836,85931.65625,15.986328125,0.08094999939203262
2023-06-01 19:46:32.537379,25.770000457763672,85930.7421875,15.974609375,0.08094999939203262
2023-06-01 19:46:33.537454,25.780000686645508,85934.734375,15.9638671875,0.0
2023-06-01 19:46:34.539204,25.799999237060547,85931.90625,16.0,0.16189999878406525
2023-06-01 19:46:35.539265,25.81999969482422,85929.484375,16.0,0.08094999939203262
2023-06-01 19:46:36.540867,25.809999465942383,85932.109375,15.98828125,0.08094999939203262
2023-06-01 19:46:37.542270,25.829999923706055,85931.140625,15.9765625,0.0
2023-06-01 19:46:38.542178,25.850000381469727,85932.03125,15.9892578125,0.0
2023-06-01 19:46:39.543786,25.84000015258789,85934.109375,15.9658203125,0.08094999939203262
2023-06-01 19:46:40.543902,25.84000015258789,85928.40625,16.119140625,0.0
2023-06-01 19:46:41.545314,25.81999969482422,85932.109375,16.01171875,0.0
2023-06-01 19:46:42.546017,25.780000686645508,85926.390625,15.916015625,0.0
2023-06-01 19:46:43.547231,25.809999465942383,85930.421875,15.9169921875,0.0
2023-06-01 19:46:44.547581,25.84000015258789,85928.2109375,16.0126953125,0.16189999878406525
2023-06-01 19:46:45.548987,25.84000015258789,85930.7578125,16.095703125,0.5666499733924866
2023-06-01 19:46:46.548860,25.81999969482422,85931.53125,15.9765625,0.48570001125335693
2023-06-01 19:46:47.550352,25.799999237060547,85930.0859375,15.904296875,0.48570001125335693
2023-06-01 19:46:48.551794,25.790000915527344,85928.0,15.869140625,0.4047500193119049
2023-06-01 19:46:49.552875,25.799999237060547,85928.390625,15.857421875,0.24285000562667847
2023-06-01 19:46:50.554333,25.81999969482422,85931.5,15.8701171875,0.3237999975681305
2023-06-01 19:46:51.554953,25.81999969482422,85930.203125,15.8466796875,0.16189999878406525
2023-06-01 19:46:52.555864,25.84000015258789,85929.8984375,15.9296875,0.24285000562667847
2023-06-01 19:46:53.556578,25.860000610351562,85929.125,15.9775390625,0.4047500193119049
2023-06-01 19:46:54.557652,25.8700008392334,85931.7890625,16.0029296875,0.5666499733924866
2023-06-01 19:46:55.557900,25.889999389648438,85933.15625,16.0146484375,0.647599995136261
2023-06-01 19:46:56.560239,25.899999618530273,85929.71875,16.02734375,0.7285500168800354
2023-06-01 19:46:57.559580,25.889999389648438,85929.6875,16.0390625,0.48570001125335693
2023-06-01 19:46:58.560982,25.90999984741211,85930.5,15.9912109375,0.24285000562667847
2023-06-01 19:46:59.561170,25.90999984741211,85930.5,15.9443359375,0.4047500193119049
2023-06-01 19:47:00.562544,25.90999984741211,85929.828125,15.884765625,0.3237999975681305
2023-06-01 19:47:01.562801,25.920000076293945,85927.4765625,15.873046875,0.48570001125335693
2023-06-01 19:47:02.564426,25.90999984741211,85932.828125,15.873046875,0.5666499733924866
2023-06-01 19:47:03.565541,25.889999389648438,85933.7578125,15.8251953125,0.9714000225067139
2023-06-01 19:47:04.565868,25.8799991607666,85929.71875,15.8125,0.8095000386238098
2023-06-01 19:47:05.567059,25.889999389648438,85930.65625,15.8251953125,0.7285500168800354
2023-06-01 19:47:06.567455,25.920000076293945,85930.796875,15.814453125,0.8095000386238098
2023-06-01 19:47:07.568679,25.90999984741211,85932.734375,15.7666015625,0.48570001125335693
2023-06-01 19:47:08.569256,25.93000030517578,85930.4140625,15.7548828125,0.7285500168800354
2023-06-01 19:47:09.570370,25.920000076293945,85931.9921875,15.7548828125,0.7285500168800354
2023-06-01 19:47:10.570547,25.920000076293945,85930.1953125,15.7431640625,0.7285500168800354
2023-06-01 19:47:11.572222,25.940000534057617,85931.75,15.767578125,0.4047500193119049
2023-06-01 19:47:12.572455,25.969999313354492,85932.171875,15.7802734375,0.08094999939203262
2023-06-01 19:47:13.573497,25.950000762939453,85929.9765625,15.8037109375,0.08094999939203262
2023-06-01 19:47:14.573919,25.959999084472656,85931.5546875,15.88671875,0.0
2023-06-01 19:47:15.575378,25.950000762939453,85930.609375,15.8505859375,0.16189999878406525
2023-06-01 19:47:16.576520,25.940000534057617,85930.390625,15.8388671875,0.08094999939203262
2023-06-01 19:47:17.577170,25.950000762939453,85930.359375,15.88671875,0.08094999939203262
2023-06-01 19:47:18.578433,25.950000762939453,85928.3125,15.93359375,0.08094999939203262
2023-06-01 19:47:19.578339,25.93000030517578,85929.140625,15.8623046875,0.0
2023-06-01 19:47:20.580001,25.920000076293945,85928.5,15.837890625,0.0
2023-06-01 19:47:21.580371,25.93000030517578,85929.453125,15.814453125,0.08094999939203262
2023-06-01 19:47:22.581500,25.920000076293945,85928.9453125,15.826171875,0.0
2023-06-01 19:47:23.581914,25.90999984741211,85930.40625,15.8017578125,0.0
2023-06-01 19:47:24.583133,25.920000076293945,85932.96875,15.826171875,0.16189999878406525
2023-06-01 19:47:25.583263,25.920000076293945,85929.78125,15.837890625,0.24285000562667847
2023-06-01 19:47:26.584858,25.90999984741211,85930.3828125,15.8251953125,0.0
2023-06-01 19:47:27.586050,25.920000076293945,85932.15625,15.802734375,0.08094999939203262
2023-06-01 19:47:28.587269,25.90999984741211,85930.796875,15.7783203125,0.0
2023-06-01 19:47:29.588761,25.90999984741211,85933.90625,15.7666015625,0.08094999939203262
2023-06-01 19:47:30.589160,25.93000030517578,85932.296875,15.767578125,0.08094999939203262
2023-06-01 19:47:31.590359,25.93000030517578,85931.96875,15.814453125,0.08094999939203262
2023-06-01 19:47:32.591026,25.940000534057617,85932.1875,15.95703125,0.0
2023-06-01 19:47:33.592106,25.93000030517578,85931.46875,15.96875,0.0
2023-06-01 19:47:34.592272,25.93000030517578,85931.46875,15.921875,0.24285000562667847
2023-06-01 19:47:35.593840,25.93000030517578,85931.109375,16.0283203125,0.24285000562667847
2023-06-01 19:47:36.594759,25.940000534057617,85929.3359375,16.158203125,0.0
2023-06-01 19:47:37.596205,25.93000030517578,85928.890625,16.0634765625,0.0
2023-06-01 19:47:38.597002,25.90999984741211,85931.046875,15.9326171875,0.08094999939203262
2023-06-01 19:47:39.597191,25.8799991607666,85930.21875,15.8720703125,0.08094999939203262
2023-06-01 19:47:40.597408,25.90999984741211,85931.296875,15.861328125,0.0
2023-06-01 19:47:41.598581,25.899999618530273,85929.609375,15.849609375,0.16189999878406525
2023-06-01 19:47:42.600024,25.899999618530273,85929.546875,15.8369140625,0.24285000562667847
2023-06-01 19:47:43.600157,25.889999389648438,85930.1875,15.8486328125,0.3237999975681305
2023-06-01 19:47:44.601760,25.920000076293945,85933.125,15.837890625,0.24285000562667847
2023-06-01 19:47:45.601965,25.90999984741211,85932.625,15.8251953125,0.16189999878406525
2023-06-01 19:47:46.603253,25.90999984741211,85933.296875,15.837890625,0.08094999939203262
2023-06-01 19:47:47.603709,25.889999389648438,85932.515625,15.8486328125,0.08094999939203262
2023-06-01 19:47:48.605175,25.889999389648438,85930.1875,15.8369140625,0.0
2023-06-01 19:47:49.605082,25.899999618530273,85928.9140625,15.849609375,0.0
2023-06-01 19:47:50.606792,25.90999984741211,85929.71875,15.884765625,0.0
2023-06-01 19:47:51.606993,25.90999984741211,85930.046875,15.884765625,0.08094999939203262
2023-06-01 19:47:52.608221,25.90999984741211,85930.21875,15.849609375,0.0
2023-06-01 19:47:53.608481,25.899999618530273,85930.4375,15.849609375,0.0
2023-06-01 19:47:54.609879,25.860000610351562,85932.1484375,15.82421875,0.0
2023-06-01 19:47:55.611385,25.860000610351562,85932.5078125,15.8125,0.0
2023-06-01 19:47:56.611592,25.860000610351562,85931.515625,15.8125,0.0
2023-06-01 19:47:57.612920,25.81999969482422,85931.359375,15.798828125,0.0
2023-06-01 19:47:58.613371,25.81999969482422,85929.0078125,15.798828125,0.0
2023-06-01 19:47:59.614769,25.81999969482422,85930.78125,15.798828125,0.0
2023-06-01 19:48:00.615009,25.829999923706055,85930.2578125,15.8466796875,0.0
2023-06-01 19:48:01.616142,25.84000015258789,85933.03125,15.8583984375,0.16189999878406525
2023-06-01 19:48:02.616579,25.81999969482422,85931.109375,15.845703125,0.16189999878406525
2023-06-01 19:48:03.617885,25.809999465942383,85931.390625,15.857421875,0.08094999939203262
2023-06-01 19:48:04.617904,25.809999465942383,85932.71875,15.857421875,0.08094999939203262
2023-06-01 19:48:05.619332,25.809999465942383,85930.6640625,15.833984375,0.0
2023-06-01 19:48:06.621042,25.81999969482422,85934.296875,15.8701171875,0.0
2023-06-01 19:48:07.621848,25.799999237060547,85931.90625,15.857421875,0.0
2023-06-01 19:48:08.623229,25.799999237060547,85932.71875,15.845703125,0.0
2023-06-01 19:48:09.623661,25.799999237060547,85930.4453125,15.857421875,0.0
2023-06-01 19:48:10.625421,25.809999465942383,85930.3359375,15.9287109375,0.08094999939203262
2023-06-01 19:48:11.625304,25.809999465942383,85931.1953125,15.9521484375,0.08094999939203262
2023-06-01 19:48:12.626682,25.780000686645508,85931.984375,15.927734375,0.0
2023-06-01 19:48:13.626817,25.790000915527344,85933.015625,15.916015625,0.0
2023-06-01 19:48:14.628328,25.809999465942383,85931.03125,16.0,0.16189999878406525
2023-06-01 19:48:15.628574,25.790000915527344,85930.1953125,15.9990234375,0.16189999878406525
2023-06-01 19:48:16.629773,25.780000686645508,85933.6484375,15.9638671875,0.0
2023-06-01 19:48:17.629844,25.75,85931.6484375,15.9150390625,0.0
2023-06-01 19:48:18.631535,25.75,85933.8125,15.9033203125,0.08094999939203262
2023-06-01 19:48:19.631617,25.729999542236328,85930.484375,15.890625,0.0
2023-06-01 19:48:20.633150,25.729999542236328,85930.015625,15.890625,0.0
2023-06-01 19:48:21.634552,25.729999542236328,85931.28125,15.90234375,0.08094999939203262
2023-06-01 19:48:22.634675,25.739999771118164,85931.375,15.9384765625,0.16189999878406525
2023-06-01 19:48:23.636065,25.739999771118164,85933.1171875,15.9736328125,0.24285000562667847
2023-06-01 19:48:24.636352,25.75,85932.015625,16.009765625,0.24285000562667847
2023-06-01 19:48:25.637448,25.760000228881836,85935.453125,16.0458984375,0.4047500193119049
2023-06-01 19:48:26.637888,25.75,85931.5703125,16.0458984375,0.4047500193119049
2023-06-01 19:48:27.639498,25.729999542236328,85932.0078125,15.9970703125,0.3237999975681305
2023-06-01 19:48:28.639608,25.729999542236328,85932.671875,15.9501953125,0.24285000562667847
2023-06-01 19:48:29.641208,25.739999771118164,85930.265625,15.9736328125,0.24285000562667847
2023-06-01 19:48:30.641312,25.75,85932.984375,16.033203125,0.16189999878406525
2023-06-01 19:48:31.642803,25.719999313354492,85931.5,15.97265625,0.16189999878406525
2023-06-01 19:48:32.643122,25.719999313354492,85931.203125,15.9375,0.08094999939203262
2023-06-01 19:48:33.644498,25.709999084472656,85930.5,15.9248046875,0.0
2023-06-01 19:48:34.645875,25.719999313354492,85931.3671875,15.9736328125,0.0
2023-06-01 19:48:35.645915,25.729999542236328,85931.28125,16.0205078125,0.16189999878406525
2023-06-01 19:48:36.647484,25.739999771118164,85935.046875,16.033203125,0.3237999975681305
2023-06-01 19:48:37.647480,25.739999771118164,85932.921875,16.033203125,0.24285000562667847
2023-06-01 19:48:38.648912,25.729999542236328,85930.421875,15.9853515625,0.16189999878406525
2023-06-01 19:48:39.649277,25.709999084472656,85934.015625,15.97265625,0.16189999878406525
2023-06-01 19:48:40.650765,25.719999313354492,85933.96875,16.0205078125,0.08094999939203262
2023-06-01 19:48:41.651342,25.709999084472656,85930.5,15.99609375,0.0
2023-06-01 19:48:42.652284,25.709999084472656,85931.78125,15.9970703125,0.0
2023-06-01 19:48:43.652519,25.719999313354492,85932.96875,15.9970703125,0.0
2023-06-01 19:48:44.653821,25.719999313354492,85932.640625,15.9970703125,0.08094999939203262
2023-06-01 19:48:45.655080,25.719999313354492,85933.1953125,15.9970703125,0.08094999939203262
2023-06-01 19:48:46.656747,25.729999542236328,85931.640625,16.0205078125,0.08094999939203262
2023-06-01 19:48:47.657697,25.729999542236328,85932.28125,16.0205078125,0.16189999878406525
2023-06-01 19:48:48.658117,25.719999313354492,85931.4765625,16.0087890625,0.08094999939203262
2023-06-01 19:48:49.659429,25.719999313354492,85930.8125,15.9970703125,0.0
2023-06-01 19:48:50.659942,25.700000762939453,85931.28125,15.984375,0.0
2023-06-01 19:48:51.661058,25.709999084472656,85933.359375,15.984375,0.0
2023-06-01 19:48:52.661509,25.729999542236328,85930.953125,16.044921875,0.0
2023-06-01 19:48:53.662550,25.739999771118164,85930.5390625,16.1162109375,0.08094999939203262
2023-06-01 19:48:54.663046,25.739999771118164,85931.78125,16.2109375,0.0
2023-06-01 19:48:55.664520,25.739999771118164,85930.875,16.1513671875,0.0
2023-06-01 19:48:56.664753,25.719999313354492,85932.5546875,16.068359375,0.0
2023-06-01 19:48:57.666120,25.690000534057617,85932.65625,16.03125,0.0
2023-06-01 19:48:58.667095,25.709999084472656,85933.75,16.0205078125,0.08094999939203262
2023-06-01 19:48:59.667860,25.719999313354492,85934.0234375,16.044921875,0.08094999939203262
2023-06-01 19:49:00.669282,25.739999771118164,85932.8671875,16.068359375,0.0
2023-06-01 19:49:01.669370,25.729999542236328,85931.6171875,16.0322265625,0.08094999939203262
2023-06-01 19:49:02.670754,25.729999542236328,85933.109375,16.056640625,0.24285000562667847
2023-06-01 19:49:03.671072,25.729999542236328,85932.609375,16.056640625,0.08094999939203262
2023-06-01 19:49:04.672500,25.729999542236328,85933.75,16.080078125,0.08094999939203262
2023-06-01 19:49:05.672552,25.75,85933.8125,16.0810546875,0.24285000562667847
2023-06-01 19:49:06.674304,25.75,85932.734375,16.1044921875,0.3237999975681305
2023-06-01 19:49:07.673954,25.760000228881836,85934.453125,16.1162109375,0.16189999878406525
2023-06-01 19:49:08.675823,25.75,85935.171875,16.0810546875,0.24285000562667847
2023-06-01 19:49:09.676264,25.729999542236328,85932.671875,16.033203125,0.0
2023-06-01 19:49:10.677000,25.739999771118164,85931.09375,16.021484375,0.0
2023-06-01 19:49:11.677512,25.75,85933.4765625,16.021484375,0.0
2023-06-01 19:49:12.678671,25.739999771118164,85934.609375,16.033203125,0.08094999939203262
2023-06-01 19:49:13.680013,25.719999313354492,85931.3125,15.9970703125,0.0
2023-06-01 19:49:14.680367,25.709999084472656,85930.171875,15.984375,0.0
2023-06-01 19:49:15.681642,25.709999084472656,85933.859375,15.984375,0.0
2023-06-01 19:49:16.682081,25.700000762939453,85930.21875,15.97265625,0.0
2023-06-01 19:49:17.683332,25.65999984741211,85929.828125,15.9833984375,0.08094999939203262
2023-06-01 19:49:18.683636,25.670000076293945,85929.71875,16.0068359375,0.08094999939203262
2023-06-01 19:49:19.685026,25.639999389648438,85930.8984375,16.005859375,0.0
2023-06-01 19:49:20.685379,25.649999618530273,85930.625,16.005859375,0.08094999939203262
2023-06-01 19:49:21.686411,25.639999389648438,85927.8828125,16.017578125,0.0
2023-06-01 19:49:22.687357,25.6200008392334,85928.875,16.0166015625,0.0
2023-06-01 19:49:23.688304,25.600000381469727,85929.671875,16.0166015625,0.0
2023-06-01 19:49:24.689527,25.56999969482422,85930.2421875,16.02734375,0.0
2023-06-01 19:49:25.690995,25.559999465942383,85930.1015625,16.0380859375,0.0
2023-06-01 19:49:26.692324,25.530000686645508,85928.3203125,16.048828125,0.0
2023-06-01 19:49:27.692630,25.540000915527344,85930.921875,16.0615234375,0.0
2023-06-01 19:49:28.694683,25.549999237060547,85932.390625,16.0625,0.0
2023-06-01 19:49:29.694557,25.559999465942383,85931.765625,16.07421875,0.0
2023-06-01 19:49:30.696065,25.549999237060547,85932.671875,16.0615234375,0.08094999939203262
2023-06-01 19:49:31.695987,25.540000915527344,85931.75,16.0732421875,0.08094999939203262
2023-06-01 19:49:32.697398,25.559999465942383,85934.25,16.07421875,0.0
2023-06-01 19:49:33.697737,25.559999465942383,85933.78125,16.0625,0.0
2023-06-01 19:49:34.699057,25.56999969482422,85933.921875,16.1220703125,0.0
2023-06-01 19:49:35.699032,25.520000457763672,85935.375,16.1083984375,0.08094999939203262
2023-06-01 19:49:36.700661,25.530000686645508,85932.75,16.0966796875,0.16189999878406525
2023-06-01 19:49:37.700906,25.530000686645508,85935.4609375,16.1083984375,0.08094999939203262
2023-06-01 19:49:38.702183,25.540000915527344,85934.75,16.2041015625,0.0
2023-06-01 19:49:38.723809,0.0,0.0,0.0,0.0
2023-06-01 19:49:39.703350,25.530000686645508,85934.15625,16.2041015625,0.0
2023-06-01 19:49:40.703638,25.530000686645508,85928.484375,16.203125,0.0
2023-06-01 19:49:41.705486,25.530000686645508,85929.421875,16.19140625,0.0
2023-06-01 19:49:42.705561,25.549999237060547,85930.6484375,16.19140625,0.0
2023-06-01 19:49:43.707146,25.549999237060547,85934.03125,16.14453125,0.08094999939203262
2023-06-01 19:49:44.708225,25.530000686645508,85931.171875,16.12109375,0.0
2023-06-01 19:49:45.708472,25.530000686645508,85931.78125,16.1083984375,0.0
2023-06-01 19:49:46.708817,25.510000228881836,85933.3515625,16.095703125,0.0
2023-06-01 19:49:47.709803,25.510000228881836,85930.9140625,16.072265625,0.0
2023-06-01 19:49:48.710198,25.530000686645508,85929.84375,16.0732421875,0.0
2023-06-01 19:49:49.711783,25.540000915527344,85929.875,16.109375,0.0
2023-06-01 19:49:50.712102,25.530000686645508,85935.828125,16.15625,0.0
2023-06-01 19:49:51.713590,25.520000457763672,85932.8828125,16.19140625,0.08094999939203262
2023-06-01 19:49:52.715563,25.530000686645508,85932.96875,16.15625,0.0
2023-06-01 19:49:53.714956,25.459999084472656,85933.171875,16.0830078125,0.08094999939203262
2023-06-01 19:49:54.716374,25.40999984741211,85933.421875,16.0693359375,0.08094999939203262
2023-06-01 19:49:55.716763,25.389999389648438,85932.171875,16.091796875,0.0
2023-06-01 19:49:56.718049,25.3700008392334,85933.6328125,16.0908203125,0.0
2023-06-01 19:49:57.718429,25.31999969482422,85933.203125,16.0888671875,0.0
2023-06-01 19:49:58.719371,25.280000686645508,85930.046875,16.111328125,0.0
2023-06-01 19:49:59.719716,25.25,85933.890625,16.1337890625,0.08094999939203262
2023-06-01 19:50:00.725328,25.260000228881836,85935.078125,16.1337890625,0.0
2023-06-01 19:50:01.721188,25.270000457763672,85931.765625,16.134765625,0.08094999939203262
2023-06-01 19:50:02.722758,25.239999771118164,85935.34375,16.1455078125,0.08094999939203262
2023-06-01 19:50:03.724299,25.239999771118164,85932.0546875,16.1572265625,0.08094999939203262
2023-06-01 19:50:04.725347,25.270000457763672,85931.703125,16.2646484375,0.08094999939203262
2023-06-01 19:50:05.726969,25.260000228881836,85931.515625,16.32421875,0.0
2023-06-01 19:50:06.727176,25.260000228881836,85931.34375,16.3125,0.48570001125335693
2023-06-01 19:50:07.728389,25.260000228881836,85930.484375,16.2412109375,0.5666499733924866
2023-06-01 19:50:08.728662,25.260000228881836,85930.953125,16.2412109375,0.3237999975681305
2023-06-01 19:50:09.729808,25.260000228881836,85933.3125,16.2294921875,0.3237999975681305
2023-06-01 19:50:10.729978,25.25,85932.890625,16.205078125,0.24285000562667847
2023-06-01 19:50:11.731528,25.239999771118164,85931.25,16.216796875,0.24285000562667847
2023-06-01 19:50:12.731802,25.239999771118164,85929.2890625,16.263671875,0.16189999878406525
2023-06-01 19:50:13.733291,25.260000228881836,85930.921875,16.2998046875,0.0
2023-06-01 19:50:14.733452,25.270000457763672,85933.890625,16.3720703125,0.08094999939203262
2023-06-01 19:50:15.734932,25.270000457763672,85930.4375,16.34765625,0.16189999878406525
2023-06-01 19:50:16.734852,25.270000457763672,85933.09375,16.27734375,0.4047500193119049
2023-06-01 19:50:17.736405,25.270000457763672,85930.96875,16.25390625,0.3237999975681305
2023-06-01 19:50:18.737641,25.270000457763672,85932.4296875,16.2294921875,0.24285000562667847
2023-06-01 19:50:19.738783,25.280000686645508,85934.1484375,16.2294921875,0.24285000562667847
2023-06-01 19:50:20.739715,25.25,85930.1484375,16.251953125,0.16189999878406525
2023-06-01 19:50:21.739737,25.229999542236328,85931.96875,16.251953125,0.3237999975681305
2023-06-01 19:50:22.740759,25.229999542236328,85930.5859375,16.240234375,0.16189999878406525
2023-06-01 19:50:23.741418,25.239999771118164,85930.6171875,16.216796875,0.0
2023-06-01 19:50:24.742617,25.25,85932.96875,16.205078125,0.24285000562667847
2023-06-01 19:50:25.742909,25.270000457763672,85933.125,16.2060546875,1.3761500120162964
2023-06-01 19:50:26.744517,25.290000915527344,85931.21875,16.1953125,1.4571000337600708
2023-06-01 19:50:27.744786,25.280000686645508,85929.5,16.2060546875,0.9714000225067139
2023-06-01 19:50:28.746184,25.270000457763672,85931.296875,16.2421875,0.647599995136261
2023-06-01 19:50:29.746360,25.270000457763672,85932.4296875,16.2294921875,1.6190000772476196
2023-06-01 19:50:30.747629,25.280000686645508,85930.078125,16.2421875,1.295199990272522
2023-06-01 19:50:31.748853,25.290000915527344,85929.34375,16.27734375,0.9714000225067139
2023-06-01 19:50:32.749298,25.290000915527344,85930.03125,16.265625,2.590399980545044
2023-06-01 19:50:33.750594,25.299999237060547,85930.640625,16.2783203125,1.4571000337600708
2023-06-01 19:50:34.750740,25.299999237060547,85929.3125,16.2783203125,1.295199990272522
2023-06-01 19:50:35.752185,25.299999237060547,85932.140625,16.2548828125,2.2665998935699463
2023-06-01 19:50:36.752482,25.309999465942383,85929.8984375,16.2548828125,1.8618501424789429
2023-06-01 19:50:37.753645,25.299999237060547,85931.5,16.20703125,2.023750066757202
2023-06-01 19:50:38.754192,25.299999237060547,85928.78125,16.18359375,0.4047500193119049
2023-06-01 19:50:39.755470,25.299999237060547,85930.34375,16.18359375,0.5666499733924866
2023-06-01 19:50:40.755844,25.31999969482422,85931.0390625,16.1845703125,0.7285500168800354
2023-06-01 19:50:41.757142,25.329999923706055,85933.28125,16.2080078125,0.24285000562667847
2023-06-01 19:50:42.758328,25.31999969482422,85933.3046875,16.171875,0.24285000562667847
2023-06-01 19:50:43.759449,25.34000015258789,85933.703125,16.1728515625,0.0
2023-06-01 19:50:44.760967,25.350000381469727,85932.3515625,16.1728515625,0.24285000562667847
2023-06-01 19:50:45.761275,25.360000610351562,85935.671875,16.173828125,0.0
2023-06-01 19:50:46.762457,25.350000381469727,85931.3828125,16.1611328125,0.16189999878406525
2023-06-01 19:50:47.763372,25.329999923706055,85932.984375,16.13671875,0.08094999939203262
2023-06-01 19:50:48.764336,25.350000381469727,85935.03125,16.1376953125,0.0
2023-06-01 19:50:49.765951,25.389999389648438,85936.328125,16.138671875,0.24285000562667847
2023-06-01 19:50:50.767288,25.389999389648438,85934.46875,16.150390625,0.4047500193119049
2023-06-01 19:50:51.766476,25.399999618530273,85934.5859375,16.1513671875,0.0
2023-06-01 19:50:52.767537,25.3700008392334,85933.96875,16.138671875,0.16189999878406525
2023-06-01 19:50:53.768191,25.3700008392334,85932.21875,16.162109375,0.16189999878406525
2023-06-01 19:50:54.769172,25.360000610351562,85932.4921875,16.1494140625,0.0
2023-06-01 19:50:55.769699,25.350000381469727,85931.984375,16.1728515625,0.0
2023-06-01 19:50:56.770914,25.31999969482422,85934.71875,16.171875,0.08094999939203262
2023-06-01 19:50:57.772202,25.309999465942383,85933.28125,16.16015625,0.08094999939203262
2023-06-01 19:50:58.772395,25.309999465942383,85933.359375,16.18359375,0.0
2023-06-01 19:50:59.773725,25.31999969482422,85933.53125,16.1845703125,0.16189999878406525
2023-06-01 19:51:00.774716,25.329999923706055,85931.453125,16.2197265625,0.647599995136261
2023-06-01 19:51:01.775070,25.309999465942383,85934.6875,16.18359375,0.5666499733924866
2023-06-01 19:51:02.775953,25.299999237060547,85935.40625,16.1708984375,0.4047500193119049
2023-06-01 19:51:03.776990,25.290000915527344,85934.7890625,16.1708984375,0.3237999975681305
2023-06-01 19:51:04.777068,25.25,85932.390625,16.169921875,0.48570001125335693
2023-06-01 19:51:05.778523,25.25,85931.9765625,16.1455078125,0.647599995136261
2023-06-01 19:51:06.778755,25.229999542236328,85932.46875,16.1572265625,0.4047500193119049
2023-06-01 19:51:07.779992,25.209999084472656,85936.0859375,16.16796875,0.16189999878406525
2023-06-01 19:51:08.780313,25.209999084472656,85932.765625,16.16796875,0.08094999939203262
2023-06-01 19:51:09.781653,25.200000762939453,85932.78125,16.16796875,0.24285000562667847
2023-06-01 19:51:10.782734,25.190000534057617,85935.6015625,16.1796875,0.4047500193119049
2023-06-01 19:51:11.783355,25.200000762939453,85934.609375,16.2626953125,0.4047500193119049
2023-06-01 19:51:12.117536,0.0,0.0,0.0,0.0
2023-06-01 19:51:12.784389,25.219999313354492,85933.1796875,16.5830078125,0.3237999975681305
2023-06-01 19:51:13.784692,25.229999542236328,85933.328125,16.666015625,0.24285000562667847
2023-06-01 19:51:14.786400,25.239999771118164,85931.390625,16.5712890625,0.16189999878406525
2023-06-01 19:51:15.786646,25.219999313354492,85933.6796875,16.4169921875,0.08094999939203262
2023-06-01 19:51:16.787769,25.200000762939453,85932.3125,16.357421875,0.4047500193119049
2023-06-01 19:51:17.788225,25.190000534057617,85929.1875,16.2978515625,0.647599995136261
2023-06-01 19:51:18.789600,25.170000076293945,85934.4296875,16.2734375,0.9714000225067139
2023-06-01 19:51:19.789577,25.170000076293945,85933.875,16.3681640625,0.9714000225067139
2023-06-01 19:51:20.790846,25.170000076293945,85933.734375,16.439453125,0.3237999975681305
2023-06-01 19:51:21.792458,25.15999984741211,85932.1875,16.3681640625,0.24285000562667847
2023-06-01 19:51:22.793527,25.139999389648438,85934.25,16.2958984375,0.4047500193119049
2023-06-01 19:51:23.794915,25.139999389648438,85931.0390625,16.2724609375,0.24285000562667847
2023-06-01 19:51:24.796242,25.139999389648438,85933.203125,16.248046875,0.0
2023-06-01 19:51:25.796688,25.100000381469727,85935.859375,16.2353515625,0.08094999939203262
2023-06-01 19:51:26.797299,25.079999923706055,85931.34375,16.24609375,0.0
2023-06-01 19:51:27.798435,25.100000381469727,85934.890625,16.2587890625,0.08094999939203262
2023-06-01 19:51:28.798643,25.110000610351562,85934.015625,16.53125,0.0
2023-06-01 19:51:29.799978,25.09000015258789,85937.5,16.4599609375,0.0
2023-06-01 19:51:30.800309,25.09000015258789,85935.8046875,16.376953125,0.08094999939203262
2023-06-01 19:51:31.801631,25.079999923706055,85935.71875,16.3173828125,0.0
2023-06-01 19:51:32.801895,25.09000015258789,85935.96875,16.376953125,0.0
2023-06-01 19:51:33.803302,25.06999969482422,85932.453125,16.3525390625,0.0
2023-06-01 19:51:34.806186,25.049999237060547,85935.5078125,16.328125,0.0
2023-06-01 19:51:35.804918,25.020000457763672,85935.0,16.3505859375,0.0
2023-06-01 19:51:36.806835,25.030000686645508,85936.359375,16.3271484375,0.0
2023-06-01 19:51:37.806431,25.020000457763672,85933.9140625,16.3271484375,0.0
2023-06-01 19:51:38.807701,25.040000915527344,85932.1796875,16.41015625,0.08094999939203262
2023-06-01 19:51:39.808055,25.040000915527344,85934.84375,16.4462890625,0.08094999939203262
2023-06-01 19:51:40.809434,25.030000686645508,85934.609375,16.43359375,0.24285000562667847
2023-06-01 19:51:41.809684,25.049999237060547,85933.84375,16.4228515625,0.24285000562667847
2023-06-01 19:51:42.810941,25.020000457763672,85932.640625,16.3984375,0.3237999975681305
2023-06-01 19:51:43.811221,25.020000457763672,85933.9453125,16.3740234375,0.4047500193119049
2023-06-01 19:51:44.812562,25.040000915527344,85935.03125,16.4697265625,0.647599995136261
2023-06-01 19:51:45.812616,25.040000915527344,85935.0,16.4697265625,0.647599995136261
2023-06-01 19:51:46.813999,25.010000228881836,85934.0234375,16.3740234375,0.5666499733924866
2023-06-01 19:51:47.814765,25.010000228881836,85934.515625,16.3505859375,0.5666499733924866
2023-06-01 19:51:48.815866,25.020000457763672,85932.921875,16.3740234375,0.7285500168800354
2023-06-01 19:51:49.817114,25.040000915527344,85935.703125,16.4697265625,0.9714000225067139
2023-06-01 19:51:50.817536,25.010000228881836,85936.84375,16.3974609375,0.7285500168800354
2023-06-01 19:51:51.818838,24.969999313354492,85932.890625,16.3720703125,0.48570001125335693
2023-06-01 19:51:52.819276,24.969999313354492,85934.5,16.3720703125,0.48570001125335693
2023-06-01 19:51:53.820425,24.969999313354492,85932.3671875,16.3603515625,0.3237999975681305
2023-06-01 19:51:54.820758,24.959999084472656,85935.84375,16.3603515625,0.24285000562667847
2023-06-01 19:51:55.821890,24.969999313354492,85931.84375,16.3720703125,0.16189999878406525
2023-06-01 19:51:56.822194,24.969999313354492,85936.1875,16.3720703125,0.08094999939203262
2023-06-01 19:51:57.823819,24.969999313354492,85932.203125,16.3720703125,0.24285000562667847
2023-06-01 19:51:58.823762,24.969999313354492,85932.890625,16.3720703125,0.4047500193119049
2023-06-01 19:51:59.825430,24.979999542236328,85934.703125,16.396484375,0.4047500193119049
2023-06-01 19:52:00.826569,24.959999084472656,85931.3125,16.3837890625,0.16189999878406525
2023-06-01 19:52:01.827658,24.959999084472656,85930.7578125,16.3603515625,0.3237999975681305
2023-06-01 19:52:02.829516,24.940000534057617,85933.875,16.3603515625,0.48570001125335693
2023-06-01 19:52:03.829181,24.959999084472656,85934.6328125,16.3720703125,0.48570001125335693
2023-06-01 19:52:04.830511,24.969999313354492,85935.515625,16.408203125,0.3237999975681305
2023-06-01 19:52:05.830950,24.969999313354492,85932.171875,16.408203125,0.24285000562667847
2023-06-01 19:52:06.832335,24.969999313354492,85933.828125,16.431640625,0.24285000562667847
2023-06-01 19:52:07.832621,24.969999313354492,85932.8671875,16.419921875,0.16189999878406525
2023-06-01 19:52:08.833857,24.969999313354492,85935.15625,16.408203125,0.0
2023-06-01 19:52:09.834160,24.979999542236328,85937.796875,16.384765625,0.16189999878406525
2023-06-01 19:52:10.835574,24.979999542236328,85933.28125,16.373046875,0.0
2023-06-01 19:52:11.835943,24.969999313354492,85930.265625,16.3603515625,0.0
2023-06-01 19:52:12.837206,24.979999542236328,85931.984375,16.373046875,0.08094999939203262
2023-06-01 19:52:13.837586,24.979999542236328,85932.84375,16.384765625,0.0
2023-06-01 19:52:14.839083,24.969999313354492,85933.0,16.3720703125,0.0
2023-06-01 19:52:15.840161,24.959999084472656,85931.3671875,16.3720703125,0.0
2023-06-01 19:52:16.840232,24.969999313354492,85935.25,16.3720703125,0.0
2023-06-01 19:52:17.841413,24.969999313354492,85935.21875,16.396484375,0.0
2023-06-01 19:52:18.841931,24.989999771118164,85933.953125,16.4560546875,0.0
2023-06-01 19:52:19.843314,25.0,85932.8515625,16.4443359375,0.0
2023-06-01 19:52:20.844614,24.989999771118164,85935.890625,16.4326171875,0.0
2023-06-01 19:52:21.844910,24.969999313354492,85934.828125,16.408203125,0.0
2023-06-01 19:52:22.845159,24.969999313354492,85936.15625,16.396484375,0.0
2023-06-01 19:52:23.846722,24.989999771118164,85932.984375,16.384765625,0.0
2023-06-01 19:52:24.846834,25.010000228881836,85934.625,16.3857421875,0.0
2023-06-01 19:52:25.848158,25.020000457763672,85936.265625,16.3857421875,0.0
2023-06-01 19:52:26.848645,25.020000457763672,85933.609375,16.3740234375,0.0
2023-06-01 19:52:27.849860,24.989999771118164,85931.1640625,16.361328125,0.0
2023-06-01 19:52:28.851318,24.979999542236328,85934.53125,16.373046875,0.0
2023-06-01 19:52:29.851411,24.979999542236328,85932.875,16.408203125,0.0
2023-06-01 19:52:30.853276,24.979999542236328,85936.5234375,16.396484375,0.0
2023-06-01 19:52:31.853001,24.989999771118164,85936.609375,16.384765625,0.0
2023-06-01 19:52:32.854522,24.979999542236328,85933.53125,16.361328125,0.0
2023-06-01 19:52:33.854558,24.979999542236328,85934.9453125,16.3486328125,0.0
2023-06-01 19:52:34.856050,24.959999084472656,85933.140625,16.3603515625,0.0
2023-06-01 19:52:35.856386,24.969999313354492,85934.0859375,16.3603515625,0.0
2023-06-01 19:52:36.857663,24.989999771118164,85930.0,16.361328125,0.0
2023-06-01 19:52:37.857708,25.0,85932.25,16.3974609375,0.0
2023-06-01 19:52:38.859333,24.989999771118164,85932.265625,16.4091796875,0.0
2023-06-01 19:52:39.860810,24.979999542236328,85932.875,16.384765625,0.0
2023-06-01 19:52:40.861757,24.979999542236328,85935.140625,16.373046875,0.0
2023-06-01 19:52:41.863141,24.989999771118164,85934.0625,16.349609375,0.0
2023-06-01 19:52:42.863564,24.979999542236328,85933.875,16.361328125,0.0
2023-06-01 19:52:43.865009,24.979999542236328,85932.2109375,16.361328125,0.0
2023-06-01 19:52:44.865459,25.0,85933.7109375,16.349609375,0.0
2023-06-01 19:52:45.867135,24.989999771118164,85934.484375,16.349609375,0.0
2023-06-01 19:52:46.867046,24.989999771118164,85932.9296875,16.337890625,0.0
2023-06-01 19:52:47.868248,24.979999542236328,85933.34375,16.337890625,0.0
2023-06-01 19:52:48.868688,24.979999542236328,85933.8125,16.3486328125,0.0
2023-06-01 19:52:48.892470,0.0,0.0,0.0,0.0
2023-06-01 19:52:49.869683,24.989999771118164,85932.796875,16.349609375,0.0
2023-06-01 19:52:50.869937,24.979999542236328,85934.96875,16.3486328125,0.0
2023-06-01 19:52:51.871452,24.979999542236328,85931.125,16.384765625,0.0
2023-06-01 19:52:52.871742,24.989999771118164,85931.609375,16.4677734375,0.0
2023-06-01 19:52:53.873299,24.979999542236328,85932.78125,16.408203125,0.0
2023-06-01 19:52:54.874597,24.969999313354492,85930.234375,16.3837890625,0.0
2023-06-01 19:52:55.874549,24.959999084472656,85930.59375,16.3720703125,0.0
2023-06-01 19:52:56.876228,24.950000762939453,85930.34375,16.3837890625,0.0
2023-06-01 19:52:57.876434,24.940000534057617,85931.859375,16.3720703125,0.0
2023-06-01 19:52:58.877334,24.940000534057617,85931.828125,16.3828125,0.0
2023-06-01 19:52:59.877753,24.950000762939453,85933.4375,16.3837890625,0.0
2023-06-01 19:53:00.879143,24.950000762939453,85932.828125,16.4423828125,0.0
2023-06-01 19:53:01.879333,24.940000534057617,85932.71875,16.4306640625,0.0
2023-06-01 19:53:02.880902,24.950000762939453,85934.625,16.4541015625,0.0
2023-06-01 19:53:03.880853,24.950000762939453,85933.15625,16.4541015625,0.0
2023-06-01 19:53:04.882138,24.959999084472656,85930.8671875,16.443359375,0.0
2023-06-01 19:53:05.882876,24.940000534057617,85933.875,16.4306640625,0.08094999939203262
2023-06-01 19:53:06.884123,24.959999084472656,85933.359375,16.443359375,0.0
2023-06-01 19:53:07.885494,24.969999313354492,85934.5859375,16.443359375,0.0
2023-06-01 19:53:08.885463,24.989999771118164,85935.3125,16.4326171875,0.0
2023-06-01 19:53:09.887148,24.969999313354492,85937.2109375,16.419921875,0.0
2023-06-01 19:53:10.887312,24.969999313354492,85936.984375,16.408203125,0.0
2023-06-01 19:53:11.889034,24.979999542236328,85934.140625,16.419921875,0.0
2023-06-01 19:53:12.891515,24.989999771118164,85938.1328125,16.4091796875,0.0
2023-06-01 19:53:13.890001,24.989999771118164,85934.484375,16.3974609375,0.0
2023-06-01 19:53:14.890571,24.989999771118164,85933.0703125,16.396484375,0.0
2023-06-01 19:53:15.892627,25.0,85936.8359375,16.384765625,0.0
2023-06-01 19:53:16.892217,25.0,85935.34375,16.384765625,0.08094999939203262
2023-06-01 19:53:17.893252,25.010000228881836,85934.46875,16.3740234375,0.0
2023-06-01 19:53:18.894895,25.010000228881836,85933.6328125,16.3740234375,0.0
2023-06-01 19:53:19.896435,25.010000228881836,85931.890625,16.3740234375,0.08094999939203262
2023-06-01 19:53:20.897629,25.020000457763672,85935.5,16.3857421875,0.0
2023-06-01 19:53:21.897902,25.010000228881836,85934.046875,16.3857421875,0.0
2023-06-01 19:53:22.898980,25.020000457763672,85936.296875,16.421875,0.0
2023-06-01 19:53:23.899558,25.030000686645508,85933.3671875,16.421875,0.0
2023-06-01 19:53:24.901146,25.030000686645508,85936.359375,16.41015625,0.0
2023-06-01 19:53:25.900910,25.040000915527344,85934.84375,16.421875,0.08094999939203262
2023-06-01 19:53:26.902689,25.030000686645508,85933.421875,16.41015625,0.0
2023-06-01 19:53:27.902758,25.020000457763672,85937.3203125,16.3857421875,0.08094999939203262
2023-06-01 19:53:28.904130,25.020000457763672,85935.46875,16.3857421875,0.0
2023-06-01 19:53:29.904289,25.040000915527344,85934.7578125,16.38671875,0.08094999939203262
2023-06-01 19:53:30.905736,25.059999465942383,85934.296875,16.3994140625,0.0
                                                                                                                                                       