timestamp,temperature(C),pressure(Pa),humidity(%),wind speed(m/s)
2023-06-01 13:41:31.528345,23.059999465942383,86013.328125,18.3408203125,0.0
2023-06-01 13:41:32.518647,23.059999465942383,86015.84375,0.0,0.0
2023-06-01 13:41:32.528514,0.0,0.0,0.0,0.0
2023-06-01 13:41:32.722972,0.0,0.0,0.0,0.0
2023-06-01 13:41:33.520600,23.059999465942383,86013.53125,18.2353515625,0.0
2023-06-01 13:41:33.954751,0.0,0.0,0.0,0.0
2023-06-01 13:41:34.518553,23.059999465942383,86014.4921875,18.2119140625,0.0
2023-06-01 13:41:35.522517,23.059999465942383,86015.6796875,18.2587890625,0.0
2023-06-01 13:41:36.520289,23.059999465942383,86014.328125,18.3291015625,0.0
2023-06-01 13:41:36.925941,0.0,0.0,0.0,0.0
2023-06-01 13:41:37.526035,23.059999465942383,86013.234375,18.400390625,0.0
2023-06-01 13:41:38.524566,23.059999465942383,86015.1875,18.3173828125,0.08094999939203262
2023-06-01 13:41:39.527285,23.059999465942383,86013.53125,18.2001953125,0.0
2023-06-01 13:41:40.524824,23.059999465942383,86015.484375,18.17578125,0.08094999939203262
2023-06-01 13:41:41.531171,23.059999465942383,86017.703125,18.2119140625,0.0
2023-06-01 13:41:42.526878,23.059999465942383,86015.578125,18.2119140625,0.0
2023-06-01 13:41:43.525068,23.059999465942383,86016.375,18.2001953125,0.0
2023-06-01 13:41:44.526953,23.059999465942383,86014.5859375,18.2470703125,0.0
2023-06-01 13:41:45.527547,23.06999969482422,86015.828125,18.1533203125,0.16189999878406525
2023-06-01 13:41:46.527779,23.06999969482422,86014.046875,18.1884765625,0.16189999878406525
2023-06-01 13:41:47.529943,23.06999969482422,86013.25,18.2001953125,0.08094999939203262
2023-06-01 13:41:48.529342,23.06999969482422,86014.703125,18.1416015625,0.08094999939203262
2023-06-01 13:41:49.529705,23.079999923706055,86013.9375,18.1064453125,0.16189999878406525
2023-06-01 13:41:50.533342,23.079999923706055,86011.625,18.1298828125,0.3237999975681305
2023-06-01 13:41:51.532977,23.06999969482422,86015.171875,18.08203125,0.24285000562667847
2023-06-01 13:41:52.534551,23.06999969482422,86013.046875,18.09375,0.24285000562667847
2023-06-01 13:41:53.534671,23.06999969482422,86015.0625,18.0947265625,0.24285000562667847
2023-06-01 13:41:54.534233,23.06999969482422,86014.875,18.05859375,0.16189999878406525
2023-06-01 13:41:55.537148,23.079999923706055,86013.4765625,18.046875,0.3237999975681305
2023-06-01 13:41:56.544847,23.079999923706055,86014.96875,17.953125,0.3237999975681305
2023-06-01 13:41:57.540936,23.079999923706055,86016.78125,17.91796875,0.24285000562667847
2023-06-01 13:41:58.537784,23.079999923706055,86014.296875,17.8701171875,0.16189999878406525
2023-06-01 13:41:59.540696,23.079999923706055,86017.609375,17.8701171875,0.24285000562667847
2023-06-01 13:42:00.540851,23.09000015258789,86016.21875,17.9423828125,0.3237999975681305
2023-06-01 13:42:01.542375,23.09000015258789,86014.296875,17.9658203125,0.3237999975681305
2023-06-01 13:42:02.540850,23.09000015258789,86015.9140625,17.90625,0.48570001125335693
2023-06-01 13:42:03.550943,23.09000015258789,86014.390625,17.90625,0.4047500193119049
2023-06-01 13:42:04.545741,23.100000381469727,86014.515625,17.9775390625,0.647599995136261
2023-06-01 13:42:05.545464,23.100000381469727,86016.203125,17.90625,0.48570001125335693
2023-06-01 13:42:06.548678,23.100000381469727,86014.78125,17.8603515625,0.48570001125335693
2023-06-01 13:42:07.548582,23.100000381469727,86014.25,17.8720703125,0.3237999975681305
2023-06-01 13:42:08.550850,23.110000610351562,86017.625,17.8837890625,0.3237999975681305
2023-06-01 13:42:09.560371,23.100000381469727,86014.28125,17.8720703125,0.4047500193119049
2023-06-01 13:42:10.552549,23.110000610351562,86013.015625,17.8837890625,0.4047500193119049
2023-06-01 13:42:11.558047,23.110000610351562,86013.515625,17.8720703125,0.48570001125335693
2023-06-01 13:42:12.553359,23.1200008392334,86013.609375,17.8603515625,0.5666499733924866
2023-06-01 13:42:13.558552,23.1200008392334,86013.609375,17.8486328125,0.5666499733924866
2023-06-01 13:42:14.554208,23.1200008392334,86015.65625,17.8603515625,0.647599995136261
2023-06-01 13:42:15.557180,23.1200008392334,86014.859375,17.9072265625,0.647599995136261
2023-06-01 13:42:16.563506,23.1299991607666,86017.703125,17.978515625,0.5666499733924866
2023-06-01 13:42:17.567126,23.1299991607666,86015.8125,18.0380859375,0.5666499733924866
2023-06-01 13:42:18.556311,23.1299991607666,86015.96875,18.0263671875,0.5666499733924866
2023-06-01 13:42:19.559381,23.139999389648438,86014.3515625,18.0029296875,0.48570001125335693
2023-06-01 13:42:20.581110,23.139999389648438,86014.3828125,18.0146484375,0.3237999975681305
2023-06-01 13:42:21.559018,23.139999389648438,86014.4140625,18.0498046875,0.08094999939203262
2023-06-01 13:42:22.567443,23.139999389648438,86017.71875,18.0615234375,0.0
2023-06-01 13:42:23.567602,23.149999618530273,86015.46875,18.0263671875,0.08094999939203262
2023-06-01 13:42:24.571289,23.149999618530273,86015.46875,17.9794921875,0.0
2023-06-01 13:42:25.565051,23.149999618530273,86014.5,17.9677734375,0.0
2023-06-01 13:42:26.574266,23.149999618530273,86016.453125,17.9443359375,0.0
2023-06-01 13:42:27.584658,23.139999389648438,86016.890625,18.0498046875,0.08094999939203262
2023-06-01 13:42:28.587048,23.139999389648438,86017.1640625,17.9794921875,0.16189999878406525
2023-06-01 13:42:29.583775,23.149999618530273,86012.484375,17.9677734375,0.16189999878406525
2023-06-01 13:42:30.579389,23.139999389648438,86014.7109375,18.0029296875,0.08094999939203262
2023-06-01 13:42:31.579790,23.139999389648438,86013.921875,17.9794921875,0.08094999939203262
2023-06-01 13:42:32.573732,23.149999618530273,86015.9921875,17.9443359375,0.0
2023-06-01 13:42:33.580415,23.149999618530273,86014.171875,17.9560546875,0.0
2023-06-01 13:42:34.572657,23.139999389648438,86015.2421875,18.0029296875,0.08094999939203262
2023-06-01 13:42:35.574022,23.139999389648438,86016.53125,17.9912109375,0.0
2023-06-01 13:42:36.585298,23.139999389648438,86014.546875,17.9794921875,0.0
2023-06-01 13:42:37.580221,23.149999618530273,86016.296875,17.9560546875,0.0
2023-06-01 13:42:38.579437,23.149999618530273,86015.1328125,17.884765625,0.0
2023-06-01 13:42:39.576974,23.149999618530273,86014.3046875,17.849609375,0.0
2023-06-01 13:42:40.582578,23.149999618530273,86017.484375,17.849609375,0.0
2023-06-01 13:42:41.586830,23.149999618530273,86014.96875,17.884765625,0.0
2023-06-01 13:42:42.586648,23.149999618530273,86015.03125,17.861328125,0.0
2023-06-01 13:42:43.580293,23.15999984741211,86015.125,17.8740234375,0.08094999939203262
2023-06-01 13:42:44.581019,23.149999618530273,86015.03125,17.9091796875,0.16189999878406525
2023-06-01 13:42:45.585308,23.15999984741211,86014.921875,17.9091796875,0.0
2023-06-01 13:42:46.588196,23.15999984741211,86014.4296875,17.9091796875,0.08094999939203262
2023-06-01 13:42:47.582370,23.149999618530273,86015.859375,17.873046875,0.0
2023-06-01 13:42:48.591037,23.15999984741211,86016.75,17.8974609375,0.0
2023-06-01 13:42:49.586877,23.149999618530273,86016.0546875,17.9091796875,0.0
2023-06-01 13:42:50.585098,23.149999618530273,86016.390625,17.9208984375,0.0
2023-06-01 13:42:51.584422,23.149999618530273,86013.734375,17.9443359375,0.0
2023-06-01 13:42:52.587535,23.15999984741211,86014.953125,17.9677734375,0.0
2023-06-01 13:42:53.587985,23.15999984741211,86017.9375,17.9794921875,0.0
2023-06-01 13:42:54.597232,23.15999984741211,86016.640625,17.98046875,0.0
2023-06-01 13:42:55.589010,23.15999984741211,86016.1171875,18.00390625,0.0
2023-06-01 13:42:56.588822,23.15999984741211,86015.125,18.12109375,0.0
2023-06-01 13:42:57.593290,23.15999984741211,86013.6640625,18.1923828125,0.0
2023-06-01 13:42:58.595820,23.170000076293945,86014.890625,18.1220703125,0.0
2023-06-01 13:42:59.590669,23.15999984741211,86016.4453125,18.09765625,0.16189999878406525
2023-06-01 13:43:00.598392,23.170000076293945,86016.046875,18.09765625,0.16189999878406525
2023-06-01 13:43:01.592343,23.170000076293945,86015.109375,18.1103515625,0.08094999939203262
2023-06-01 13:43:02.593509,23.170000076293945,86016.9609375,18.1103515625,0.08094999939203262
2023-06-01 13:43:03.594792,23.18000030517578,86017.0,18.1103515625,0.08094999939203262
2023-06-01 13:43:04.597748,23.18000030517578,86016.828125,18.1806640625,0.16189999878406525
2023-06-01 13:43:05.597193,23.170000076293945,86014.9453125,18.1103515625,0.24285000562667847
2023-06-01 13:43:06.596867,23.170000076293945,86014.9765625,18.015625,0.16189999878406525
2023-06-01 13:43:07.596988,23.18000030517578,86013.0234375,17.9453125,0.24285000562667847
2023-06-01 13:43:08.599375,23.18000030517578,86016.09375,17.8984375,0.3237999975681305
2023-06-01 13:43:09.598522,23.190000534057617,86014.640625,17.86328125,0.24285000562667847
2023-06-01 13:43:10.600291,23.190000534057617,86015.296875,17.8515625,0.24285000562667847
2023-06-01 13:43:11.599998,23.190000534057617,86014.5,17.875,0.24285000562667847
2023-06-01 13:43:12.604781,23.190000534057617,86016.125,17.8515625,0.24285000562667847
2023-06-01 13:43:13.604799,23.190000534057617,86013.3125,17.81640625,0.24285000562667847
2023-06-01 13:43:14.603818,23.190000534057617,86014.5,17.79296875,0.16189999878406525
2023-06-01 13:43:15.604227,23.190000534057617,86014.3671875,17.81640625,0.08094999939203262
2023-06-01 13:43:16.605978,23.190000534057617,86015.4921875,17.88671875,0.16189999878406525
2023-06-01 13:43:17.607971,23.18000030517578,86014.2421875,18.0400390625,0.3237999975681305
2023-06-01 13:43:18.607984,23.18000030517578,86015.5625,17.9931640625,0.24285000562667847
2023-06-01 13:43:19.610617,23.18000030517578,86013.75,17.96875,0.24285000562667847
2023-06-01 13:43:20.607661,23.190000534057617,86014.96875,17.96875,0.16189999878406525
2023-06-01 13:43:21.612325,23.190000534057617,86014.796875,18.0166015625,0.08094999939203262
2023-06-01 13:43:22.609207,23.190000534057617,86015.625,17.9931640625,0.0
2023-06-01 13:43:23.619739,23.190000534057617,86016.515625,17.9462890625,0.0
2023-06-01 13:43:24.614779,23.190000534057617,86017.4765625,17.921875,0.0
2023-06-01 13:43:25.615210,23.190000534057617,86016.625,17.91015625,0.0
2023-06-01 13:43:26.622301,23.190000534057617,86015.953125,17.9453125,0.0
2023-06-01 13:43:27.614748,23.190000534057617,86016.125,17.96875,0.08094999939203262
2023-06-01 13:43:28.616807,23.18000030517578,86015.59375,17.9931640625,0.08094999939203262
2023-06-01 13:43:29.617178,23.190000534057617,86013.5078125,17.9580078125,0.0
2023-06-01 13:43:30.621585,23.190000534057617,86015.21875,17.9580078125,0.0
2023-06-01 13:43:31.618149,23.200000762939453,86015.25,18.076171875,0.0
2023-06-01 13:43:32.621735,23.190000534057617,86015.359375,18.181640625,0.0
2023-06-01 13:43:33.623197,23.190000534057617,86017.28125,18.0400390625,0.08094999939203262
2023-06-01 13:43:34.623236,23.190000534057617,86014.6640625,18.0517578125,0.0
2023-06-01 13:43:35.624511,23.190000534057617,86015.296875,18.322265625,0.0
2023-06-01 13:43:36.622418,23.170000076293945,86018.421875,18.6171875,0.0
2023-06-01 13:43:37.624943,23.170000076293945,86013.953125,18.69921875,0.0
2023-06-01 13:43:38.627070,23.170000076293945,86012.796875,18.72265625,0.08094999939203262
2023-06-01 13:43:39.627704,23.170000076293945,86013.453125,18.6875,0.0
2023-06-01 13:43:40.627705,23.170000076293945,86014.71875,18.5224609375,0.0
2023-06-01 13:43:41.628913,23.15999984741211,86013.53125,18.5810546875,0.0
2023-06-01 13:43:42.629717,23.15999984741211,86014.6875,18.67578125,0.0
2023-06-01 13:43:43.630299,23.15999984741211,86016.4765625,18.6279296875,0.0
2023-06-01 13:43:44.630998,23.15999984741211,86015.484375,18.4990234375,0.0
2023-06-01 13:43:45.633239,23.15999984741211,86013.96875,18.404296875,0.0
2023-06-01 13:43:46.630651,23.15999984741211,86012.609375,18.3330078125,0.0
2023-06-01 13:43:47.633059,23.15999984741211,86013.296875,18.2626953125,0.0
2023-06-01 13:43:48.632270,23.15999984741211,86014.296875,18.16796875,0.0
2023-06-01 13:43:49.634397,23.15999984741211,86015.125,18.07421875,0.0
2023-06-01 13:43:50.635316,23.15999984741211,86014.796875,18.0390625,0.0
2023-06-01 13:43:51.636447,23.15999984741211,86016.609375,18.015625,0.08094999939203262
2023-06-01 13:43:52.640382,23.15999984741211,86015.6796875,18.00390625,0.08094999939203262
2023-06-01 13:43:53.640016,23.15999984741211,86014.625,18.00390625,0.16189999878406525
2023-06-01 13:43:54.638705,23.15999984741211,86016.34375,18.015625,0.16189999878406525
2023-06-01 13:43:55.642433,23.15999984741211,86012.9375,18.00390625,0.24285000562667847
2023-06-01 13:43:56.642333,23.15999984741211,86016.9375,17.9912109375,0.16189999878406525
2023-06-01 13:43:57.644110,23.15999984741211,86014.921875,17.9560546875,0.16189999878406525
2023-06-01 13:43:58.642920,23.15999984741211,86012.609375,17.9560546875,0.16189999878406525
2023-06-01 13:43:59.641665,23.149999618530273,86014.703125,17.9912109375,0.08094999939203262
2023-06-01 13:44:00.644885,23.139999389648438,86013.0625,18.0380859375,0.0
2023-06-01 13:44:01.644238,23.1299991607666,86015.9453125,18.0615234375,0.08094999939203262
2023-06-01 13:44:02.644416,23.1299991607666,86013.921875,18.0966796875,0.08094999939203262
2023-06-01 13:44:03.647027,23.1299991607666,86014.71875,18.1201171875,0.0
2023-06-01 13:44:04.650345,23.1200008392334,86014.6640625,18.072265625,0.08094999939203262
2023-06-01 13:44:05.655238,23.1200008392334,86013.96875,18.060546875,0.0
2023-06-01 13:44:06.653265,23.110000610351562,86012.859375,18.060546875,0.0
2023-06-01 13:44:07.652884,23.100000381469727,86014.4453125,18.072265625,0.08094999939203262
2023-06-01 13:44:08.651358,23.100000381469727,86015.015625,18.0830078125,0.0
2023-06-01 13:44:09.661446,23.100000381469727,86015.34375,18.142578125,0.0
2023-06-01 13:44:10.663418,23.09000015258789,86016.90625,18.201171875,0.08094999939203262
2023-06-01 13:44:11.652712,23.079999923706055,86014.6953125,18.236328125,0.0
2023-06-01 13:44:12.666623,23.079999923706055,86014.6640625,18.177734375,0.0
2023-06-01 13:44:13.664187,23.09000015258789,86015.28125,18.0712890625,0.0
2023-06-01 13:44:14.655989,23.09000015258789,86014.390625,18.0126953125,0.08094999939203262
2023-06-01 13:44:15.656396,23.09000015258789,86012.609375,18.0478515625,0.0
2023-06-01 13:44:16.665453,23.09000015258789,86015.0859375,17.9775390625,0.0
2023-06-01 13:44:17.663694,23.079999923706055,86014.296875,17.9765625,0.0
2023-06-01 13:44:18.662892,23.09000015258789,86013.0703125,17.9658203125,0.4047500193119049
2023-06-01 13:44:19.659320,23.09000015258789,86016.46875,17.9658203125,0.647599995136261
2023-06-01 13:44:20.663139,23.09000015258789,86013.796875,17.9775390625,0.8904500007629395
2023-06-01 13:44:21.676246,23.09000015258789,86015.421875,17.9775390625,0.8904500007629395
2023-06-01 13:44:22.669106,23.09000015258789,86012.7734375,17.9775390625,0.9714000225067139
2023-06-01 13:44:23.666495,23.079999923706055,86013.8046875,18.0234375,0.8904500007629395
2023-06-01 13:44:24.677004,23.079999923706055,86014.6328125,17.98828125,0.9714000225067139
2023-06-01 13:44:25.664657,23.079999923706055,86013.609375,17.9765625,0.9714000225067139
2023-06-01 13:44:26.676195,23.079999923706055,86012.9453125,18.01171875,0.8904500007629395
2023-06-01 13:44:27.674547,23.079999923706055,86014.46875,18.0234375,0.8904500007629395
2023-06-01 13:44:28.669516,23.079999923706055,86015.1875,18.0244140625,0.647599995136261
2023-06-01 13:44:29.669036,23.079999923706055,86014.03125,17.98828125,0.4047500193119049
2023-06-01 13:44:30.676847,23.09000015258789,86012.578125,17.9541015625,0.24285000562667847
2023-06-01 13:44:31.670893,23.079999923706055,86013.171875,17.96484375,0.16189999878406525
2023-06-01 13:44:32.670769,23.079999923706055,86015.4296875,17.9765625,0.0
2023-06-01 13:44:33.671430,23.079999923706055,86016.921875,17.953125,0.0
2023-06-01 13:44:34.693066,23.079999923706055,86013.78125,17.94140625,0.0
2023-06-01 13:44:35.673001,23.079999923706055,86016.3203125,17.9296875,0.08094999939203262
2023-06-01 13:44:36.678913,23.079999923706055,86014.6328125,17.9296875,0.0
2023-06-01 13:44:37.678620,23.079999923706055,86013.9375,17.94140625,0.0
2023-06-01 13:44:38.674827,23.079999923706055,86013.8046875,17.953125,0.08094999939203262
2023-06-01 13:44:39.678475,23.079999923706055,86013.9375,17.9296875,0.0
2023-06-01 13:44:40.679714,23.079999923706055,86014.2734375,17.98828125,0.16189999878406525
2023-06-01 13:44:41.681743,23.079999923706055,86012.84375,17.94140625,0.0
2023-06-01 13:44:42.679492,23.079999923706055,86014.03125,17.90625,0.08094999939203262
2023-06-01 13:44:43.681351,23.079999923706055,86016.1875,17.91796875,0.08094999939203262
2023-06-01 13:44:44.686002,23.079999923706055,86015.09375,17.90625,0.08094999939203262
2023-06-01 13:44:45.684471,23.079999923706055,86014.328125,17.89453125,0.0
2023-06-01 13:44:46.688401,23.079999923706055,86014.6640625,17.8828125,0.16189999878406525
2023-06-01 13:44:47.685153,23.079999923706055,86013.703125,17.90625,0.0
2023-06-01 13:44:48.686010,23.079999923706055,86014.828125,17.90625,0.0
2023-06-01 13:44:49.685189,23.079999923706055,86012.84375,17.91796875,0.0
2023-06-01 13:44:50.695178,23.079999923706055,86015.359375,18.0009765625,0.0
2023-06-01 13:44:51.686713,23.09000015258789,86015.25,18.0126953125,0.0
2023-06-01 13:44:52.687570,23.09000015258789,86012.0078125,17.9423828125,0.0
2023-06-01 13:44:53.688308,23.100000381469727,86011.375,17.89453125,0.0
2023-06-01 13:44:54.693030,23.100000381469727,86015.1796875,17.8828125,0.08094999939203262
2023-06-01 13:44:55.693271,23.100000381469727,86013.921875,17.8955078125,0.0
2023-06-01 13:44:56.690656,23.100000381469727,86013.0625,17.9423828125,0.08094999939203262
2023-06-01 13:44:57.693158,23.100000381469727,86014.390625,18.0244140625,0.16189999878406525
2023-06-01 13:44:58.692676,23.100000381469727,86017.859375,18.0478515625,0.16189999878406525
2023-06-01 13:44:59.697426,23.100000381469727,86014.0546875,18.0478515625,0.24285000562667847
2023-06-01 13:45:00.694567,23.100000381469727,86013.390625,17.9892578125,0.24285000562667847
2023-06-01 13:45:01.696889,23.100000381469727,86012.3671875,18.0244140625,0.4047500193119049
2023-06-01 13:45:02.698011,23.100000381469727,86015.015625,18.0478515625,0.3237999975681305
2023-06-01 13:45:03.698133,23.100000381469727,86013.75,18.119140625,0.3237999975681305
2023-06-01 13:45:04.699950,23.100000381469727,86013.625,18.060546875,0.24285000562667847
2023-06-01 13:45:05.704418,23.110000610351562,86015.796875,18.072265625,0.16189999878406525
2023-06-01 13:45:06.698540,23.110000610351562,86015.46875,18.1669921875,0.3237999975681305
2023-06-01 13:45:07.700996,23.110000610351562,86013.546875,18.037109375,0.4047500193119049
2023-06-01 13:45:08.700631,23.1200008392334,86013.140625,17.955078125,0.4047500193119049
2023-06-01 13:45:09.701542,23.1200008392334,86013.9375,17.943359375,0.4047500193119049
2023-06-01 13:45:10.705424,23.110000610351562,86012.0546875,17.9306640625,0.3237999975681305
2023-06-01 13:45:11.704353,23.110000610351562,86011.234375,17.9423828125,0.3237999975681305
2023-06-01 13:45:12.705911,23.1200008392334,86011.65625,17.931640625,0.3237999975681305
2023-06-01 13:45:13.707135,23.1299991607666,86011.9375,17.931640625,0.3237999975681305
2023-06-01 13:45:14.707192,23.1299991607666,86013.921875,17.908203125,0.16189999878406525
2023-06-01 13:45:15.706272,23.1299991607666,86013.953125,17.8251953125,0.24285000562667847
2023-06-01 13:45:16.707561,23.139999389648438,86016.0390625,17.814453125,0.24285000562667847
2023-06-01 13:45:17.707484,23.139999389648438,86013.921875,17.802734375,0.16189999878406525
2023-06-01 13:45:18.710981,23.149999618530273,86016.6875,17.9208984375,0.24285000562667847
2023-06-01 13:45:19.710832,23.149999618530273,86013.484375,17.9677734375,0.16189999878406525
2023-06-01 13:45:20.713254,23.149999618530273,86011.359375,17.9091796875,0.4047500193119049
2023-06-01 13:45:21.713125,23.149999618530273,86012.21875,17.9326171875,0.647599995136261
2023-06-01 13:45:22.713132,23.15999984741211,86012.28125,17.9443359375,0.647599995136261
2023-06-01 13:45:23.716768,23.15999984741211,86015.34375,17.8974609375,0.5666499733924866
2023-06-01 13:45:24.716076,23.170000076293945,86013.09375,17.8505859375,0.5666499733924866
2023-06-01 13:45:25.717600,23.170000076293945,86014.8125,17.8154296875,0.7285500168800354
2023-06-01 13:45:26.720623,23.18000030517578,86014.515625,17.7919921875,0.7285500168800354
2023-06-01 13:45:27.719251,23.170000076293945,86013.7890625,17.7802734375,0.7285500168800354
2023-06-01 13:45:28.718915,23.170000076293945,86013.953125,17.8154296875,0.8095000386238098
2023-06-01 13:45:29.720281,23.170000076293945,86015.7734375,17.8154296875,1.0523500442504883
2023-06-01 13:45:30.722712,23.15999984741211,86011.703125,17.7919921875,0.9714000225067139
2023-06-01 13:45:31.724200,23.170000076293945,86013.15625,17.8037109375,0.8904500007629395
2023-06-01 13:45:32.722770,23.170000076293945,86008.984375,17.8505859375,0.8904500007629395
2023-06-01 13:45:33.722296,23.170000076293945,86012.1015625,17.8388671875,0.8904500007629395
2023-06-01 13:45:34.725704,23.170000076293945,86012.296875,17.8037109375,0.8904500007629395
2023-06-01 13:45:35.728846,23.170000076293945,86014.28125,17.7802734375,0.7285500168800354
2023-06-01 13:45:36.728015,23.170000076293945,86012.9296875,17.8154296875,0.5666499733924866
2023-06-01 13:45:37.728506,23.170000076293945,86013.296875,17.8271484375,0.4047500193119049
2023-06-01 13:45:38.728277,23.170000076293945,86013.890625,17.8271484375,0.3237999975681305
2023-06-01 13:45:39.727740,23.170000076293945,86013.0625,17.8857421875,0.3237999975681305
2023-06-01 13:45:40.730775,23.170000076293945,86012.328125,17.91015625,0.3237999975681305
2023-06-01 13:45:41.728651,23.170000076293945,86010.9765625,17.8623046875,0.24285000562667847
2023-06-01 13:45:42.733001,23.170000076293945,86013.15625,17.8623046875,0.3237999975681305
2023-06-01 13:45:43.732776,23.170000076293945,86012.296875,17.93359375,0.48570001125335693
2023-06-01 13:45:44.733675,23.18000030517578,86011.890625,17.921875,0.647599995136261
2023-06-01 13:45:45.734398,23.18000030517578,86013.25,17.8984375,0.8904500007629395
2023-06-01 13:45:46.735169,23.18000030517578,86010.765625,17.86328125,0.9714000225067139
2023-06-01 13:45:47.733208,23.190000534057617,86007.875,17.828125,0.8904500007629395
2023-06-01 13:45:48.737364,23.18000030517578,86011.4296875,17.875,0.8904500007629395
2023-06-01 13:45:49.739045,23.18000030517578,86011.7890625,17.88671875,0.7285500168800354
2023-06-01 13:45:50.737446,23.18000030517578,86013.609375,17.86328125,0.8904500007629395
2023-06-01 13:45:51.739406,23.190000534057617,86013.015625,17.81640625,0.8095000386238098
2023-06-01 13:45:52.739128,23.190000534057617,86010.828125,17.86328125,0.7285500168800354
2023-06-01 13:45:53.740898,23.190000534057617,86012.15625,17.828125,0.8095000386238098
2023-06-01 13:45:54.742318,23.190000534057617,86010.859375,17.78125,0.647599995136261
2023-06-01 13:45:55.742825,23.190000534057617,86010.828125,17.7568359375,0.5666499733924866
2023-06-01 13:45:56.745640,23.190000534057617,86013.015625,17.76953125,0.5666499733924866
2023-06-01 13:45:57.743989,23.190000534057617,86011.0546875,17.8046875,0.4047500193119049
2023-06-01 13:45:58.742653,23.200000762939453,86011.1171875,17.8642578125,0.3237999975681305
2023-06-01 13:45:59.748573,23.200000762939453,86011.203125,17.81640625,0.3237999975681305
2023-06-01 13:46:00.745549,23.209999084472656,86012.4296875,17.8408203125,0.16189999878406525
2023-06-01 13:46:01.748568,23.209999084472656,86010.34375,17.8291015625,0.08094999939203262
2023-06-01 13:46:02.747309,23.209999084472656,86012.625,17.78125,0.0
2023-06-01 13:46:03.750313,23.209999084472656,86010.3125,17.78125,0.08094999939203262
2023-06-01 13:46:04.748999,23.209999084472656,86011.828125,17.7587890625,0.4047500193119049
2023-06-01 13:46:05.749236,23.219999313354492,86012.5234375,17.7587890625,0.48570001125335693
2023-06-01 13:46:06.750532,23.219999313354492,86012.390625,17.7822265625,0.647599995136261
2023-06-01 13:46:07.754038,23.229999542236328,86010.25,17.7939453125,0.647599995136261
2023-06-01 13:46:08.752716,23.239999771118164,86010.5390625,17.818359375,0.48570001125335693
2023-06-01 13:46:09.755809,23.260000228881836,86011.0859375,17.794921875,0.4047500193119049
2023-06-01 13:46:10.755703,23.260000228881836,86008.96875,17.7958984375,0.4047500193119049
2023-06-01 13:46:11.756540,23.260000228881836,86012.140625,17.8076171875,0.24285000562667847
2023-06-01 13:46:12.755283,23.260000228881836,86010.921875,17.783203125,0.4047500193119049
2023-06-01 13:46:13.760499,23.270000457763672,86012.0390625,17.7607421875,0.8095000386238098
2023-06-01 13:46:14.761044,23.260000228881836,86011.484375,17.748046875,0.9714000225067139
2023-06-01 13:46:15.762630,23.270000457763672,86010.7109375,17.7373046875,1.295199990272522
2023-06-01 13:46:16.760862,23.270000457763672,86012.734375,17.7373046875,1.0523500442504883
2023-06-01 13:46:17.762082,23.270000457763672,86010.875,17.7490234375,0.8095000386238098
2023-06-01 13:46:18.760404,23.270000457763672,86007.4375,17.7373046875,0.8095000386238098
2023-06-01 13:46:19.761454,23.280000686645508,86012.625,17.7373046875,0.7285500168800354
2023-06-01 13:46:20.764868,23.280000686645508,86012.65625,17.7607421875,0.7285500168800354
2023-06-01 13:46:21.762896,23.280000686645508,86010.0390625,17.7958984375,1.0523500442504883
2023-06-01 13:46:22.770080,23.290000915527344,86010.296875,17.796875,0.9714000225067139
2023-06-01 13:46:23.772541,23.299999237060547,86007.4375,17.796875,1.0523500442504883
2023-06-01 13:46:24.771068,23.299999237060547,86009.3203125,17.78515625,0.9714000225067139
2023-06-01 13:46:25.771077,23.299999237060547,86010.484375,17.76171875,0.9714000225067139
2023-06-01 13:46:26.768401,23.299999237060547,86010.3125,17.9033203125,0.7285500168800354
2023-06-01 13:46:27.770366,23.299999237060547,86013.234375,17.9619140625,0.7285500168800354
2023-06-01 13:46:28.785369,23.309999465942383,86010.84375,17.9384765625,0.8095000386238098
2023-06-01 13:46:29.773081,23.299999237060547,86010.484375,17.9033203125,0.647599995136261
2023-06-01 13:46:30.777208,23.299999237060547,86011.078125,17.8916015625,0.647599995136261
2023-06-01 13:46:31.774933,23.309999465942383,86008.6875,17.83203125,0.647599995136261
2023-06-01 13:46:32.773812,23.309999465942383,86007.53125,17.80859375,0.4047500193119049
2023-06-01 13:46:33.776019,23.309999465942383,86011.890625,17.78515625,0.4047500193119049
2023-06-01 13:46:34.776686,23.309999465942383,86009.7734375,17.7734375,0.3237999975681305
2023-06-01 13:46:35.781915,23.309999465942383,86009.609375,17.76171875,0.24285000562667847
2023-06-01 13:46:36.775300,23.31999969482422,86011.65625,17.7626953125,0.24285000562667847
2023-06-01 13:46:37.780052,23.309999465942383,86013.75,17.8095703125,0.4047500193119049
2023-06-01 13:46:38.778678,23.31999969482422,86007.65625,17.8447265625,0.24285000562667847
2023-06-01 13:46:39.782504,23.309999465942383,86008.453125,17.8564453125,0.24285000562667847
2023-06-01 13:46:40.785846,23.31999969482422,86010.6328125,17.8564453125,0.08094999939203262
2023-06-01 13:46:41.782595,23.31999969482422,86009.234375,17.8212890625,0.0
2023-06-01 13:46:42.783369,23.329999923706055,86009.625,17.916015625,0.08094999939203262
2023-06-01 13:46:43.782603,23.31999969482422,86008.5703125,17.916015625,0.08094999939203262
2023-06-01 13:46:44.783078,23.329999923706055,86009.296875,17.916015625,0.16189999878406525
2023-06-01 13:46:45.784001,23.329999923706055,86011.9453125,17.869140625,0.16189999878406525
2023-06-01 13:46:46.786248,23.329999923706055,86009.625,17.7744140625,0.16189999878406525
2023-06-01 13:46:47.786392,18.59000015258789,85345.8359375,17.958984375,0.08094999939203262
2023-06-01 13:46:48.787715,14.170000076293945,84716.0,18.091796875,0.0
2023-06-01 13:46:49.787778,23.329999923706055,86010.65625,17.6328125,0.16189999878406525
2023-06-01 13:46:50.787613,23.329999923706055,86010.3203125,17.609375,0.3237999975681305
2023-06-01 13:46:51.791398,23.329999923706055,86011.1796875,17.6337890625,0.3237999975681305
2023-06-01 13:46:52.792319,23.329999923706055,86011.484375,17.64453125,0.48570001125335693
2023-06-01 13:46:53.792174,23.329999923706055,86009.4296875,17.6328125,0.5666499733924866
2023-06-01 13:46:54.796438,23.31999969482422,86010.390625,17.6328125,0.647599995136261
2023-06-01 13:46:55.797336,23.31999969482422,86011.15625,17.66796875,0.8095000386238098
2023-06-01 13:46:56.793329,23.31999969482422,86010.6640625,17.66796875,0.647599995136261
2023-06-01 13:46:57.793478,23.31999969482422,86010.03125,17.6806640625,0.647599995136261
2023-06-01 13:46:58.797208,23.31999969482422,86011.546875,17.6806640625,0.5666499733924866
2023-06-01 13:46:59.800954,23.329999923706055,86011.9140625,17.66796875,0.5666499733924866
2023-06-01 13:47:00.798404,23.31999969482422,86009.0703125,17.703125,0.647599995136261
2023-06-01 13:47:01.798594,23.31999969482422,86011.5234375,17.64453125,0.7285500168800354
2023-06-01 13:47:02.801472,23.31999969482422,86009.40625,17.62109375,0.7285500168800354
2023-06-01 13:47:03.802730,23.329999923706055,86009.4296875,17.609375,1.0523500442504883
2023-06-01 13:47:04.800103,23.329999923706055,86009.4609375,17.6328125,0.9714000225067139
2023-06-01 13:47:05.806517,23.329999923706055,86007.96875,17.64453125,1.0523500442504883
2023-06-01 13:47:06.806090,23.329999923706055,86009.1328125,17.65625,1.2142499685287476
2023-06-01 13:47:07.804916,23.329999923706055,86010.953125,17.66796875,0.8904500007629395
2023-06-01 13:47:08.807723,23.34000015258789,86010.21875,17.6220703125,0.647599995136261
2023-06-01 13:47:09.808003,23.329999923706055,86009.1328125,17.59765625,0.4047500193119049
2023-06-01 13:47:10.804507,23.329999923706055,86010.1875,17.57421875,0.48570001125335693
2023-06-01 13:47:11.808027,23.329999923706055,86009.0,17.57421875,0.48570001125335693
2023-06-01 13:47:12.807081,23.34000015258789,86011.375,17.5859375,0.647599995136261
2023-06-01 13:47:13.813359,23.34000015258789,86008.7578125,17.5859375,0.8904500007629395
2023-06-01 13:47:14.808352,23.329999923706055,86010.65625,17.5859375,0.8904500007629395
2023-06-01 13:47:15.811062,23.34000015258789,86012.03125,17.609375,1.0523500442504883
2023-06-01 13:47:16.808837,23.329999923706055,86010.125,17.64453125,1.0523500442504883
2023-06-01 13:47:17.812119,23.329999923706055,86009.859375,17.6689453125,0.9714000225067139
2023-06-01 13:47:18.813564,23.329999923706055,86010.1875,17.7041015625,0.8095000386238098
2023-06-01 13:47:19.812748,23.34000015258789,86010.21875,17.6923828125,0.7285500168800354
2023-06-01 13:47:20.815023,23.34000015258789,86007.953125,17.6806640625,0.5666499733924866
2023-06-01 13:47:21.815727,23.350000381469727,86010.671875,17.6455078125,0.5666499733924866
2023-06-01 13:47:22.821645,23.350000381469727,86009.375,17.6455078125,0.5666499733924866
2023-06-01 13:47:23.820290,23.350000381469727,86007.1875,17.6455078125,0.5666499733924866
2023-06-01 13:47:24.819069,23.350000381469727,86009.765625,17.658203125,0.7285500168800354
2023-06-01 13:47:25.820402,23.350000381469727,86009.2421875,17.6337890625,0.9714000225067139
2023-06-01 13:47:26.818835,23.350000381469727,86009.609375,17.669921875,1.2142499685287476
2023-06-01 13:47:27.825801,23.360000610351562,86011.3515625,17.740234375,1.3761500120162964
2023-06-01 13:47:28.824684,23.360000610351562,86008.8671875,17.716796875,1.5380500555038452
2023-06-01 13:47:29.822119,23.3700008392334,86012.734375,17.693359375,1.5380500555038452
2023-06-01 13:47:30.823422,23.3799991607666,86011.296875,17.6826171875,1.3761500120162964
2023-06-01 13:47:31.825209,23.389999389648438,86011.71875,17.6591796875,1.1332999467849731
2023-06-01 13:47:32.823177,23.389999389648438,86011.390625,17.6708984375,1.1332999467849731
2023-06-01 13:47:33.826887,23.3799991607666,86010.1640625,17.6708984375,1.295199990272522
2023-06-01 13:47:34.824968,23.389999389648438,86012.765625,17.6953125,1.3761500120162964
2023-06-01 13:47:35.829332,23.389999389648438,86012.4375,17.6953125,1.4571000337600708
2023-06-01 13:47:36.827660,23.399999618530273,86009.65625,17.6708984375,1.3761500120162964
2023-06-01 13:47:37.828730,23.399999618530273,86009.578125,17.7421875,1.295199990272522
2023-06-01 13:47:38.832450,23.399999618530273,86010.046875,17.765625,1.2142499685287476
2023-06-01 13:47:39.830266,23.399999618530273,86009.25,17.6953125,1.1332999467849731
2023-06-01 13:47:40.830621,23.40999984741211,86008.625,17.66015625,1.2142499685287476
2023-06-01 13:47:41.832770,23.40999984741211,86008.453125,17.66015625,1.0523500442504883
2023-06-01 13:47:42.833619,23.40999984741211,86009.28125,17.671875,0.8095000386238098
2023-06-01 13:47:43.832534,23.40999984741211,86007.328125,17.66015625,0.8904500007629395
2023-06-01 13:47:44.836466,23.40999984741211,86009.671875,17.66015625,0.8904500007629395
2023-06-01 13:47:45.842324,23.420000076293945,86010.421875,17.6484375,1.0523500442504883
2023-06-01 13:47:46.836081,23.420000076293945,86010.09375,17.63671875,0.9714000225067139
2023-06-01 13:47:47.838884,23.420000076293945,86012.78125,17.625,0.8904500007629395
2023-06-01 13:47:48.838487,23.43000030517578,86011.8125,17.66015625,1.0523500442504883
2023-06-01 13:47:49.839229,23.43000030517578,86010.359375,17.6611328125,0.9714000225067139
2023-06-01 13:47:50.842075,23.43000030517578,86009.1640625,17.66015625,1.1332999467849731
2023-06-01 13:47:51.839498,23.43000030517578,86009.0625,17.6376953125,1.1332999467849731
2023-06-01 13:47:52.842625,23.43000030517578,86012.0390625,17.6494140625,1.0523500442504883
2023-06-01 13:47:53.841468,23.43000030517578,86010.71875,17.6845703125,0.9714000225067139
2023-06-01 13:47:54.843807,23.440000534057617,86012.1015625,17.6728515625,0.9714000225067139
2023-06-01 13:47:55.844215,23.43000030517578,86010.75,17.6494140625,0.8904500007629395
2023-06-01 13:47:56.844550,23.440000534057617,86010.8125,17.6494140625,0.9714000225067139
2023-06-01 13:47:57.848100,23.440000534057617,86010.671875,17.6259765625,0.9714000225067139
2023-06-01 13:47:58.850367,23.440000534057617,86011.828125,17.6142578125,0.7285500168800354
2023-06-01 13:47:59.849188,23.440000534057617,86012.328125,17.5908203125,0.8095000386238098
2023-06-01 13:48:00.856622,23.440000534057617,86010.5078125,17.5908203125,0.7285500168800354
2023-06-01 13:48:01.848816,23.440000534057617,86011.171875,17.6376953125,0.7285500168800354
2023-06-01 13:48:02.855552,23.440000534057617,86009.6796875,17.6494140625,0.647599995136261
2023-06-01 13:48:03.852736,23.440000534057617,86011.3671875,17.6376953125,0.7285500168800354
2023-06-01 13:48:04.863293,23.450000762939453,86011.734375,17.6259765625,0.7285500168800354
2023-06-01 13:48:05.859824,23.440000534057617,86010.5390625,17.6142578125,0.48570001125335693
2023-06-01 13:48:06.854211,23.440000534057617,86011.859375,17.6025390625,0.4047500193119049
2023-06-01 13:48:07.862669,23.440000534057617,86011.203125,17.6376953125,0.5666499733924866
2023-06-01 13:48:08.859678,23.450000762939453,86012.0625,17.6376953125,0.8095000386238098
2023-06-01 13:48:09.857864,23.450000762939453,86013.9375,17.6494140625,0.8095000386238098
2023-06-01 13:48:10.859182,23.450000762939453,86015.375,17.6259765625,0.8095000386238098
2023-06-01 13:48:11.856259,23.450000762939453,86009.40625,17.5908203125,0.7285500168800354
2023-06-01 13:48:12.857879,23.450000762939453,86012.921875,17.5791015625,0.8095000386238098
2023-06-01 13:48:13.857931,23.450000762939453,86010.625,17.5908203125,0.8095000386238098
2023-06-01 13:48:14.859935,23.450000762939453,86014.2734375,17.5908203125,0.8095000386238098
2023-06-01 13:48:15.864432,23.450000762939453,86015.1328125,17.5908203125,0.647599995136261
2023-06-01 13:48:16.862952,23.459999084472656,86013.0078125,17.5908203125,0.5666499733924866
2023-06-01 13:48:17.866133,23.459999084472656,86012.84375,17.5791015625,0.7285500168800354
2023-06-01 13:48:18.863403,23.459999084472656,86011.6875,17.5908203125,0.7285500168800354
2023-06-01 13:48:19.863229,23.459999084472656,86014.203125,17.6025390625,0.7285500168800354
2023-06-01 13:48:20.864292,23.450000762939453,86012.15625,17.5908203125,0.647599995136261
2023-06-01 13:48:21.866584,23.459999084472656,86009.78125,17.5908203125,0.16189999878406525
2023-06-01 13:48:22.865356,23.459999084472656,86010.9765625,17.5908203125,0.3237999975681305
2023-06-01 13:48:23.865783,23.469999313354492,86010.875,17.603515625,0.3237999975681305
2023-06-01 13:48:24.866631,23.469999313354492,86010.703125,17.615234375,0.24285000562667847
2023-06-01 13:48:25.869693,23.469999313354492,86011.5625,17.638671875,0.16189999878406525
2023-06-01 13:48:26.868682,23.469999313354492,86010.203125,17.685546875,0.0
2023-06-01 13:48:27.871370,23.469999313354492,86008.828125,17.755859375,0.0
2023-06-01 13:48:28.871434,23.459999084472656,86009.484375,17.697265625,0.16189999878406525
2023-06-01 13:48:29.874062,23.459999084472656,86011.28125,17.720703125,0.16189999878406525
2023-06-01 13:48:30.875215,23.459999084472656,86011.8828125,17.732421875,0.16189999878406525
2023-06-01 13:48:31.873960,23.450000762939453,86009.96875,17.744140625,0.16189999878406525
2023-06-01 13:48:32.872924,23.459999084472656,86011.1875,17.720703125,0.16189999878406525
2023-06-01 13:48:33.874751,23.459999084472656,86010.859375,17.708984375,0.16189999878406525
2023-06-01 13:48:34.884699,23.450000762939453,86011.7890625,17.720703125,0.08094999939203262
2023-06-01 13:48:35.876235,23.450000762939453,86008.9375,17.732421875,0.16189999878406525
2023-06-01 13:48:36.877443,23.450000762939453,86009.609375,17.732421875,0.08094999939203262
2023-06-01 13:48:37.880165,23.459999084472656,86012.1796875,17.7685546875,0.08094999939203262
2023-06-01 13:48:38.883438,23.450000762939453,86011.921875,17.791015625,0.08094999939203262
2023-06-01 13:48:39.883686,23.450000762939453,86011.734375,17.826171875,0.0
2023-06-01 13:48:40.881872,23.450000762939453,86012.890625,17.8974609375,0.0
2023-06-01 13:48:41.884585,23.440000534057617,86010.203125,17.9091796875,0.0
2023-06-01 13:48:42.882977,23.440000534057617,86011.0,17.873046875,0.0
2023-06-01 13:48:43.883607,23.440000534057617,86010.609375,17.849609375,0.0
2023-06-01 13:48:44.884498,23.43000030517578,86008.921875,17.802734375,0.0
2023-06-01 13:48:45.888138,23.43000030517578,86007.765625,17.779296875,0.0
2023-06-01 13:48:46.888482,23.43000030517578,86009.5,17.7548828125,0.0
2023-06-01 13:48:47.888754,23.43000030517578,86010.484375,17.7548828125,0.0
2023-06-01 13:48:48.890887,23.420000076293945,86010.921875,17.7548828125,0.0
2023-06-01 13:48:49.889102,23.420000076293945,86010.125,17.7666015625,0.0
2023-06-01 13:48:51.560765,23.40999984741211,86009.8125,17.75390625,0.0
2023-06-01 13:48:52.559479,23.399999618530273,86011.234375,17.7421875,0.0
2023-06-01 13:48:53.559897,23.399999618530273,86009.390625,17.71875,0.0
2023-06-01 13:48:54.861686,23.389999389648438,86009.7890625,17.6826171875,0.0
2023-06-01 13:48:55.860981,23.389999389648438,86011.4453125,17.6708984375,0.0
2023-06-01 13:48:56.862861,23.3700008392334,86010.9453125,17.681640625,0.16189999878406525
2023-06-01 13:48:57.863584,23.3700008392334,86007.640625,17.681640625,0.3237999975681305
2023-06-01 13:48:58.863747,23.3700008392334,86009.1875,17.6943359375,0.647599995136261
2023-06-01 13:48:59.865004,23.3700008392334,86009.15625,17.7529296875,0.08094999939203262
2023-06-01 13:49:00.865252,23.360000610351562,86007.375,17.740234375,0.0
2023-06-01 13:49:01.866095,23.350000381469727,86009.609375,17.728515625,0.0
2023-06-01 13:49:02.866430,23.34000015258789,86009.75,17.7158203125,0.0
2023-06-01 13:49:03.867691,23.350000381469727,86009.734375,17.716796875,0.0
2023-06-01 13:49:04.868324,23.350000381469727,86009.90625,17.728515625,0.0
2023-06-01 13:49:05.869936,23.350000381469727,86008.515625,17.740234375,0.0
2023-06-01 13:49:06.876630,23.34000015258789,86011.4375,17.7158203125,0.0
2023-06-01 13:49:07.873728,23.34000015258789,86009.28125,17.7158203125,0.0
2023-06-01 13:49:08.874601,23.34000015258789,86008.2890625,17.728515625,0.0
2023-06-01 13:49:09.873416,23.329999923706055,86009.5234375,17.7626953125,0.0
2023-06-01 13:49:10.876743,23.329999923706055,86010.84375,17.7744140625,0.0
2023-06-01 13:49:11.880270,23.31999969482422,86009.234375,17.7744140625,0.0
2023-06-01 13:49:12.880982,23.309999465942383,86010.109375,17.78515625,0.0
2023-06-01 13:49:13.879801,23.309999465942383,86009.578125,17.7978515625,0.0
2023-06-01 13:49:14.879892,23.309999465942383,86012.359375,17.8095703125,0.0
2023-06-01 13:49:15.882944,23.309999465942383,86009.3515625,17.80859375,0.0
2023-06-01 13:49:16.880458,23.299999237060547,86010.25,17.8203125,0.0
2023-06-01 13:49:17.888149,23.299999237060547,86006.0859375,17.8203125,0.0
2023-06-01 13:49:18.882244,23.299999237060547,86010.390625,17.8203125,0.0
2023-06-01 13:49:19.888716,23.299999237060547,86011.078125,17.8203125,0.0
2023-06-01 13:49:20.890771,23.299999237060547,86009.890625,17.83203125,0.0
2023-06-01 13:49:21.887574,23.290000915527344,86008.640625,17.80859375,0.0
2023-06-01 13:49:22.893776,23.290000915527344,86009.0,17.80859375,0.0
2023-06-01 13:49:23.887607,23.290000915527344,86010.65625,17.80859375,0.0
2023-06-01 13:49:24.894595,23.290000915527344,86010.1328125,17.80859375,0.0
2023-06-01 13:49:25.891349,23.290000915527344,86010.5625,17.7958984375,0.0
2023-06-01 13:49:26.890366,23.280000686645508,86010.53125,17.7724609375,0.0
2023-06-01 13:49:27.891448,23.280000686645508,86009.046875,17.7373046875,0.0
2023-06-01 13:49:28.894658,23.290000915527344,86008.4453125,17.7255859375,0.0
2023-06-01 13:49:29.890475,23.280000686645508,86009.703125,17.7138671875,0.0
2023-06-01 13:49:30.890411,23.280000686645508,86011.0,17.7138671875,0.0
2023-06-01 13:49:31.895519,23.280000686645508,86009.6171875,17.7373046875,0.0
2023-06-01 13:49:32.891237,23.270000457763672,86008.734375,17.7607421875,0.0
2023-06-01 13:49:33.896221,23.270000457763672,86010.046875,17.7607421875,0.0
2023-06-01 13:49:34.893124,23.270000457763672,86011.1796875,17.7841796875,0.0
2023-06-01 13:49:35.895758,23.260000228881836,86009.0703125,17.8310546875,0.0
2023-06-01 13:49:36.900063,23.25,86009.375,17.8427734375,0.0
2023-06-01 13:49:37.900493,23.260000228881836,86009.4609375,17.7958984375,0.0
2023-06-01 13:49:38.896755,23.260000228881836,86009.1640625,17.7724609375,0.0
2023-06-01 13:49:39.901089,23.260000228881836,86011.3125,17.759765625,0.08094999939203262
2023-06-01 13:49:40.898495,23.260000228881836,86009.9921875,17.7724609375,0.0
2023-06-01 13:49:41.900651,23.260000228881836,86009.40625,17.9130859375,0.08094999939203262
2023-06-01 13:49:42.901744,23.25,86010.9375,17.9365234375,0.16189999878406525
2023-06-01 13:49:43.904229,23.229999542236328,86011.7109375,17.876953125,0.08094999939203262
2023-06-01 13:49:44.901453,23.219999313354492,86010.9296875,17.853515625,0.3237999975681305
2023-06-01 13:49:45.904037,23.219999313354492,86008.0546875,17.8291015625,0.4047500193119049
2023-06-01 13:49:46.902495,23.209999084472656,86008.6875,17.8291015625,0.3237999975681305
2023-06-01 13:49:47.904058,23.209999084472656,86010.25,17.828125,0.24285000562667847
2023-06-01 13:49:48.905717,23.200000762939453,86008.6953125,17.83984375,0.3237999975681305
2023-06-01 13:49:49.910912,23.190000534057617,86010.0625,17.8515625,0.24285000562667847
2023-06-01 13:49:50.906688,23.190000534057617,86008.046875,17.86328125,0.24285000562667847
2023-06-01 13:49:51.910884,23.170000076293945,86008.5234375,17.8623046875,0.24285000562667847
2023-06-01 13:49:52.908359,23.170000076293945,86010.1484375,17.875,0.16189999878406525
2023-06-01 13:49:53.909502,23.170000076293945,86010.015625,17.88671875,0.16189999878406525
2023-06-01 13:49:54.915446,23.170000076293945,86012.765625,17.875,0.08094999939203262
2023-06-01 13:49:55.913826,23.15999984741211,86011.546875,17.8740234375,0.0
2023-06-01 13:49:56.914187,23.170000076293945,86010.75,17.8740234375,0.0
2023-06-01 13:49:57.912838,23.15999984741211,86010.21875,17.8623046875,0.0
2023-06-01 13:49:58.915561,23.15999984741211,86011.28125,17.8857421875,0.0
2023-06-01 13:49:59.914653,23.149999618530273,86009.5703125,17.9091796875,0.0
2023-06-01 13:50:00.915896,23.149999618530273,86011.09375,17.9091796875,0.0
2023-06-01 13:50:01.917378,23.149999618530273,86009.9296875,17.8974609375,0.0
2023-06-01 13:50:02.919768,23.149999618530273,86010.234375,17.884765625,0.0
2023-06-01 13:50:03.921984,23.149999618530273,86010.203125,17.873046875,0.0
2023-06-01 13:50:04.921242,23.149999618530273,86008.375,17.861328125,0.0
2023-06-01 13:50:05.920191,23.149999618530273,86009.5078125,17.849609375,0.0
2023-06-01 13:50:06.923027,23.139999389648438,86008.421875,17.826171875,0.0
2023-06-01 13:50:07.922164,23.139999389648438,86009.9140625,17.826171875,0.0
2023-06-01 13:50:08.925393,23.1299991607666,86009.03125,17.861328125,0.0
2023-06-01 13:50:09.922063,23.1299991607666,86011.671875,17.873046875,0.0
2023-06-01 13:50:10.925917,23.1299991607666,86009.984375,17.931640625,0.0
2023-06-01 13:50:11.926043,23.1200008392334,86012.2109375,17.9072265625,0.08094999939203262
2023-06-01 13:50:12.927412,23.1200008392334,86010.796875,17.919921875,0.08094999939203262
2023-06-01 13:50:13.927133,23.1200008392334,86012.9453125,17.978515625,0.16189999878406525
2023-06-01 13:50:14.926119,23.110000610351562,86010.375,17.9541015625,0.0
2023-06-01 13:50:15.930183,23.100000381469727,86011.6328125,17.9423828125,0.0
2023-06-01 13:50:16.929480,23.09000015258789,86010.84375,17.9423828125,0.0
2023-06-01 13:50:17.932974,23.09000015258789,86011.28125,17.9306640625,0.0
2023-06-01 13:50:18.932904,23.100000381469727,86013.359375,17.9423828125,0.0
2023-06-01 13:50:19.933681,23.09000015258789,86009.828125,17.9423828125,0.0
2023-06-01 13:50:20.933441,23.079999923706055,86011.546875,17.953125,0.0
2023-06-01 13:50:21.934445,23.079999923706055,86013.5078125,17.96484375,0.0
2023-06-01 13:50:22.934162,23.06999969482422,86010.9296875,17.9765625,0.0
2023-06-01 13:50:23.936081,23.06999969482422,86011.234375,17.9765625,0.0
2023-06-01 13:50:24.935298,23.059999465942383,86009.421875,17.9765625,0.0
2023-06-01 13:50:25.935344,23.059999465942383,86012.375,18.0107421875,0.0
2023-06-01 13:50:26.938486,23.049999237060547,86012.3125,18.0234375,0.0
2023-06-01 13:50:27.939126,23.059999465942383,86009.6953125,18.0234375,0.0
2023-06-01 13:50:28.941940,23.049999237060547,86008.9375,18.0224609375,0.0
2023-06-01 13:50:29.942853,23.049999237060547,86009.796875,18.0341796875,0.0
2023-06-01 13:50:30.941644,23.049999237060547,86007.9453125,18.0458984375,0.0
2023-06-01 13:50:31.942136,23.040000915527344,86007.390625,18.0458984375,0.0
2023-06-01 13:50:32.943509,23.049999237060547,86009.765625,18.0576171875,0.0
2023-06-01 13:50:33.947246,23.040000915527344,86009.203125,18.0693359375,0.0
2023-06-01 13:50:34.943597,23.030000686645508,86008.75,18.0927734375,0.0
2023-06-01 13:50:35.946421,23.030000686645508,86008.2578125,18.1044921875,0.0
2023-06-01 13:50:36.946654,23.030000686645508,86006.734375,18.1162109375,0.0
2023-06-01 13:50:37.948824,23.030000686645508,86010.375,18.1162109375,0.0
2023-06-01 13:50:38.946700,23.030000686645508,86008.53125,18.1162109375,0.0
2023-06-01 13:50:39.949841,23.030000686645508,86009.515625,18.1162109375,0.0
2023-06-01 13:50:40.955189,23.020000457763672,86009.625,18.1162109375,0.0
2023-06-01 13:50:41.958941,23.020000457763672,86009.421875,18.1396484375,0.0
2023-06-01 13:50:42.950796,23.020000457763672,86009.09375,18.1748046875,0.0
2023-06-01 13:50:43.953549,23.010000228881836,86008.8359375,18.1982421875,0.0
2023-06-01 13:50:44.954326,23.020000457763672,86010.78125,18.2099609375,0.0
2023-06-01 13:50:45.952845,23.020000457763672,86009.53125,18.2099609375,0.0
2023-06-01 13:50:46.956115,23.010000228881836,86008.5078125,18.2216796875,0.0
2023-06-01 13:50:47.954392,23.010000228881836,86010.4609375,18.2568359375,0.0
2023-06-01 13:50:48.959545,23.010000228881836,86008.78125,18.421875,0.0
2023-06-01 13:50:49.957241,23.010000228881836,86008.9375,18.41015625,0.0
2023-06-01 13:50:50.967735,23.010000228881836,86010.5625,18.3154296875,0.0
2023-06-01 13:50:51.964205,23.010000228881836,86007.921875,18.208984375,0.0
2023-06-01 13:50:52.958352,23.010000228881836,86008.609375,18.1748046875,0.0
2023-06-01 13:50:53.965259,23.010000228881836,86011.484375,18.115234375,0.0
2023-06-01 13:50:54.964176,23.010000228881836,86013.546875,18.138671875,0.0
2023-06-01 13:50:55.965326,23.0,86012.1875,18.126953125,0.0
2023-06-01 13:50:56.963197,23.010000228881836,86011.09375,18.068359375,0.0
2023-06-01 13:50:57.970364,23.010000228881836,86008.578125,18.080078125,0.0
2023-06-01 13:50:58.976068,23.010000228881836,86010.59375,18.009765625,0.0
2023-06-01 13:50:59.982963,23.020000457763672,86011.1875,17.9736328125,0.0
2023-06-01 13:51:00.970427,23.020000457763672,86012.375,17.986328125,0.08094999939203262
2023-06-01 13:51:01.970634,23.020000457763672,86014.328125,17.9501953125,0.16189999878406525
2023-06-01 13:51:02.969568,23.020000457763672,86012.5703125,17.939453125,0.16189999878406525
2023-06-01 13:51:03.968718,23.020000457763672,86009.7265625,17.9267578125,0.48570001125335693
2023-06-01 13:51:04.973570,23.020000457763672,86013.3671875,17.9150390625,0.48570001125335693
2023-06-01 13:51:05.979667,23.020000457763672,86012.2421875,17.927734375,0.48570001125335693
2023-06-01 13:51:06.973074,23.020000457763672,86011.7421875,17.927734375,0.5666499733924866
2023-06-01 13:51:07.979462,23.020000457763672,86012.078125,17.939453125,0.647599995136261
2023-06-01 13:51:08.977155,23.020000457763672,86010.453125,17.974609375,0.5666499733924866
2023-06-01 13:51:09.977230,23.020000457763672,86013.3671875,17.9736328125,0.4047500193119049
2023-06-01 13:51:10.990943,23.020000457763672,86011.90625,17.951171875,0.3237999975681305
2023-06-01 13:51:11.979744,23.010000228881836,86011.8125,17.9267578125,0.4047500193119049
2023-06-01 13:51:12.980328,23.020000457763672,86011.578125,17.9150390625,0.3237999975681305
2023-06-01 13:51:13.983409,23.010000228881836,86012.3125,17.9384765625,0.4047500193119049
2023-06-01 13:51:14.978420,23.010000228881836,86014.4296875,17.9501953125,0.3237999975681305
2023-06-01 13:51:15.986866,23.010000228881836,86013.375,17.9619140625,0.24285000562667847
2023-06-01 13:51:16.989262,23.0,86010.703125,18.0322265625,0.16189999878406525
2023-06-01 13:51:17.981586,23.0,86012.484375,18.080078125,0.0
2023-06-01 13:51:18.983523,23.0,86010.3671875,18.138671875,0.08094999939203262
2023-06-01 13:51:19.986151,23.0,86012.7890625,18.162109375,0.0
2023-06-01 13:51:20.988534,22.989999771118164,86014.546875,18.1962890625,0.0
2023-06-01 13:51:21.989978,22.989999771118164,86011.8671875,18.220703125,0.08094999939203262
2023-06-01 13:51:22.994109,22.979999542236328,86010.75,18.232421875,0.0
2023-06-01 13:51:23.987210,22.969999313354492,86010.5,18.2314453125,0.0
2023-06-01 13:51:24.990626,22.959999084472656,86008.8828125,18.2197265625,0.0
2023-06-01 13:51:25.993889,22.959999084472656,86011.9375,18.2314453125,0.0
2023-06-01 13:51:26.993208,22.969999313354492,86008.421875,18.2900390625,0.0
2023-06-01 13:51:27.990317,22.959999084472656,86013.6484375,18.3251953125,0.0
2023-06-01 13:51:28.988318,22.959999084472656,86011.6015625,18.2548828125,0.0
2023-06-01 13:51:29.991826,22.950000762939453,86012.5625,18.2783203125,0.0
2023-06-01 13:51:30.992870,22.950000762939453,86011.640625,18.3369140625,0.0
2023-06-01 13:51:31.995448,22.940000534057617,86007.609375,18.3720703125,0.0
2023-06-01 13:51:32.998159,22.940000534057617,86010.6875,18.359375,0.0
2023-06-01 13:51:33.997475,22.93000030517578,86010.5,18.3125,0.0
2023-06-01 13:51:34.995418,22.920000076293945,86007.390625,18.2998046875,0.0
2023-06-01 13:51:35.994303,22.920000076293945,86009.3125,18.3818359375,0.08094999939203262
2023-06-01 13:51:36.997044,22.90999984741211,86011.5390625,18.3583984375,0.0
2023-06-01 13:51:37.995606,22.899999618530273,86011.25,18.4638671875,0.0
2023-06-01 13:51:38.997634,22.90999984741211,86009.625,18.58203125,0.0
2023-06-01 13:51:39.997221,22.899999618530273,86013.0703125,18.59375,0.0
2023-06-01 13:51:40.997333,22.899999618530273,86009.171875,18.640625,0.0
2023-06-01 13:51:41.998884,22.90999984741211,86011.78125,18.67578125,0.0
2023-06-01 13:51:43.001128,22.90999984741211,86011.5390625,18.7001953125,0.0
2023-06-01 13:51:44.004908,22.90999984741211,86011.5078125,18.7705078125,0.0
2023-06-01 13:51:45.004979,22.899999618530273,86011.546875,18.7939453125,0.0
2023-06-01 13:51:46.007044,22.899999618530273,86010.6953125,18.7939453125,0.0
2023-06-01 13:51:47.009998,22.899999618530273,86009.015625,18.74609375,0.0
2023-06-01 13:51:48.003985,22.889999389648438,86008.8125,18.76953125,0.0
2023-06-01 13:51:49.005877,22.889999389648438,86011.953125,18.79296875,0.0
2023-06-01 13:51:50.010879,22.889999389648438,86009.9375,18.83984375,0.0
2023-06-01 13:51:51.008209,22.889999389648438,86009.875,18.828125,0.0
2023-06-01 13:51:52.008605,22.889999389648438,86010.109375,18.83984375,0.0
2023-06-01 13:51:53.016495,22.889999389648438,86010.9375,18.9111328125,0.0
2023-06-01 13:51:54.009007,22.889999389648438,86010.5703125,19.0400390625,0.0
2023-06-01 13:51:55.013145,22.889999389648438,86010.203125,19.181640625,0.0
2023-06-01 13:51:56.011365,22.8799991607666,86011.828125,19.216796875,0.0
2023-06-01 13:51:57.013673,22.8799991607666,86011.3359375,19.240234375,0.0
2023-06-01 13:51:58.011689,22.8799991607666,86014.1484375,19.228515625,0.0
2023-06-01 13:51:59.012952,22.8799991607666,86010.8125,19.263671875,0.0
2023-06-01 13:52:00.014369,22.8799991607666,86012.796875,19.240234375,0.0
2023-06-01 13:52:01.014380,22.8700008392334,86013.65625,19.1337890625,0.0
2023-06-01 13:52:02.019150,22.860000610351562,86011.328125,19.0986328125,0.0
2023-06-01 13:52:03.019219,22.850000381469727,86012.25,19.09765625,0.0
2023-06-01 13:52:04.019100,22.860000610351562,86013.734375,19.1220703125,0.0
2023-06-01 13:52:05.020309,22.850000381469727,86011.203125,19.109375,0.0
2023-06-01 13:52:06.021396,22.850000381469727,86009.71875,19.0859375,0.0
2023-06-01 13:52:07.022458,22.84000015258789,86009.921875,19.1083984375,0.0
2023-06-01 13:52:08.023423,22.829999923706055,86010.515625,19.14453125,0.0
2023-06-01 13:52:09.021717,22.829999923706055,86012.3125,19.21484375,0.0
2023-06-01 13:52:10.024758,22.829999923706055,86008.671875,19.21484375,0.0
2023-06-01 13:52:11.023595,22.829999923706055,86009.5,19.2265625,0.0
2023-06-01 13:52:12.027484,22.829999923706055,86011.5859375,19.28515625,0.0
2023-06-01 13:52:13.027294,22.81999969482422,86011.0625,19.33203125,0.0
2023-06-01 13:52:14.024891,22.809999465942383,86011.8984375,19.40234375,0.0
2023-06-01 13:52:15.026140,22.809999465942383,86009.75,19.44921875,0.0
2023-06-01 13:52:16.030643,22.809999465942383,86012.03125,19.49609375,0.0
2023-06-01 13:52:17.028895,22.809999465942383,86008.1953125,19.49609375,0.0
2023-06-01 13:52:18.030612,22.799999237060547,86009.921875,19.54296875,0.0
2023-06-01 13:52:19.030472,22.799999237060547,86010.9453125,19.56640625,0.0
2023-06-01 13:52:20.032705,22.799999237060547,86010.28125,19.578125,0.0
2023-06-01 13:52:21.033968,22.790000915527344,86011.515625,19.6484375,0.0
2023-06-01 13:52:22.033729,22.790000915527344,86009.328125,19.6484375,0.0
2023-06-01 13:52:23.033701,22.790000915527344,86010.65625,19.63671875,0.0
2023-06-01 13:52:24.035548,22.790000915527344,86009.6328125,19.66015625,0.0
2023-06-01 13:52:25.038281,22.790000915527344,86014.59375,19.66015625,0.0
2023-06-01 13:52:26.038745,22.780000686645508,86013.875,19.6708984375,0.0
2023-06-01 13:52:27.037079,22.770000457763672,86010.765625,19.71875,0.0
2023-06-01 13:52:28.038796,22.770000457763672,86012.03125,19.6123046875,0.0
2023-06-01 13:52:29.038317,22.770000457763672,86010.34375,19.517578125,0.0
2023-06-01 13:52:30.041972,22.760000228881836,86013.09375,19.470703125,0.0
2023-06-01 13:52:31.039499,22.760000228881836,86015.7421875,19.447265625,0.0
2023-06-01 13:52:32.042076,22.760000228881836,86014.6875,19.4228515625,0.0
2023-06-01 13:52:33.043358,22.75,86008.9375,19.3408203125,0.0
2023-06-01 13:52:34.046868,22.739999771118164,86012.484375,19.31640625,0.0
2023-06-01 13:52:35.044363,22.739999771118164,86013.25,19.28125,0.0
2023-06-01 13:52:36.045874,22.729999542236328,86013.3203125,19.2685546875,0.0
2023-06-01 13:52:37.045535,22.729999542236328,86013.046875,19.2216796875,0.0
2023-06-01 13:52:38.045233,22.729999542236328,86020.0703125,19.1865234375,0.0
2023-06-01 13:52:39.047913,22.719999313354492,86013.921875,19.1396484375,0.0
2023-06-01 13:52:40.048496,22.709999084472656,86016.640625,19.126953125,0.0
2023-06-01 13:52:41.051106,22.709999084472656,86013.53125,19.138671875,0.0
2023-06-01 13:52:42.052337,22.709999084472656,86014.3203125,19.150390625,0.0
2023-06-01 13:52:43.055845,22.709999084472656,86010.953125,19.138671875,0.0
2023-06-01 13:52:44.050229,22.700000762939453,86017.8359375,19.150390625,0.0
2023-06-01 13:52:45.055340,22.700000762939453,86011.515625,19.138671875,0.0
2023-06-01 13:52:46.057828,22.690000534057617,86011.265625,19.126953125,0.0
2023-06-01 13:52:47.055258,22.690000534057617,86017.34375,19.197265625,0.0
2023-06-01 13:52:48.053702,22.68000030517578,86015.6015625,19.1611328125,0.0
2023-06-01 13:52:49.059150,22.68000030517578,86014.1875,19.2080078125,0.0
2023-06-01 13:52:50.054752,22.670000076293945,86013.0703125,19.396484375,0.0
2023-06-01 13:52:51.057479,22.65999984741211,86015.390625,19.4541015625,0.0
2023-06-01 13:52:52.059847,22.649999618530273,86015.265625,19.41796875,0.0
2023-06-01 13:52:53.057707,22.639999389648438,86015.5390625,19.37109375,0.0
2023-06-01 13:52:54.064791,22.639999389648438,86016.328125,19.37109375,0.0
2023-06-01 13:52:55.059150,22.6299991607666,86016.109375,19.41796875,0.0
2023-06-01 13:52:56.064653,22.6299991607666,86016.046875,19.3828125,0.0
2023-06-01 13:52:57.068303,22.6200008392334,86016.21875,19.3701171875,0.0
2023-06-01 13:52:58.068503,22.6200008392334,86015.71875,19.4169921875,0.0
2023-06-01 13:52:59.065066,22.6200008392334,86017.40625,19.3466796875,0.0
2023-06-01 13:53:00.070258,22.6200008392334,86013.796875,19.3115234375,0.0
2023-06-01 13:53:01.077926,22.610000610351562,86015.03125,19.298828125,0.0
2023-06-01 13:53:02.066706,22.610000610351562,86016.953125,19.322265625,0.0
2023-06-01 13:53:03.069264,22.600000381469727,86016.0625,19.345703125,0.0
2023-06-01 13:53:04.070115,22.600000381469727,86016.1328125,19.369140625,0.0
2023-06-01 13:53:05.083910,22.59000015258789,86015.765625,19.369140625,0.0
2023-06-01 13:53:06.089654,22.59000015258789,86015.046875,19.369140625,0.0
2023-06-01 13:53:07.081337,22.579999923706055,86015.9140625,19.3798828125,0.0
2023-06-01 13:53:08.078852,22.579999923706055,86014.421875,19.3916015625,0.0
2023-06-01 13:53:09.081697,22.56999969482422,86013.34375,19.4033203125,0.0
2023-06-01 13:53:10.075360,22.559999465942383,86011.234375,19.5556640625,0.0
2023-06-01 13:53:11.075693,22.559999465942383,86015.0,19.6025390625,0.08094999939203262
2023-06-01 13:53:12.083808,22.549999237060547,86018.515625,19.6494140625,0.0
2023-06-01 13:53:13.082309,22.540000915527344,86013.265625,19.6962890625,0.0
2023-06-01 13:53:14.079479,22.540000915527344,86014.390625,19.7548828125,0.0
2023-06-01 13:53:15.077250,22.520000457763672,86015.0625,19.859375,0.0
2023-06-01 13:53:16.078933,22.520000457763672,86013.515625,19.9658203125,0.0
2023-06-01 13:53:17.082205,22.510000228881836,86017.125,19.98828125,0.0
2023-06-01 13:53:18.082442,22.510000228881836,86017.125,19.96484375,0.0
2023-06-01 13:53:19.081628,22.510000228881836,86016.828125,19.91796875,0.0
2023-06-01 13:53:20.083708,22.5,86015.28125,19.8828125,0.0
2023-06-01 13:53:21.085646,22.5,86017.71875,19.84765625,0.0
2023-06-01 13:53:22.085523,22.489999771118164,86016.640625,19.8115234375,0.0
2023-06-01 13:53:23.090571,22.489999771118164,86017.8984375,19.8115234375,0.0
2023-06-01 13:53:24.086247,22.489999771118164,86016.578125,19.7763671875,0.0
2023-06-01 13:53:25.087319,22.489999771118164,86017.5625,19.7646484375,0.0
2023-06-01 13:53:26.087625,22.479999542236328,86017.140625,19.740234375,0.0
2023-06-01 13:53:27.089538,22.479999542236328,86017.9375,19.705078125,0.0
2023-06-01 13:53:28.089075,22.469999313354492,86018.34375,19.716796875,0.0
2023-06-01 13:53:29.090957,22.469999313354492,86014.8359375,19.740234375,0.0
2023-06-01 13:53:30.087992,22.459999084472656,86015.234375,19.857421875,0.0
2023-06-01 13:53:31.094561,22.450000762939453,86014.8125,19.9267578125,0.0
2023-06-01 13:53:32.091653,22.450000762939453,86016.375,19.9501953125,0.0
2023-06-01 13:53:33.090872,22.440000534057617,86018.0,19.9384765625,0.0
2023-06-01 13:53:34.091246,22.43000030517578,86017.015625,19.9619140625,0.0
2023-06-01 13:53:35.096481,22.420000076293945,86015.171875,20.078125,0.0
2023-06-01 13:53:36.092343,22.40999984741211,86014.71875,20.08984375,0.0
2023-06-01 13:53:37.098531,22.399999618530273,86018.3203125,19.9248046875,0.0
2023-06-01 13:53:38.096213,22.399999618530273,86015.609375,19.8310546875,0.0
2023-06-01 13:53:39.095649,22.399999618530273,86013.765625,19.771484375,0.0
2023-06-01 13:53:40.097028,22.389999389648438,86015.2890625,19.712890625,0.0
2023-06-01 13:53:41.102818,22.3799991607666,86013.2421875,19.724609375,0.0
2023-06-01 13:53:42.100477,22.3799991607666,86015.2578125,19.712890625,0.0
2023-06-01 13:53:43.106357,22.3799991607666,86016.8125,19.6767578125,0.0
2023-06-01 13:53:44.100440,22.3700008392334,86017.4453125,19.6416015625,0.0
2023-06-01 13:53:45.100961,22.3700008392334,86018.875,19.6650390625,0.0
2023-06-01 13:53:46.102116,22.3700008392334,86017.515625,19.6650390625,0.0
2023-06-01 13:53:47.103289,22.360000610351562,86016.921875,19.640625,0.0
2023-06-01 13:53:48.104469,22.360000610351562,86017.890625,19.62890625,0.0
2023-06-01 13:53:49.105607,22.350000381469727,86016.671875,19.62890625,0.0
2023-06-01 13:53:50.106998,22.350000381469727,86013.6015625,19.62890625,0.0
2023-06-01 13:53:51.107201,22.34000015258789,86015.8828125,19.6171875,0.0
2023-06-01 13:53:52.106372,22.34000015258789,86016.8125,19.640625,0.0
2023-06-01 13:53:53.107004,22.329999923706055,86014.203125,19.8984375,0.0
2023-06-01 13:53:54.107790,22.329999923706055,86017.84375,20.02734375,0.0
2023-06-01 13:53:55.110224,22.31999969482422,86015.46875,19.9921875,0.0
2023-06-01 13:53:56.113197,22.31999969482422,86015.9296875,19.8505859375,0.0
2023-06-01 13:53:57.113159,22.31999969482422,86015.734375,19.8857421875,0.0
2023-06-01 13:53:58.116346,22.309999465942383,86014.640625,19.8154296875,0.0
2023-06-01 13:53:59.115834,22.309999465942383,86018.3828125,19.708984375,0.0
2023-06-01 13:54:00.112589,22.299999237060547,86018.0234375,19.568359375,0.0
2023-06-01 13:54:01.113976,22.290000915527344,86016.40625,19.4853515625,0.0
2023-06-01 13:54:02.116447,22.290000915527344,86014.71875,19.4267578125,0.0
2023-06-01 13:54:03.116724,22.290000915527344,86017.3359375,19.390625,0.0
2023-06-01 13:54:04.117412,22.280000686645508,86018.1328125,19.40234375,0.0
2023-06-01 13:54:05.116631,22.280000686645508,86019.09375,19.4736328125,0.0
2023-06-01 13:54:06.119910,22.280000686645508,86016.28125,19.4853515625,0.0
2023-06-01 13:54:07.122503,22.280000686645508,86017.375,19.51953125,0.0
2023-06-01 13:54:08.118549,22.270000457763672,86015.6328125,19.54296875,0.0
2023-06-01 13:54:09.120301,22.270000457763672,86017.6171875,19.51953125,0.0
2023-06-01 13:54:10.125783,22.270000457763672,86013.28125,19.484375,0.0
2023-06-01 13:54:11.121446,22.270000457763672,86018.046875,19.484375,0.0
2023-06-01 13:54:12.124247,22.260000228881836,86014.21875,19.4716796875,0.0
2023-06-01 13:54:13.124732,22.260000228881836,86014.84375,19.4599609375,0.0
2023-06-01 13:54:14.125679,22.260000228881836,86016.0,19.4716796875,0.0
2023-06-01 13:54:15.125391,22.260000228881836,86013.859375,19.4599609375,0.0
2023-06-01 13:54:16.129275,22.25,86015.40625,19.4599609375,0.0
2023-06-01 13:54:17.129866,22.25,86017.03125,19.4482421875,0.0
2023-06-01 13:54:18.130275,22.25,86016.40625,19.4482421875,0.0
2023-06-01 13:54:19.130318,22.25,86016.5625,19.4482421875,0.0
2023-06-01 13:54:20.128865,22.25,86016.0390625,19.4951171875,0.0
2023-06-01 13:54:21.131963,22.25,86015.2109375,19.5302734375,0.0
2023-06-01 13:54:22.132627,22.25,86016.3046875,19.5302734375,0.0
2023-06-01 13:54:23.133918,22.239999771118164,86016.90625,19.5185546875,0.0
2023-06-01 13:54:24.134609,22.25,86013.5,19.5185546875,0.0
2023-06-01 13:54:25.135559,22.25,86014.65625,19.5068359375,0.0
2023-06-01 13:54:26.137647,22.239999771118164,86015.9453125,19.5185546875,0.0
2023-06-01 13:54:27.139395,22.239999771118164,86017.765625,19.5654296875,0.0
2023-06-01 13:54:28.136922,22.239999771118164,86016.2734375,19.5771484375,0.0
2023-06-01 13:54:29.139809,22.239999771118164,86016.578125,19.5537109375,0.0
2023-06-01 13:54:30.140827,22.239999771118164,86014.265625,19.6357421875,0.0
2023-06-01 13:54:31.141092,22.239999771118164,86015.28125,20.046875,0.0
2023-06-01 13:54:32.143202,22.239999771118164,86015.453125,20.1884765625,0.0
2023-06-01 13:54:33.143452,22.239999771118164,86015.390625,20.01171875,0.0
2023-06-01 13:54:34.142014,22.239999771118164,86016.7421875,19.953125,0.0
2023-06-01 13:54:35.142165,22.239999771118164,86013.5625,19.91796875,0.0
2023-06-01 13:54:36.143450,22.239999771118164,86013.9296875,19.87109375,0.0
2023-06-01 13:54:37.145485,22.239999771118164,86017.8671875,19.8818359375,0.0
2023-06-01 13:54:38.146398,22.229999542236328,86016.3125,19.90625,0.0
2023-06-01 13:54:39.145703,22.229999542236328,86014.9296875,19.91796875,0.0
2023-06-01 13:54:40.148306,22.229999542236328,86016.9375,19.90625,0.0
2023-06-01 13:54:41.157535,22.229999542236328,86016.0859375,19.8232421875,0.0
2023-06-01 13:54:42.147276,22.229999542236328,86015.953125,19.7880859375,0.0
2023-06-01 13:54:43.151379,22.229999542236328,86015.921875,19.7763671875,0.0
2023-06-01 13:54:44.153755,22.229999542236328,86017.40625,19.7998046875,0.0
2023-06-01 13:54:45.155489,22.229999542236328,86015.625,19.7998046875,0.0
2023-06-01 13:54:46.159918,22.229999542236328,86013.90625,19.7880859375,0.0
2023-06-01 13:54:47.160472,22.229999542236328,86015.59375,19.7646484375,0.0
2023-06-01 13:54:48.172642,22.229999542236328,86018.796875,19.7529296875,0.0
2023-06-01 13:54:49.158381,22.229999542236328,86015.8125,19.7529296875,0.0
2023-06-01 13:54:50.153912,22.239999771118164,86018.0,19.7412109375,0.0
2023-06-01 13:54:51.158456,22.239999771118164,86014.859375,19.6943359375,0.0
2023-06-01 13:54:52.168713,22.229999542236328,86015.984375,19.6591796875,0.0
2023-06-01 13:54:53.162270,22.229999542236328,86016.28125,19.6474609375,0.0
2023-06-01 13:54:54.158475,22.239999771118164,86014.859375,19.6123046875,0.0
2023-06-01 13:54:55.158362,22.229999542236328,86016.3125,19.6005859375,0.0
2023-06-01 13:54:56.173729,22.229999542236328,86016.484375,19.5888671875,0.0
2023-06-01 13:54:57.168394,22.229999542236328,86017.9375,19.6357421875,0.0
2023-06-01 13:54:58.164448,22.229999542236328,86019.125,19.7177734375,0.0
2023-06-01 13:54:59.178419,22.229999542236328,86016.75,19.8115234375,0.0
2023-06-01 13:55:00.164640,22.229999542236328,86017.109375,19.7880859375,0.0
2023-06-01 13:55:01.172778,22.229999542236328,86015.78125,19.7763671875,0.0
2023-06-01 13:55:02.177694,22.229999542236328,86016.75,19.7880859375,0.0
2023-06-01 13:55:03.168611,22.229999542236328,86018.59375,19.7880859375,0.0
2023-06-01 13:55:04.166690,22.229999542236328,86014.9609375,19.8466796875,0.0
2023-06-01 13:55:05.167350,22.229999542236328,86018.234375,19.90625,0.0
2023-06-01 13:55:06.170933,22.229999542236328,86015.0625,19.9404296875,0.0
2023-06-01 13:55:07.179399,22.219999313354492,86016.84375,19.9521484375,0.0
2023-06-01 13:55:08.177410,22.219999313354492,86017.1171875,19.9873046875,0.0
2023-06-01 13:55:09.172872,22.219999313354492,86017.9375,19.9638671875,0.0
2023-06-01 13:55:10.172666,22.219999313354492,86016.953125,19.9990234375,0.0
2023-06-01 13:55:11.183574,22.219999313354492,86018.734375,20.24609375,0.0
2023-06-01 13:55:12.177518,22.209999084472656,86020.125,20.33984375,0.0
2023-06-01 13:55:13.180138,22.200000762939453,86017.21875,20.375,0.0
2023-06-01 13:55:14.177428,22.200000762939453,86017.390625,20.43359375,0.0
2023-06-01 13:55:15.181172,22.200000762939453,86017.625,20.4326171875,0.0
2023-06-01 13:55:16.180513,22.200000762939453,86016.96875,20.3154296875,0.0
2023-06-01 13:55:17.180099,22.190000534057617,86019.4140625,20.2685546875,0.0
2023-06-01 13:55:18.178893,22.190000534057617,86016.84375,20.326171875,0.0
2023-06-01 13:55:19.181724,22.190000534057617,86020.140625,20.326171875,0.0
2023-06-01 13:55:20.181917,22.190000534057617,86017.5,20.208984375,0.0
2023-06-01 13:55:21.182704,22.190000534057617,86016.078125,20.185546875,0.0
2023-06-01 13:55:22.179742,22.18000030517578,86019.625,20.232421875,0.0
2023-06-01 13:55:23.187609,22.18000030517578,86016.96875,20.255859375,0.0
2023-06-01 13:55:24.182711,22.18000030517578,86019.09375,20.302734375,0.0
2023-06-01 13:55:25.185583,22.170000076293945,86015.6875,20.361328125,0.0
2023-06-01 13:55:26.184477,22.170000076293945,86018.171875,20.314453125,0.0
2023-06-01 13:55:27.185010,22.170000076293945,86016.84375,20.197265625,0.0
2023-06-01 13:55:28.185489,22.170000076293945,86018.828125,20.1611328125,0.0
2023-06-01 13:55:29.188697,22.170000076293945,86020.0859375,20.0791015625,0.0
2023-06-01 13:55:30.186884,22.170000076293945,86017.4453125,19.9853515625,0.0
2023-06-01 13:55:31.187158,22.170000076293945,86018.734375,19.92578125,0.0
2023-06-01 13:55:32.189745,22.170000076293945,86018.2734375,20.0087890625,0.0
2023-06-01 13:55:33.189564,22.170000076293945,86018.5703125,20.0908203125,0.0
2023-06-01 13:55:34.189756,22.15999984741211,86019.03125,20.1728515625,0.0
2023-06-01 13:55:35.190065,22.15999984741211,86018.5390625,20.2314453125,0.0
2023-06-01 13:55:36.191406,22.15999984741211,86017.6484375,20.13671875,0.0
2023-06-01 13:55:37.191603,22.149999618530273,86017.6171875,20.08984375,0.0
2023-06-01 13:55:38.193596,22.149999618530273,86019.8984375,20.078125,0.0
2023-06-01 13:55:39.196886,22.149999618530273,86017.28125,20.078125,0.08094999939203262
2023-06-01 13:55:40.195210,22.149999618530273,86018.7421875,20.06640625,0.0
2023-06-01 13:55:41.198431,22.149999618530273,86019.234375,20.08984375,0.0
2023-06-01 13:55:42.197395,22.149999618530273,86017.71875,20.06640625,0.0
2023-06-01 13:55:43.199163,22.149999618530273,86019.0703125,20.06640625,0.0
2023-06-01 13:55:44.199301,22.149999618530273,86020.6875,20.08984375,0.0
2023-06-01 13:55:45.201069,22.149999618530273,86017.359375,20.078125,0.0
2023-06-01 13:55:46.199833,22.149999618530273,86019.8671875,20.04296875,0.0
2023-06-01 13:55:47.208894,22.149999618530273,86022.734375,19.984375,0.0
2023-06-01 13:55:48.201777,22.149999618530273,86018.7109375,19.984375,0.0
2023-06-01 13:55:49.202385,22.149999618530273,86017.9140625,20.03125,0.0
2023-06-01 13:55:50.207272,22.149999618530273,86019.5625,20.1494140625,0.0
2023-06-01 13:55:51.208983,22.149999618530273,86020.53125,20.125,0.0
2023-06-01 13:55:52.206954,22.149999618530273,86019.734375,20.0546875,0.0
2023-06-01 13:55:53.209335,22.149999618530273,86020.53125,20.078125,0.0
2023-06-01 13:55:54.210171,22.149999618530273,86019.375,20.078125,0.0
2023-06-01 13:55:55.209339,22.149999618530273,86018.7421875,20.0546875,0.0
2023-06-01 13:55:56.210538,22.149999618530273,86018.7109375,20.0546875,0.0
2023-06-01 13:55:57.212319,22.149999618530273,86019.53125,20.1494140625,0.0
2023-06-01 13:55:58.210103,22.139999389648438,86018.9453125,20.2421875,0.0
2023-06-01 13:55:59.210106,22.139999389648438,86020.4375,20.3369140625,0.0
2023-06-01 13:56:00.216370,22.139999389648438,86017.71875,20.3828125,0.0
2023-06-01 13:56:01.212983,22.139999389648438,86020.8984375,20.44140625,0.0
2023-06-01 13:56:02.214419,22.139999389648438,86019.078125,20.39453125,0.0
2023-06-01 13:56:03.219573,22.139999389648438,86020.4375,20.2421875,0.0
2023-06-01 13:56:40.570724,22.100000381469727,86020.828125,20.3349609375,0.0
2023-06-01 13:57:17.581580,22.1299991607666,86018.984375,20.9931640625,0.0
2023-06-01 13:57:18.581475,22.1299991607666,86019.515625,21.017578125,0.0
2023-06-01 13:57:19.582277,22.1299991607666,86021.625,20.9931640625,0.0
2023-06-01 13:57:20.584911,22.1299991607666,86020.0078125,20.982421875,0.0
2023-06-01 13:57:21.583044,22.1299991607666,86017.6328125,20.9697265625,0.16189999878406525
2023-06-01 13:57:22.584377,22.1299991607666,86018.625,20.9580078125,0.16189999878406525
2023-06-01 13:57:23.588665,22.1299991607666,86017.65625,20.9111328125,0.0
2023-06-01 13:57:24.585740,22.1299991607666,86022.3203125,20.8291015625,0.0
2023-06-01 13:57:25.588407,22.1299991607666,86017.5,20.7705078125,0.0
2023-06-01 13:57:26.592486,22.1299991607666,86017.9921875,20.6416015625,0.0
2023-06-01 13:57:27.589794,22.1299991607666,86020.765625,20.5703125,0.0
2023-06-01 13:57:28.597567,22.1299991607666,86018.78125,20.51171875,0.0
2023-06-01 13:57:29.593065,22.1299991607666,86019.75,20.41796875,0.0
2023-06-01 13:57:30.590156,22.1299991607666,86021.234375,20.2890625,0.0
2023-06-01 13:57:31.596966,22.1299991607666,86020.078125,20.27734375,0.0
2023-06-01 13:57:32.600464,22.1200008392334,86016.90625,20.3125,0.0
2023-06-01 13:57:33.594289,22.1200008392334,86018.03125,20.2890625,0.0
2023-06-01 13:57:34.595589,22.1200008392334,86023.5546875,20.2880859375,0.0
2023-06-01 13:57:35.594586,22.1200008392334,86020.015625,19.9716796875,0.0
2023-06-01 13:57:36.596253,22.1200008392334,86021.6640625,19.771484375,0.0
2023-06-01 13:57:37.598012,22.1299991607666,86020.2734375,19.701171875,0.0
2023-06-01 13:57:38.598722,22.1200008392334,86020.671875,19.748046875,0.0
2023-06-01 13:57:39.597885,22.1200008392334,86020.1796875,19.783203125,0.0
2023-06-01 13:57:40.597597,22.1200008392334,86021.46875,19.794921875,0.08094999939203262
2023-06-01 13:57:41.601085,22.110000610351562,86017.25,19.771484375,0.0
2023-06-01 13:57:42.601924,22.110000610351562,86018.53125,19.7001953125,0.0
2023-06-01 13:57:43.601782,22.110000610351562,86021.375,19.6181640625,0.08094999939203262
2023-06-01 13:57:44.603296,22.110000610351562,86020.390625,19.5712890625,0.0
2023-06-01 13:57:45.604899,22.1200008392334,86019.09375,19.5361328125,0.0
2023-06-01 13:57:46.604672,22.110000610351562,86018.375,19.5244140625,0.0
2023-06-01 13:57:47.605284,22.110000610351562,86019.6875,19.5244140625,0.0
2023-06-01 13:57:48.604507,22.110000610351562,86015.859375,19.5361328125,0.0
2023-06-01 13:57:49.608476,22.110000610351562,86021.34375,19.5830078125,0.0
2023-06-01 13:57:50.607954,22.110000610351562,86019.9921875,19.6064453125,0.0
2023-06-01 13:57:51.609308,22.100000381469727,86016.625,19.7236328125,0.0
2023-06-01 13:57:52.609671,22.110000610351562,86016.890625,19.900390625,0.0
2023-06-01 13:57:53.609467,22.110000610351562,86019.1953125,20.029296875,0.0
2023-06-01 13:57:54.611223,22.100000381469727,86019.203125,20.240234375,0.0
2023-06-01 13:57:55.616546,22.100000381469727,86019.203125,20.3818359375,0.0
2023-06-01 13:57:56.610406,22.09000015258789,86016.6640625,20.4404296875,0.0
2023-06-01 13:57:57.615044,22.100000381469727,86018.25,20.4169921875,0.0
2023-06-01 13:57:58.614227,22.09000015258789,86019.765625,20.404296875,0.0
2023-06-01 13:57:59.615516,22.09000015258789,86019.140625,20.3349609375,0.0
2023-06-01 13:58:00.617710,22.09000015258789,86020.4296875,20.193359375,0.0
2023-06-01 13:58:01.620200,22.09000015258789,86017.390625,20.0634765625,0.0
2023-06-01 13:58:02.615337,22.09000015258789,86018.75,19.8994140625,0.0
2023-06-01 13:58:03.616295,22.09000015258789,86017.421875,19.7939453125,0.0
2023-06-01 13:58:04.617058,22.09000015258789,86018.0546875,19.79296875,0.0
2023-06-01 13:58:05.618506,22.09000015258789,86020.0625,19.8994140625,0.0
2023-06-01 13:58:06.619110,22.09000015258789,86019.078125,19.9814453125,0.0
2023-06-01 13:58:07.622973,22.09000015258789,86022.75,20.0048828125,0.0
2023-06-01 13:58:08.625738,22.09000015258789,86018.75,20.0166015625,0.0
2023-06-01 13:58:09.623699,22.079999923706055,86017.53125,20.0283203125,0.0
2023-06-01 13:58:10.623204,22.079999923706055,86019.015625,20.0634765625,0.0
2023-06-01 13:58:11.629213,22.079999923706055,86021.09375,20.1455078125,0.0
2023-06-01 13:58:12.624475,22.079999923706055,86020.6328125,20.1806640625,0.0
2023-06-01 13:58:13.629401,22.079999923706055,86020.3046875,20.1923828125,0.0
2023-06-01 13:58:14.628667,22.079999923706055,86016.828125,20.2041015625,0.0
2023-06-01 13:58:15.630629,22.06999969482422,86017.046875,20.1806640625,0.0
2023-06-01 13:58:16.629985,22.06999969482422,86017.640625,20.1923828125,0.0
2023-06-01 13:58:17.628441,22.06999969482422,86020.25,20.1328125,0.0
2023-06-01 13:58:18.631089,22.059999465942383,86017.078125,20.0390625,0.0
2023-06-01 13:58:19.632999,22.06999969482422,86017.46875,19.93359375,0.0
2023-06-01 13:58:20.635778,22.06999969482422,86018.796875,19.83984375,0.0
2023-06-01 13:58:21.634437,22.06999969482422,86021.46875,19.79296875,0.0
2023-06-01 13:58:22.634164,22.06999969482422,86018.625,19.7578125,0.0
2023-06-01 13:58:23.639053,22.059999465942383,86019.890625,19.7451171875,0.0
2023-06-01 13:58:24.637084,22.059999465942383,86020.6796875,19.7333984375,0.0
2023-06-01 13:58:25.638248,22.06999969482422,86021.734375,19.7451171875,0.0
2023-06-01 13:58:26.638050,22.059999465942383,86018.40625,19.7451171875,0.0
2023-06-01 13:58:27.639994,22.059999465942383,86019.71875,19.7451171875,0.0
2023-06-01 13:58:28.642064,22.059999465942383,86018.5,19.7685546875,0.0
2023-06-01 13:58:29.637896,22.049999237060547,86016.921875,19.8857421875,0.0
2023-06-01 13:58:30.641173,22.049999237060547,86018.875,19.96875,0.0
2023-06-01 13:58:31.643798,22.049999237060547,86020.03125,19.9921875,0.0
2023-06-01 13:58:32.643248,22.040000915527344,86019.265625,20.0263671875,0.0
2023-06-01 13:58:33.642264,22.040000915527344,86017.3203125,20.0498046875,0.0
2023-06-01 13:58:34.642620,22.040000915527344,86016.65625,20.0732421875,0.0
2023-06-01 13:58:35.651753,22.040000915527344,86019.2109375,20.2490234375,0.0
2023-06-01 13:58:36.653768,22.020000457763672,86019.515625,20.3779296875,0.0
2023-06-01 13:58:37.645416,22.020000457763672,86018.4921875,20.4013671875,0.0
2023-06-01 13:58:38.659769,22.020000457763672,86018.296875,20.2724609375,0.0
2023-06-01 13:58:39.650328,22.020000457763672,86021.171875,20.1318359375,0.0
2023-06-01 13:58:40.649639,22.020000457763672,86018.6875,20.1083984375,0.0
2023-06-01 13:58:41.649784,22.020000457763672,86020.5078125,20.0966796875,0.0
2023-06-01 13:58:42.654680,22.020000457763672,86020.015625,20.0498046875,0.0
2023-06-01 13:58:43.654155,22.020000457763672,86016.640625,20.037109375,0.0
2023-06-01 13:58:44.652418,22.010000228881836,86018.09375,20.001953125,0.0
2023-06-01 13:58:45.652727,22.010000228881836,86018.6953125,19.9541015625,0.0
2023-06-01 13:58:46.662348,22.010000228881836,86020.046875,19.9189453125,0.0
2023-06-01 13:58:47.668326,22.010000228881836,86016.6796875,19.9072265625,0.0
2023-06-01 13:58:48.660379,22.010000228881836,86018.5,19.8486328125,0.0
2023-06-01 13:58:49.659897,22.010000228881836,86019.03125,19.8369140625,0.0
2023-06-01 13:59:27.118512,21.969999313354492,86019.5390625,20.4580078125,0.0
2023-06-01 13:59:28.118312,21.969999313354492,86019.203125,20.5048828125,0.0
2023-06-01 13:59:29.122071,21.969999313354492,86022.453125,20.5751953125,0.0
2023-06-01 13:59:30.122119,21.959999084472656,86018.09375,20.5751953125,0.0
2023-06-01 13:59:31.121063,21.959999084472656,86026.1875,20.5283203125,0.0
2023-06-01 13:59:32.123201,21.950000762939453,86019.953125,20.46875,0.0
2023-06-01 13:59:33.122572,21.950000762939453,86020.21875,20.3271484375,0.0
2023-06-01 13:59:34.125331,21.950000762939453,86025.140625,20.3505859375,0.0
2023-06-01 13:59:35.124336,21.940000534057617,86022.5625,20.3505859375,0.0
2023-06-01 13:59:36.124185,21.93000030517578,86023.4609375,20.3388671875,0.0
2023-06-01 13:59:37.127769,21.920000076293945,86020.5625,20.302734375,0.0
2023-06-01 14:00:14.974084,21.780000686645508,86020.0625,20.1083984375,0.0
2023-06-01 14:00:15.966174,21.790000915527344,86023.3984375,20.0966796875,0.0
2023-06-01 14:00:16.980829,21.780000686645508,86020.953125,20.0498046875,0.0
2023-06-01 14:00:17.969887,21.770000457763672,86021.1875,19.966796875,0.0
2023-06-01 14:00:18.974300,21.760000228881836,86023.109375,19.919921875,0.0
2023-06-01 14:00:19.972140,21.760000228881836,86024.5625,19.931640625,0.0
2023-06-01 14:00:20.974002,21.760000228881836,86020.703125,19.908203125,0.0
2023-06-01 14:00:21.976578,21.739999771118164,86022.484375,19.9072265625,0.0
2023-06-01 14:00:22.974190,21.729999542236328,86021.703125,19.8720703125,0.0
2023-06-01 14:00:23.974319,21.729999542236328,86022.1953125,19.8603515625,0.0
2023-06-01 14:00:24.978925,21.719999313354492,86020.484375,19.82421875,0.0
2023-06-01 14:00:25.975707,21.709999084472656,86021.9453125,19.8125,0.0
2023-06-01 14:00:26.975386,21.709999084472656,86021.75,19.80078125,0.0
2023-06-01 14:00:27.984578,21.709999084472656,86025.21875,19.8125,0.0
2023-06-01 14:00:28.978268,21.700000762939453,86021.953125,19.7880859375,0.0
2023-06-01 14:00:29.982171,21.700000762939453,86020.625,19.7529296875,0.0
2023-06-01 14:00:30.978589,21.690000534057617,86023.5,19.705078125,0.0
2023-06-01 14:00:31.981336,21.690000534057617,86018.71875,19.681640625,0.0
2023-06-01 14:00:32.980001,21.68000030517578,86021.71875,19.658203125,0.0
2023-06-01 14:00:33.981928,21.68000030517578,86024.171875,19.646484375,0.0
2023-06-01 14:00:34.981923,21.670000076293945,86019.28125,19.6455078125,0.0
2023-06-01 14:00:36.737856,21.65999984741211,86020.1171875,19.6689453125,0.0
2023-06-01 14:00:37.734689,21.65999984741211,86022.71875,19.6220703125,0.0
2023-06-01 14:00:38.740925,21.649999618530273,86020.484375,19.59765625,0.0
2023-06-01 14:00:39.759548,21.649999618530273,86021.96875,19.5625,0.0
2023-06-01 14:00:40.761905,21.639999389648438,86022.703125,19.52734375,0.0
2023-06-01 14:00:41.756892,21.649999618530273,86022.59375,19.52734375,0.0
2023-06-01 14:00:42.774575,21.639999389648438,86022.0078125,19.57421875,0.0
2023-06-01 14:00:43.770464,21.639999389648438,86023.625,19.59765625,0.0
2023-06-01 14:00:44.768385,21.639999389648438,86024.578125,19.59765625,0.0
2023-06-01 14:00:45.760840,21.6299991607666,86024.390625,19.59765625,0.0
2023-06-01 14:00:46.773010,21.6299991607666,86022.8046875,19.5849609375,0.0
2023-06-01 14:00:47.762007,21.6200008392334,86026.40625,19.5849609375,0.0
2023-06-01 14:00:48.773902,21.610000610351562,86022.3125,19.583984375,0.0
2023-06-01 14:00:49.946508,21.6200008392334,86024.65625,19.5849609375,0.0
2023-06-01 14:00:50.955379,21.610000610351562,86022.609375,19.501953125,0.0
2023-06-01 14:00:51.939969,21.600000381469727,86022.546875,19.466796875,0.0
2023-06-01 14:00:52.948522,21.600000381469727,86020.96875,19.455078125,0.0
2023-06-01 14:00:53.946949,21.600000381469727,86023.7734375,19.455078125,0.0
2023-06-01 14:00:54.943307,21.59000015258789,86018.0625,19.4306640625,0.0
2023-06-01 14:00:55.988577,21.59000015258789,86022.15625,19.4189453125,0.0
2023-06-01 14:00:56.948981,21.579999923706055,86022.5546875,19.4072265625,0.0
2023-06-01 14:00:57.945183,21.579999923706055,86022.421875,19.3837890625,0.0
2023-06-01 14:00:58.947206,21.579999923706055,86023.515625,19.3837890625,0.0
2023-06-01 14:00:59.971572,21.579999923706055,86022.359375,19.3955078125,0.0
2023-06-01 14:01:00.950689,21.579999923706055,86024.171875,19.4072265625,0.0
2023-06-01 14:01:01.955751,21.56999969482422,86024.140625,19.3837890625,0.0
2023-06-01 14:01:02.955157,21.56999969482422,86021.734375,19.37109375,0.0
2023-06-01 14:01:03.954527,21.56999969482422,86022.625,19.3955078125,0.0
2023-06-01 14:01:04.972557,21.56999969482422,86019.5859375,19.4072265625,0.0
2023-06-01 14:01:05.956794,21.56999969482422,86022.5625,19.5126953125,0.0
2023-06-01 14:01:06.957593,21.559999465942383,86021.578125,19.58203125,0.0
2023-06-01 14:01:07.961527,21.559999465942383,86021.609375,19.62890625,0.0
2023-06-01 14:01:08.956472,21.559999465942383,86021.25,19.5703125,0.0
2023-06-01 14:01:09.958579,21.549999237060547,86021.609375,19.4873046875,0.0
2023-06-01 14:01:10.963022,21.549999237060547,86024.6171875,19.46484375,0.0
2023-06-01 14:01:11.969138,21.549999237060547,86025.578125,19.4404296875,0.0
2023-06-01 14:01:12.961084,21.549999237060547,86024.28125,19.41796875,0.0
2023-06-01 14:01:13.963245,21.549999237060547,86023.09375,19.4052734375,0.0
2023-06-01 14:01:14.965067,21.540000915527344,86026.859375,19.3935546875,0.0
2023-06-01 14:01:15.961730,21.540000915527344,86026.3359375,19.3818359375,0.0
2023-06-01 14:01:16.959720,21.540000915527344,86024.15625,19.3701171875,0.0
2023-06-01 14:01:17.966741,21.540000915527344,86024.2890625,19.3701171875,0.0
2023-06-01 14:01:18.970068,21.530000686645508,86024.921875,19.3701171875,0.0
2023-06-01 14:01:19.971102,21.530000686645508,86024.390625,19.3701171875,0.0
2023-06-01 14:01:20.973587,21.520000457763672,86024.125,19.3935546875,0.0
2023-06-01 14:01:21.975790,21.520000457763672,86023.9375,19.4169921875,0.0
2023-06-01 14:01:23.012237,21.520000457763672,86024.71875,19.451171875,0.0
2023-06-01 14:01:24.008074,21.520000457763672,86022.046875,19.498046875,0.0
2023-06-01 14:01:25.066712,21.510000228881836,86022.8125,19.486328125,0.0
2023-06-01 14:01:26.068565,21.510000228881836,86023.171875,19.498046875,0.0
2023-06-01 14:01:27.073584,21.510000228881836,86024.328125,19.498046875,0.0
2023-06-01 14:01:28.064217,21.510000228881836,86020.3359375,19.509765625,0.0
2023-06-01 14:01:29.070108,21.510000228881836,86025.15625,19.556640625,0.0
2023-06-01 14:01:30.075793,21.510000228881836,86024.09375,19.568359375,0.0
2023-06-01 14:01:31.077982,21.5,86026.4765625,19.533203125,0.08094999939203262
2023-06-01 14:01:32.068412,21.5,86022.515625,19.509765625,0.0
2023-06-01 14:01:33.074792,21.5,86023.1796875,19.509765625,0.0
2023-06-01 14:01:34.070399,21.5,86022.984375,19.5087890625,0.0
2023-06-01 14:01:35.068831,21.5,86024.171875,19.509765625,0.0
2023-06-01 14:01:36.070113,21.5,86026.78125,19.5087890625,0.0
2023-06-01 14:01:37.072514,21.5,86022.65625,19.533203125,0.0
2023-06-01 14:01:38.069820,21.5,86024.265625,19.580078125,0.0
2023-06-01 14:01:39.083329,21.489999771118164,86021.5625,19.5791015625,0.0
2023-06-01 14:01:40.083273,21.489999771118164,86026.6796875,19.5673828125,0.0
2023-06-01 14:01:41.084022,21.489999771118164,86022.953125,19.5439453125,0.0
2023-06-01 14:01:42.082549,21.489999771118164,86026.15625,19.5322265625,0.0
2023-06-01 14:01:43.173570,21.489999771118164,86026.5859375,19.5322265625,0.0
2023-06-01 14:01:44.167618,21.479999542236328,86026.71875,19.5556640625,0.0
2023-06-01 14:01:45.173178,21.479999542236328,86024.546875,19.5556640625,0.0
2023-06-01 14:01:46.169099,21.479999542236328,86024.546875,19.5439453125,0.0
2023-06-01 14:01:47.176697,21.479999542236328,86024.96875,19.5322265625,0.0
2023-06-01 14:01:48.173515,21.469999313354492,86023.953125,19.4970703125,0.0
2023-06-01 14:01:49.173801,21.469999313354492,86022.9609375,19.5078125,0.0
2023-06-01 14:01:50.174757,21.469999313354492,86024.7421875,19.49609375,0.0
2023-06-01 14:01:51.172001,21.469999313354492,86022.59375,19.484375,0.0
2023-06-01 14:01:52.176717,21.469999313354492,86024.875,19.49609375,0.0
2023-06-01 14:01:53.177143,21.459999084472656,86025.828125,19.53125,0.0
2023-06-01 14:01:54.182646,21.459999084472656,86024.6484375,19.63671875,0.0
2023-06-01 14:01:55.176423,21.459999084472656,86023.328125,19.8359375,0.0
2023-06-01 14:01:56.179578,21.459999084472656,86023.8203125,19.9765625,0.0
2023-06-01 14:01:57.180755,21.459999084472656,86023.8203125,20.3173828125,0.0
2023-06-01 14:01:58.177635,21.459999084472656,86023.484375,20.3408203125,0.0
2023-06-01 14:01:59.184773,21.459999084472656,86025.6015625,20.26953125,0.0
2023-06-01 14:02:00.188218,21.459999084472656,86024.75,20.05859375,0.0
2023-06-01 14:02:01.183219,21.450000762939453,86021.4140625,19.90625,0.0
2023-06-01 14:02:02.182646,21.450000762939453,86024.71875,19.82421875,0.0
2023-06-01 14:02:39.278350,21.459999084472656,86025.34375,20.01171875,0.0
2023-06-01 14:02:40.281984,21.459999084472656,86025.5,19.91796875,0.0
2023-06-01 14:02:41.279478,21.469999313354492,86022.890625,19.9189453125,0.0
2023-06-01 14:02:42.279632,21.459999084472656,86023.625,19.91796875,0.0
2023-06-01 14:02:43.279984,21.459999084472656,86024.34375,19.91796875,0.0
2023-06-01 14:02:44.282205,21.469999313354492,86027.25,19.9306640625,0.0
2023-06-01 14:02:45.283495,21.469999313354492,86025.53125,19.9423828125,0.0
2023-06-01 14:02:46.284934,21.469999313354492,86023.5546875,19.9892578125,0.0
2023-06-01 14:02:47.284281,21.469999313354492,86024.7109375,20.0126953125,0.0
2023-06-01 14:02:48.288062,21.469999313354492,86022.796875,20.0126953125,0.0
2023-06-01 14:02:49.287302,21.469999313354492,86025.234375,20.0009765625,0.0
2023-06-01 14:02:50.289708,21.459999084472656,86026.953125,20.0234375,0.0
2023-06-01 14:02:51.290438,21.469999313354492,86025.046875,20.0126953125,0.0
2023-06-01 14:02:52.286969,21.469999313354492,86025.375,20.0126953125,0.0
2023-06-01 14:02:53.292174,21.469999313354492,86023.890625,20.0009765625,0.0
2023-06-01 14:02:54.294575,21.469999313354492,86022.5625,20.0009765625,0.0
2023-06-01 14:02:55.292810,21.459999084472656,86025.640625,20.01171875,0.0
2023-06-01 14:02:56.290915,21.459999084472656,86024.3125,19.98828125,0.0
2023-06-01 14:02:57.291140,21.459999084472656,86024.6796875,19.96484375,0.0
2023-06-01 14:02:58.296447,21.459999084472656,86026.296875,19.953125,0.0
2023-06-01 14:02:59.291586,21.459999084472656,86023.8203125,19.94140625,0.0
2023-06-01 14:03:00.298522,21.459999084472656,86024.6796875,19.91796875,0.0
2023-06-01 14:03:01.295523,21.469999313354492,86024.546875,19.9072265625,0.0
2023-06-01 14:03:02.296847,21.459999084472656,86025.828125,19.89453125,0.0
2023-06-01 14:03:03.295995,21.459999084472656,86025.796875,19.89453125,0.0
2023-06-01 14:03:04.301053,21.469999313354492,86028.8671875,19.8720703125,0.0
2023-06-01 14:03:05.300726,21.459999084472656,86026.1328125,19.859375,0.0
2023-06-01 14:03:06.300223,21.459999084472656,86024.28125,19.859375,0.0
2023-06-01 14:03:07.302275,21.469999313354492,86025.8984375,19.8603515625,0.0
2023-06-01 14:03:08.300605,21.459999084472656,86023.1875,19.87109375,0.0
2023-06-01 14:03:09.300214,21.459999084472656,86026.65625,19.87109375,0.0
2023-06-01 14:03:10.301822,21.459999084472656,86024.8125,19.89453125,0.0
2023-06-01 14:03:11.301806,21.469999313354492,86027.21875,19.9189453125,0.0
2023-06-01 14:03:12.306844,21.469999313354492,86025.703125,19.9306640625,0.0
2023-06-01 14:03:13.307976,21.469999313354492,86028.171875,19.9306640625,0.0
2023-06-01 14:03:14.304276,21.469999313354492,86024.21875,19.9423828125,0.0
2023-06-01 14:03:15.306960,21.469999313354492,86025.375,19.9423828125,0.0
2023-06-01 14:03:16.310309,21.459999084472656,86027.15625,19.94140625,0.0
2023-06-01 14:03:17.309595,21.469999313354492,86025.703125,19.9189453125,0.0
2023-06-01 14:03:18.307437,21.469999313354492,86024.546875,19.9189453125,0.0
2023-06-01 14:03:19.308014,21.469999313354492,86024.609375,19.8837890625,0.0
2023-06-01 14:03:20.312478,21.479999542236328,86026.125,19.8720703125,0.0
2023-06-01 14:03:21.312389,21.479999542236328,86025.140625,19.8603515625,0.0
2023-06-01 14:03:22.310150,21.469999313354492,86023.421875,19.8486328125,0.0
2023-06-01 14:03:23.312267,21.469999313354492,86023.78125,19.8369140625,0.0
2023-06-01 14:03:24.316406,21.479999542236328,86024.84375,19.8369140625,0.0
2023-06-01 14:03:25.314564,21.469999313354492,86025.109375,19.8251953125,0.0
2023-06-01 14:03:26.318386,21.479999542236328,86026.7890625,19.8369140625,0.0
2023-06-01 14:03:27.314644,21.469999313354492,86024.609375,19.8486328125,0.0
2023-06-01 14:03:28.314536,21.469999313354492,86025.6015625,19.8369140625,0.0
2023-06-01 14:03:29.318210,21.479999542236328,86025.46875,19.8486328125,0.0
2023-06-01 14:03:30.321088,21.479999542236328,86025.234375,19.8603515625,0.0
2023-06-01 14:03:31.321822,21.479999542236328,86026.359375,19.8837890625,0.0
2023-06-01 14:03:32.323004,21.479999542236328,86024.046875,19.8837890625,0.0
2023-06-01 14:03:33.319066,21.489999771118164,86028.234375,19.8837890625,0.0
2023-06-01 14:03:34.321251,21.489999771118164,86025.984375,19.873046875,0.0
2023-06-01 14:03:35.322864,21.489999771118164,86026.09375,19.8720703125,0.0
2023-06-01 14:03:36.321089,21.489999771118164,86025.984375,19.873046875,0.0
2023-06-01 14:03:37.324523,21.5,86026.4140625,19.873046875,0.0
2023-06-01 14:03:38.328189,21.5,86028.921875,19.873046875,0.0
2023-06-01 14:03:39.324332,21.389999389648438,86011.0078125,19.8681640625,0.0
2023-06-01 14:03:40.325734,21.420000076293945,86017.5,19.845703125,0.0
2023-06-01 14:03:41.329720,21.5,86029.484375,19.837890625,0.0
2023-06-01 14:03:42.333577,21.5,86026.640625,19.837890625,0.0
2023-06-01 14:03:43.328703,21.510000228881836,86028.265625,19.849609375,0.0
2023-06-01 14:03:44.331044,21.510000228881836,86026.875,19.861328125,0.0
2023-06-01 14:03:45.346182,21.510000228881836,86030.078125,19.861328125,0.0
2023-06-01 14:03:46.331136,21.520000457763672,86027.9921875,19.8623046875,0.0
2023-06-01 14:03:47.331056,21.520000457763672,86028.1875,19.8623046875,0.0
2023-06-01 14:03:48.335120,21.520000457763672,86027.171875,19.8623046875,0.0
2023-06-01 14:03:49.346300,21.520000457763672,86029.640625,19.8623046875,0.0
2023-06-01 14:03:50.335472,21.520000457763672,86027.359375,19.8623046875,0.0
2023-06-01 14:03:51.355396,21.520000457763672,86026.5390625,19.8623046875,0.0
2023-06-01 14:03:52.337271,21.520000457763672,86025.75,19.8505859375,0.0
2023-06-01 14:03:53.346447,21.520000457763672,86028.8828125,19.8388671875,0.0
2023-06-01 14:03:54.353676,21.530000686645508,86028.3203125,19.81640625,0.0
2023-06-01 14:03:55.353418,21.530000686645508,86027.296875,19.8154296875,0.0
2023-06-01 14:03:56.341006,21.530000686645508,86025.84375,19.81640625,0.0
2023-06-01 14:04:00.657885,21.540000915527344,86028.78125,19.8515625,0.0
2023-06-01 14:04:02.810876,21.540000915527344,86027.0,19.8515625,0.0
2023-06-01 14:04:03.808180,21.540000915527344,86026.171875,19.86328125,0.0
2023-06-01 14:04:04.812605,21.540000915527344,86026.703125,19.86328125,0.0
2023-06-01 14:04:05.810878,21.549999237060547,86028.078125,19.86328125,0.0
2023-06-01 14:04:06.810895,21.549999237060547,86026.46875,19.86328125,0.0
2023-06-01 14:04:07.810707,21.549999237060547,86026.796875,19.86328125,0.0
2023-06-01 14:04:08.811959,21.549999237060547,86028.109375,19.86328125,0.0
2023-06-01 14:04:11.206848,21.559999465942383,86027.515625,19.86328125,0.0
2023-06-01 14:04:12.209000,21.559999465942383,86027.453125,19.8759765625,0.0
2023-06-01 14:04:13.213861,21.56999969482422,86029.65625,19.8994140625,0.0
2023-06-01 14:04:14.210937,21.56999969482422,86028.53125,19.8994140625,0.0
2023-06-01 14:04:15.214491,21.56999969482422,86028.203125,19.8994140625,0.0
2023-06-01 14:04:18.072370,21.56999969482422,86026.453125,19.923828125,0.0
2023-06-01 14:04:19.072985,21.579999923706055,86027.140625,19.900390625,0.0
2023-06-01 14:04:20.073229,21.579999923706055,86026.0546875,19.888671875,0.0
2023-06-01 14:04:21.078224,21.579999923706055,86029.390625,19.888671875,0.0
2023-06-01 14:04:22.074050,21.59000015258789,86028.765625,19.888671875,0.0
2023-06-01 14:04:23.075258,21.59000015258789,86027.4375,19.900390625,0.0
2023-06-01 14:04:24.079944,21.59000015258789,86030.015625,19.9248046875,0.0
2023-06-01 14:04:25.076668,21.59000015258789,86029.453125,19.947265625,0.0
2023-06-01 14:04:26.080981,21.59000015258789,86029.6171875,19.970703125,0.0
2023-06-01 14:04:27.080740,21.59000015258789,86032.09375,19.982421875,0.0
2023-06-01 14:04:28.079036,21.579999923706055,86029.0625,19.982421875,0.0
2023-06-01 14:04:29.081936,21.59000015258789,86029.5859375,19.982421875,0.0
2023-06-01 14:04:30.081581,21.59000015258789,86029.453125,19.994140625,0.0
2023-06-01 14:04:31.084862,21.579999923706055,86031.171875,19.982421875,0.0
2023-06-01 14:04:32.085750,21.579999923706055,86032.03125,19.994140625,0.0
2023-06-01 14:04:33.084805,21.579999923706055,86027.90625,19.982421875,0.0
2023-06-01 14:04:34.084215,21.579999923706055,86028.7265625,19.970703125,0.0
2023-06-01 14:04:35.084871,21.579999923706055,86030.703125,19.958984375,0.0
2023-06-01 14:04:36.088854,21.59000015258789,86031.140625,19.947265625,0.0
2023-06-01 14:04:37.085879,21.59000015258789,86026.78125,19.947265625,0.0
2023-06-01 14:04:38.085953,21.59000015258789,86032.453125,19.947265625,0.0
2023-06-01 14:04:39.091641,21.579999923706055,86030.375,19.958984375,0.0
2023-06-01 14:04:40.100910,21.579999923706055,86029.0625,19.958984375,0.0
2023-06-01 14:04:41.089061,21.579999923706055,86032.03125,19.970703125,0.0
2023-06-01 14:04:42.095505,21.579999923706055,86029.8515625,19.958984375,0.0
2023-06-01 14:04:43.090130,21.579999923706055,86030.546875,19.947265625,0.0
2023-06-01 14:04:44.091249,21.59000015258789,86028.765625,19.958984375,0.0
2023-06-01 14:04:45.092834,21.59000015258789,86031.734375,19.958984375,0.0
2023-06-01 14:04:46.096211,21.59000015258789,86031.9296875,19.958984375,0.0
2023-06-01 14:04:47.095717,21.59000015258789,86030.96875,19.958984375,0.0
2023-06-01 14:04:48.096318,21.59000015258789,86028.1953125,19.9599609375,0.0
2023-06-01 14:04:49.094828,21.600000381469727,86028.890625,19.9716796875,0.0
2023-06-01 14:04:50.095952,21.600000381469727,86031.03125,19.958984375,0.0
2023-06-01 14:04:51.098481,21.59000015258789,86029.2890625,19.958984375,0.0
2023-06-01 14:04:52.098219,21.600000381469727,86031.890625,19.9365234375,0.0
2023-06-01 14:04:53.098537,21.59000015258789,86028.5625,19.9365234375,0.0
2023-06-01 14:04:54.110401,21.600000381469727,86030.6015625,19.9130859375,0.0
2023-06-01 14:04:55.102524,21.600000381469727,86031.859375,19.9013671875,0.0
2023-06-01 14:04:56.100197,21.600000381469727,86033.671875,19.888671875,0.0
2023-06-01 14:04:57.106577,21.600000381469727,86035.09375,19.8896484375,0.0
2023-06-01 14:04:58.103450,21.600000381469727,86032.9453125,19.8779296875,0.0
2023-06-01 14:04:59.108248,21.610000610351562,86031.5625,19.8779296875,0.0
2023-06-01 14:05:00.103024,21.600000381469727,86029.609375,19.8896484375,0.0
2023-06-01 14:05:01.105307,21.610000610351562,86032.6484375,19.9013671875,0.0
2023-06-01 14:05:02.108852,21.610000610351562,86033.8671875,19.9013671875,0.0
2023-06-01 14:05:03.109317,21.610000610351562,86031.0,19.9248046875,0.0
2023-06-01 14:05:04.107740,21.610000610351562,86032.3828125,19.9482421875,0.0
2023-06-01 14:05:05.107740,21.610000610351562,86030.171875,19.9599609375,0.0
2023-06-01 14:05:06.110669,21.610000610351562,86031.65625,19.9716796875,0.0
2023-06-01 14:05:07.111366,21.610000610351562,86031.03125,19.9833984375,0.0
2023-06-01 14:05:08.113149,21.600000381469727,86028.65625,19.9833984375,0.0
2023-06-01 14:05:09.110606,21.610000610351562,86031.1640625,19.9716796875,0.0
2023-06-01 14:05:10.115162,21.6200008392334,86031.59375,19.9833984375,0.0
2023-06-01 14:05:11.115027,21.6200008392334,86032.9765625,19.97265625,0.0
2023-06-01 14:05:12.113238,21.6200008392334,86030.59375,19.9599609375,0.0
2023-06-01 14:05:13.114486,21.6200008392334,86032.015625,19.94921875,0.0
2023-06-01 14:05:14.116567,21.6200008392334,86032.8125,19.9375,0.0
2023-06-01 14:05:15.115126,21.6299991607666,86030.7265625,19.9375,0.0
2023-06-01 14:05:16.118681,21.6299991607666,86031.09375,19.92578125,0.0
2023-06-01 14:05:17.119397,21.6299991607666,86030.59375,19.92578125,0.0
2023-06-01 14:05:18.120215,21.6299991607666,86031.953125,19.92578125,0.0
2023-06-01 14:05:19.125479,21.6299991607666,86032.4140625,19.92578125,0.0
2023-06-01 14:05:20.125456,21.6299991607666,86031.5859375,19.9375,0.0
2023-06-01 14:05:21.127133,21.6299991607666,86032.90625,19.94921875,0.0
2023-06-01 14:05:22.122382,21.6299991607666,86034.2578125,19.94921875,0.0
2023-06-01 14:05:23.125187,21.639999389648438,86032.1796875,19.9609375,0.0
2023-06-01 14:05:24.124846,21.6299991607666,86031.8125,19.9609375,0.0
2023-06-01 14:05:25.128255,21.639999389648438,86033.859375,19.94921875,0.0
2023-06-01 14:05:26.131286,21.639999389648438,86033.359375,19.9375,0.0
2023-06-01 14:05:27.131246,21.639999389648438,86035.078125,19.9384765625,0.0
2023-06-01 14:05:28.131051,21.639999389648438,86031.875,19.9267578125,0.0
2023-06-01 14:05:29.132839,21.639999389648438,86032.40625,19.9384765625,0.0
2023-06-01 14:05:30.132544,21.639999389648438,86032.078125,19.9501953125,0.0
2023-06-01 14:05:31.130091,21.639999389648438,86030.296875,19.9501953125,0.0
2023-06-01 14:05:32.132617,21.639999389648438,86030.7578125,19.9619140625,0.0
2023-06-01 14:05:33.132373,21.639999389648438,86032.4375,19.9501953125,0.0
2023-06-01 14:05:34.160687,21.639999389648438,86030.953125,19.9619140625,0.0
2023-06-01 14:05:35.146292,21.639999389648438,86031.609375,19.9501953125,0.0
2023-06-01 14:05:36.138836,21.639999389648438,86029.109375,19.9619140625,0.0
2023-06-01 14:05:37.134574,21.639999389648438,86030.125,19.9736328125,0.0
2023-06-01 14:05:38.134794,21.639999389648438,86029.46875,19.9853515625,0.0
2023-06-01 14:05:39.139210,21.649999618530273,86030.84375,19.9970703125,0.0
2023-06-01 14:05:40.141349,21.649999618530273,86029.890625,19.9970703125,0.0
2023-06-01 14:05:41.140581,21.649999618530273,86028.765625,19.9970703125,0.0
2023-06-01 14:05:42.147845,21.18000030517578,85965.46875,20.0107421875,0.0
2023-06-01 14:05:43.141540,21.479999542236328,86010.546875,20.0009765625,0.0
2023-06-01 14:05:44.141991,21.649999618530273,86031.546875,19.9970703125,0.0
2023-06-01 14:05:45.147606,21.649999618530273,86029.7265625,19.9970703125,0.0
2023-06-01 14:05:46.152145,21.649999618530273,86029.859375,19.9970703125,0.0
2023-06-01 14:05:47.152025,21.649999618530273,86029.859375,19.9970703125,0.0
2023-06-01 14:05:48.148270,21.639999389648438,86029.96875,19.9970703125,0.0
2023-06-01 14:05:49.148426,21.639999389648438,86032.609375,19.9970703125,0.0
2023-06-01 14:05:50.147558,21.639999389648438,86032.078125,19.9970703125,0.0
2023-06-01 14:05:51.157394,21.639999389648438,86033.7578125,20.0556640625,0.0
2023-06-01 14:05:52.147534,21.649999618530273,86033.1875,20.0791015625,0.0
2023-06-01 14:05:53.167631,21.649999618530273,86032.828125,20.0908203125,0.0
2023-06-01 14:05:54.150841,21.639999389648438,86031.78125,20.1259765625,0.0
2023-06-01 14:05:55.151955,21.639999389648438,86032.40625,20.1611328125,0.0
2023-06-01 14:05:56.153063,21.639999389648438,86031.78125,20.2197265625,0.0
2023-06-01 14:05:57.150632,21.639999389648438,86031.0234375,20.2666015625,0.0
2023-06-01 14:05:58.155057,21.639999389648438,86032.40625,20.3603515625,0.0
2023-06-01 14:05:59.154878,21.639999389648438,86030.453125,20.3486328125,0.0
2023-06-01 14:06:00.153865,21.639999389648438,86029.234375,20.2783203125,0.0
2023-06-01 14:06:01.157922,21.649999618530273,86033.15625,20.2197265625,0.0
2023-06-01 14:06:02.163222,21.649999618530273,86031.84375,20.1845703125,0.0
2023-06-01 14:06:03.155697,21.639999389648438,86032.2421875,20.1728515625,0.0
2023-06-01 14:06:04.156501,21.639999389648438,86030.625,20.1494140625,0.0
2023-06-01 14:06:05.157716,21.649999618530273,86030.875,20.1494140625,0.0
2023-06-01 14:06:06.159704,21.649999618530273,86031.078125,20.1494140625,0.0
2023-06-01 14:06:07.158796,21.649999618530273,86030.515625,20.1376953125,0.0
2023-06-01 14:06:08.161430,21.649999618530273,86026.890625,20.1259765625,0.0
2023-06-01 14:06:09.159051,21.639999389648438,86031.453125,20.1025390625,0.0
2023-06-01 14:06:10.164556,21.649999618530273,86030.84375,20.1142578125,0.0
2023-06-01 14:06:11.161813,21.649999618530273,86028.90625,20.1142578125,0.0
2023-06-01 14:06:12.161881,21.649999618530273,86030.390625,20.1259765625,0.0
2023-06-01 14:06:13.164023,21.649999618530273,86031.375,20.302734375,0.0
2023-06-01 14:06:14.166434,21.649999618530273,86027.28125,20.361328125,0.0
2023-06-01 14:06:15.166390,21.649999618530273,86030.0859375,20.337890625,0.0
2023-06-01 14:06:16.164876,21.649999618530273,86028.203125,20.3603515625,0.0
2023-06-01 14:06:17.166338,21.649999618530273,86031.546875,20.373046875,0.0
2023-06-01 14:06:18.167636,21.649999618530273,86029.234375,20.373046875,0.0
2023-06-01 14:06:19.169062,21.649999618530273,86030.9140625,20.478515625,0.0
2023-06-01 14:06:20.169483,21.65999984741211,86031.140625,20.455078125,0.0
2023-06-01 14:06:21.171306,21.649999618530273,86031.609375,20.384765625,0.0
2023-06-01 14:06:22.172510,21.65999984741211,86031.8046875,20.337890625,0.0
2023-06-01 14:06:23.174399,21.65999984741211,86031.5703125,20.314453125,0.0
2023-06-01 14:06:24.173500,21.65999984741211,86030.578125,20.302734375,0.0
2023-06-01 14:06:25.172225,21.670000076293945,86030.640625,20.302734375,0.0
2023-06-01 14:06:26.173573,21.670000076293945,86027.734375,20.3154296875,0.0
2023-06-01 14:06:27.175565,21.68000030517578,86030.3125,20.3154296875,0.0
2023-06-01 14:06:28.180601,21.68000030517578,86030.96875,20.3154296875,0.0
2023-06-01 14:06:29.175428,21.68000030517578,86029.3203125,20.2685546875,0.0
2023-06-01 14:06:30.178961,21.690000534057617,86031.09375,20.2451171875,0.0
2023-06-01 14:06:31.182379,21.690000534057617,86031.7578125,20.2333984375,0.0
2023-06-01 14:06:32.179301,21.690000534057617,86029.7109375,20.2451171875,0.0
2023-06-01 14:06:33.181775,21.690000534057617,86028.625,20.2451171875,0.0
2023-06-01 14:06:34.184270,21.700000762939453,86028.6875,20.24609375,0.0
2023-06-01 14:06:35.182198,21.700000762939453,86032.3125,20.22265625,0.0
2023-06-01 14:06:36.187794,21.700000762939453,86030.859375,20.234375,0.0
2023-06-01 14:06:37.184882,21.700000762939453,86030.40625,20.29296875,0.0
2023-06-01 14:06:38.187986,21.700000762939453,86029.109375,20.3046875,0.0
2023-06-01 14:06:39.189164,21.709999084472656,86030.796875,20.28125,0.0
2023-06-01 14:06:40.186781,21.709999084472656,86030.6640625,20.3408203125,0.0
2023-06-01 14:06:41.189951,21.709999084472656,86026.3359375,20.4453125,0.0
2023-06-01 14:06:42.190765,21.709999084472656,86030.890625,20.6103515625,0.0
2023-06-01 14:06:43.190110,21.709999084472656,86030.890625,20.7744140625,0.0
2023-06-01 14:06:44.190576,21.709999084472656,86029.90625,20.7041015625,0.0
2023-06-01 14:06:45.192045,21.719999313354492,86031.21875,20.5869140625,0.0
2023-06-01 14:06:46.199370,21.719999313354492,86028.078125,20.4697265625,0.0
2023-06-01 14:06:47.193905,21.729999542236328,86032.9296875,20.3642578125,0.0
2023-06-01 14:06:48.197294,21.729999542236328,86032.296875,20.2939453125,0.0
2023-06-01 14:06:49.197158,21.729999542236328,86028.96875,20.2470703125,0.0
2023-06-01 14:06:50.196965,21.719999313354492,86029.5625,20.2119140625,0.0
2023-06-01 14:06:51.198706,21.719999313354492,86031.375,20.1884765625,0.0
2023-06-01 14:06:52.198683,21.719999313354492,86030.0625,20.1767578125,0.0
2023-06-01 14:06:53.202833,21.719999313354492,86032.0390625,20.1767578125,0.0
2023-06-01 14:06:54.203150,21.719999313354492,86031.6484375,20.1650390625,0.0
2023-06-01 14:06:55.202024,21.719999313354492,86031.703125,20.1416015625,0.0
2023-06-01 14:06:56.205111,21.719999313354492,86029.3046875,20.140625,0.0
2023-06-01 14:06:57.205922,21.719999313354492,86031.8125,20.1181640625,0.0
2023-06-01 14:06:58.203728,21.709999084472656,86030.3984375,20.1171875,0.0
2023-06-01 14:06:59.206006,21.709999084472656,86028.875,20.140625,0.0
2023-06-01 14:07:00.207028,21.709999084472656,86028.84375,20.17578125,0.0
2023-06-01 14:07:01.303541,21.709999084472656,86029.5390625,20.2109375,0.0
2023-06-01 14:07:02.302573,21.709999084472656,86033.3359375,20.19921875,0.0
2023-06-01 14:07:03.302810,21.709999084472656,86031.15625,20.17578125,0.0
2023-06-01 14:07:04.310635,21.709999084472656,86031.328125,20.15234375,0.0
2023-06-01 14:07:05.304532,21.709999084472656,86030.9921875,20.140625,0.0
2023-06-01 14:07:06.308390,21.709999084472656,86030.828125,20.12890625,0.0
2023-06-01 14:07:07.310666,21.709999084472656,86028.84375,20.12890625,0.0
2023-06-01 14:07:08.308584,21.709999084472656,86029.140625,20.12890625,0.0
2023-06-01 14:07:09.311967,21.700000762939453,86030.40625,20.12890625,0.0
2023-06-01 14:07:10.312030,21.709999084472656,86031.453125,20.140625,0.0
2023-06-01 14:07:11.312578,21.700000762939453,86030.5625,20.140625,0.0
2023-06-01 14:07:12.312139,21.700000762939453,86029.734375,20.140625,0.0
2023-06-01 14:07:13.315942,21.700000762939453,86028.2578125,20.140625,0.0
2023-06-01 14:07:14.313946,21.700000762939453,86031.359375,20.1396484375,0.0
2023-06-01 14:07:15.315503,21.700000762939453,86031.859375,20.1279296875,0.0
2023-06-01 14:07:16.319750,21.690000534057617,86031.296875,20.1279296875,0.0
2023-06-01 14:07:17.320313,21.700000762939453,86033.5,20.1162109375,0.0
2023-06-01 14:07:18.320179,21.700000762939453,86031.359375,20.1162109375,0.0
2023-06-01 14:07:19.322021,21.700000762939453,86032.3125,20.1279296875,0.0
2023-06-01 14:07:20.319015,21.690000534057617,86031.234375,20.1396484375,0.0
2023-06-01 14:07:21.322697,21.690000534057617,86029.3828125,20.1630859375,0.0
2023-06-01 14:07:22.330827,21.690000534057617,86028.59375,20.1982421875,0.0
2023-06-01 14:07:23.328130,21.690000534057617,86028.7578125,20.2216796875,0.0
2023-06-01 14:07:24.324476,21.68000030517578,86031.796875,20.2451171875,0.0
2023-06-01 14:07:25.328373,21.68000030517578,86028.625,20.2568359375,0.0
2023-06-01 14:07:26.327881,21.68000030517578,86029.2890625,20.2685546875,0.0
2023-06-01 14:07:27.336584,21.670000076293945,86027.734375,20.2919921875,0.0
2023-06-01 14:07:28.336770,21.68000030517578,86028.4609375,20.3154296875,0.0
2023-06-01 14:07:29.329885,21.670000076293945,86031.0390625,20.3271484375,0.0
2023-06-01 14:07:30.337888,21.670000076293945,86030.515625,20.349609375,0.0
2023-06-01 14:07:31.336618,21.670000076293945,86030.96875,20.349609375,0.0
2023-06-01 14:07:32.333545,21.670000076293945,86033.75,20.349609375,0.0
2023-06-01 14:07:33.339102,21.670000076293945,86029.625,20.337890625,0.0
2023-06-01 14:07:34.333346,21.65999984741211,86032.203125,20.326171875,0.0
2023-06-01 14:07:35.334648,21.65999984741211,86029.6875,20.326171875,0.0
2023-06-01 14:07:36.353608,21.65999984741211,86031.8046875,20.337890625,0.0
2023-06-01 14:07:37.336501,21.65999984741211,86029.71875,20.302734375,0.0
2023-06-01 14:07:38.337501,21.65999984741211,86031.8671875,20.267578125,0.0
2023-06-01 14:07:39.345433,21.65999984741211,86032.1328125,20.255859375,0.0
2023-06-01 14:07:40.338229,21.65999984741211,86030.1875,20.244140625,0.0
2023-06-01 14:07:41.342258,21.65999984741211,86031.8046875,20.244140625,0.0
2023-06-01 14:07:42.353624,21.649999618530273,86031.109375,20.2431640625,0.0
2023-06-01 14:07:43.344976,21.649999618530273,86030.0859375,20.2314453125,0.0
2023-06-01 14:07:44.346635,21.649999618530273,86032.265625,20.1962890625,0.0
2023-06-01 14:07:45.355720,21.649999618530273,86031.84375,20.1845703125,0.0
2023-06-01 14:07:46.345362,21.649999618530273,86029.7578125,20.1845703125,0.0
2023-06-01 14:07:47.350756,21.649999618530273,86030.0859375,20.1728515625,0.0
2023-06-01 14:07:48.349746,21.649999618530273,86029.09375,20.1728515625,0.0
2023-06-01 14:07:49.350071,21.639999389648438,86031.609375,20.1611328125,0.0
2023-06-01 14:07:50.351683,21.639999389648438,86028.078125,20.1611328125,0.0
2023-06-01 14:07:51.356177,21.639999389648438,86031.453125,20.1494140625,0.0
2023-06-01 14:07:52.354117,21.639999389648438,86030.953125,20.1494140625,0.0
2023-06-01 14:07:53.353378,21.639999389648438,86030.890625,20.13671875,0.0
2023-06-01 14:07:54.352555,21.639999389648438,86029.4375,20.1259765625,0.0
2023-06-01 14:07:55.354772,21.639999389648438,86030.921875,20.1142578125,0.0
2023-06-01 14:07:56.360265,21.639999389648438,86028.3828125,20.125,0.0
2023-06-01 14:07:57.356708,21.639999389648438,86032.90625,20.1494140625,0.0
2023-06-01 14:07:58.363584,21.649999618530273,86029.03125,20.2080078125,0.0
2023-06-01 14:07:59.364760,21.639999389648438,86029.3046875,20.2197265625,0.0
2023-06-01 14:08:00.357643,21.639999389648438,86028.640625,20.2431640625,0.0
2023-06-01 14:08:01.363636,21.649999618530273,86030.6875,20.2431640625,0.0
2023-06-01 14:08:02.368356,21.649999618530273,86029.859375,20.2314453125,0.0
2023-06-01 14:08:03.367011,21.649999618530273,86028.6015625,20.2197265625,0.0
2023-06-01 14:08:04.362778,21.649999618530273,86030.6875,20.2080078125,0.0
2023-06-01 14:08:05.362724,21.649999618530273,86030.578125,20.1962890625,0.0
2023-06-01 14:08:06.370375,21.649999618530273,86032.265625,20.2080078125,0.0
2023-06-01 14:08:07.367356,21.649999618530273,86027.578125,20.1962890625,0.0
2023-06-01 14:08:08.367560,21.649999618530273,86030.421875,20.1962890625,0.0
2023-06-01 14:08:09.367631,21.649999618530273,86029.7890625,20.1845703125,0.0
2023-06-01 14:08:10.374115,21.649999618530273,86031.7734375,20.1728515625,0.0
2023-06-01 14:08:11.369739,21.65999984741211,86032.625,20.173828125,0.0
2023-06-01 14:08:12.368054,21.649999618530273,86030.78125,20.1611328125,0.0
2023-06-01 14:08:13.370258,21.65999984741211,86029.828125,20.1376953125,0.0
2023-06-01 14:08:14.372458,21.65999984741211,86032.9921875,20.138671875,0.0
2023-06-01 14:08:15.375199,21.649999618530273,86026.8203125,20.1376953125,0.0
2023-06-01 14:08:16.372271,21.65999984741211,86029.890625,20.126953125,0.0
2023-06-01 14:08:17.372267,21.65999984741211,86028.765625,20.126953125,0.0
2023-06-01 14:08:18.375396,21.670000076293945,86030.609375,20.115234375,0.0
2023-06-01 14:08:19.378995,21.65999984741211,86029.2578125,20.115234375,0.0
2023-06-01 14:08:20.377686,21.65999984741211,86030.90625,20.103515625,0.0
2023-06-01 14:08:21.430257,21.670000076293945,86029.71875,20.1162109375,0.0
2023-06-01 14:08:22.429393,21.68000030517578,86030.90625,20.1279296875,0.0
2023-06-01 14:08:23.432998,21.68000030517578,86027.765625,20.1396484375,0.0
2023-06-01 14:08:24.437227,21.68000030517578,86028.359375,20.1279296875,0.0
2023-06-01 14:08:25.435377,21.690000534057617,86028.953125,20.1279296875,0.0
2023-06-01 14:08:26.434856,21.690000534057617,86029.484375,20.1162109375,0.0
2023-06-01 14:08:27.437325,21.690000534057617,86026.640625,20.1396484375,0.0
2023-06-01 14:08:28.437295,21.700000762939453,86028.03125,20.1162109375,0.0
2023-06-01 14:08:29.435671,21.700000762939453,86029.109375,20.140625,0.0
2023-06-01 14:08:30.440147,21.700000762939453,86030.765625,20.19921875,0.0
2023-06-01 14:08:31.444809,21.709999084472656,86030.859375,20.3408203125,0.0
2023-06-01 14:08:32.444593,21.709999084472656,86028.515625,20.4345703125,0.0
2023-06-01 14:08:33.441591,21.709999084472656,86030.03125,20.5283203125,0.0
2023-06-01 14:08:34.448745,21.700000762939453,86029.109375,20.57421875,0.0
2023-06-01 14:08:35.448312,21.709999084472656,86030.296875,20.7744140625,0.0
2023-06-01 14:08:36.443280,21.709999084472656,86030.171875,20.8095703125,0.0
2023-06-01 14:08:37.445866,21.709999084472656,86031.328125,20.9033203125,0.0
2023-06-01 14:08:38.450023,21.709999084472656,86029.96875,20.9853515625,0.0
2023-06-01 14:08:39.449925,21.709999084472656,86029.5078125,21.033203125,0.0
2023-06-01 14:08:40.460208,21.709999084472656,86029.8046875,21.0908203125,0.0
2023-06-01 14:08:41.450764,21.709999084472656,86029.375,21.091796875,0.0
2023-06-01 14:08:42.463930,21.719999313354492,86026.796875,21.080078125,0.0
2023-06-01 14:08:43.461976,21.719999313354492,86027.625,20.998046875,0.0
2023-06-01 14:08:44.452940,21.719999313354492,86030.1328125,20.9501953125,0.0
2023-06-01 14:08:45.460746,21.719999313354492,86029.3046875,20.8681640625,0.0
2023-06-01 14:08:46.458100,21.719999313354492,86031.9453125,20.8095703125,0.0
2023-06-01 14:08:47.467414,21.719999313354492,86033.46875,20.845703125,0.0
2023-06-01 14:08:48.458872,21.719999313354492,86029.4375,21.091796875,0.0
2023-06-01 14:08:49.463029,21.719999313354492,86032.90625,21.185546875,0.0
2023-06-01 14:08:50.460001,21.719999313354492,86030.921875,21.244140625,0.0
2023-06-01 14:08:51.463204,21.719999313354492,86031.984375,21.208984375,0.0
2023-06-01 14:08:52.460026,21.719999313354492,86030.59375,21.173828125,0.0
2023-06-01 14:08:53.466154,21.719999313354492,86029.796875,21.068359375,0.0
2023-06-01 14:08:54.466246,21.719999313354492,86032.25,21.009765625,0.0
2023-06-01 14:08:55.462016,21.709999084472656,86028.0546875,20.9619140625,0.0
2023-06-01 14:08:56.468415,21.719999313354492,86028.9375,20.9501953125,0.0
2023-06-01 14:08:57.468998,21.719999313354492,86029.4375,20.8798828125,0.0
2023-06-01 14:08:58.468841,21.709999084472656,86030.890625,20.8330078125,0.0
2023-06-01 14:08:59.470945,21.709999084472656,86029.40625,20.7626953125,0.0
2023-06-01 14:09:00.473444,21.719999313354492,86030.921875,20.6923828125,0.0
2023-06-01 14:09:01.476700,21.719999313354492,86029.4375,20.6572265625,0.0
2023-06-01 14:09:02.472865,21.719999313354492,86031.09375,20.7041015625,0.0
2023-06-01 14:09:03.476861,21.719999313354492,86030.265625,20.7275390625,0.0
2023-06-01 14:09:04.471198,21.719999313354492,86030.4296875,20.7626953125,0.0
2023-06-01 14:09:05.470235,21.709999084472656,86030.171875,20.7978515625,0.0
2023-06-01 14:09:06.470405,21.709999084472656,86031.328125,20.8798828125,0.0
2023-06-01 14:09:07.472515,21.709999084472656,86029.8046875,20.8798828125,0.0
2023-06-01 14:09:08.473043,21.709999084472656,86031.03125,20.8447265625,0.0
2023-06-01 14:09:09.480050,21.709999084472656,86029.3125,20.7978515625,0.0
2023-06-01 14:09:10.474681,21.700000762939453,86030.9296875,20.7626953125,0.0
2023-06-01 14:09:11.475711,21.709999084472656,86028.15625,20.7275390625,0.0
2023-06-01 14:09:12.480725,21.709999084472656,86031.625,20.6806640625,0.0
2023-06-01 14:09:13.478912,21.700000762939453,86030.671875,20.703125,0.0
2023-06-01 14:09:14.478329,21.700000762939453,86031.984375,20.73828125,0.0
2023-06-01 14:09:15.483119,21.690000534057617,86031.921875,20.7265625,0.0
2023-06-01 14:09:16.482911,21.690000534057617,86033.078125,20.703125,0.0
2023-06-01 14:09:17.484191,21.68000030517578,86032.984375,20.64453125,0.0
2023-06-01 14:09:18.483509,21.68000030517578,86030.8359375,20.59765625,0.0
2023-06-01 14:09:19.482396,21.68000030517578,86032.625,20.515625,0.0
2023-06-01 14:09:20.483226,21.68000030517578,86035.421875,20.4560546875,0.0
2023-06-01 14:09:21.486648,21.219999313354492,85966.78125,20.423828125,0.0
2023-06-01 14:09:22.488099,21.350000381469727,85984.0546875,20.3818359375,0.0
2023-06-01 14:09:23.488279,21.670000076293945,86034.109375,20.349609375,0.0
2023-06-01 14:09:24.487905,21.670000076293945,86034.4375,20.337890625,0.0
2023-06-01 14:09:25.488977,21.65999984741211,86030.4140625,20.337890625,0.0
2023-06-01 14:09:26.493010,21.65999984741211,86031.078125,20.326171875,0.0
2023-06-01 14:09:27.494556,21.65999984741211,86032.359375,20.326171875,0.0
2023-06-01 14:09:28.492908,21.65999984741211,86032.625,20.337890625,0.0
2023-06-01 14:09:29.493177,21.649999618530273,86032.265625,20.349609375,0.0
2023-06-01 14:09:30.496732,21.649999618530273,86032.203125,20.373046875,0.0
2023-06-01 14:09:31.495123,21.639999389648438,86030.625,20.4072265625,0.0
2023-06-01 14:09:32.494261,21.639999389648438,86034.1875,20.4658203125,0.0
2023-06-01 14:09:33.498230,21.639999389648438,86031.75,20.5244140625,0.0
2023-06-01 14:09:34.496224,21.639999389648438,86032.5078125,20.5595703125,0.0
2023-06-01 14:09:35.497661,21.6299991607666,86030.1640625,20.6298828125,0.0
2023-06-01 14:09:36.501601,21.6299991607666,86030.296875,20.7001953125,0.0
2023-06-01 14:09:37.503217,21.6200008392334,86031.359375,20.7587890625,0.0
2023-06-01 14:09:38.500589,21.6200008392334,86030.828125,20.7705078125,0.0
2023-06-01 14:09:39.502751,21.610000610351562,86031.390625,20.76953125,0.0
2023-06-01 14:09:40.503093,21.610000610351562,86030.53125,20.76953125,0.0
2023-06-01 14:09:41.504192,21.610000610351562,86029.6796875,20.76953125,0.0
2023-06-01 14:09:42.507650,21.600000381469727,86032.125,20.7578125,0.0
2023-06-01 14:09:43.507134,21.600000381469727,86028.296875,20.7578125,0.0
2023-06-01 14:09:44.507639,21.600000381469727,86028.984375,20.74609375,0.0
2023-06-01 14:09:45.507378,21.600000381469727,86030.078125,20.734375,0.0
2023-06-01 14:09:46.507801,21.600000381469727,86032.8515625,20.74609375,0.0
2023-06-01 14:09:47.509784,21.59000015258789,86032.09375,20.8037109375,0.0
2023-06-01 14:09:48.508743,21.579999923706055,86032.1953125,20.8271484375,0.0
2023-06-01 14:09:49.515160,21.56999969482422,86030.90625,21.1904296875,0.0
2023-06-01 14:09:50.514897,21.559999465942383,86029.921875,21.154296875,0.0
2023-06-01 14:09:51.515947,21.56999969482422,86030.3125,21.1669921875,0.0
2023-06-01 14:09:52.514512,21.559999465942383,86032.046875,21.154296875,0.0
2023-06-01 14:09:53.517090,21.549999237060547,86033.265625,21.037109375,0.0
2023-06-01 14:09:54.518197,21.549999237060547,86032.375,20.873046875,0.0
2023-06-01 14:09:55.515538,21.540000915527344,86029.2734375,20.6962890625,0.0
2023-06-01 14:09:56.518170,21.530000686645508,86031.125,20.484375,0.16189999878406525
2023-06-01 14:09:57.519843,21.520000457763672,86028.5546875,20.3203125,0.16189999878406525
2023-06-01 14:09:58.524305,21.510000228881836,86029.3828125,20.1318359375,0.16189999878406525
2023-06-01 14:09:59.520828,21.489999771118164,86031.140625,19.966796875,0.3237999975681305
2023-06-01 14:10:00.523254,21.479999542236328,86031.2421875,19.8486328125,0.24285000562667847
2023-06-01 14:10:01.524444,21.459999084472656,86030.2890625,19.8125,0.3237999975681305
2023-06-01 14:10:02.524510,21.459999084472656,86031.25,19.80078125,0.48570001125335693
2023-06-01 14:10:03.525431,21.450000762939453,86031.6484375,19.80078125,0.5666499733924866
2023-06-01 14:10:04.527026,21.440000534057617,86031.3203125,19.7998046875,0.647599995136261
2023-06-01 14:10:05.528134,21.43000030517578,86032.9375,19.7880859375,0.5666499733924866
2023-06-01 14:10:06.528365,21.420000076293945,86030.3671875,19.822265625,0.48570001125335693
2023-06-01 14:10:07.526642,21.399999618530273,86029.65625,19.7861328125,0.5666499733924866
2023-06-01 14:10:08.530801,21.389999389648438,86028.4375,19.7861328125,0.4047500193119049
2023-06-01 14:10:09.532320,21.3799991607666,86029.1953125,19.7861328125,0.3237999975681305
2023-06-01 14:10:10.529573,21.3700008392334,86029.2265625,19.7734375,0.24285000562667847
2023-06-01 14:10:11.529736,21.3700008392334,86030.515625,19.76171875,0.08094999939203262
2023-06-01 14:10:12.535920,21.360000610351562,86028.4375,19.7265625,0.0
2023-06-01 14:10:13.535670,21.34000015258789,86031.515625,19.6552734375,0.08094999939203262
2023-06-01 14:10:14.532839,21.34000015258789,86030.59375,19.666015625,0.24285000562667847
2023-06-01 14:10:15.535509,21.329999923706055,86028.3203125,19.642578125,0.24285000562667847
2023-06-01 14:10:16.534340,21.309999465942383,86033.078125,19.5947265625,0.4047500193119049
2023-06-01 14:10:17.541640,21.299999237060547,86031.09375,19.546875,0.5666499733924866
2023-06-01 14:10:18.544400,21.290000915527344,86031.1328125,19.5234375,0.7285500168800354
2023-06-01 14:10:19.540157,21.280000686645508,86029.21875,19.51171875,0.8095000386238098
2023-06-01 14:10:20.538003,21.270000457763672,86028.953125,19.4990234375,0.8095000386238098
2023-06-01 14:10:21.543736,21.270000457763672,86030.15625,19.4990234375,0.8095000386238098
2023-06-01 14:10:22.545521,21.260000228881836,86029.953125,19.5107421875,0.647599995136261
2023-06-01 14:10:23.546059,21.260000228881836,86030.71875,19.5224609375,0.5666499733924866
2023-06-01 14:10:24.553404,21.239999771118164,86028.484375,19.521484375,0.5666499733924866
2023-06-01 14:10:25.546189,21.229999542236328,86031.3203125,19.5322265625,0.48570001125335693
2023-06-01 14:10:26.550817,21.229999542236328,86030.796875,19.5322265625,0.4047500193119049
2023-06-01 14:10:27.549087,21.219999313354492,86031.3203125,19.4970703125,0.48570001125335693
2023-06-01 14:10:28.553609,21.209999084472656,86031.359375,19.5322265625,0.4047500193119049
2023-06-01 14:10:29.551394,21.200000762939453,86031.390625,19.61328125,0.48570001125335693
2023-06-01 14:10:30.557708,21.190000534057617,86031.984375,19.66015625,0.3237999975681305
2023-06-01 14:10:31.557905,21.18000030517578,86028.421875,19.6943359375,0.3237999975681305
2023-06-01 14:10:32.551321,21.18000030517578,86031.984375,19.6943359375,0.24285000562667847
2023-06-01 14:10:33.551110,21.15999984741211,86029.953125,19.6708984375,0.24285000562667847
2023-06-01 14:10:34.554153,21.15999984741211,86031.171875,19.658203125,0.16189999878406525
2023-06-01 14:10:35.560430,21.149999618530273,86031.765625,19.669921875,0.24285000562667847
2023-06-01 14:10:36.552757,21.139999389648438,86031.171875,19.7041015625,0.16189999878406525
2023-06-01 14:10:37.557176,21.1299991607666,86028.078125,19.775390625,0.16189999878406525
2023-06-01 14:10:38.555960,21.1299991607666,86031.140625,19.8447265625,0.08094999939203262
2023-06-01 14:10:39.561255,21.1200008392334,86028.40625,19.8798828125,0.08094999939203262
2023-06-01 14:10:40.560446,21.1200008392334,86029.6875,19.87890625,0.08094999939203262
2023-06-01 14:10:41.562817,21.110000610351562,86029.59375,19.87890625,0.0
2023-06-01 14:10:42.561621,21.110000610351562,86029.359375,19.8671875,0.0
2023-06-01 14:10:43.561391,21.100000381469727,86029.890625,19.85546875,0.0
2023-06-01 14:10:44.562512,21.09000015258789,86028.4140625,19.8427734375,0.08094999939203262
2023-06-01 14:10:45.569148,21.079999923706055,86027.984375,19.8662109375,0.0
2023-06-01 14:10:46.566181,21.079999923706055,86030.296875,19.8662109375,0.0
2023-06-01 14:10:47.566125,21.06999969482422,86026.734375,19.876953125,0.0
2023-06-01 14:10:48.569038,21.06999969482422,86026.8671875,19.888671875,0.0
2023-06-01 14:10:49.565212,21.059999465942383,86028.8828125,19.912109375,0.0
2023-06-01 14:10:50.568494,21.049999237060547,86025.84375,19.9345703125,0.0
2023-06-01 14:10:51.566823,21.049999237060547,86028.9140625,19.9462890625,0.0
2023-06-01 14:10:52.568455,21.040000915527344,86025.8828125,19.9580078125,0.0
2023-06-01 14:10:53.568903,21.030000686645508,86027.7265625,19.9814453125,0.0
2023-06-01 14:10:54.571824,21.030000686645508,86028.359375,20.0400390625,0.0
2023-06-01 14:10:55.570712,21.020000457763672,86029.578125,20.05078125,0.0
2023-06-01 14:10:56.574481,21.020000457763672,86029.046875,20.05078125,0.0
2023-06-01 14:10:57.577470,21.020000457763672,86029.7109375,20.0390625,0.0
2023-06-01 14:10:58.579941,21.020000457763672,86029.84375,20.0390625,0.0
2023-06-01 14:10:59.574371,21.0,86027.671875,20.0380859375,0.0
2023-06-01 14:11:00.575930,21.0,86026.453125,20.0498046875,0.0
2023-06-01 14:11:01.575197,21.0,86026.421875,20.0498046875,0.0
2023-06-01 14:11:02.576070,21.0,86027.734375,20.0498046875,0.0
2023-06-01 14:11:03.579408,20.989999771118164,86028.03125,20.0498046875,0.0
2023-06-01 14:11:04.579475,20.989999771118164,86027.9375,20.060546875,0.0
2023-06-01 14:11:05.578832,20.979999542236328,86026.6875,20.060546875,0.0
2023-06-01 14:11:06.580164,20.979999542236328,86026.65625,20.083984375,0.0
2023-06-01 14:11:07.580067,20.969999313354492,86027.25,20.142578125,0.0
2023-06-01 14:11:08.580982,20.969999313354492,86030.046875,20.177734375,0.0
2023-06-01 14:11:09.583254,20.959999084472656,86030.078125,20.2353515625,0.0
2023-06-01 14:11:10.582917,20.959999084472656,86030.046875,20.2705078125,0.0
2023-06-01 14:11:11.588559,20.959999084472656,86032.65625,20.2939453125,0.0
2023-06-01 14:11:12.586143,20.950000762939453,86031.078125,20.3994140625,0.0
2023-06-01 14:11:13.590045,20.950000762939453,86030.78125,20.5048828125,0.0
2023-06-01 14:11:14.590112,20.940000534057617,86031.2734375,20.3984375,0.0
2023-06-01 14:11:15.589614,20.940000534057617,86030.6796875,20.3984375,0.0
2023-06-01 14:11:16.592114,20.940000534057617,86029.1953125,20.36328125,0.0
2023-06-01 14:11:17.592501,20.940000534057617,86031.40625,20.33984375,0.0
2023-06-01 14:11:18.592479,20.940000534057617,86028.9296875,20.328125,0.0
2023-06-01 14:11:19.595599,20.93000030517578,86029.0,20.3515625,0.0
2023-06-01 14:11:20.599300,20.93000030517578,86029.46875,20.3515625,0.0
2023-06-01 14:11:21.593603,20.93000030517578,86030.921875,20.36328125,0.0
2023-06-01 14:11:22.595411,20.920000076293945,86029.203125,20.3623046875,0.0
2023-06-01 14:11:23.596137,20.90999984741211,86028.609375,20.3740234375,0.0
2023-06-01 14:11:24.599180,20.90999984741211,86028.578125,20.3740234375,0.0
2023-06-01 14:11:25.596567,20.90999984741211,86028.734375,20.3623046875,0.0
2023-06-01 14:11:26.600967,20.90999984741211,86030.6875,20.3388671875,0.0
2023-06-01 14:11:27.598849,20.90999984741211,86029.6953125,20.3505859375,0.0
2023-06-01 14:11:28.602496,20.90999984741211,86032.3359375,20.3505859375,0.0
2023-06-01 14:11:29.606530,20.899999618530273,86029.59375,20.349609375,0.0
2023-06-01 14:11:30.604324,20.899999618530273,86029.9609375,20.3623046875,0.0
2023-06-01 14:11:31.606269,20.899999618530273,86030.5859375,20.384765625,0.0
2023-06-01 14:11:32.608826,20.889999389648438,86030.8515625,20.361328125,0.0
2023-06-01 14:11:33.605497,20.889999389648438,86030.6875,20.337890625,0.0
2023-06-01 14:11:34.605323,20.889999389648438,86029.6328125,20.349609375,0.0
2023-06-01 14:11:35.606013,20.889999389648438,86029.796875,20.361328125,0.0
2023-06-01 14:11:36.609094,20.889999389648438,86030.1875,20.419921875,0.0
2023-06-01 14:11:37.612308,20.889999389648438,86032.140625,20.513671875,0.0
2023-06-01 14:11:38.607947,20.889999389648438,86030.75,20.572265625,0.0
2023-06-01 14:11:39.616607,20.8799991607666,86029.859375,20.5595703125,0.0
2023-06-01 14:11:40.618289,20.8799991607666,86032.53125,20.5595703125,0.0
2023-06-01 14:11:41.612288,20.8799991607666,86030.328125,20.5361328125,0.0
2023-06-01 14:11:42.611417,20.8799991607666,86032.6015625,20.5478515625,0.0
2023-06-01 14:11:43.614061,20.8799991607666,86031.640625,20.5595703125,0.0
2023-06-01 14:11:44.619821,20.8799991607666,86032.6015625,20.5595703125,0.0
2023-06-01 14:11:45.613953,20.8799991607666,86031.9375,20.5478515625,0.0
2023-06-01 14:11:46.616693,20.8799991607666,86035.078125,20.5830078125,0.0
2023-06-01 14:11:47.621147,20.8700008392334,86030.921875,20.5712890625,0.0
2023-06-01 14:11:48.621086,20.8799991607666,86033.75,20.5478515625,0.0
2023-06-01 14:11:49.617536,20.8799991607666,86031.9375,20.5244140625,0.0
2023-06-01 14:11:50.621262,20.8700008392334,86031.078125,20.5126953125,0.0
2023-06-01 14:11:51.622409,20.8700008392334,86029.703125,20.4892578125,0.0
2023-06-01 14:11:52.622312,20.8700008392334,86028.578125,20.4658203125,0.0
2023-06-01 14:11:53.622530,20.860000610351562,86027.953125,20.4541015625,0.0
2023-06-01 14:11:54.623517,20.860000610351562,86030.296875,20.4541015625,0.0
2023-06-01 14:11:55.626973,20.860000610351562,86030.453125,20.4541015625,0.0
2023-06-01 14:11:56.623951,20.860000610351562,86030.125,20.4658203125,0.0
2023-06-01 14:11:57.626266,20.8700008392334,86029.828125,20.4775390625,0.0
2023-06-01 14:11:58.629432,20.860000610351562,86029.796875,20.4892578125,0.0
2023-06-01 14:11:59.628378,20.8700008392334,86033.8203125,20.5244140625,0.0
2023-06-01 14:12:00.629754,20.860000610351562,86030.125,20.5244140625,0.0
2023-06-01 14:12:01.631094,20.860000610351562,86030.7890625,20.5009765625,0.0
2023-06-01 14:12:02.632401,20.860000610351562,86030.921875,20.4892578125,0.0
2023-06-01 14:12:03.630850,20.860000610351562,86030.5234375,20.46484375,0.0
2023-06-01 14:12:04.633817,20.860000610351562,86032.671875,20.46484375,0.0
2023-06-01 14:12:05.632979,20.860000610351562,86033.1953125,20.5,0.0
2023-06-01 14:12:06.633798,20.860000610351562,86030.390625,20.546875,0.0
2023-06-01 14:12:07.637153,20.860000610351562,86032.078125,20.5478515625,0.0
2023-06-01 14:12:08.636614,20.860000610351562,86031.4140625,20.53515625,0.0
2023-06-01 14:12:09.636172,20.860000610351562,86030.921875,20.5126953125,0.0
2023-06-01 14:12:10.636518,20.8700008392334,86030.8203125,20.4892578125,0.0
2023-06-01 14:12:11.644795,20.860000610351562,86030.125,20.4658203125,0.0
2023-06-01 14:12:12.642571,20.860000610351562,86030.953125,20.4541015625,0.08094999939203262
2023-06-01 14:12:13.644024,20.860000610351562,86028.78125,20.4658203125,0.0
2023-06-01 14:12:14.640674,20.860000610351562,86030.09375,20.4423828125,0.0
2023-06-01 14:12:15.645341,20.8700008392334,86031.8125,20.4541015625,0.0
2023-06-01 14:12:16.644805,20.8700008392334,86032.140625,20.4658203125,0.0
2023-06-01 14:12:17.644215,20.8700008392334,86033.6875,20.4658203125,0.0
2023-06-01 14:12:18.644567,20.8700008392334,86030.1953125,20.4541015625,0.0
2023-06-01 14:12:19.647120,20.8700008392334,86029.3359375,20.4423828125,0.0
2023-06-01 14:12:20.645601,20.860000610351562,86032.109375,20.4306640625,0.0
2023-06-01 14:12:21.648094,20.860000610351562,86028.8125,20.4189453125,0.0
2023-06-01 14:12:22.647601,20.860000610351562,86029.765625,20.4189453125,0.0
2023-06-01 14:12:23.653296,20.860000610351562,86028.4765625,20.4306640625,0.0
2023-06-01 14:12:24.653328,20.8700008392334,86029.40625,20.4423828125,0.0
2023-06-01 14:12:25.652523,20.8700008392334,86030.890625,20.4658203125,0.0
2023-06-01 14:12:26.652550,20.8700008392334,86030.5546875,20.4775390625,0.0
2023-06-01 14:12:27.654405,20.8700008392334,86029.703125,20.4775390625,0.0
2023-06-01 14:12:28.653653,20.8700008392334,86029.234375,20.4541015625,0.0
2023-06-01 14:12:29.657197,20.8700008392334,86031.875,20.4658203125,0.0
2023-06-01 14:12:30.658367,20.8700008392334,86030.0625,20.4775390625,0.0
2023-06-01 14:12:31.656509,20.8700008392334,86030.09375,20.4775390625,0.0
2023-06-01 14:12:32.665606,20.8700008392334,86030.59375,20.455078125,0.0
2023-06-01 14:12:33.662550,20.8700008392334,86035.046875,20.455078125,0.0
2023-06-01 14:12:34.663846,20.8799991607666,86032.109375,20.4658203125,0.0
2023-06-01 14:12:35.659798,20.8799991607666,86030.953125,20.5126953125,0.0
2023-06-01 14:12:36.659044,20.8799991607666,86031.1875,20.5478515625,0.08094999939203262
2023-06-01 14:12:37.668878,20.8799991607666,86030.359375,20.5712890625,0.0
2023-06-01 14:12:38.664045,20.8799991607666,86029.40625,20.5830078125,0.0
2023-06-01 14:12:39.669958,20.8799991607666,86028.703125,20.5712890625,0.0
2023-06-01 14:12:40.669337,20.8799991607666,86032.203125,20.5595703125,0.0
2023-06-01 14:12:41.664554,20.889999389648438,86031.578125,20.537109375,0.0
2023-06-01 14:12:42.669892,20.889999389648438,86032.234375,20.513671875,0.0
2023-06-01 14:12:43.671658,20.889999389648438,86028.9375,20.455078125,0.0
2023-06-01 14:12:44.673803,20.8799991607666,86027.75,20.396484375,0.0
2023-06-01 14:12:45.669886,20.889999389648438,86027.65625,20.326171875,0.0
2023-06-01 14:12:46.674456,20.889999389648438,86031.1484375,20.291015625,0.0
2023-06-01 14:12:47.674088,20.889999389648438,86031.671875,20.244140625,0.0
2023-06-01 14:12:48.671959,20.899999618530273,86030.0625,20.232421875,0.0
2023-06-01 14:12:49.673044,20.889999389648438,86028.703125,20.185546875,0.0
2023-06-01 14:12:50.676794,20.899999618530273,86031.21875,20.162109375,0.0
2023-06-01 14:12:51.674931,20.899999618530273,86030.21875,20.150390625,0.0
2023-06-01 14:12:52.676201,20.899999618530273,86031.046875,20.162109375,0.0
2023-06-01 14:12:53.680750,20.899999618530273,86026.328125,20.1279296875,0.0
2023-06-01 14:12:54.680929,20.899999618530273,86031.640625,20.1044921875,0.0
2023-06-01 14:12:55.680843,20.90999984741211,86028.2109375,20.0927734375,0.0
2023-06-01 14:12:56.684702,20.90999984741211,86028.734375,20.1044921875,0.0
2023-06-01 14:12:57.683105,20.90999984741211,86030.1875,20.1044921875,0.0
2023-06-01 14:12:58.681896,20.90999984741211,86030.0625,20.1044921875,0.08094999939203262
2023-06-01 14:12:59.686092,20.90999984741211,86027.78125,20.1396484375,0.24285000562667847
2023-06-01 14:13:00.681427,20.90999984741211,86032.9296875,20.1513671875,0.16189999878406525
2023-06-01 14:13:01.684736,20.920000076293945,86029.171875,20.1630859375,0.3237999975681305
2023-06-01 14:13:02.683576,20.90999984741211,86029.9609375,20.1982421875,0.3237999975681305
2023-06-01 14:13:03.687244,20.920000076293945,86030.03125,20.2568359375,0.16189999878406525
2023-06-01 14:13:04.683492,20.920000076293945,86030.515625,20.2802734375,0.08094999939203262
2023-06-01 14:13:05.686160,20.920000076293945,86031.84375,20.3037109375,0.0
2023-06-01 14:13:06.686149,20.93000030517578,86030.453125,20.3984375,0.0
2023-06-01 14:13:07.689650,20.920000076293945,86029.3984375,20.421875,0.0
2023-06-01 14:13:08.693111,20.93000030517578,86030.5859375,20.421875,0.08094999939203262
2023-06-01 14:13:09.695604,20.93000030517578,86034.078125,20.43359375,0.0
2023-06-01 14:13:10.692576,20.93000030517578,86031.7734375,20.421875,0.0
2023-06-01 14:13:11.691348,20.93000030517578,86029.171875,20.421875,0.0
2023-06-01 14:13:12.691834,20.940000534057617,86031.734375,20.421875,0.0
2023-06-01 14:13:13.695130,20.93000030517578,86029.328125,20.41015625,0.0
2023-06-01 14:13:14.697880,20.940000534057617,86031.234375,20.38671875,0.0
2023-06-01 14:13:15.694063,20.940000534057617,86031.109375,20.33984375,0.0
2023-06-01 14:13:16.698994,20.940000534057617,86031.46875,20.3046875,0.0
2023-06-01 14:13:17.704436,20.940000534057617,86031.46875,20.28125,0.0
2023-06-01 14:13:18.701129,20.940000534057617,86031.171875,20.26953125,0.0
2023-06-01 14:13:19.706572,20.950000762939453,86030.875,20.24609375,0.0
2023-06-01 14:13:20.700114,20.950000762939453,86029.421875,20.2353515625,0.0
2023-06-01 14:13:21.703292,20.950000762939453,86028.140625,20.2236328125,0.0
2023-06-01 14:13:22.704999,20.950000762939453,86028.828125,20.2119140625,0.0
2023-06-01 14:13:23.704769,20.959999084472656,86029.03125,20.2353515625,0.0
2023-06-01 14:13:24.705673,20.959999084472656,86029.1875,20.2705078125,0.0
2023-06-01 14:13:25.706400,20.959999084472656,86030.375,20.3056640625,0.0
2023-06-01 14:13:26.703934,20.959999084472656,86028.265625,20.3173828125,0.0
2023-06-01 14:13:27.709852,20.959999084472656,86027.3125,20.3525390625,0.0
2023-06-01 14:13:28.708716,20.959999084472656,86029.921875,20.3994140625,0.0
2023-06-01 14:13:29.706390,20.959999084472656,86028.9609375,20.3876953125,0.0
2023-06-01 14:13:30.710023,20.959999084472656,86027.609375,20.3642578125,0.0
2023-06-01 14:13:31.712844,20.959999084472656,86030.078125,20.3408203125,0.0
2023-06-01 14:13:32.713419,20.969999313354492,86030.1796875,20.365234375,0.0
2023-06-01 14:13:33.716314,20.969999313354492,86030.046875,20.365234375,0.0
2023-06-01 14:13:34.712851,20.969999313354492,86030.078125,20.318359375,0.0
2023-06-01 14:13:35.716121,20.979999542236328,86031.59375,20.271484375,0.0
2023-06-01 14:13:36.717879,20.979999542236328,86029.328125,20.224609375,0.0
2023-06-01 14:13:37.716779,20.989999771118164,86032.21875,20.212890625,0.0
2023-06-01 14:13:38.714264,20.979999542236328,86032.484375,20.189453125,0.0
2023-06-01 14:13:39.715626,20.979999542236328,86030.3125,20.201171875,0.0
2023-06-01 14:13:40.720068,20.979999542236328,86031.796875,20.189453125,0.0
2023-06-01 14:13:41.716240,20.989999771118164,86029.453125,20.1669921875,0.08094999939203262
2023-06-01 14:13:42.724172,20.989999771118164,86031.296875,20.1552734375,0.0
2023-06-01 14:13:43.721337,20.989999771118164,86029.8125,20.1201171875,0.0
2023-06-01 14:13:44.720634,20.989999771118164,86029.03125,20.0966796875,0.08094999939203262
2023-06-01 14:13:45.724832,21.0,86028.5625,20.0732421875,0.0
2023-06-01 14:13:46.722591,21.0,86027.46875,20.0146484375,0.0
2023-06-01 14:13:47.723321,21.0,86027.140625,19.9794921875,0.0
2023-06-01 14:13:48.726934,21.0,86030.109375,19.9326171875,0.0
2023-06-01 14:13:49.726527,21.010000228881836,86031.171875,19.9091796875,0.0
2023-06-01 14:13:50.724251,21.010000228881836,86031.3984375,19.9326171875,0.0
2023-06-01 14:13:51.730547,21.010000228881836,86030.703125,19.9677734375,0.08094999939203262
2023-06-01 14:13:52.727383,21.020000457763672,86028.359375,20.0625,0.08094999939203262
2023-06-01 14:13:53.728568,21.020000457763672,86029.109375,20.3671875,0.08094999939203262
2023-06-01 14:13:54.728357,21.030000686645508,86028.8515625,20.3330078125,0.0
2023-06-01 14:13:55.730954,21.030000686645508,86028.65625,20.2158203125,0.0
2023-06-01 14:13:56.734148,21.030000686645508,86030.171875,20.1220703125,0.0
2023-06-01 14:13:57.737287,21.030000686645508,86029.546875,20.0634765625,0.0
2023-06-01 14:13:58.735326,21.030000686645508,86032.34375,20.0283203125,0.0
2023-06-01 14:13:59.739239,21.049999237060547,86031.71875,19.9580078125,0.16189999878406525
2023-06-01 14:14:00.735143,21.040000915527344,86028.71875,19.9111328125,0.08094999939203262
2023-06-01 14:14:01.734622,21.049999237060547,86031.453125,19.8759765625,0.16189999878406525
2023-06-01 14:14:02.739418,21.049999237060547,86031.78125,19.8642578125,0.0
2023-06-01 14:14:03.736865,21.049999237060547,86030.5,19.841796875,0.0
2023-06-01 14:14:04.740509,21.059999465942383,86028.0546875,19.830078125,0.0
2023-06-01 14:14:05.738609,21.059999465942383,86027.765625,19.794921875,0.0
2023-06-01 14:14:06.741451,21.06999969482422,86025.84375,19.771484375,0.0
2023-06-01 14:14:07.741652,21.06999969482422,86032.34375,19.771484375,0.0
2023-06-01 14:14:08.742845,21.06999969482422,86029.203125,19.818359375,0.0
2023-06-01 14:14:09.744654,21.06999969482422,86029.734375,19.806640625,0.08094999939203262
2023-06-01 14:14:10.748636,21.06999969482422,86027.921875,19.818359375,0.0
2023-06-01 14:14:11.743265,21.079999923706055,86027.984375,19.8076171875,0.0
2023-06-01 14:14:12.746099,21.079999923706055,86024.8203125,19.8076171875,0.0
2023-06-01 14:14:13.750657,21.079999923706055,86028.84375,19.7958984375,0.0
2023-06-01 14:14:14.749142,21.09000015258789,86027.453125,19.7958984375,0.0
2023-06-01 14:14:15.748443,21.09000015258789,86028.453125,19.7958984375,0.0
2023-06-01 14:14:16.750339,21.09000015258789,86031.015625,19.7724609375,0.0
2023-06-01 14:14:17.752181,21.100000381469727,86031.046875,19.7724609375,0.16189999878406525
2023-06-01 14:14:18.752948,21.100000381469727,86029.171875,19.76171875,0.08094999939203262
2023-06-01 14:14:19.750208,21.100000381469727,86029.171875,19.76171875,0.0
2023-06-01 14:14:20.754630,21.110000610351562,86030.84375,19.76171875,0.0
2023-06-01 14:14:21.752987,21.110000610351562,86030.125,19.75,0.0
2023-06-01 14:14:22.756463,21.1200008392334,86031.8359375,19.7265625,0.0
2023-06-01 14:14:23.763789,21.110000610351562,86029.296875,19.703125,0.0
2023-06-01 14:14:24.757589,21.1200008392334,86029.7578125,19.7275390625,0.0
2023-06-01 14:14:25.757789,21.1299991607666,86032.0,19.7275390625,0.0
2023-06-01 14:14:26.760920,21.1299991607666,86030.609375,19.7041015625,0.0
2023-06-01 14:14:27.762717,21.1299991607666,86030.8125,19.6806640625,0.0
2023-06-01 14:14:28.759482,21.1299991607666,86030.9765625,19.6572265625,0.0
2023-06-01 14:14:29.770314,21.1299991607666,86032.03125,19.6220703125,0.0
2023-06-01 14:14:30.760361,21.139999389648438,86029.7578125,19.5986328125,0.0
2023-06-01 14:14:31.765727,21.139999389648438,86031.5703125,19.5986328125,0.0
2023-06-01 14:14:32.770152,21.139999389648438,86031.4375,19.5517578125,0.0
2023-06-01 14:14:33.765927,21.139999389648438,86030.78125,19.5283203125,0.0
2023-06-01 14:14:34.763757,21.139999389648438,86031.671875,19.5048828125,0.0
2023-06-01 14:14:35.770729,21.149999618530273,86033.015625,19.4931640625,0.0
2023-06-01 14:14:36.770701,21.149999618530273,86031.6015625,19.505859375,0.08094999939203262
2023-06-01 14:14:37.768418,21.149999618530273,86031.859375,19.5283203125,0.0
2023-06-01 14:14:38.778226,21.149999618530273,86031.375,19.5400390625,0.0
2023-06-01 14:14:39.777039,21.139999389648438,86030.515625,19.5869140625,0.0
2023-06-01 14:14:40.771068,21.139999389648438,86030.84375,19.5986328125,0.0
2023-06-01 14:14:41.770706,21.139999389648438,86029.15625,19.5869140625,0.0
2023-06-01 14:14:42.773035,21.149999618530273,86030.7109375,19.5517578125,0.0
2023-06-01 14:14:43.774132,21.149999618530273,86030.875,19.5048828125,0.0
2023-06-01 14:14:44.776143,21.149999618530273,86031.078125,19.482421875,0.0
2023-06-01 14:14:45.777200,21.149999618530273,86031.4375,19.505859375,0.0
2023-06-01 14:14:46.775161,21.149999618530273,86033.421875,19.505859375,0.0
2023-06-01 14:14:47.774947,21.149999618530273,86030.046875,19.5048828125,0.0
2023-06-01 14:14:48.783838,21.149999618530273,86030.8125,19.482421875,0.0
2023-06-01 14:14:49.781056,21.149999618530273,86031.234375,19.482421875,0.0
2023-06-01 14:14:50.779729,21.149999618530273,86031.4375,19.505859375,0.0
2023-06-01 14:14:51.778540,21.149999618530273,86030.8125,19.517578125,0.0
2023-06-01 14:14:52.779809,21.149999618530273,86032.625,19.505859375,0.0
2023-06-01 14:14:53.784981,21.149999618530273,86030.4765625,19.505859375,0.0
2023-06-01 14:14:54.783280,21.149999618530273,86032.453125,19.505859375,0.0
2023-06-01 14:14:55.784877,21.15999984741211,86031.671875,19.517578125,0.0
2023-06-01 14:14:56.782077,21.15999984741211,86031.3359375,19.517578125,0.0
2023-06-01 14:14:57.782531,21.15999984741211,86033.015625,19.552734375,0.0
2023-06-01 14:14:58.790736,21.15999984741211,86031.0703125,19.5654296875,0.0
2023-06-01 14:14:59.785543,21.149999618530273,86033.1171875,19.564453125,0.0
2023-06-01 14:15:00.788448,21.15999984741211,86032.328125,19.576171875,0.0
2023-06-01 14:15:01.787204,21.149999618530273,86030.4765625,19.552734375,0.0
2023-06-01 14:15:02.787658,21.15999984741211,86031.671875,19.529296875,0.0
2023-06-01 14:15:03.793476,21.15999984741211,86033.3125,19.505859375,0.0
2023-06-01 14:15:04.789973,21.15999984741211,86031.3671875,19.482421875,0.0
2023-06-01 14:15:05.794631,21.15999984741211,86030.671875,19.447265625,0.0
2023-06-01 14:15:06.794339,21.15999984741211,86031.0,19.482421875,0.0
2023-06-01 14:15:07.792265,21.15999984741211,86030.7421875,19.5185546875,0.0
2023-06-01 14:15:08.794282,21.15999984741211,86031.203125,19.552734375,0.0
2023-06-01 14:15:09.793652,21.15999984741211,86032.8515625,19.564453125,0.0
2023-06-01 14:15:10.794027,21.15999984741211,86032.6875,19.587890625,0.0
2023-06-01 14:15:11.795947,21.149999618530273,86030.96875,19.611328125,0.0
2023-06-01 14:15:12.796187,21.15999984741211,86031.5,19.634765625,0.0
2023-06-01 14:15:13.799226,21.15999984741211,86031.3671875,19.658203125,0.0
2023-06-01 14:15:14.798155,21.15999984741211,86032.2265625,19.6357421875,0.0
2023-06-01 14:15:15.801066,21.15999984741211,86031.53125,19.611328125,0.0
2023-06-01 14:15:16.801771,21.15999984741211,86030.875,19.611328125,0.0
2023-06-01 14:15:17.805197,21.15999984741211,86032.15625,19.599609375,0.0
2023-06-01 14:15:18.806938,21.149999618530273,86032.7890625,19.611328125,0.0
2023-06-01 14:15:19.804541,21.15999984741211,86032.984375,19.599609375,0.0
2023-06-01 14:15:20.805929,21.15999984741211,86034.0078125,19.611328125,0.0
2023-06-01 14:15:21.806318,21.15999984741211,86032.03125,19.587890625,0.0
2023-06-01 14:15:22.809028,21.15999984741211,86032.984375,19.587890625,0.0
2023-06-01 14:15:23.808606,21.15999984741211,86032.8203125,19.552734375,0.0
2023-06-01 14:15:24.806231,21.15999984741211,86033.875,19.5302734375,0.0
2023-06-01 14:15:25.809175,21.15999984741211,86034.671875,19.517578125,0.0
2023-06-01 14:15:26.810533,21.15999984741211,86034.171875,19.529296875,0.0
2023-06-01 14:15:27.813445,21.15999984741211,86033.21875,19.5419921875,0.0
2023-06-01 14:15:28.810522,21.15999984741211,86035.03125,19.5419921875,0.0
2023-06-01 14:15:29.814531,21.15999984741211,86034.078125,19.5537109375,0.0
2023-06-01 14:15:30.811087,21.15999984741211,86032.5546875,19.5771484375,0.0
2023-06-01 14:15:31.816459,21.15999984741211,86029.78125,19.5888671875,0.0
2023-06-01 14:15:32.817069,21.15999984741211,86031.3671875,19.587890625,0.0
2023-06-01 14:15:33.815589,21.15999984741211,86034.046875,19.5771484375,0.0
2023-06-01 14:15:34.816736,21.170000076293945,86035.2578125,19.5654296875,0.0
2023-06-01 14:15:35.815482,21.15999984741211,86032.59375,19.5302734375,0.0
2023-06-01 14:15:36.821626,21.15999984741211,86032.421875,19.5419921875,0.0
2023-06-01 14:15:37.822091,21.15999984741211,86031.1015625,19.5419921875,0.0
2023-06-01 14:15:38.820682,21.170000076293945,86031.296875,19.5537109375,0.0
2023-06-01 14:15:39.819938,21.170000076293945,86032.625,19.5771484375,0.0
2023-06-01 14:15:40.823460,21.170000076293945,86029.03125,19.5419921875,0.0
2023-06-01 14:15:41.821891,21.170000076293945,86032.8203125,19.5419921875,0.0
2023-06-01 14:15:42.822836,21.170000076293945,86031.9921875,19.5537109375,0.0
2023-06-01 14:15:43.823677,21.170000076293945,86032.296875,19.5537109375,0.0
2023-06-01 14:15:44.826968,21.15999984741211,86031.703125,19.552734375,0.0
2023-06-01 14:15:45.825027,21.15999984741211,86029.21875,19.541015625,0.0
2023-06-01 14:15:46.826561,21.170000076293945,86032.125,19.5302734375,0.0
2023-06-01 14:15:47.829756,21.170000076293945,86032.8203125,19.5068359375,0.0
2023-06-01 14:15:48.827610,21.170000076293945,86033.28125,19.4951171875,0.0
2023-06-01 14:15:49.827836,21.15999984741211,86031.4375,19.4951171875,0.0
2023-06-01 14:15:50.831300,21.15999984741211,86028.796875,19.4482421875,0.0
2023-06-01 14:15:51.832505,21.15999984741211,86029.71875,19.423828125,0.0
2023-06-01 14:15:52.831697,21.15999984741211,86033.578125,19.4130859375,0.0
2023-06-01 14:15:53.834075,21.170000076293945,86031.796875,19.3896484375,0.0
2023-06-01 14:15:54.834893,21.15999984741211,86032.5546875,19.3779296875,0.0
2023-06-01 14:15:55.837983,21.15999984741211,86029.71875,19.365234375,0.0
2023-06-01 14:15:56.833615,21.15999984741211,86029.953125,19.3662109375,0.0
2023-06-01 14:15:57.838325,21.15999984741211,86030.875,19.365234375,0.0
2023-06-01 14:15:58.839260,21.15999984741211,86031.8984375,19.3896484375,0.0
2023-06-01 14:15:59.838314,21.15999984741211,86032.5234375,19.400390625,0.0
2023-06-01 14:16:00.842034,21.15999984741211,86031.734375,19.3896484375,0.0
2023-06-01 14:16:01.839325,21.149999618530273,86031.796875,19.400390625,0.0
2023-06-01 14:16:02.842981,21.149999618530273,86031.109375,19.388671875,0.0
2023-06-01 14:16:03.844305,21.15999984741211,86032.484375,19.376953125,0.0
2023-06-01 14:16:04.840127,21.15999984741211,86031.703125,19.412109375,0.0
2023-06-01 14:16:05.843543,21.15999984741211,86030.34375,19.412109375,0.0
2023-06-01 14:16:06.841802,21.149999618530273,86030.3125,19.423828125,0.0
2023-06-01 14:16:07.846141,21.15999984741211,86031.671875,19.435546875,0.0
2023-06-01 14:16:08.849011,21.15999984741211,86030.84375,19.435546875,0.0
2023-06-01 14:16:09.850785,21.15999984741211,86032.8203125,19.423828125,0.0
2023-06-01 14:16:10.848962,21.149999618530273,86030.8125,19.423828125,0.0
2023-06-01 14:16:11.850424,21.149999618530273,86030.640625,19.423828125,0.0
2023-06-01 14:16:12.850481,21.149999618530273,86030.578125,19.400390625,0.0
2023-06-01 14:16:13.850168,21.149999618530273,86032.390625,19.400390625,0.0
2023-06-01 14:16:14.851118,21.149999618530273,86030.90625,19.400390625,0.0
2023-06-01 14:16:15.859358,21.149999618530273,86033.28125,19.400390625,0.0
2023-06-01 14:16:16.856024,21.149999618530273,86034.078125,19.388671875,0.0
2023-06-01 14:16:17.853097,21.149999618530273,86033.546875,19.376953125,0.0
2023-06-01 14:16:18.857229,21.149999618530273,86034.234375,19.388671875,0.0
2023-06-01 14:16:19.853150,21.149999618530273,86033.21875,19.376953125,0.0
2023-06-01 14:16:20.859013,21.149999618530273,86034.046875,19.376953125,0.0
2023-06-01 14:16:21.859595,21.15999984741211,86034.3046875,19.376953125,0.0
2023-06-01 14:16:22.858220,21.149999618530273,86032.125,19.365234375,0.0
2023-06-01 14:16:23.870150,21.149999618530273,86033.7109375,19.353515625,0.0
2023-06-01 14:16:24.857963,21.149999618530273,86034.5703125,19.341796875,0.0
2023-06-01 14:16:25.859642,21.149999618530273,86033.875,19.341796875,0.0
2023-06-01 14:16:26.860708,21.139999389648438,86031.828125,19.3525390625,0.0
2023-06-01 14:16:27.860896,21.149999618530273,86033.546875,19.330078125,0.0
2023-06-01 14:16:28.870071,21.149999618530273,86033.453125,19.318359375,0.0
2023-06-01 14:16:29.867822,21.149999618530273,86033.3828125,19.318359375,0.0
2023-06-01 14:16:30.862118,21.149999618530273,86031.765625,19.341796875,0.0
2023-06-01 14:16:31.869393,21.149999618530273,86032.953125,19.341796875,0.0
2023-06-01 14:16:32.871254,21.149999618530273,86033.0546875,19.341796875,0.0
2023-06-01 14:16:33.868315,21.149999618530273,86032.1953125,19.3642578125,0.0
2023-06-01 14:16:34.874076,21.149999618530273,86032.75,19.376953125,0.0
2023-06-01 14:16:35.870821,21.149999618530273,86033.75,19.376953125,0.0
2023-06-01 14:16:36.872980,21.149999618530273,86032.296875,19.365234375,0.0
2023-06-01 14:16:37.873370,21.149999618530273,86034.046875,19.341796875,0.0
2023-06-01 14:16:38.877010,21.149999618530273,86031.2734375,19.306640625,0.0
2023-06-01 14:16:39.874447,21.149999618530273,86033.25,19.306640625,0.0
2023-06-01 14:16:40.873156,21.149999618530273,86035.5625,19.306640625,0.0
2023-06-01 14:16:41.872668,21.149999618530273,86033.609375,19.306640625,0.0
2023-06-01 14:16:42.874709,21.149999618530273,86033.28125,19.318359375,0.0
2023-06-01 14:16:43.877177,21.149999618530273,86031.4375,19.318359375,0.0
2023-06-01 14:16:44.877599,21.15999984741211,86034.96875,19.318359375,0.0
2023-06-01 14:16:45.875984,21.15999984741211,86035.125,19.306640625,0.0
2023-06-01 14:16:46.877367,21.149999618530273,86033.0859375,19.318359375,0.0
2023-06-01 14:16:47.877996,21.139999389648438,86032.4921875,19.3173828125,0.0
2023-06-01 14:16:48.883172,21.149999618530273,86032.890625,19.330078125,0.0
2023-06-01 14:16:49.879358,21.149999618530273,86032.75,19.353515625,0.0
2023-06-01 14:16:50.881463,21.149999618530273,86033.90625,19.388671875,0.0
2023-06-01 14:16:51.881065,21.149999618530273,86031.140625,19.376953125,0.0
2023-06-01 14:16:52.883678,21.15999984741211,86034.171875,19.376953125,0.0
2023-06-01 14:16:53.883421,21.15999984741211,86031.3359375,19.376953125,0.0
2023-06-01 14:16:54.883948,21.149999618530273,86032.890625,19.400390625,0.0
2023-06-01 14:16:55.888201,21.149999618530273,86031.140625,19.412109375,0.0
2023-06-01 14:16:56.887582,21.15999984741211,86033.484375,19.412109375,0.0
2023-06-01 14:16:57.885420,21.15999984741211,86032.390625,19.4013671875,0.0
2023-06-01 14:16:58.887152,21.15999984741211,86033.515625,19.388671875,0.0
2023-06-01 14:16:59.888174,21.149999618530273,86032.953125,19.376953125,0.0
2023-06-01 14:17:00.889530,21.149999618530273,86030.609375,19.376953125,0.0
2023-06-01 14:17:01.892939,21.149999618530273,86034.6015625,19.365234375,0.0
2023-06-01 14:17:02.893437,21.149999618530273,86034.6015625,19.341796875,0.0
2023-06-01 14:17:03.892527,21.15999984741211,86033.484375,19.330078125,0.0
2023-06-01 14:17:04.894762,21.15999984741211,86036.15625,19.341796875,0.0
2023-06-01 14:17:05.895396,21.15999984741211,86033.3125,19.353515625,0.0
2023-06-01 14:17:06.895741,21.15999984741211,86034.0078125,19.365234375,0.0
2023-06-01 14:17:07.893802,21.15999984741211,86033.84375,19.365234375,0.0
2023-06-01 14:17:08.894293,21.149999618530273,86031.765625,19.376953125,0.0
2023-06-01 14:17:09.896520,21.149999618530273,86032.09375,19.388671875,0.0
2023-06-01 14:17:10.899151,21.149999618530273,86035.59375,19.388671875,0.0
2023-06-01 14:17:11.902419,21.149999618530273,86032.953125,19.376953125,0.0
2023-06-01 14:17:12.900380,21.15999984741211,86034.171875,19.341796875,0.0
2023-06-01 14:17:13.902230,21.149999618530273,86032.453125,19.330078125,0.0
2023-06-01 14:17:14.900515,21.149999618530273,86032.0625,19.330078125,0.0
2023-06-01 14:17:15.905906,21.149999618530273,86033.578125,19.330078125,0.0
2023-06-01 14:17:16.903658,21.149999618530273,86034.203125,19.341796875,0.0
2023-06-01 14:17:17.903192,21.149999618530273,86034.90625,19.353515625,0.0
2023-06-01 14:17:18.907231,21.149999618530273,86033.84375,19.3642578125,0.0
2023-06-01 14:17:19.906836,21.139999389648438,86032.984375,19.3759765625,0.0
2023-06-01 14:17:20.904863,21.139999389648438,86033.609375,19.3876953125,0.0
2023-06-01 14:17:21.908973,21.139999389648438,86035.4609375,19.3994140625,0.0
2023-06-01 14:17:22.907560,21.139999389648438,86033.1171875,19.3994140625,0.0
2023-06-01 14:17:23.909988,21.139999389648438,86033.484375,19.4111328125,0.0
2023-06-01 14:17:24.913269,21.149999618530273,86033.6796875,19.4228515625,0.0
2023-06-01 14:17:25.911463,21.139999389648438,86034.46875,19.4580078125,0.0
2023-06-01 14:17:26.910611,21.149999618530273,86035.328125,19.5166015625,0.0
2023-06-01 14:17:27.914511,21.149999618530273,86033.1875,19.5634765625,0.0
2023-06-01 14:17:28.915165,21.149999618530273,86034.5390625,19.576171875,0.0
2023-06-01 14:17:29.913117,21.149999618530273,86034.375,19.552734375,0.0
2023-06-01 14:17:30.913858,21.149999618530273,86033.875,19.552734375,0.08094999939203262
2023-06-01 14:17:31.914330,21.149999618530273,86032.921875,19.576171875,0.0
2023-06-01 14:17:32.919369,21.149999618530273,86034.40625,19.564453125,0.0
2023-06-01 14:17:33.915494,21.149999618530273,86035.7578125,19.529296875,0.0
2023-06-01 14:17:34.919053,21.149999618530273,86036.421875,19.505859375,0.0
2023-06-01 14:17:35.920952,21.15999984741211,86034.3046875,19.505859375,0.0
2023-06-01 14:17:36.918597,21.15999984741211,86033.8125,19.505859375,0.0
2023-06-01 14:17:37.921348,21.15999984741211,86036.8125,19.494140625,0.0
2023-06-01 14:17:38.927779,21.15999984741211,86035.53125,19.4599609375,0.0
2023-06-01 14:17:39.924101,21.170000076293945,86031.71875,19.4248046875,0.0
2023-06-01 14:17:40.925478,21.170000076293945,86035.71875,19.4248046875,0.0
2023-06-01 14:17:41.928856,21.170000076293945,86034.6328125,19.3779296875,0.0
2023-06-01 14:17:42.924001,21.170000076293945,86033.3125,19.4013671875,0.0
2023-06-01 14:17:43.926663,21.170000076293945,86036.375,19.4130859375,0.0
2023-06-01 14:17:44.929386,21.18000030517578,86034.59375,19.4365234375,0.0
2023-06-01 14:17:45.926414,21.18000030517578,86034.625,19.4248046875,0.0
2023-06-01 14:17:46.926251,21.18000030517578,86033.34375,19.4248046875,0.0
2023-06-01 14:17:47.931964,21.18000030517578,86035.6171875,19.4248046875,0.0
2023-06-01 14:17:48.930856,21.190000534057617,86035.0859375,19.42578125,0.0
2023-06-01 14:17:49.929320,21.18000030517578,86033.3125,19.4130859375,0.0
2023-06-01 14:17:50.930624,21.18000030517578,86035.578125,19.4130859375,0.0
2023-06-01 14:17:51.935653,21.18000030517578,86033.109375,19.4013671875,0.0
2023-06-01 14:17:52.938045,21.18000030517578,86033.140625,19.4013671875,0.0
2023-06-01 14:17:53.933749,21.18000030517578,86033.109375,19.4013671875,0.0
2023-06-01 14:17:54.936487,21.170000076293945,86035.390625,19.4013671875,0.0
2023-06-01 14:17:55.936579,21.18000030517578,86031.65625,19.4013671875,0.0
2023-06-01 14:17:56.937773,21.18000030517578,86032.15625,19.4013671875,0.0
2023-06-01 14:17:57.939372,21.18000030517578,86036.4375,19.4130859375,0.0
2023-06-01 14:17:58.939775,21.18000030517578,86032.9453125,19.4248046875,0.0
2023-06-01 14:17:59.940300,21.18000030517578,86036.578125,19.4365234375,0.0
2023-06-01 14:18:00.941673,21.18000030517578,86036.609375,19.4365234375,0.0
2023-06-01 14:18:01.939661,21.18000030517578,86033.765625,19.4365234375,0.0
2023-06-01 14:18:02.944164,21.18000030517578,86036.078125,19.4365234375,0.0
2023-06-01 14:18:03.946359,21.18000030517578,86033.3125,19.4365234375,0.0
2023-06-01 14:18:04.946288,21.18000030517578,86034.953125,19.4365234375,0.0
2023-06-01 14:18:05.948211,21.18000030517578,86035.125,19.4716796875,0.0
2023-06-01 14:18:06.943912,21.18000030517578,86033.28125,19.4833984375,0.0
2023-06-01 14:18:07.948485,21.18000030517578,86034.09375,19.4951171875,0.0
2023-06-01 14:18:08.945582,21.170000076293945,86034.0625,19.4951171875,0.0
2023-06-01 14:18:09.950415,21.170000076293945,86031.828125,19.4951171875,0.0
2023-06-01 14:18:10.949946,21.170000076293945,86035.0625,19.4833984375,0.0
2023-06-01 14:18:11.952355,21.18000030517578,86036.078125,19.4716796875,0.0
2023-06-01 14:18:12.949051,21.170000076293945,86035.0234375,19.4482421875,0.0
2023-06-01 14:18:13.950620,21.170000076293945,86032.15625,19.4365234375,0.0
2023-06-01 14:18:14.951949,21.15999984741211,86034.8984375,19.4248046875,0.0
2023-06-01 14:18:15.957032,21.170000076293945,86033.96875,19.4130859375,0.0
2023-06-01 14:18:16.953807,21.170000076293945,86035.09375,19.4248046875,0.0
2023-06-01 14:18:17.954700,21.170000076293945,86034.890625,19.4599609375,0.0
2023-06-01 14:18:18.957418,21.170000076293945,86033.40625,19.4599609375,0.0
2023-06-01 14:18:19.957073,21.170000076293945,86034.3984375,19.5185546875,0.0
2023-06-01 14:18:20.958340,21.18000030517578,86035.09375,19.5419921875,0.0
2023-06-01 14:18:21.958864,21.18000030517578,86034.6875,19.6123046875,0.0
2023-06-01 14:18:22.957845,21.18000030517578,86032.84375,19.73046875,0.0
2023-06-01 14:18:23.958824,21.18000030517578,86034.984375,19.70703125,0.0
2023-06-01 14:18:24.959806,21.18000030517578,86037.0,19.625,0.0
2023-06-01 14:18:25.962858,21.190000534057617,86035.75,19.6484375,0.0
2023-06-01 14:18:26.965551,21.190000534057617,86034.5625,19.66015625,0.0
2023-06-01 14:18:27.965377,21.200000762939453,86034.421875,19.56640625,0.0
2023-06-01 14:18:28.965275,21.200000762939453,86037.71875,19.53125,0.0
2023-06-01 14:18:29.966641,21.209999084472656,86034.359375,19.5087890625,0.0
2023-06-01 14:18:30.967730,21.209999084472656,86037.0,19.4853515625,0.0
2023-06-01 14:18:31.973315,21.219999313354492,86034.2578125,19.4736328125,0.0
2023-06-01 14:18:32.976337,21.219999313354492,86036.765625,19.4736328125,0.0
2023-06-01 14:18:33.967992,21.219999313354492,86034.09375,19.5087890625,0.0
2023-06-01 14:18:34.970667,21.219999313354492,86032.875,19.4970703125,0.0
2023-06-01 14:18:35.972790,21.229999542236328,86038.515625,19.4853515625,0.0
2023-06-01 14:18:36.976338,21.239999771118164,86038.546875,19.474609375,0.0
2023-06-01 14:18:37.976970,21.229999542236328,86036.46875,19.4619140625,0.0
2023-06-01 14:18:38.975016,21.239999771118164,86038.34375,19.462890625,0.0
2023-06-01 14:18:39.978429,21.239999771118164,86035.046875,19.462890625,0.0
2023-06-01 14:18:40.976670,21.239999771118164,86034.875,19.498046875,0.0
2023-06-01 14:18:41.974998,21.239999771118164,86035.078125,19.521484375,0.0
2023-06-01 14:18:42.974867,21.239999771118164,86039.53125,19.568359375,0.0
2023-06-01 14:18:43.979512,21.25,86033.09375,19.697265625,0.0
2023-06-01 14:18:44.983765,21.25,86034.8125,19.791015625,0.0
2023-06-01 14:18:45.988771,21.25,86036.6640625,19.744140625,0.0
2023-06-01 14:18:46.987605,21.25,86037.7109375,19.697265625,0.0
2023-06-01 14:18:47.981130,21.25,86035.4375,19.685546875,0.0
2023-06-01 14:18:48.984689,21.260000228881836,86036.453125,19.7685546875,0.0
2023-06-01 14:18:49.982652,21.25,86036.2265625,19.814453125,0.0
2023-06-01 14:18:50.986967,21.260000228881836,86036.125,19.8271484375,0.0
2023-06-01 14:18:51.985073,21.260000228881836,86032.828125,19.8740234375,0.0
2023-06-01 14:18:52.994040,21.270000457763672,86036.921875,19.8271484375,0.0
2023-06-01 14:18:53.990407,21.260000228881836,86032.921875,19.7802734375,0.0
2023-06-01 14:18:54.989230,21.270000457763672,86036.25,19.7216796875,0.0
2023-06-01 14:18:55.987844,21.270000457763672,86036.015625,19.6748046875,0.0
2023-06-01 14:18:56.989821,21.270000457763672,86035.03125,19.6865234375,0.0
2023-06-01 14:18:57.994929,21.270000457763672,86033.875,19.8271484375,0.0
2023-06-01 14:18:58.988203,21.270000457763672,86035.6875,19.8974609375,0.0
2023-06-01 14:18:59.993336,21.280000686645508,86035.59375,19.8515625,0.0
2023-06-01 14:19:00.991001,21.280000686645508,86035.453125,19.72265625,0.0
2023-06-01 14:19:01.992183,21.280000686645508,86037.109375,19.6875,0.0
2023-06-01 14:19:02.991432,21.280000686645508,86036.609375,19.640625,0.0
2023-06-01 14:19:03.993306,21.280000686645508,86036.84375,19.6171875,0.0
2023-06-01 14:19:04.994913,21.290000915527344,86035.71875,19.7578125,0.0
2023-06-01 14:19:05.997078,21.290000915527344,86034.234375,19.6171875,0.0
2023-06-01 14:19:06.995919,21.290000915527344,86038.5625,19.5234375,0.0
2023-06-01 14:19:07.995127,21.290000915527344,86035.625,19.4765625,0.0
2023-06-01 14:19:08.996996,21.299999237060547,86037.5,19.453125,0.0
2023-06-01 14:19:10.001773,21.309999465942383,86034.984375,19.4306640625,0.0
2023-06-01 14:19:11.003004,21.309999465942383,86035.8125,19.4072265625,0.0
2023-06-01 14:19:12.003301,21.309999465942383,86035.515625,19.3955078125,0.0
2023-06-01 14:19:13.004424,21.309999465942383,86034.6875,19.3837890625,0.0
2023-06-01 14:19:14.003256,21.309999465942383,86037.0,19.4189453125,0.0
2023-06-01 14:19:15.003690,21.309999465942383,86036.078125,19.3955078125,0.0
2023-06-01 14:19:16.006060,21.31999969482422,86035.609375,19.3955078125,0.0
2023-06-01 14:19:17.008982,21.31999969482422,86035.15625,19.3955078125,0.0
2023-06-01 14:19:18.004288,21.31999969482422,86035.1875,19.4423828125,0.0
2023-06-01 14:19:19.006480,21.31999969482422,86034.65625,19.5478515625,0.0
2023-06-01 14:19:20.005792,21.329999923706055,86035.25,19.572265625,0.0
2023-06-01 14:19:21.011200,21.329999923706055,86037.0625,19.572265625,0.0
2023-06-01 14:19:22.010455,21.329999923706055,86035.4765625,19.607421875,0.0
2023-06-01 14:19:23.013259,21.34000015258789,86036.203125,19.537109375,0.0
2023-06-01 14:19:24.011577,21.34000015258789,86037.390625,19.443359375,0.0
2023-06-01 14:19:25.015078,21.34000015258789,86032.6328125,19.4443359375,0.0
2023-06-01 14:19:26.019697,21.34000015258789,86035.109375,19.4794921875,0.0
2023-06-01 14:19:27.014973,21.34000015258789,86033.4921875,19.5498046875,0.0
2023-06-01 14:19:28.019982,21.34000015258789,86034.28125,19.6083984375,0.0
2023-06-01 14:19:29.017082,21.350000381469727,86035.703125,19.6083984375,0.0
2023-06-01 14:19:30.014427,21.350000381469727,86033.2265625,19.6318359375,0.0
2023-06-01 14:19:31.016326,21.350000381469727,86032.703125,19.5849609375,0.0
2023-06-01 14:19:32.020372,21.350000381469727,86031.4453125,19.5615234375,0.0
2023-06-01 14:19:33.018187,21.360000610351562,86035.0078125,19.5732421875,0.0
2023-06-01 14:19:34.019602,21.360000610351562,86033.5234375,19.5029296875,0.0
2023-06-01 14:19:35.019969,21.360000610351562,86034.21875,19.4560546875,0.0
2023-06-01 14:19:36.019077,21.3700008392334,86035.265625,19.4326171875,0.0
2023-06-01 14:19:37.022269,21.3700008392334,86034.671875,19.4453125,0.0
2023-06-01 14:19:38.023404,21.3700008392334,86034.2109375,19.43359375,0.0
2023-06-01 14:19:39.022293,21.3700008392334,86035.6640625,19.41015625,0.0
2023-06-01 14:19:40.022328,21.3700008392334,86035.171875,19.4453125,0.0
2023-06-01 14:19:41.023498,21.3700008392334,86037.8125,19.43359375,0.0
2023-06-01 14:19:42.023681,21.3799991607666,86035.921875,19.38671875,0.0
2023-06-01 14:19:43.028141,21.3799991607666,86035.5,19.375,0.0
2023-06-01 14:19:44.029786,21.3799991607666,86033.8125,19.3515625,0.0
2023-06-01 14:19:45.026414,21.389999389648438,86036.09375,19.328125,0.0
2023-06-01 14:19:46.030588,21.3799991607666,86032.4921875,19.3515625,0.0
2023-06-01 14:19:47.032856,21.389999389648438,86037.375,19.328125,0.0
2023-06-01 14:19:48.036678,21.389999389648438,86035.859375,19.31640625,0.0
2023-06-01 14:19:49.034677,21.389999389648438,86034.5703125,19.31640625,0.0
2023-06-01 14:19:50.035824,21.389999389648438,86032.59375,19.29296875,0.0
2023-06-01 14:19:51.034001,21.389999389648438,86038.0703125,19.3046875,0.0
2023-06-01 14:19:52.034166,21.389999389648438,86036.5859375,19.31640625,0.0
2023-06-01 14:19:53.033770,21.389999389648438,86035.09375,19.31640625,0.0
2023-06-01 14:19:54.039517,21.389999389648438,86034.765625,19.328125,0.0
2023-06-01 14:19:55.035123,21.389999389648438,86036.125,19.3876953125,0.0
2023-06-01 14:19:56.039202,21.389999389648438,86033.1171875,19.4111328125,0.0
2023-06-01 14:19:57.039765,21.399999618530273,86033.1875,19.3759765625,0.0
2023-06-01 14:19:58.039596,21.399999618530273,86034.734375,19.3291015625,0.0
2023-06-01 14:19:59.038207,21.399999618530273,86036.0234375,19.3291015625,0.0
2023-06-01 14:20:00.041141,21.399999618530273,86036.0234375,19.3173828125,0.0
2023-06-01 14:20:01.039946,21.399999618530273,86035.828125,19.3408203125,0.0
2023-06-01 14:20:02.041417,21.399999618530273,86033.109375,19.3525390625,0.0
2023-06-01 14:20:03.042355,21.40999984741211,86034.3046875,19.3173828125,0.0
2023-06-01 14:20:04.045811,21.399999618530273,86033.25,19.3056640625,0.0
2023-06-01 14:20:05.046656,21.399999618530273,86032.953125,19.2939453125,0.0
2023-06-01 14:20:06.048620,21.399999618530273,86032.125,19.3056640625,0.0
2023-06-01 14:20:07.048133,21.399999618530273,86034.6015625,19.4580078125,0.0
2023-06-01 14:20:08.048436,21.40999984741211,86035.0234375,19.3994140625,0.0
2023-06-01 14:20:09.052072,21.40999984741211,86034.6953125,19.4228515625,0.0
2023-06-01 14:20:10.051329,21.40999984741211,86036.703125,19.3408203125,0.0
2023-06-01 14:20:11.051052,21.40999984741211,86033.5703125,19.3056640625,0.0
2023-06-01 14:20:12.050727,21.40999984741211,86035.71875,19.2822265625,0.0
2023-06-01 14:20:13.055678,21.40999984741211,86034.59375,19.271484375,0.0
2023-06-01 14:20:14.050822,21.40999984741211,86037.3984375,19.283203125,0.0
2023-06-01 14:20:15.068812,21.40999984741211,86035.578125,19.318359375,0.0
2023-06-01 14:20:16.054948,21.420000076293945,86035.546875,19.353515625,0.0
2023-06-01 14:20:17.057200,21.420000076293945,86034.890625,19.376953125,0.0
2023-06-01 14:20:18.055068,21.43000030517578,86033.6015625,19.435546875,0.0
2023-06-01 14:20:19.073967,21.420000076293945,86037.203125,19.494140625,0.0
2023-06-01 14:20:20.058700,21.43000030517578,86034.453125,19.447265625,0.0
2023-06-01 14:20:21.059392,21.43000030517578,86033.6328125,19.412109375,0.0
2023-06-01 14:20:22.058809,21.43000030517578,86034.1875,19.4248046875,0.0
2023-06-01 14:20:23.062035,21.440000534057617,86037.359375,19.4716796875,0.0
2023-06-01 14:20:24.060007,21.440000534057617,86036.53125,19.5185546875,0.0
2023-06-01 14:20:25.068555,21.43000030517578,86036.34375,19.5185546875,0.0
2023-06-01 14:20:26.063664,21.43000030517578,86033.171875,19.505859375,0.0
2023-06-01 14:20:27.064992,21.43000030517578,86035.0859375,19.517578125,0.0
2023-06-01 14:20:28.076649,21.43000030517578,86035.9453125,19.505859375,0.0
2023-06-01 14:20:29.067503,21.43000030517578,86036.171875,19.4716796875,0.0
2023-06-01 14:20:30.071117,21.43000030517578,86033.4375,19.423828125,0.0
2023-06-01 14:20:31.076203,21.43000030517578,86035.28125,19.412109375,0.0
2023-06-01 14:20:32.072182,21.420000076293945,86035.0546875,19.412109375,0.0
2023-06-01 14:20:33.068285,21.420000076293945,86032.078125,19.482421875,0.0
2023-06-01 14:20:34.070538,21.420000076293945,86034.2265625,19.541015625,0.0
2023-06-01 14:20:35.077328,21.43000030517578,86037.09375,19.658203125,0.0
2023-06-01 14:20:36.074282,21.420000076293945,86037.03125,19.587890625,0.0
2023-06-01 14:20:37.072607,21.420000076293945,86034.4921875,19.505859375,0.0
2023-06-01 14:20:38.074383,21.420000076293945,86032.484375,19.505859375,0.0
2023-06-01 14:20:39.077610,21.420000076293945,86032.015625,19.564453125,0.0
2023-06-01 14:20:40.073541,21.420000076293945,86035.78125,19.740234375,0.0
2023-06-01 14:20:41.078554,21.40999984741211,86034.6953125,19.916015625,0.0
2023-06-01 14:20:42.079383,21.420000076293945,86034.65625,20.021484375,0.0
2023-06-01 14:20:43.078593,21.420000076293945,86033.828125,19.939453125,0.0
2023-06-01 14:20:44.080395,21.40999984741211,86033.4375,19.775390625,0.0
2023-06-01 14:20:45.081744,21.40999984741211,86037.0390625,19.693359375,0.0
2023-06-01 14:20:46.078742,21.40999984741211,86032.578125,19.587890625,0.0
2023-06-01 14:20:47.085017,21.420000076293945,86032.1875,19.494140625,0.0
2023-06-01 14:20:48.085772,21.420000076293945,86032.34375,19.447265625,0.0
2023-06-01 14:20:49.085630,21.420000076293945,86035.515625,19.412109375,0.0
2023-06-01 14:20:50.083016,21.420000076293945,86037.03125,19.376953125,0.0
2023-06-01 14:20:51.082969,21.43000030517578,86034.7890625,19.353515625,0.0
2023-06-01 14:20:52.085276,21.43000030517578,86032.609375,19.330078125,0.0
2023-06-01 14:20:53.088433,21.43000030517578,86036.6015625,19.318359375,0.0
2023-06-01 14:20:54.090172,21.43000030517578,86034.15625,19.318359375,0.0
2023-06-01 14:20:55.092229,21.43000030517578,86033.46875,19.318359375,0.0
2023-06-01 14:20:56.086309,21.43000030517578,86035.1171875,19.330078125,0.0
2023-06-01 14:20:57.098736,21.43000030517578,86034.625,19.400390625,0.0
2023-06-01 14:20:58.087836,21.440000534057617,86034.8828125,19.4013671875,0.0
2023-06-01 14:20:59.091538,21.440000534057617,86036.046875,19.341796875,0.0
2023-06-01 14:21:00.099365,21.440000534057617,86033.890625,19.353515625,0.0
2023-06-01 14:21:01.095531,21.43000030517578,86032.546875,19.330078125,0.0
2023-06-01 14:21:02.092244,21.440000534057617,86034.75,19.306640625,0.0
2023-06-01 14:21:03.096668,21.440000534057617,86036.765625,19.2841796875,0.0
2023-06-01 14:21:04.096352,21.440000534057617,86036.6015625,19.2958984375,0.0
2023-06-01 14:21:05.096833,21.440000534057617,86034.984375,19.2958984375,0.0
2023-06-01 14:21:06.096466,21.440000534057617,86034.125,19.3076171875,0.0
2023-06-01 14:21:07.097665,21.440000534057617,86032.7734375,19.318359375,0.0
2023-06-01 14:21:08.100898,21.440000534057617,86033.5,19.3310546875,0.0
2023-06-01 14:21:09.100374,21.450000762939453,86035.1796875,19.3076171875,0.0
2023-06-01 14:21:10.103780,21.440000534057617,86033.0,19.3427734375,0.0
2023-06-01 14:21:11.102065,21.450000762939453,86036.6640625,19.3662109375,0.0
2023-06-01 14:21:12.104768,21.440000534057617,86033.625,19.4482421875,0.0
2023-06-01 14:21:13.104821,21.440000534057617,86036.140625,19.5302734375,0.0
2023-06-01 14:21:14.104530,21.440000534057617,86035.1484375,19.4716796875,0.0
2023-06-01 14:21:15.104544,21.450000762939453,86035.671875,19.4833984375,0.0
2023-06-01 14:21:16.103756,21.450000762939453,86035.1796875,19.4599609375,0.0
2023-06-01 14:21:17.103771,21.440000534057617,86035.1484375,19.5068359375,0.0
2023-06-01 14:21:18.108141,21.450000762939453,86036.3671875,19.56640625,0.0
2023-06-01 14:21:19.108500,21.440000534057617,86032.671875,19.4951171875,0.0
2023-06-01 14:21:20.112049,21.450000762939453,86032.90625,19.4833984375,0.0
2023-06-01 14:21:21.109894,21.450000762939453,86034.5859375,19.4365234375,0.0
2023-06-01 14:21:22.114171,21.450000762939453,86035.2421875,19.4248046875,0.0
2023-06-01 14:21:23.113085,21.450000762939453,86034.84375,19.4248046875,0.0
2023-06-01 14:21:24.109722,21.440000534057617,86038.1171875,19.4248046875,0.0
2023-06-01 14:21:25.112611,21.440000534057617,86033.171875,19.4013671875,0.0
2023-06-01 14:21:26.116823,21.450000762939453,86034.421875,19.4599609375,0.0
2023-06-01 14:21:27.113360,21.450000762939453,86036.0,19.4951171875,0.0
2023-06-01 14:21:28.114561,21.440000534057617,86033.265625,19.5419921875,0.0
2023-06-01 14:21:29.113961,21.440000534057617,86035.9375,19.5654296875,0.0
2023-06-01 14:21:30.118279,21.440000534057617,86036.234375,19.5419921875,0.0
2023-06-01 14:21:31.119795,21.43000030517578,86035.515625,19.4951171875,0.0
2023-06-01 14:21:32.115886,21.43000030517578,86035.15625,19.447265625,0.0
2023-06-01 14:21:33.119084,21.420000076293945,86036.375,19.423828125,0.0
2023-06-01 14:21:34.120305,21.43000030517578,86036.5703125,19.365234375,0.0
2023-06-01 14:21:35.124275,21.43000030517578,86035.28125,19.341796875,0.0
2023-06-01 14:21:36.119606,21.43000030517578,86033.9296875,19.330078125,0.0
2023-06-01 14:21:37.124621,21.420000076293945,86032.375,19.341796875,0.0
2023-06-01 14:21:38.123241,21.420000076293945,86034.0625,19.341796875,0.0
2023-06-01 14:21:39.125507,21.420000076293945,86035.421875,19.341796875,0.0
2023-06-01 14:21:40.123490,21.43000030517578,86035.609375,19.412109375,0.0
2023-06-01 14:21:41.123272,21.43000030517578,86034.953125,19.541015625,0.0
2023-06-01 14:21:42.126116,21.43000030517578,86037.328125,19.6123046875,0.0
2023-06-01 14:21:43.127992,21.440000534057617,86034.921875,19.4716796875,0.0
2023-06-01 14:21:44.133592,21.440000534057617,86036.4375,19.3896484375,0.0
2023-06-01 14:21:45.128844,21.450000762939453,86037.15625,19.6015625,0.0
2023-06-01 14:21:46.130609,21.450000762939453,86035.734375,19.671875,0.0
2023-06-01 14:21:47.131209,21.459999084472656,86035.34375,19.5302734375,0.0
2023-06-01 14:21:48.130286,21.459999084472656,86034.6875,19.54296875,0.16189999878406525
2023-06-01 14:21:49.138941,21.469999313354492,86033.8203125,19.51953125,0.24285000562667847
2023-06-01 14:21:50.135517,21.479999542236328,86035.9296875,19.5556640625,0.24285000562667847
2023-06-01 14:21:51.133294,21.489999771118164,86035.125,19.4736328125,0.3237999975681305
2023-06-01 14:21:52.136958,21.5,86034.5,19.4033203125,0.24285000562667847
2023-06-01 14:21:53.139275,21.5,86037.171875,19.3447265625,0.24285000562667847
2023-06-01 14:21:54.136423,21.5,86036.578125,19.322265625,0.3237999975681305
2023-06-01 14:21:55.139095,21.510000228881836,86034.3984375,19.310546875,0.3237999975681305
2023-06-01 14:21:56.140932,21.520000457763672,86037.234375,19.287109375,0.48570001125335693
2023-06-01 14:21:57.139935,21.520000457763672,86035.84375,19.251953125,0.48570001125335693
2023-06-01 14:21:58.137709,21.530000686645508,86034.625,19.2294921875,0.647599995136261
2023-06-01 14:21:59.140248,21.540000915527344,86036.203125,19.2529296875,0.647599995136261
2023-06-01 14:22:00.145872,21.549999237060547,86034.9140625,19.265625,0.647599995136261
2023-06-01 14:22:01.145024,21.559999465942383,86035.703125,19.3125,0.647599995136261
2023-06-01 14:22:02.142097,21.56999969482422,86034.84375,19.3828125,0.5666499733924866
2023-06-01 14:22:03.148585,21.579999923706055,86034.7734375,19.4423828125,0.48570001125335693
2023-06-01 14:22:04.150072,21.579999923706055,86034.46875,19.4541015625,0.4047500193119049
2023-06-01 14:22:05.145779,21.59000015258789,86036.9140625,19.5009765625,0.4047500193119049
2023-06-01 14:22:06.148584,21.59000015258789,86034.140625,19.513671875,0.3237999975681305
2023-06-01 14:22:07.149481,21.600000381469727,86036.7109375,19.572265625,0.3237999975681305
2023-06-01 14:22:08.150288,21.610000610351562,86031.859375,19.525390625,0.3237999975681305
2023-06-01 14:22:09.147014,21.610000610351562,86033.015625,19.501953125,0.24285000562667847
2023-06-01 14:22:10.149935,21.6200008392334,86033.5703125,19.7138671875,0.24285000562667847
2023-06-01 14:22:11.150753,21.6200008392334,86035.25,19.7841796875,0.24285000562667847
2023-06-01 14:22:12.149967,21.6200008392334,86034.4609375,19.6787109375,0.16189999878406525
2023-06-01 14:22:13.152199,21.6299991607666,86035.3515625,19.6435546875,0.16189999878406525
2023-06-01 14:22:14.155654,21.6299991607666,86036.203125,19.62109375,0.08094999939203262
2023-06-01 14:22:15.159278,21.6299991607666,86036.078125,19.609375,0.0
2023-06-01 14:22:16.159603,21.6200008392334,86035.3203125,19.5849609375,0.0
2023-06-01 14:22:17.154538,21.6200008392334,86033.96875,19.5263671875,0.0
2023-06-01 14:22:18.154317,21.6299991607666,86034.1953125,19.5732421875,0.0
2023-06-01 14:22:19.158860,21.6299991607666,86035.78125,19.5859375,0.08094999939203262
2023-06-01 14:22:20.159066,21.6299991607666,86036.5703125,19.50390625,0.08094999939203262
2023-06-01 14:22:21.161683,21.6299991607666,86032.7734375,19.4326171875,0.0
2023-06-01 14:22:22.159829,21.6299991607666,86035.515625,19.4208984375,0.08094999939203262
2023-06-01 14:22:23.163490,21.6299991607666,86036.703125,19.3974609375,0.08094999939203262
2023-06-01 14:22:24.161536,21.6200008392334,86033.96875,19.4091796875,0.16189999878406525
2023-06-01 14:22:25.163991,21.6299991607666,86033.3671875,19.4326171875,0.08094999939203262
2023-06-01 14:22:26.171041,21.6299991607666,86035.546875,19.4677734375,0.0
2023-06-01 14:22:27.163810,21.6299991607666,86035.453125,19.4443359375,0.08094999939203262
2023-06-01 14:22:28.167515,21.639999389648438,86034.6875,19.4443359375,0.0
2023-06-01 14:22:29.167576,21.639999389648438,86034.421875,19.43359375,0.0
2023-06-01 14:22:30.166051,21.649999618530273,86034.25,19.421875,0.0
2023-06-01 14:22:31.178556,21.65999984741211,86039.265625,19.3876953125,0.0
2023-06-01 14:22:32.173349,21.65999984741211,86034.375,19.3876953125,0.0
2023-06-01 14:22:33.179358,21.65999984741211,86031.40625,19.375,0.0
2023-06-01 14:22:34.168938,21.65999984741211,86035.203125,19.375,0.0
2023-06-01 14:22:35.172717,21.670000076293945,86034.171875,19.4931640625,0.0
2023-06-01 14:22:36.172790,21.68000030517578,86035.53125,19.599609375,0.0
2023-06-01 14:22:37.173092,21.690000534057617,86033.015625,19.576171875,0.0
2023-06-01 14:22:38.174858,21.690000534057617,86035.8203125,19.494140625,0.0
2023-06-01 14:22:39.176754,21.690000534057617,86035.65625,19.447265625,0.0
2023-06-01 14:22:40.175167,21.690000534057617,86033.5078125,19.470703125,0.0
2023-06-01 14:22:41.177265,21.690000534057617,86036.046875,19.365234375,0.0
2023-06-01 14:22:42.175313,21.690000534057617,86030.765625,19.306640625,0.0
2023-06-01 14:22:43.176777,21.690000534057617,86033.734375,19.330078125,0.0
2023-06-01 14:22:44.182191,21.690000534057617,86031.4609375,19.318359375,0.0
2023-06-01 14:22:45.183296,21.700000762939453,86033.5,19.294921875,0.0
2023-06-01 14:22:46.181550,21.700000762939453,86033.234375,19.271484375,0.0
2023-06-01 14:22:47.183388,21.709999084472656,86033.96875,19.2490234375,0.0
2023-06-01 14:22:48.183975,21.709999084472656,86031.8203125,19.2373046875,0.0
2023-06-01 14:22:49.188812,21.709999084472656,86031.8515625,19.2021484375,0.08094999939203262
2023-06-01 14:22:50.183516,21.709999084472656,86032.546875,19.2021484375,0.08094999939203262
2023-06-01 14:22:51.185438,21.719999313354492,86031.25,19.2255859375,0.0
2023-06-01 14:22:52.186600,21.719999313354492,86034.125,19.2490234375,0.0
2023-06-01 14:22:53.183634,21.729999542236328,86033.75,19.30859375,0.0
2023-06-01 14:22:54.190734,21.729999542236328,86034.1484375,19.33203125,0.0
2023-06-01 14:22:55.185328,21.729999542236328,86034.1484375,19.2734375,0.0
2023-06-01 14:22:56.195088,21.739999771118164,86034.671875,19.26171875,0.0
2023-06-01 14:22:57.192267,21.739999771118164,86035.5625,19.28515625,0.0
2023-06-01 14:22:58.189505,21.739999771118164,86034.90625,19.28515625,0.0
2023-06-01 14:22:59.192291,21.75,86034.8359375,19.26171875,0.0
2023-06-01 14:23:00.193529,21.75,86033.984375,19.2734375,0.0
2023-06-01 14:23:01.189975,21.760000228881836,86035.5625,19.2392578125,0.0
2023-06-01 14:23:02.195962,21.760000228881836,86034.40625,19.2158203125,0.0
2023-06-01 14:23:03.195046,21.760000228881836,86032.984375,19.2392578125,0.0
2023-06-01 14:23:04.199522,21.760000228881836,86036.484375,19.2626953125,0.0
2023-06-01 14:23:05.198951,21.770000457763672,86035.03125,19.2861328125,0.0
2023-06-01 14:23:06.196512,21.770000457763672,86034.4375,19.2744140625,0.0
2023-06-01 14:23:07.197665,21.770000457763672,86034.0703125,19.2626953125,0.0
2023-06-01 14:23:08.196853,21.770000457763672,86034.1015625,19.2392578125,0.0
2023-06-01 14:23:09.203397,21.780000686645508,86035.484375,19.2275390625,0.0
2023-06-01 14:23:10.198120,21.780000686645508,86031.5625,19.1923828125,0.0
2023-06-01 14:23:11.203836,21.780000686645508,86032.9375,19.181640625,0.0
2023-06-01 14:23:12.202029,21.780000686645508,86033.765625,19.169921875,0.0
2023-06-01 14:23:13.204495,21.780000686645508,86031.625,19.158203125,0.0
2023-06-01 14:23:14.205918,21.790000915527344,86031.421875,19.169921875,0.0
2023-06-01 14:23:15.203811,21.799999237060547,86033.1015625,19.240234375,0.0
2023-06-01 14:23:16.214185,21.799999237060547,86033.828125,19.3466796875,0.0
2023-06-01 14:23:17.203756,21.799999237060547,86033.46875,19.369140625,0.0
2023-06-01 14:23:18.206439,21.799999237060547,86033.390625,19.3349609375,0.0
2023-06-01 14:23:19.207392,21.809999465942383,86033.75,19.3818359375,0.0
2023-06-01 14:23:20.210767,21.809999465942383,86034.1171875,19.3818359375,0.0
2023-06-01 14:23:21.210650,21.809999465942383,86035.6015625,19.3818359375,0.0
2023-06-01 14:23:22.208849,21.81999969482422,86033.8828125,19.34765625,0.0
2023-06-01 14:23:23.210645,21.809999465942383,86032.359375,19.3125,0.0
2023-06-01 14:23:24.210056,21.81999969482422,86033.25,19.30078125,0.0
2023-06-01 14:23:25.210425,21.81999969482422,86033.6484375,19.2646484375,0.0
2023-06-01 14:23:26.215713,21.81999969482422,86033.484375,19.2646484375,0.0
2023-06-01 14:23:27.212222,21.829999923706055,86031.5625,19.21875,0.0
2023-06-01 14:23:28.218134,21.829999923706055,86032.2578125,19.265625,0.0
2023-06-01 14:23:29.214725,21.829999923706055,86034.703125,19.27734375,0.0
2023-06-01 14:23:30.216764,21.829999923706055,86033.90625,19.265625,0.0
2023-06-01 14:23:31.218568,21.829999923706055,86035.265625,19.2421875,0.0
2023-06-01 14:23:32.220281,21.84000015258789,86033.015625,19.2890625,0.0
2023-06-01 14:23:33.219021,21.84000015258789,86033.34375,19.34765625,0.0
2023-06-01 14:23:34.218560,21.84000015258789,86032.75,19.27734375,0.0
2023-06-01 14:23:35.221812,21.84000015258789,86035.53125,19.23046875,0.0
2023-06-01 14:23:36.223159,21.850000381469727,86032.453125,19.1953125,0.0
2023-06-01 14:23:37.224739,21.850000381469727,86036.015625,19.1845703125,0.0
2023-06-01 14:23:38.220868,21.850000381469727,86033.140625,19.171875,0.0
2023-06-01 14:23:39.228090,21.860000610351562,86034.5625,19.1845703125,0.0
2023-06-01 14:23:40.224217,21.860000610351562,86031.984375,19.1611328125,0.0
2023-06-01 14:23:41.227684,21.860000610351562,86032.640625,19.1494140625,0.0
2023-06-01 14:23:42.231098,21.8700008392334,86031.0546875,19.1259765625,0.0
2023-06-01 14:23:43.231435,21.8700008392334,86034.09375,19.1142578125,0.0
2023-06-01 14:23:44.232120,21.8700008392334,86031.484375,19.1025390625,0.0
2023-06-01 14:23:45.230120,21.8700008392334,86031.6484375,19.1142578125,0.0
2023-06-01 14:23:46.230947,21.8799991607666,86031.6796875,19.1025390625,0.0
2023-06-01 14:23:47.232654,21.8799991607666,86034.3515625,19.126953125,0.0
2023-06-01 14:23:48.235405,21.8799991607666,86033.65625,19.126953125,0.0
2023-06-01 14:23:49.232719,21.8799991607666,86031.609375,19.115234375,0.0
2023-06-01 14:23:50.233414,21.889999389648438,86032.5,19.103515625,0.0
2023-06-01 14:23:51.238913,21.889999389648438,86029.6875,19.103515625,0.0
2023-06-01 14:23:52.233620,21.889999389648438,86029.359375,19.103515625,0.0
2023-06-01 14:23:53.235041,21.889999389648438,86033.0234375,19.080078125,0.0
2023-06-01 14:23:54.236045,21.899999618530273,86034.90625,19.068359375,0.0
2023-06-01 14:23:55.235982,21.899999618530273,86032.7578125,19.056640625,0.0
2023-06-01 14:23:56.238194,21.899999618530273,86031.3359375,19.033203125,0.0
2023-06-01 14:23:57.238880,21.899999618530273,86031.5,19.021484375,0.0
2023-06-01 14:23:58.244474,21.90999984741211,86035.53125,19.009765625,0.0
2023-06-01 14:23:59.244438,21.90999984741211,86032.8828125,19.009765625,0.0
2023-06-01 14:24:00.242564,21.90999984741211,86032.65625,18.9873046875,0.0
2023-06-01 14:24:01.242176,21.90999984741211,86033.1484375,18.9873046875,0.0
2023-06-01 14:24:02.243427,21.920000076293945,86032.6875,18.9873046875,0.0
2023-06-01 14:24:03.244263,21.920000076293945,86032.0859375,18.9873046875,0.0
2023-06-01 14:24:04.244086,21.93000030517578,86032.484375,18.9638671875,0.0
2023-06-01 14:24:05.249565,21.93000030517578,86034.1953125,18.9638671875,0.0
2023-06-01 14:24:06.243827,21.93000030517578,86032.7421875,18.9638671875,0.0
2023-06-01 14:24:07.245073,21.93000030517578,86030.59375,18.9638671875,0.0
2023-06-01 14:24:08.246927,21.940000534057617,86031.15625,18.953125,0.0
2023-06-01 14:24:09.246695,21.940000534057617,86029.40625,18.96484375,0.0
2023-06-01 14:24:10.254359,21.940000534057617,86032.375,18.9765625,0.0
2023-06-01 14:24:11.253304,21.950000762939453,86030.953125,18.98828125,0.0
2023-06-01 14:24:12.252858,21.950000762939453,86028.5390625,19.0126953125,0.0
2023-06-01 14:24:13.252312,21.959999084472656,86031.5,19.0595703125,0.0
2023-06-01 14:24:14.255787,21.969999313354492,86032.5234375,19.1533203125,0.0
2023-06-01 14:24:15.253101,21.969999313354492,86030.875,19.189453125,0.0
2023-06-01 14:24:16.254441,21.979999542236328,86032.484375,19.224609375,0.0
2023-06-01 14:24:17.255666,21.969999313354492,86029.9765625,19.248046875,0.0
2023-06-01 14:24:18.254508,21.979999542236328,86031.359375,19.248046875,0.0
2023-06-01 14:24:19.259824,21.979999542236328,86032.75,19.2490234375,0.0
2023-06-01 14:24:20.256252,21.989999771118164,86029.375,19.2255859375,0.0
2023-06-01 14:24:21.258448,21.989999771118164,86029.203125,19.2021484375,0.0
2023-06-01 14:24:22.260009,22.0,86030.265625,19.1904296875,0.0
2023-06-01 14:24:23.266591,22.0,86029.6015625,19.1669921875,0.0
2023-06-01 14:24:24.275442,22.0,86030.6875,19.1552734375,0.0
2023-06-01 14:24:25.277251,22.010000228881836,86030.71875,19.1669921875,0.0
2023-06-01 14:24:26.261703,22.010000228881836,86032.109375,19.3203125,0.0
2023-06-01 14:24:27.271251,22.010000228881836,86030.3203125,19.4384765625,0.0
2023-06-01 14:24:28.271699,22.010000228881836,86034.09375,19.40234375,0.0
2023-06-01 14:24:29.275382,22.020000457763672,86028.703125,19.37890625,0.0
2023-06-01 14:24:30.267013,22.020000457763672,86028.8984375,19.34375,0.0
2023-06-01 14:24:31.273664,22.030000686645508,86030.6484375,19.3212890625,0.0
2023-06-01 14:24:32.266727,22.030000686645508,86030.1875,19.2861328125,0.0
2023-06-01 14:24:33.279587,22.030000686645508,86031.203125,19.1796875,0.0
2023-06-01 14:24:34.270810,22.040000915527344,86032.984375,19.1455078125,0.0
2023-06-01 14:24:35.278275,22.040000915527344,86029.6796875,19.1337890625,0.0
2023-06-01 14:24:36.274634,22.049999237060547,86030.5625,19.1220703125,0.0
2023-06-01 14:24:37.270632,22.049999237060547,86030.625,19.1103515625,0.08094999939203262
2023-06-01 14:24:38.273872,22.049999237060547,86027.828125,19.0986328125,0.08094999939203262
2023-06-01 14:24:39.281005,22.059999465942383,86031.21875,19.0986328125,0.0
2023-06-01 14:24:40.279386,22.059999465942383,86034.0625,19.205078125,0.0
2023-06-01 14:24:41.282480,22.06999969482422,86032.5,19.2763671875,0.0
2023-06-01 14:24:42.275349,22.079999923706055,86030.8125,19.4052734375,0.0
2023-06-01 14:24:43.278048,22.079999923706055,86029.03125,19.4052734375,0.0
2023-06-01 14:24:44.285925,22.079999923706055,86030.078125,19.4521484375,0.0
2023-06-01 14:24:45.279479,22.09000015258789,86030.3125,19.55859375,0.0
2023-06-01 14:24:46.278305,22.09000015258789,86032.03125,19.51171875,0.0
2023-06-01 14:24:47.284650,22.09000015258789,86030.203125,19.48828125,0.0
2023-06-01 14:24:48.285929,22.100000381469727,86029.640625,19.4892578125,0.0
2023-06-01 14:24:49.280934,22.100000381469727,86027.6875,19.4541015625,0.0
2023-06-01 14:24:50.289591,22.100000381469727,86029.84375,19.806640625,0.0
2023-06-01 14:24:51.286840,22.110000610351562,86027.296875,20.1943359375,0.0
2023-06-01 14:24:52.285613,22.110000610351562,86031.5859375,19.947265625,0.0
2023-06-01 14:24:53.291061,22.1200008392334,86028.90625,19.888671875,0.0
2023-06-01 14:24:54.284636,22.1200008392334,86027.3125,19.9013671875,0.0
2023-06-01 14:24:55.285150,22.1299991607666,86029.359375,19.841796875,0.08094999939203262
2023-06-01 14:24:56.287836,22.1299991607666,86029.390625,19.794921875,0.16189999878406525
2023-06-01 14:24:57.286655,22.1299991607666,86031.078125,19.8544921875,0.0
2023-06-01 14:24:58.286663,22.139999389648438,86029.3203125,19.8544921875,0.08094999939203262
2023-06-01 14:24:59.297237,22.149999618530273,86032.71875,20.748046875,0.0
2023-06-01 14:25:00.292775,22.149999618530273,86030.0078125,21.0537109375,0.0
2023-06-01 14:25:01.295456,22.149999618530273,86032.65625,21.0537109375,0.0
2023-06-01 14:25:02.292064,22.15999984741211,86030.4375,20.9599609375,0.0
2023-06-01 14:25:03.293153,22.170000076293945,86029.640625,20.712890625,0.0
2023-06-01 14:25:04.294823,22.18000030517578,86029.4375,20.4677734375,0.0
2023-06-01 14:25:05.296871,22.18000030517578,86029.6015625,20.291015625,0.0
2023-06-01 14:25:06.296826,22.18000030517578,86029.796875,20.291015625,0.08094999939203262
2023-06-01 14:25:07.295066,22.190000534057617,86029.1328125,21.1494140625,0.0
2023-06-01 14:25:08.298081,22.190000534057617,86029.984375,21.748046875,0.0
2023-06-01 14:25:09.298595,22.200000762939453,86029.25,21.8896484375,0.0
2023-06-01 14:25:10.297884,22.200000762939453,86031.9609375,22.11328125,0.24285000562667847
2023-06-01 14:25:11.304040,22.209999084472656,86029.046875,21.6552734375,0.3237999975681305
2023-06-01 14:25:12.299439,22.209999084472656,86031.203125,21.220703125,0.24285000562667847
2023-06-01 14:25:13.304385,22.219999313354492,86030.9921875,21.126953125,0.0
2023-06-01 14:25:14.306437,22.229999542236328,86029.765625,20.822265625,0.0
2023-06-01 14:25:15.305688,22.219999313354492,86028.078125,20.6923828125,0.0
2023-06-01 14:25:16.305923,22.229999542236328,86030.828125,20.5400390625,0.0
2023-06-01 14:25:17.308978,22.239999771118164,86028.078125,20.2353515625,0.0
2023-06-01 14:25:18.303681,22.239999771118164,86030.421875,19.953125,0.0
2023-06-01 14:25:19.305295,22.239999771118164,86028.2421875,19.7529296875,0.0
2023-06-01 14:25:20.309138,22.25,86027.375,19.6357421875,0.0
2023-06-01 14:25:21.306504,22.25,86027.078125,19.5888671875,0.0
2023-06-01 14:25:22.308346,22.260000228881836,86029.328125,20.201171875,0.0
2023-06-01 14:25:23.308016,22.260000228881836,86029.21875,20.1064453125,0.0
2023-06-01 14:25:24.310334,22.260000228881836,86027.0703125,19.9892578125,0.0
2023-06-01 14:25:25.311339,22.270000457763672,86027.9609375,19.9189453125,0.0
2023-06-01 14:25:26.313029,22.270000457763672,86024.921875,19.908203125,0.0
2023-06-01 14:25:27.315325,22.280000686645508,86028.78125,19.978515625,0.0
2023-06-01 14:25:28.313734,22.280000686645508,86028.9375,20.189453125,0.08094999939203262
2023-06-01 14:25:29.314324,22.280000686645508,86027.84375,20.484375,0.16189999878406525
2023-06-01 14:25:30.314213,22.280000686645508,86029.828125,20.5546875,0.0
2023-06-01 14:25:31.315076,22.290000915527344,86029.953125,20.671875,0.08094999939203262
2023-06-01 14:25:32.316686,22.290000915527344,86029.828125,20.6728515625,0.0
2023-06-01 14:25:33.319835,22.299999237060547,86027.7734375,20.6728515625,0.0
2023-06-01 14:25:34.319283,22.309999465942383,86027.3125,20.6728515625,0.0
2023-06-01 14:25:35.319747,22.309999465942383,86028.9609375,20.6845703125,0.0
2023-06-01 14:25:36.321057,22.309999465942383,86029.6875,20.3798828125,0.0
2023-06-01 14:25:37.319304,22.31999969482422,86032.2890625,20.2392578125,0.08094999939203262
2023-06-01 14:25:38.319896,22.31999969482422,86029.15625,20.3447265625,0.08094999939203262
2023-06-01 14:25:39.324445,22.329999923706055,86027.421875,20.673828125,0.16189999878406525
2023-06-01 14:25:40.326244,22.34000015258789,86029.5390625,20.8857421875,0.0
2023-06-01 14:25:41.325461,22.34000015258789,86029.5390625,20.921875,0.0
2023-06-01 14:25:42.329763,22.350000381469727,86032.7734375,20.7451171875,0.0
2023-06-01 14:25:43.329115,22.350000381469727,86030.5546875,20.5576171875,0.0
2023-06-01 14:25:44.325571,22.350000381469727,86027.90625,20.4638671875,0.0
2023-06-01 14:25:45.329824,22.360000610351562,86026.484375,20.3583984375,0.0
2023-06-01 14:25:46.327083,22.360000610351562,86028.1953125,20.1708984375,0.0
2023-06-01 14:25:47.330976,22.3700008392334,86029.1171875,20.087890625,0.0
2023-06-01 14:25:48.334404,22.3799991607666,86026.8984375,20.0888671875,0.0
2023-06-01 14:25:49.329793,22.389999389648438,86030.1953125,21.2998046875,0.0
2023-06-01 14:25:50.335816,22.389999389648438,86028.9375,22.0166015625,0.0
2023-06-01 14:25:51.333169,22.399999618530273,86033.53125,22.099609375,0.0
2023-06-01 14:25:52.333470,22.40999984741211,86030.75,22.2529296875,0.0
2023-06-01 14:25:53.336385,22.40999984741211,86031.0078125,22.5341796875,0.0
2023-06-01 14:25:54.337453,22.420000076293945,86030.2421875,22.3115234375,0.0
2023-06-01 14:25:55.338207,22.420000076293945,86031.0703125,21.3828125,0.0
2023-06-01 14:25:56.337836,22.43000030517578,86032.15625,20.83203125,0.0
2023-06-01 14:25:57.336910,22.43000030517578,86030.234375,20.384765625,0.0
2023-06-01 14:25:58.339535,22.440000534057617,86031.7109375,20.138671875,0.0
2023-06-01 14:25:59.342213,22.450000762939453,86029.6875,20.091796875,0.0
2023-06-01 14:26:00.339968,22.459999084472656,86028.09375,20.056640625,0.0
2023-06-01 14:26:01.342824,22.459999084472656,86029.2890625,20.0576171875,0.0
2023-06-01 14:26:02.345040,22.459999084472656,86030.8125,19.869140625,0.08094999939203262
2023-06-01 14:26:03.342863,22.469999313354492,86031.703125,19.7041015625,0.0
2023-06-01 14:26:04.343565,22.469999313354492,86030.5703125,19.798828125,0.0
2023-06-01 14:26:05.345435,22.479999542236328,86031.359375,19.9755859375,0.0
2023-06-01 14:26:06.343096,22.489999771118164,86029.53125,20.19921875,0.0
2023-06-01 14:26:07.346508,22.5,86028.2734375,20.08203125,0.0
2023-06-01 14:26:08.348469,22.5,86033.125,19.8115234375,0.0
2023-06-01 14:26:09.349194,22.510000228881836,86031.90625,19.6357421875,0.0
2023-06-01 14:26:10.347787,22.510000228881836,86031.9609375,19.4599609375,0.0
2023-06-01 14:26:11.350908,22.520000457763672,86031.53125,19.294921875,0.0
2023-06-01 14:26:12.348149,22.520000457763672,86031.890625,19.212890625,0.0
2023-06-01 14:26:13.349858,22.520000457763672,86031.03125,19.083984375,0.0
2023-06-01 14:26:14.351571,22.530000686645508,86032.28125,19.0126953125,0.0
2023-06-01 14:26:15.354440,22.530000686645508,86031.65625,18.978515625,0.08094999939203262
2023-06-01 14:26:16.354569,22.530000686645508,86030.390625,18.990234375,0.0
2023-06-01 14:26:17.356179,22.540000915527344,86028.609375,18.978515625,0.0
2023-06-01 14:26:18.355028,22.549999237060547,86031.7109375,18.978515625,0.0
2023-06-01 14:26:19.364179,22.549999237060547,86029.921875,18.955078125,0.0
2023-06-01 14:26:20.356487,22.549999237060547,86029.09375,18.884765625,0.0
2023-06-01 14:26:21.359006,22.559999465942383,86031.171875,18.837890625,0.0
2023-06-01 14:26:22.360640,22.559999465942383,86030.375,18.826171875,0.0
2023-06-01 14:26:23.363266,22.56999969482422,86029.90625,20.2265625,0.0
2023-06-01 14:26:24.361498,22.579999923706055,86034.0703125,21.0498046875,0.0
2023-06-01 14:26:25.365410,22.579999923706055,86029.9375,20.12109375,0.0
2023-06-01 14:26:26.361115,22.579999923706055,86031.1875,19.6748046875,0.08094999939203262
2023-06-01 14:26:27.361554,22.579999923706055,86029.203125,19.451171875,0.08094999939203262
2023-06-01 14:26:28.362751,22.59000015258789,86030.65625,19.2509765625,0.0
2023-06-01 14:26:29.368922,22.600000381469727,86028.7265625,19.0986328125,0.0
2023-06-01 14:26:30.374240,22.600000381469727,86028.921875,18.9814453125,0.0
2023-06-01 14:26:31.377472,22.600000381469727,86029.09375,18.8984375,0.0
2023-06-01 14:26:32.372024,22.610000610351562,86030.671875,18.8525390625,0.0
2023-06-01 14:26:33.367249,22.610000610351562,86030.375,18.81640625,0.0
2023-06-01 14:26:34.376824,22.610000610351562,86030.5703125,18.8876953125,0.0
2023-06-01 14:26:35.374358,22.6200008392334,86026.828125,19.158203125,0.0
2023-06-01 14:26:36.377481,22.6200008392334,86030.03125,19.3466796875,0.0
2023-06-01 14:26:37.374139,22.6299991607666,86030.234375,19.123046875,0.0
2023-06-01 14:26:38.373538,22.6299991607666,86032.46875,19.017578125,0.0
2023-06-01 14:26:39.374864,22.639999389648438,86029.921875,19.0654296875,0.0
2023-06-01 14:26:40.376893,22.639999389648438,86029.265625,18.9482421875,0.0
2023-06-01 14:26:41.374988,22.649999618530273,86029.5234375,18.818359375,0.0
2023-06-01 14:26:42.379445,22.649999618530273,86029.421875,18.759765625,0.0
2023-06-01 14:26:43.379977,22.65999984741211,86031.0,18.748046875,0.0
2023-06-01 14:26:44.380272,22.65999984741211,86030.8671875,18.748046875,0.0
2023-06-01 14:26:45.378883,22.65999984741211,86029.875,18.736328125,0.0
2023-06-01 14:26:46.377148,22.670000076293945,86031.421875,18.7490234375,0.0
2023-06-01 14:26:47.377567,22.670000076293945,86031.015625,18.7373046875,0.0
2023-06-01 14:26:48.378326,22.670000076293945,86026.71875,18.7373046875,0.0
2023-06-01 14:26:49.384247,22.68000030517578,86028.734375,18.6787109375,0.0
2023-06-01 14:26:50.386631,22.68000030517578,86029.765625,18.6552734375,0.0
2023-06-01 14:26:51.385745,22.68000030517578,86030.5859375,18.6318359375,0.0
2023-06-01 14:26:52.383017,22.68000030517578,86028.828125,18.6552734375,0.0
2023-06-01 14:26:53.386827,22.68000030517578,86028.46875,18.5966796875,0.0
2023-06-01 14:26:54.385887,22.690000534057617,86030.6796875,18.5498046875,0.0
2023-06-01 14:26:55.390180,22.690000534057617,86028.0625,18.5380859375,0.0
2023-06-01 14:26:56.392885,22.700000762939453,86031.296875,18.5498046875,0.0
2023-06-01 14:26:57.393990,22.700000762939453,86029.6796875,18.5849609375,0.0
2023-06-01 14:26:58.393282,22.700000762939453,86029.3828125,18.5380859375,0.0
2023-06-01 14:26:59.395667,22.700000762939453,86027.890625,18.5029296875,0.0
2023-06-01 14:27:00.391567,22.709999084472656,86027.625,18.4677734375,0.08094999939203262
2023-06-01 14:27:01.390170,22.709999084472656,86031.8515625,18.45703125,0.0
2023-06-01 14:27:02.393062,22.709999084472656,86029.5078125,18.4443359375,0.0
2023-06-01 14:27:03.392935,22.719999313354492,86031.75,18.4443359375,0.08094999939203262
2023-06-01 14:27:04.391885,22.719999313354492,86028.609375,18.45703125,0.0
2023-06-01 14:27:05.395290,22.729999542236328,86030.0234375,18.4921875,0.0
2023-06-01 14:27:06.393925,22.739999771118164,86029.296875,18.6689453125,0.0
2023-06-01 14:27:07.399241,22.739999771118164,86029.1875,18.810546875,0.0
2023-06-01 14:27:08.395703,22.75,86032.09375,18.8935546875,0.0
2023-06-01 14:27:09.399072,22.75,86028.6796875,18.9521484375,0.0
2023-06-01 14:27:10.396180,22.760000228881836,86032.40625,19.12890625,0.0
2023-06-01 14:27:11.401196,22.770000457763672,86031.734375,19.2119140625,0.0
2023-06-01 14:27:12.398955,22.770000457763672,86030.9140625,19.2705078125,0.0
2023-06-01 14:27:13.404492,22.770000457763672,86027.28125,19.330078125,0.0
2023-06-01 14:27:14.401105,22.780000686645508,86029.9140625,19.4365234375,0.0
2023-06-01 14:27:15.400223,22.790000915527344,86029.96875,19.58984375,0.16189999878406525
2023-06-01 14:27:16.410596,22.799999237060547,86029.171875,19.7080078125,0.0
2023-06-01 14:27:17.409035,22.81999969482422,86031.96875,19.779296875,0.0
2023-06-01 14:27:18.409031,22.809999465942383,86032.2734375,19.6494140625,0.16189999878406525
2023-06-01 14:27:19.405732,22.81999969482422,86029.890625,19.6025390625,0.0
2023-06-01 14:27:20.404867,22.81999969482422,86029.09375,19.40234375,0.0
2023-06-01 14:27:21.407571,22.829999923706055,86027.09375,19.2265625,0.0
2023-06-01 14:27:22.408728,22.84000015258789,86026.953125,19.0498046875,0.0
2023-06-01 14:27:23.410744,22.860000610351562,86030.671875,18.921875,0.08094999939203262
2023-06-01 14:27:24.409311,22.860000610351562,86032.890625,18.88671875,0.08094999939203262
2023-06-01 14:27:25.412274,22.8700008392334,86027.828125,18.8505859375,0.0
2023-06-01 14:27:26.410004,22.8700008392334,86026.6953125,18.88671875,0.0
2023-06-01 14:27:27.410675,22.8799991607666,86030.265625,18.83984375,0.0
2023-06-01 14:27:28.412199,22.8799991607666,86024.8984375,18.78125,0.0
2023-06-01 14:27:29.412364,22.889999389648438,86028.5703125,18.69921875,0.0
2023-06-01 14:27:30.419541,22.889999389648438,86029.3984375,18.69921875,0.0
2023-06-01 14:27:31.414566,22.889999389648438,86032.296875,18.734375,0.0
2023-06-01 14:27:32.417256,22.899999618530273,86024.421875,18.72265625,0.08094999939203262
2023-06-01 14:27:33.415195,22.899999618530273,86026.640625,18.6640625,0.0
2023-06-01 14:27:34.416251,22.90999984741211,86027.4921875,18.7705078125,0.08094999939203262
2023-06-01 14:27:35.424552,22.90999984741211,86023.578125,19.1240234375,0.0
2023-06-01 14:27:36.423566,22.90999984741211,86029.6015625,19.0419921875,0.16189999878406525
2023-06-01 14:27:37.423446,22.920000076293945,86025.359375,18.9951171875,0.16189999878406525
2023-06-01 14:27:38.423436,22.920000076293945,86026.578125,18.9716796875,0.0
2023-06-01 14:27:39.425681,22.93000030517578,86025.625,18.888671875,0.0
2023-06-01 14:27:40.424082,22.93000030517578,86024.859375,18.841796875,0.0
2023-06-01 14:27:41.423974,22.940000534057617,86024.75,18.654296875,0.0
2023-06-01 14:27:42.426880,22.940000534057617,86025.609375,18.572265625,0.0
2023-06-01 14:27:43.425681,22.940000534057617,86025.5078125,18.5478515625,0.0
2023-06-01 14:27:44.430210,22.950000762939453,86025.703125,18.4775390625,0.0
2023-06-01 14:27:45.424863,22.950000762939453,86026.953125,18.431640625,0.0
2023-06-01 14:27:46.428779,22.959999084472656,86025.5,18.455078125,0.0
2023-06-01 14:27:47.427030,22.959999084472656,86025.421875,18.501953125,0.0
2023-06-01 14:27:48.429694,22.969999313354492,86026.3125,18.466796875,0.0
2023-06-01 14:27:49.429178,22.969999313354492,86026.375,18.466796875,0.0
2023-06-01 14:27:50.432418,22.979999542236328,86028.59375,18.455078125,0.0
2023-06-01 14:27:51.435637,22.979999542236328,86025.75,18.419921875,0.0
2023-06-01 14:27:52.432267,22.979999542236328,86028.953125,18.337890625,0.08094999939203262
2023-06-01 14:27:53.432171,22.979999542236328,86027.328125,18.291015625,0.0
2023-06-01 14:27:54.432578,22.989999771118164,86025.234375,18.291015625,0.0
2023-06-01 14:27:55.434980,22.989999771118164,86025.140625,18.279296875,0.0
2023-06-01 14:27:56.433776,23.0,86027.3125,18.314453125,0.0
2023-06-01 14:27:57.438689,23.0,86026.0546875,18.3154296875,0.0
2023-06-01 14:27:58.440563,23.0,86026.546875,18.3271484375,0.0
2023-06-01 14:27:59.439417,23.010000228881836,86027.765625,18.3037109375,0.0
2023-06-01 14:28:00.441235,23.010000228881836,86028.4921875,18.2802734375,0.0
2023-06-01 14:28:01.440461,23.010000228881836,86027.171875,18.2685546875,0.0
2023-06-01 14:28:02.438192,23.010000228881836,86025.515625,18.2451171875,0.0
2023-06-01 14:28:03.440471,23.020000457763672,86027.890625,18.2451171875,0.0
2023-06-01 14:28:04.449331,23.020000457763672,86028.09375,18.1982421875,0.0
2023-06-01 14:28:05.443464,23.020000457763672,86026.796875,18.2099609375,0.0
2023-06-01 14:28:06.442577,23.030000686645508,86025.5390625,18.2099609375,0.0
2023-06-01 14:28:07.445495,23.030000686645508,86027.359375,18.1982421875,0.0
2023-06-01 14:28:08.448499,23.030000686645508,86026.53125,18.1279296875,0.0
2023-06-01 14:28:09.448471,23.030000686645508,86028.25,18.0927734375,0.0
2023-06-01 14:28:10.445795,23.030000686645508,86028.109375,18.0693359375,0.0
2023-06-01 14:28:11.450850,23.030000686645508,86027.453125,18.0810546875,0.0
2023-06-01 14:28:12.448917,23.040000915527344,86028.8046875,18.0693359375,0.0
2023-06-01 14:28:13.450155,23.049999237060547,86028.765625,18.0576171875,0.0
2023-06-01 14:28:14.452385,23.049999237060547,86027.7734375,18.0341796875,0.08094999939203262
2023-06-01 14:28:15.450488,23.049999237060547,86029.15625,18.0458984375,0.0
2023-06-01 14:28:16.453691,23.049999237060547,86027.3046875,18.0458984375,0.0
2023-06-01 14:28:17.454876,23.059999465942383,86027.765625,18.400390625,0.0
2023-06-01 14:28:18.453138,23.059999465942383,86028.421875,18.6826171875,0.0
2023-06-01 14:28:19.456904,23.059999465942383,86027.484375,18.6826171875,0.0
2023-06-01 14:28:20.461492,23.06999969482422,86026.75,18.8359375,0.0
2023-06-01 14:28:21.459022,23.06999969482422,86027.578125,19.0595703125,0.0
2023-06-01 14:28:22.466107,23.06999969482422,86025.984375,19.166015625,0.0
2023-06-01 14:28:23.475025,23.079999923706055,86026.1875,19.119140625,0.0
2023-06-01 14:28:24.457764,23.079999923706055,86028.234375,18.943359375,0.0
2023-06-01 14:28:25.469363,23.079999923706055,86028.53125,18.9423828125,0.0
2023-06-01 14:28:26.463593,23.079999923706055,86027.265625,18.63671875,0.0
2023-06-01 14:28:27.466079,23.079999923706055,86027.4375,18.4248046875,0.0
2023-06-01 14:28:28.474190,23.09000015258789,86024.8515625,18.271484375,0.0
2023-06-01 14:28:29.482600,23.09000015258789,86028.03125,18.212890625,0.0
2023-06-01 14:28:30.466460,23.100000381469727,86028.421875,18.177734375,0.0
2023-06-01 14:28:31.465233,23.100000381469727,86026.296875,18.130859375,0.0
2023-06-01 14:28:32.467018,23.100000381469727,86027.1875,18.119140625,0.0
2023-06-01 14:28:33.480666,23.110000610351562,86027.21875,18.1552734375,0.0
2023-06-01 14:28:34.468113,23.110000610351562,86027.4453125,18.1904296875,0.0
2023-06-01 14:28:35.471524,23.110000610351562,86028.796875,18.2724609375,0.0
2023-06-01 14:28:36.474180,23.1200008392334,86028.0625,18.34375,0.0
2023-06-01 14:28:37.469167,23.1200008392334,86030.0234375,18.390625,0.0
2023-06-01 14:28:38.472039,23.1200008392334,86027.765625,18.4619140625,0.0
2023-06-01 14:28:39.473391,23.1299991607666,86025.1484375,18.4736328125,0.0
2023-06-01 14:28:40.472350,23.1299991607666,86025.015625,18.3916015625,0.0
2023-06-01 14:28:41.471456,23.1299991607666,86029.21875,18.2734375,0.0
2023-06-01 14:28:42.480734,23.139999389648438,86026.1328125,18.3212890625,0.0
2023-06-01 14:28:43.475846,23.139999389648438,86027.65625,18.439453125,0.0
2023-06-01 14:28:44.475108,23.149999618530273,86027.046875,18.439453125,0.0
2023-06-01 14:28:45.486219,23.149999618530273,86028.0703125,18.462890625,0.0
2023-06-01 14:28:46.480901,23.149999618530273,86027.640625,18.439453125,0.0
2023-06-01 14:28:47.478840,23.149999618530273,86028.59375,18.2744140625,0.0
2023-06-01 14:28:48.479492,23.149999618530273,86028.140625,18.203125,0.0
2023-06-01 14:28:49.481168,23.15999984741211,86027.53125,18.1923828125,0.0
2023-06-01 14:28:50.486993,23.15999984741211,86028.5,18.2509765625,0.0
2023-06-01 14:28:51.485501,23.170000076293945,86028.453125,18.2392578125,0.0
2023-06-01 14:28:52.483052,23.170000076293945,86028.015625,18.275390625,0.0
2023-06-01 14:28:53.492358,23.170000076293945,86026.640625,18.2275390625,0.0
2023-06-01 14:28:54.483194,23.170000076293945,86026.234375,18.2041015625,0.0
2023-06-01 14:28:55.486417,23.170000076293945,86028.3828125,18.2158203125,0.0
2023-06-01 14:28:56.486370,23.18000030517578,86026.296875,18.1455078125,0.0
2023-06-01 14:28:57.489430,23.18000030517578,86028.640625,18.0986328125,0.0
2023-06-01 14:28:58.489098,23.18000030517578,86025.6875,18.0634765625,0.0
2023-06-01 14:28:59.492030,23.18000030517578,86029.0,18.111328125,0.0
2023-06-01 14:29:00.488530,23.190000534057617,86028.59375,18.0634765625,0.0
2023-06-01 14:29:01.492023,23.190000534057617,86026.640625,18.064453125,0.0
2023-06-01 14:29:02.490878,23.200000762939453,86027.828125,18.064453125,0.0
2023-06-01 14:29:03.492750,23.200000762939453,86028.4921875,18.0166015625,0.08094999939203262
2023-06-01 14:29:04.492530,23.200000762939453,86026.90625,18.0166015625,0.16189999878406525
2023-06-01 14:29:05.495832,23.209999084472656,86029.4453125,17.9931640625,0.08094999939203262
2023-06-01 14:29:06.496401,23.200000762939453,86026.765625,17.9580078125,0.08094999939203262
2023-06-01 14:29:07.492500,23.200000762939453,86030.2421875,17.9814453125,0.0
2023-06-01 14:29:08.493620,23.209999084472656,86028.34375,17.970703125,0.0
2023-06-01 14:29:09.501843,23.209999084472656,86027.390625,17.982421875,0.0
2023-06-01 14:29:10.496800,23.209999084472656,86027.8828125,17.970703125,0.0
2023-06-01 14:29:11.500686,23.219999313354492,86028.90625,17.970703125,0.0
2023-06-01 14:29:12.497995,23.219999313354492,86028.640625,17.994140625,0.0
2023-06-01 14:29:13.497927,23.219999313354492,86024.5,18.1240234375,0.0
2023-06-01 14:29:14.499704,23.229999542236328,86027.234375,18.30078125,0.0
2023-06-01 14:29:15.507257,23.229999542236328,86028.453125,18.4072265625,0.08094999939203262
2023-06-01 14:29:16.500705,23.229999542236328,86027.296875,18.4658203125,0.0
2023-06-01 14:29:17.503075,23.239999771118164,86029.84375,18.3837890625,0.0
2023-06-01 14:29:18.508517,23.239999771118164,86029.1796875,18.25390625,0.0
2023-06-01 14:29:19.503846,23.239999771118164,86028.0234375,18.27734375,0.0
2023-06-01 14:29:20.504386,23.25,86028.1484375,18.2666015625,0.0
2023-06-01 14:29:21.505778,23.25,86030.4921875,18.1728515625,0.0
2023-06-01 14:29:22.509356,23.25,86027.546875,18.08984375,0.16189999878406525
2023-06-01 14:29:23.507691,23.260000228881836,86031.7421875,18.1845703125,0.16189999878406525
2023-06-01 14:29:24.509674,23.260000228881836,86028.59375,18.5263671875,0.0
2023-06-01 14:29:25.512366,23.270000457763672,86026.90625,18.974609375,0.0
2023-06-01 14:29:26.510093,23.270000457763672,86027.921875,19.1865234375,0.0
2023-06-01 14:29:27.511318,23.270000457763672,86029.578125,18.974609375,0.0
2023-06-01 14:29:28.510008,23.270000457763672,86028.6171875,18.8681640625,0.0
2023-06-01 14:29:29.510336,23.270000457763672,86028.0625,18.73828125,0.0
2023-06-01 14:29:30.513073,23.280000686645508,86028.3515625,18.6328125,0.0
2023-06-01 14:29:31.515113,23.270000457763672,86029.1171875,18.5380859375,0.0
2023-06-01 14:29:32.514122,23.280000686645508,86028.6796875,18.62109375,0.0
2023-06-01 14:29:33.517910,23.280000686645508,86028.7109375,18.8095703125,0.0
2023-06-01 14:29:34.521609,23.290000915527344,86024.828125,18.927734375,0.0
2023-06-01 14:29:35.521304,23.290000915527344,86023.171875,18.798828125,0.0
2023-06-01 14:29:36.518761,23.290000915527344,86023.703125,18.59765625,0.0
2023-06-01 14:29:37.519760,23.290000915527344,86026.046875,18.52734375,0.0
2023-06-01 14:29:38.520083,23.299999237060547,86026.28125,18.48046875,0.0
2023-06-01 14:29:39.522625,23.299999237060547,86026.9375,18.4453125,0.0
2023-06-01 14:29:40.524260,23.299999237060547,86025.484375,18.4921875,0.0
2023-06-01 14:29:41.524411,23.299999237060547,86028.5234375,18.4921875,0.0
2023-06-01 14:29:42.527786,23.309999465942383,86027.59375,18.46875,0.0
2023-06-01 14:29:43.524629,23.309999465942383,86026.234375,18.46875,0.0
2023-06-01 14:29:44.522688,23.309999465942383,86027.59375,18.6103515625,0.0
2023-06-01 14:29:45.531161,23.309999465942383,86028.28125,18.669921875,0.0
2023-06-01 14:29:46.526837,23.309999465942383,86025.171875,18.705078125,0.0
2023-06-01 14:29:47.526890,23.309999465942383,86026.984375,18.658203125,0.0
2023-06-01 14:29:48.531208,23.309999465942383,86026.4921875,18.5400390625,0.0
2023-06-01 14:29:49.527130,23.31999969482422,86028.84375,18.4580078125,0.0
2023-06-01 14:29:50.528839,23.309999465942383,86026.953125,18.45703125,0.0
2023-06-01 14:29:51.536192,23.309999465942383,86028.9453125,18.328125,0.0
2023-06-01 14:29:52.535703,23.309999465942383,86027.6171875,18.2568359375,0.0
2023-06-01 14:29:53.532557,23.309999465942383,86026.828125,18.2216796875,0.0
2023-06-01 14:29:54.536644,23.31999969482422,86025.6953125,18.1865234375,0.0
2023-06-01 14:29:55.535699,23.309999465942383,86027.953125,18.1513671875,0.0
2023-06-01 14:29:56.541817,23.309999465942383,86029.140625,18.1396484375,0.0
2023-06-01 14:29:57.535640,23.309999465942383,86027.484375,18.126953125,0.0
2023-06-01 14:29:58.535520,23.31999969482422,86028.84375,18.1162109375,0.0
2023-06-01 14:29:59.539516,23.31999969482422,86027.21875,18.2216796875,0.0
2023-06-01 14:30:00.537332,23.31999969482422,86025.203125,18.24609375,0.0
2023-06-01 14:30:01.538269,23.31999969482422,86025.890625,18.24609375,0.0
2023-06-01 14:30:02.541838,23.309999465942383,86026.0,18.2451171875,0.0
2023-06-01 14:30:03.538796,23.31999969482422,86026.0859375,18.22265625,0.0
2023-06-01 14:30:04.542713,23.31999969482422,86024.265625,18.17578125,0.0
2023-06-01 14:30:05.541977,23.31999969482422,86027.109375,18.1279296875,0.0
2023-06-01 14:30:06.543457,23.31999969482422,86026.71875,18.0693359375,0.0
2023-06-01 14:30:07.542472,23.31999969482422,86023.3046875,18.0458984375,0.0
2023-06-01 14:30:08.542221,23.31999969482422,86030.09375,18.0341796875,0.0
2023-06-01 14:30:09.544971,23.31999969482422,86028.265625,17.998046875,0.0
2023-06-01 14:30:10.545816,23.329999923706055,86027.140625,17.986328125,0.0
2023-06-01 14:30:11.546249,23.329999923706055,86027.8046875,17.974609375,0.0
2023-06-01 14:30:12.550570,23.329999923706055,86027.640625,17.974609375,0.0
2023-06-01 14:30:13.557981,23.329999923706055,86029.625,17.998046875,0.0
2023-06-01 14:30:14.551091,23.329999923706055,86026.8125,17.998046875,0.0
2023-06-01 14:30:15.549953,23.329999923706055,86027.8046875,18.0107421875,0.0
2023-06-01 14:30:16.555628,23.31999969482422,86027.28125,17.974609375,0.0
2023-06-01 14:30:17.552576,23.31999969482422,86026.28125,17.962890625,0.0
2023-06-01 14:30:18.552675,23.31999969482422,86026.28125,17.962890625,0.0
2023-06-01 14:30:19.553017,23.31999969482422,86028.4375,17.962890625,0.0
2023-06-01 14:30:20.555628,23.31999969482422,86026.9453125,17.962890625,0.0
2023-06-01 14:30:21.554799,23.329999923706055,86028.796875,17.962890625,0.0
2023-06-01 14:30:22.555659,23.329999923706055,86030.78125,17.939453125,0.0
2023-06-01 14:30:23.555009,23.31999969482422,86027.3515625,17.939453125,0.0
2023-06-01 14:30:24.562051,23.31999969482422,86028.515625,17.951171875,0.0
2023-06-01 14:30:25.568755,23.309999465942383,86026.1328125,17.9501953125,0.0
2023-06-01 14:30:26.566093,23.309999465942383,86024.34375,17.9501953125,0.0
2023-06-01 14:30:27.564901,23.309999465942383,86024.8046875,17.9384765625,0.0
2023-06-01 14:30:28.561883,23.309999465942383,86028.578125,17.9267578125,0.0
2023-06-01 14:30:29.572818,23.309999465942383,86026.921875,17.9033203125,0.0
2023-06-01 14:30:30.566760,23.299999237060547,86028.6875,17.8916015625,0.08094999939203262
2023-06-01 14:30:31.568623,23.309999465942383,86026.734375,17.9150390625,0.0
2023-06-01 14:30:32.573063,23.299999237060547,86027.3046875,17.9501953125,0.0
2023-06-01 14:30:33.565723,23.299999237060547,86028.4296875,17.9853515625,0.0
2023-06-01 14:30:34.564996,23.299999237060547,86029.953125,17.9384765625,0.0
2023-06-01 14:30:35.566894,23.299999237060547,86029.71875,17.9267578125,0.0
2023-06-01 14:30:36.566641,23.290000915527344,86027.3125,17.8671875,0.0
2023-06-01 14:30:37.568588,23.290000915527344,86029.5,17.8203125,0.0
2023-06-01 14:30:38.571545,23.290000915527344,86028.4375,17.7958984375,0.0
2023-06-01 14:30:39.571708,23.290000915527344,86025.9609375,17.7724609375,0.0
2023-06-01 14:30:40.571939,23.280000686645508,86025.8671875,17.7607421875,0.0
                                                                                                                                                                                                                                                                                                                                                                                                                                                                                                                                                                                                                                                                                                                                                                                                                                                                                                                                                                                                                                                                                                                                                                                                                                                                                                                                                                                                                                                                                                                                                                                                                                                                                                                                                                                               