timestamp,temperature(C),pressure(Pa),humidity(%),wind speed(m/s)
2023-06-01 12:46:12.667112,25.530000686645508,85984.1015625,16.14453125,0.0
2023-06-01 12:46:13.667896,25.520000457763672,85982.3828125,16.1435546875,0.08094999939203262
2023-06-01 12:46:14.668226,25.520000457763672,85981.1640625,16.1435546875,0.16189999878406525
2023-06-01 12:46:15.669348,25.520000457763672,85982.328125,16.1318359375,0.4047500193119049
2023-06-01 12:46:16.671085,25.510000228881836,85981.546875,16.1083984375,0.647599995136261
2023-06-01 12:46:17.675138,25.510000228881836,85983.1796875,16.1201171875,0.7285500168800354
2023-06-01 12:46:18.675608,25.510000228881836,85982.34375,16.1201171875,0.647599995136261
2023-06-01 12:46:19.676946,25.510000228881836,85983.8125,16.130859375,0.4047500193119049
2023-06-01 12:46:20.674991,25.510000228881836,85983.8125,16.130859375,0.4047500193119049
2023-06-01 12:46:21.675604,25.5,85981.734375,16.130859375,0.4047500193119049
2023-06-01 12:46:22.678096,25.5,85981.0703125,16.119140625,0.5666499733924866
2023-06-01 12:46:23.679164,25.5,85983.3671875,16.130859375,0.647599995136261
2023-06-01 12:46:24.678795,25.489999771118164,85981.1796875,16.119140625,0.7285500168800354
2023-06-01 12:46:25.680325,25.489999771118164,85981.3125,16.119140625,0.647599995136261
2023-06-01 12:46:26.681022,25.489999771118164,85981.2890625,16.119140625,0.4047500193119049
2023-06-01 12:46:27.681187,25.489999771118164,85982.171875,16.130859375,0.24285000562667847
2023-06-01 12:46:28.681403,25.479999542236328,85982.75,16.130859375,0.16189999878406525
2023-06-01 12:46:29.683364,25.479999542236328,85983.421875,16.119140625,0.08094999939203262
2023-06-01 12:46:30.682952,25.479999542236328,85980.9296875,16.142578125,0.08094999939203262
2023-06-01 12:46:31.686143,25.489999771118164,85983.4765625,16.154296875,0.0
2023-06-01 12:46:32.684828,25.489999771118164,85982.6171875,16.142578125,0.08094999939203262
2023-06-01 12:46:33.686144,25.479999542236328,85981.09375,16.130859375,0.0
2023-06-01 12:46:34.687108,25.479999542236328,85983.21875,16.130859375,0.0
2023-06-01 12:46:35.689435,25.479999542236328,85981.703125,16.1298828125,0.0
2023-06-01 12:46:36.690705,25.479999542236328,85984.75,16.142578125,0.0
2023-06-01 12:46:37.691064,25.479999542236328,85982.7265625,16.154296875,0.0
2023-06-01 12:46:38.691951,25.479999542236328,85984.078125,16.166015625,0.0
2023-06-01 12:46:39.697641,25.479999542236328,85982.859375,16.177734375,0.0
2023-06-01 12:46:40.697674,25.479999542236328,85981.5625,16.166015625,0.0
2023-06-01 12:46:41.700721,25.479999542236328,85986.21875,16.154296875,0.0
2023-06-01 12:46:42.698888,25.469999313354492,85983.109375,16.166015625,0.0
2023-06-01 12:46:43.702224,25.469999313354492,85983.40625,16.177734375,0.0
2023-06-01 12:46:44.700931,25.469999313354492,85984.765625,16.177734375,0.0
2023-06-01 12:46:45.700852,25.469999313354492,85982.25,16.177734375,0.0
2023-06-01 12:46:46.705526,25.469999313354492,85982.21875,16.189453125,0.0
2023-06-01 12:46:47.708473,25.459999084472656,85981.6953125,16.177734375,0.0
2023-06-01 12:46:48.708989,25.459999084472656,85979.9765625,16.1533203125,0.08094999939203262
2023-06-01 12:46:49.707434,25.450000762939453,85979.25,16.1533203125,0.0
2023-06-01 12:46:50.709130,25.450000762939453,85980.078125,16.1650390625,0.0
2023-06-01 12:46:51.711643,25.440000534057617,85978.3125,16.1767578125,0.0
2023-06-01 12:46:52.713135,25.450000762939453,85982.546875,16.1767578125,0.0
2023-06-01 12:46:53.713560,25.440000534057617,85979.46875,16.1884765625,0.0
2023-06-01 12:46:54.715411,25.450000762939453,85984.484375,16.1767578125,0.0
2023-06-01 12:46:55.713266,25.440000534057617,85982.59375,16.1767578125,0.0
2023-06-01 12:46:56.717080,25.440000534057617,85983.03125,16.1767578125,0.0
2023-06-01 12:46:57.718744,25.43000030517578,85983.8125,16.1767578125,0.0
2023-06-01 12:46:58.716951,25.43000030517578,85979.265625,16.1884765625,0.0
2023-06-01 12:46:59.721723,25.43000030517578,85981.734375,16.17578125,0.0
2023-06-01 12:47:00.723805,25.43000030517578,85981.734375,16.1640625,0.08094999939203262
2023-06-01 12:47:01.726333,25.420000076293945,85981.0078125,16.1640625,0.0
2023-06-01 12:47:02.724292,25.420000076293945,85978.8515625,16.1640625,0.0
2023-06-01 12:47:03.725896,25.420000076293945,85981.9765625,16.1640625,0.0
2023-06-01 12:47:04.727846,25.420000076293945,85981.140625,16.1640625,0.0
2023-06-01 12:47:05.726584,25.40999984741211,85980.09375,16.1640625,0.0
2023-06-01 12:47:06.725331,25.40999984741211,85981.390625,16.1640625,0.08094999939203262
2023-06-01 12:47:07.726717,25.40999984741211,85981.6953125,16.1640625,0.08094999939203262
2023-06-01 12:47:08.729357,25.40999984741211,85981.921875,16.1640625,0.0
2023-06-01 12:47:09.731153,25.40999984741211,85980.8359375,16.1748046875,0.0
2023-06-01 12:47:10.734529,25.399999618530273,85982.4375,16.1875,0.0
2023-06-01 12:47:11.731934,25.399999618530273,85983.96875,16.1875,0.0
2023-06-01 12:47:12.733880,25.399999618530273,85982.90625,16.1865234375,0.0
2023-06-01 12:47:13.736283,25.399999618530273,85980.25,16.1865234375,0.24285000562667847
2023-06-01 12:47:14.735696,25.399999618530273,85983.2109375,16.1630859375,0.3237999975681305
2023-06-01 12:47:15.734948,25.389999389648438,85983.015625,16.1513671875,0.3237999975681305
2023-06-01 12:47:16.736191,25.399999618530273,85985.0390625,16.1513671875,0.08094999939203262
2023-06-01 12:47:17.736722,25.389999389648438,85981.1875,16.1513671875,0.0
2023-06-01 12:47:18.738391,25.389999389648438,85982.984375,16.150390625,0.0
2023-06-01 12:47:19.740199,25.3799991607666,85978.71875,16.1630859375,0.16189999878406525
2023-06-01 12:47:20.741592,25.3799991607666,85980.578125,16.1630859375,0.16189999878406525
2023-06-01 12:47:21.742212,25.3799991607666,85981.84375,16.173828125,0.24285000562667847
2023-06-01 12:47:22.745464,25.3700008392334,85980.4609375,16.150390625,0.0
2023-06-01 12:47:23.745430,25.3700008392334,85981.4296875,16.138671875,0.0
2023-06-01 12:47:24.745449,25.3700008392334,85980.734375,16.162109375,0.08094999939203262
2023-06-01 12:47:25.746971,25.360000610351562,85980.515625,16.1259765625,0.0
2023-06-01 12:47:26.747072,25.360000610351562,85980.953125,16.1376953125,0.0
2023-06-01 12:47:27.748912,25.360000610351562,85980.8125,16.1376953125,0.0
2023-06-01 12:47:28.751902,25.360000610351562,85984.6640625,16.1376953125,0.0
2023-06-01 12:47:29.750512,25.360000610351562,85985.9921875,16.1376953125,0.0
2023-06-01 12:47:30.750771,25.3700008392334,85983.359375,16.1376953125,0.0
2023-06-01 12:47:31.752432,25.3700008392334,85981.375,16.162109375,0.0
2023-06-01 12:47:32.754545,25.360000610351562,85984.4375,16.173828125,0.0
2023-06-01 12:47:33.754439,25.360000610351562,85982.109375,16.185546875,0.0
2023-06-01 12:47:34.754532,25.350000381469727,85983.5234375,16.185546875,0.0
2023-06-01 12:47:35.757706,25.350000381469727,85980.8671875,16.185546875,0.0
2023-06-01 12:47:36.758656,25.350000381469727,85979.046875,16.197265625,0.0
2023-06-01 12:47:37.758875,25.350000381469727,85981.03125,16.197265625,0.0
2023-06-01 12:47:38.763161,25.350000381469727,85980.0078125,16.197265625,0.08094999939203262
2023-06-01 12:47:39.763075,25.350000381469727,85978.15625,16.1728515625,0.0
2023-06-01 12:47:40.763281,25.34000015258789,85980.25,16.1494140625,0.0
2023-06-01 12:47:41.762868,25.34000015258789,85984.078125,16.1494140625,0.0
2023-06-01 12:47:42.766220,25.350000381469727,85980.4765625,16.1494140625,0.0
2023-06-01 12:47:43.764798,25.350000381469727,85985.15625,16.1728515625,0.0
2023-06-01 12:47:44.766296,25.350000381469727,85981.46875,16.185546875,0.0
2023-06-01 12:47:45.767244,25.34000015258789,85982.9375,16.1728515625,0.0
2023-06-01 12:47:46.768912,25.34000015258789,85984.078125,16.1845703125,0.0
2023-06-01 12:47:47.769497,25.34000015258789,85984.234375,16.1728515625,0.0
2023-06-01 12:47:48.769630,25.34000015258789,85982.109375,16.1611328125,0.0
2023-06-01 12:47:49.774688,25.34000015258789,85980.5859375,16.1494140625,0.0
2023-06-01 12:47:50.774337,25.34000015258789,85980.921875,16.1494140625,0.0
2023-06-01 12:47:51.775881,25.34000015258789,85979.390625,16.13671875,0.0
2023-06-01 12:47:52.774695,25.34000015258789,85982.546875,16.13671875,0.0
2023-06-01 12:47:53.777803,25.34000015258789,85981.8828125,16.1484375,0.0
2023-06-01 12:47:54.778131,25.34000015258789,85980.71875,16.1484375,0.0
2023-06-01 12:47:55.778130,25.34000015258789,85981.9453125,16.1494140625,0.0
2023-06-01 12:47:56.777431,25.34000015258789,85980.09375,16.1494140625,0.0
2023-06-01 12:47:57.780605,25.34000015258789,85982.4375,16.1728515625,0.0
2023-06-01 12:47:58.779102,25.34000015258789,85983.078125,16.1728515625,0.0
2023-06-01 12:47:59.779902,25.34000015258789,85983.265625,16.1962890625,0.0
2023-06-01 12:48:00.780287,25.34000015258789,85982.078125,16.1845703125,0.0
2023-06-01 12:48:01.783139,25.350000381469727,85983.96875,16.185546875,0.0
2023-06-01 12:48:02.785531,25.34000015258789,85979.421875,16.1728515625,0.08094999939203262
2023-06-01 12:48:03.787320,25.329999923706055,85979.3125,16.1611328125,0.08094999939203262
2023-06-01 12:48:04.783850,25.329999923706055,85981.90625,16.1728515625,0.16189999878406525
2023-06-01 12:48:05.789057,25.31999969482422,85979.1875,16.16015625,0.8095000386238098
2023-06-01 12:48:06.788959,25.31999969482422,85981.328125,16.171875,0.8904500007629395
2023-06-01 12:48:07.789009,25.31999969482422,85984.3671875,16.171875,0.5666499733924866
2023-06-01 12:48:08.791086,25.329999923706055,85982.9375,16.1845703125,0.3237999975681305
2023-06-01 12:48:09.788891,25.329999923706055,85983.296875,16.1845703125,0.16189999878406525
2023-06-01 12:48:10.790571,25.31999969482422,85983.703125,16.1845703125,0.16189999878406525
2023-06-01 12:48:11.790559,25.31999969482422,85982.375,16.1845703125,0.3237999975681305
2023-06-01 12:48:12.792156,25.31999969482422,85979.9921875,16.1953125,0.4047500193119049
2023-06-01 12:48:13.793631,25.31999969482422,85981.015625,16.1962890625,0.4047500193119049
2023-06-01 12:48:14.794988,25.31999969482422,85984.171875,16.2314453125,0.24285000562667847
2023-06-01 12:48:15.796955,25.31999969482422,85981.21875,16.2314453125,0.16189999878406525
2023-06-01 12:48:16.797873,25.31999969482422,85983.484375,16.2197265625,0.0
2023-06-01 12:48:17.798353,25.31999969482422,85981.515625,16.2197265625,0.0
2023-06-01 12:48:18.798898,25.31999969482422,85981.015625,16.2197265625,0.0
2023-06-01 12:48:19.799877,25.31999969482422,85980.46875,16.20703125,0.16189999878406525
2023-06-01 12:48:20.800971,25.31999969482422,85982.8125,16.1953125,0.16189999878406525
2023-06-01 12:48:21.801552,25.309999465942383,85981.765625,16.1953125,0.16189999878406525
2023-06-01 12:48:22.802244,25.309999465942383,85981.875,16.20703125,0.24285000562667847
2023-06-01 12:48:23.803452,25.309999465942383,85982.8671875,16.23046875,0.4047500193119049
2023-06-01 12:48:24.803920,25.309999465942383,85981.203125,16.23046875,0.48570001125335693
2023-06-01 12:48:25.805241,25.309999465942383,85983.5625,16.23046875,0.5666499733924866
2023-06-01 12:48:26.805486,25.299999237060547,85980.625,16.23046875,0.7285500168800354
2023-06-01 12:48:27.807026,25.299999237060547,85979.4609375,16.20703125,1.0523500442504883
2023-06-01 12:48:28.808077,25.299999237060547,85979.4609375,16.1953125,1.3761500120162964
2023-06-01 12:48:29.808965,25.299999237060547,85978.828125,16.1953125,1.2142499685287476
2023-06-01 12:48:30.811852,25.299999237060547,85982.140625,16.1953125,0.9714000225067139
2023-06-01 12:48:31.810591,25.299999237060547,85979.4296875,16.20703125,0.9714000225067139
2023-06-01 12:48:32.811816,25.299999237060547,85980.59375,16.20703125,0.8095000386238098
2023-06-01 12:48:33.812398,25.299999237060547,85981.2578125,16.20703125,0.7285500168800354
2023-06-01 12:48:34.813791,25.299999237060547,85980.421875,16.21875,0.647599995136261
2023-06-01 12:48:35.814078,25.290000915527344,85979.875,16.20703125,0.647599995136261
2023-06-01 12:48:36.815311,25.290000915527344,85980.671875,16.1943359375,0.647599995136261
2023-06-01 12:48:37.817610,25.299999237060547,85981.7265625,16.1953125,0.647599995136261
2023-06-01 12:48:38.818616,25.290000915527344,85980.703125,16.20703125,0.5666499733924866
2023-06-01 12:48:39.816133,25.299999237060547,85982.21875,16.21875,0.48570001125335693
2023-06-01 12:48:40.818789,25.290000915527344,85979.875,16.21875,0.3237999975681305
2023-06-01 12:48:41.820835,25.290000915527344,85981.5,16.2060546875,0.5666499733924866
2023-06-01 12:48:42.821794,25.290000915527344,85978.6796875,16.1943359375,0.9714000225067139
2023-06-01 12:48:43.822617,25.290000915527344,85981.5,16.2060546875,0.9714000225067139
2023-06-01 12:48:44.823507,25.299999237060547,85980.0625,16.23046875,0.647599995136261
2023-06-01 12:48:45.824027,25.299999237060547,85983.421875,16.23046875,0.647599995136261
2023-06-01 12:48:46.824722,25.290000915527344,85978.703125,16.20703125,0.647599995136261
2023-06-01 12:48:47.825815,25.290000915527344,85977.796875,16.1943359375,0.7285500168800354
2023-06-01 12:48:48.824694,25.290000915527344,85980.84375,16.1943359375,0.5666499733924866
2023-06-01 12:48:49.827583,25.290000915527344,85980.8125,16.2060546875,0.3237999975681305
2023-06-01 12:48:50.827956,25.290000915527344,85978.953125,16.1943359375,0.3237999975681305
2023-06-01 12:48:51.829836,25.280000686645508,85981.75,16.1943359375,0.16189999878406525
2023-06-01 12:48:52.831157,25.280000686645508,85980.25,16.2060546875,0.08094999939203262
2023-06-01 12:48:53.832086,25.280000686645508,85978.703125,16.1943359375,0.3237999975681305
2023-06-01 12:48:54.833104,25.280000686645508,85977.3125,16.1943359375,0.48570001125335693
2023-06-01 12:48:55.613863,0.0,0.0,0.0,0.0
2023-06-01 12:48:55.827541,25.280000686645508,85976.5703125,16.1943359375,0.0
2023-06-01 12:48:56.825764,25.280000686645508,85976.90625,16.2060546875,0.4047500193119049
2023-06-01 12:48:57.825897,25.280000686645508,85978.421875,16.2177734375,0.3237999975681305
2023-06-01 12:48:58.828172,25.280000686645508,85979.859375,16.2060546875,0.16189999878406525
2023-06-01 12:48:59.827848,25.280000686645508,85981.296875,16.2060546875,0.08094999939203262
2023-06-01 12:49:00.828709,25.280000686645508,85979.703125,16.2294921875,0.08094999939203262
2023-06-01 12:49:01.829750,25.280000686645508,85979.3125,16.2060546875,0.0
2023-06-01 12:49:02.830775,25.280000686645508,85977.6484375,16.2177734375,0.16189999878406525
2023-06-01 12:49:03.830964,25.280000686645508,85979.8125,16.1943359375,0.24285000562667847
2023-06-01 12:49:04.831986,25.280000686645508,85979.8125,16.1826171875,0.16189999878406525
2023-06-01 12:49:05.833290,25.270000457763672,85981.765625,16.1826171875,0.0
2023-06-01 12:49:06.833913,25.270000457763672,85978.78125,16.1826171875,0.0
2023-06-01 12:49:07.834974,25.270000457763672,85979.9140625,16.1826171875,0.0
2023-06-01 12:49:08.835850,25.270000457763672,85979.578125,16.1943359375,0.0
2023-06-01 12:49:09.837655,25.270000457763672,85980.3828125,16.2177734375,0.0
2023-06-01 12:49:10.837920,25.270000457763672,85980.515625,16.193359375,0.0
2023-06-01 12:49:11.838715,25.270000457763672,85978.890625,16.2412109375,0.08094999939203262
2023-06-01 12:49:12.839959,25.270000457763672,85980.71875,16.2529296875,0.0
2023-06-01 12:49:13.840259,25.270000457763672,85978.5625,16.2177734375,0.08094999939203262
2023-06-01 12:49:14.841007,25.270000457763672,85980.8515625,16.205078125,0.16189999878406525
2023-06-01 12:49:15.842497,25.270000457763672,85981.3515625,16.193359375,0.16189999878406525
2023-06-01 12:49:16.842445,25.270000457763672,85980.359375,16.2529296875,0.08094999939203262
2023-06-01 12:49:17.844091,25.270000457763672,85982.015625,16.4072265625,0.08094999939203262
2023-06-01 12:49:18.844235,25.270000457763672,85979.890625,16.513671875,0.0
2023-06-01 12:49:19.845523,25.260000228881836,85978.5,16.4775390625,0.0
2023-06-01 12:49:20.847312,25.270000457763672,85982.5703125,16.455078125,0.0
2023-06-01 12:49:21.847098,25.270000457763672,85981.546875,16.4072265625,0.0
2023-06-01 12:49:22.848338,25.270000457763672,85982.2109375,16.359375,0.0
2023-06-01 12:49:23.848901,25.270000457763672,85980.3828125,16.30078125,0.0
2023-06-01 12:49:24.850574,25.270000457763672,85984.734375,16.2890625,0.16189999878406525
2023-06-01 12:49:25.741727,0.0,0.0,0.0,0.0
2023-06-01 12:49:25.850947,25.270000457763672,85979.6875,16.2763671875,0.3237999975681305
2023-06-01 12:49:26.855157,25.270000457763672,85979.578125,16.2646484375,0.0
2023-06-01 12:49:27.852877,25.260000228881836,85981.296875,16.2412109375,0.16189999878406525
2023-06-01 12:49:28.853760,25.270000457763672,85982.1875,16.2177734375,0.16189999878406525
2023-06-01 12:49:29.854049,25.260000228881836,85981.125,16.205078125,0.24285000562667847
2023-06-01 12:49:30.855610,25.260000228881836,85983.5625,16.205078125,0.16189999878406525
2023-06-01 12:49:31.856949,25.260000228881836,85981.265625,16.205078125,0.16189999878406525
2023-06-01 12:49:32.858189,25.25,85980.375,16.205078125,0.08094999939203262
2023-06-01 12:49:33.859551,25.260000228881836,85980.1015625,16.205078125,0.16189999878406525
2023-06-01 12:49:34.860310,25.260000228881836,85980.4375,16.205078125,0.4047500193119049
2023-06-01 12:49:35.861622,25.25,85978.546875,16.205078125,0.4047500193119049
2023-06-01 12:49:36.862331,25.260000228881836,85981.0703125,16.205078125,0.3237999975681305
2023-06-01 12:49:37.864726,25.25,85981.015625,16.205078125,0.24285000562667847
2023-06-01 12:49:38.863717,25.260000228881836,85980.90625,16.216796875,0.4047500193119049
2023-06-01 12:49:39.864894,25.25,85978.328125,16.2412109375,0.48570001125335693
2023-06-01 12:49:40.865108,25.25,85977.6640625,16.3115234375,0.5666499733924866
2023-06-01 12:49:41.866455,25.25,85982.171875,16.2998046875,0.9714000225067139
2023-06-01 12:52:50.333146,0.0,0.0,0.0,0.0
2023-06-01 12:52:50.340730,0.0,0.0,0.0,0.0
2023-06-01 12:52:50.347071,0.0,0.0,0.0,0.0
2023-06-01 12:52:50.357178,0.0,0.0,0.0,0.0
2023-06-01 12:52:50.366963,0.0,0.0,0.0,0.0
2023-06-01 12:52:50.379669,0.0,0.0,0.0,0.0
2023-06-01 12:52:50.393378,0.0,0.0,0.0,0.0
2023-06-01 12:52:50.401399,0.0,0.0,0.0,0.0
2023-06-01 12:52:50.409601,0.0,0.0,0.0,0.0
2023-06-01 12:52:50.418702,0.0,0.0,0.0,0.0
2023-06-01 12:52:50.429228,0.0,0.0,0.0,0.0
2023-06-01 12:52:50.439263,0.0,0.0,0.0,0.0
2023-06-01 12:52:50.448940,0.0,0.0,0.0,0.0
2023-06-01 12:52:50.460071,0.0,0.0,0.0,0.0
2023-06-01 12:52:50.469587,0.0,0.0,0.0,0.0
2023-06-01 12:52:50.478757,0.0,0.0,0.0,0.0
2023-06-01 12:52:50.489640,0.0,0.0,0.0,0.0
2023-06-01 12:52:50.499757,0.0,0.0,0.0,0.0
2023-06-01 12:52:50.508708,0.0,0.0,0.0,0.0
2023-06-01 12:52:50.518946,0.0,0.0,0.0,0.0
2023-06-01 12:52:50.531587,0.0,0.0,0.0,0.0
2023-06-01 12:52:50.540060,0.0,0.0,0.0,0.0
2023-06-01 12:52:50.549857,0.0,0.0,0.0,0.0
2023-06-01 12:52:50.558205,0.0,0.0,0.0,0.0
2023-06-01 12:52:50.569798,0.0,0.0,0.0,0.0
2023-06-01 12:52:50.578398,0.0,0.0,0.0,0.0
2023-06-01 12:52:50.588420,0.0,0.0,0.0,0.0
2023-06-01 12:52:50.598251,0.0,0.0,0.0,0.0
2023-06-01 12:52:50.609942,0.0,0.0,0.0,0.0
2023-06-01 12:52:50.619600,0.0,0.0,0.0,0.0
2023-06-01 12:52:50.629404,0.0,0.0,0.0,0.0
2023-06-01 12:52:50.638625,0.0,0.0,0.0,0.0
2023-06-01 12:52:50.648458,0.0,0.0,0.0,0.0
2023-06-01 12:52:50.659777,0.0,0.0,0.0,0.0
2023-06-01 12:52:50.668216,0.0,0.0,0.0,0.0
2023-06-01 12:52:50.679000,0.0,0.0,0.0,0.0
2023-06-01 12:52:50.689609,0.0,0.0,0.0,0.0
2023-06-01 12:52:50.699416,0.0,0.0,0.0,0.0
2023-06-01 12:52:50.708180,0.0,0.0,0.0,0.0
2023-06-01 12:52:50.724386,0.0,0.0,0.0,0.0
2023-06-01 12:52:50.732891,0.0,0.0,0.0,0.0
2023-06-01 12:52:50.741108,0.0,0.0,0.0,0.0
2023-06-01 12:52:50.750740,0.0,0.0,0.0,0.0
2023-06-01 12:52:50.759119,0.0,0.0,0.0,0.0
2023-06-01 12:52:50.768749,0.0,0.0,0.0,0.0
2023-06-01 12:52:50.779029,0.0,0.0,0.0,0.0
2023-06-01 12:52:50.788146,0.0,0.0,0.0,0.0
2023-06-01 12:52:50.801271,0.0,0.0,0.0,0.0
2023-06-01 12:52:50.819502,0.0,0.0,0.0,0.0
2023-06-01 12:52:50.829681,0.0,0.0,0.0,0.0
2023-06-01 12:52:50.841275,0.0,0.0,0.0,0.0
2023-06-01 12:52:50.850363,0.0,0.0,0.0,0.0
2023-06-01 12:52:50.860199,0.0,0.0,0.0,0.0
2023-06-01 12:52:50.870964,0.0,0.0,0.0,0.0
2023-06-01 12:52:50.881567,0.0,0.0,0.0,0.0
2023-06-01 12:52:50.891647,0.0,0.0,0.0,0.0
2023-06-01 12:52:50.902210,0.0,0.0,0.0,0.0
2023-06-01 12:52:50.914101,0.0,0.0,0.0,0.0
2023-06-01 12:52:50.924804,0.0,0.0,0.0,0.0
2023-06-01 12:52:50.937652,0.0,0.0,0.0,0.0
2023-06-01 12:52:50.948924,0.0,0.0,0.0,0.0
2023-06-01 12:52:50.958776,0.0,0.0,0.0,0.0
2023-06-01 12:52:50.969044,0.0,0.0,0.0,0.0
2023-06-01 12:52:50.978835,0.0,0.0,0.0,0.0
2023-06-01 12:52:50.989420,0.0,0.0,0.0,0.0
2023-06-01 12:52:51.000295,0.0,0.0,0.0,0.0
2023-06-01 12:52:51.010773,0.0,0.0,0.0,0.0
2023-06-01 12:52:51.021491,0.0,0.0,0.0,0.0
2023-06-01 12:52:51.032175,0.0,0.0,0.0,0.0
2023-06-01 12:52:51.058576,0.0,0.0,0.0,0.0
2023-06-01 12:52:51.069975,0.0,0.0,0.0,0.0
2023-06-01 12:52:51.080155,0.0,0.0,0.0,0.0
2023-06-01 12:52:51.090578,0.0,0.0,0.0,0.0
2023-06-01 12:52:51.100748,0.0,0.0,0.0,0.0
2023-06-01 12:52:51.111429,0.0,0.0,0.0,0.0
2023-06-01 12:52:51.122544,0.0,0.0,0.0,0.0
2023-06-01 12:52:51.133118,0.0,0.0,0.0,0.0
2023-06-01 12:52:51.146279,0.0,0.0,0.0,0.0
2023-06-01 12:52:51.155888,0.0,0.0,0.0,0.0
2023-06-01 12:52:51.165928,0.0,0.0,0.0,0.0
2023-06-01 12:52:51.175824,0.0,0.0,0.0,0.0
2023-06-01 12:52:51.186098,0.0,0.0,0.0,0.0
2023-06-01 12:52:51.195939,0.0,0.0,0.0,0.0
2023-06-01 12:52:51.206149,0.0,0.0,0.0,0.0
2023-06-01 12:52:51.216472,0.0,0.0,0.0,0.0
2023-06-01 12:52:51.236448,0.0,0.0,0.0,0.0
2023-06-01 12:52:51.246823,0.0,0.0,0.0,0.0
2023-06-01 12:52:51.256134,0.0,0.0,0.0,0.0
2023-06-01 12:52:51.265783,0.0,0.0,0.0,0.0
2023-06-01 12:52:51.276120,0.0,0.0,0.0,0.0
2023-06-01 12:52:51.286100,0.0,0.0,0.0,0.0
2023-06-01 12:52:51.296310,0.0,0.0,0.0,0.0
2023-06-01 12:52:51.307087,0.0,0.0,0.0,0.0
2023-06-01 12:52:51.317154,0.0,0.0,0.0,0.0
2023-06-01 12:52:51.327280,0.0,0.0,0.0,0.0
2023-06-01 12:52:51.338140,0.0,0.0,0.0,0.0
2023-06-01 12:52:51.349664,0.0,0.0,0.0,0.0
2023-06-01 12:52:51.359474,0.0,0.0,0.0,0.0
2023-06-01 12:52:51.369389,0.0,0.0,0.0,0.0
2023-06-01 12:52:51.379751,0.0,0.0,0.0,0.0
2023-06-01 12:52:51.389789,0.0,0.0,0.0,0.0
2023-06-01 12:52:51.399729,0.0,0.0,0.0,0.0
2023-06-01 12:52:51.410137,0.0,0.0,0.0,0.0
2023-06-01 12:52:51.421299,0.0,0.0,0.0,0.0
2023-06-01 12:52:51.434536,0.0,0.0,0.0,0.0
2023-06-01 12:52:51.444937,0.0,0.0,0.0,0.0
2023-06-01 12:52:51.455393,0.0,0.0,0.0,0.0
2023-06-01 12:52:51.465631,0.0,0.0,0.0,0.0
2023-06-01 12:52:51.476631,0.0,0.0,0.0,0.0
2023-06-01 12:52:51.488684,0.0,0.0,0.0,0.0
2023-06-01 12:52:51.499040,0.0,0.0,0.0,0.0
2023-06-01 12:52:51.509514,0.0,0.0,0.0,0.0
2023-06-01 12:52:51.520902,0.0,0.0,0.0,0.0
2023-06-01 12:52:51.532863,0.0,0.0,0.0,0.0
2023-06-01 12:52:51.542669,0.0,0.0,0.0,0.0
2023-06-01 12:52:51.552913,0.0,0.0,0.0,0.0
2023-06-01 12:52:51.562829,0.0,0.0,0.0,0.0
2023-06-01 12:52:51.573362,0.0,0.0,0.0,0.0
2023-06-01 12:52:51.584430,0.0,0.0,0.0,0.0
2023-06-01 12:52:51.593999,0.0,0.0,0.0,0.0
2023-06-01 12:52:51.604842,0.0,0.0,0.0,0.0
2023-06-01 12:52:51.616190,0.0,0.0,0.0,0.0
2023-06-01 12:52:51.629163,0.0,0.0,0.0,0.0
2023-06-01 12:52:51.639827,0.0,0.0,0.0,0.0
2023-06-01 12:52:51.650524,0.0,0.0,0.0,0.0
2023-06-01 12:52:51.660022,0.0,0.0,0.0,0.0
2023-06-01 12:52:51.669719,0.0,0.0,0.0,0.0
2023-06-01 12:52:51.680136,0.0,0.0,0.0,0.0
2023-06-01 12:52:51.689745,0.0,0.0,0.0,0.0
2023-06-01 12:52:51.701495,0.0,0.0,0.0,0.0
2023-06-01 12:52:51.712408,0.0,0.0,0.0,0.0
2023-06-01 12:52:51.725439,0.0,0.0,0.0,0.0
2023-06-01 12:52:51.736779,0.0,0.0,0.0,0.0
2023-06-01 12:52:51.747354,0.0,0.0,0.0,0.0
2023-06-01 12:52:51.758015,0.0,0.0,0.0,0.0
2023-06-01 12:52:51.768208,0.0,0.0,0.0,0.0
2023-06-01 12:52:51.778593,0.0,0.0,0.0,0.0
2023-06-01 12:52:51.788285,0.0,0.0,0.0,0.0
2023-06-01 12:52:51.798483,0.0,0.0,0.0,0.0
2023-06-01 12:52:51.808874,0.0,0.0,0.0,0.0
2023-06-01 12:52:51.819411,0.0,0.0,0.0,0.0
2023-06-01 12:52:51.830058,0.0,0.0,0.0,0.0
2023-06-01 12:52:51.842818,0.0,0.0,0.0,0.0
2023-06-01 12:52:51.854441,0.0,0.0,0.0,0.0
2023-06-01 12:52:51.865869,0.0,0.0,0.0,0.0
2023-06-01 12:52:51.877523,0.0,0.0,0.0,0.0
2023-06-01 12:52:51.888132,0.0,0.0,0.0,0.0
2023-06-01 12:52:51.899115,0.0,0.0,0.0,0.0
2023-06-01 12:52:51.909832,0.0,0.0,0.0,0.0
2023-06-01 12:52:51.920685,0.0,0.0,0.0,0.0
2023-06-01 12:52:51.931807,0.0,0.0,0.0,0.0
2023-06-01 12:52:51.942937,0.0,0.0,0.0,0.0
2023-06-01 12:52:51.953479,0.0,0.0,0.0,0.0
2023-06-01 12:52:51.962930,0.0,0.0,0.0,0.0
2023-06-01 12:52:51.972378,0.0,0.0,0.0,0.0
2023-06-01 12:52:51.982044,0.0,0.0,0.0,0.0
2023-06-01 12:52:51.991625,0.0,0.0,0.0,0.0
2023-06-01 12:52:52.002112,0.0,0.0,0.0,0.0
2023-06-01 12:52:52.012781,0.0,0.0,0.0,0.0
2023-06-01 12:52:52.022908,0.0,0.0,0.0,0.0
2023-06-01 12:52:52.033705,0.0,0.0,0.0,0.0
2023-06-01 12:52:52.044170,0.0,0.0,0.0,0.0
2023-06-01 12:52:52.054394,0.0,0.0,0.0,0.0
2023-06-01 12:52:52.065156,0.0,0.0,0.0,0.0
2023-06-01 12:52:52.075968,0.0,0.0,0.0,0.0
2023-06-01 12:52:52.085764,0.0,0.0,0.0,0.0
2023-06-01 12:52:52.095892,0.0,0.0,0.0,0.0
2023-06-01 12:52:52.105775,0.0,0.0,0.0,0.0
2023-06-01 12:52:52.115842,0.0,0.0,0.0,0.0
2023-06-01 12:52:52.127272,0.0,0.0,0.0,0.0
2023-06-01 12:52:52.138284,0.0,0.0,0.0,0.0
2023-06-01 12:52:52.148866,0.0,0.0,0.0,0.0
2023-06-01 12:52:52.159578,0.0,0.0,0.0,0.0
2023-06-01 12:52:52.169298,0.0,0.0,0.0,0.0
2023-06-01 12:52:52.179479,0.0,0.0,0.0,0.0
2023-06-01 12:52:52.189277,0.0,0.0,0.0,0.0
2023-06-01 12:52:52.199422,0.0,0.0,0.0,0.0
2023-06-01 12:52:52.209502,0.0,0.0,0.0,0.0
2023-06-01 12:52:52.220642,0.0,0.0,0.0,0.0
2023-06-01 12:52:52.230732,0.0,0.0,0.0,0.0
2023-06-01 12:52:52.241565,0.0,0.0,0.0,0.0
2023-06-01 12:52:52.251580,0.0,0.0,0.0,0.0
2023-06-01 12:52:52.261181,0.0,0.0,0.0,0.0
2023-06-01 12:52:52.271113,0.0,0.0,0.0,0.0
2023-06-01 12:52:52.281030,0.0,0.0,0.0,0.0
2023-06-01 12:52:52.290873,0.0,0.0,0.0,0.0
2023-06-01 12:52:52.300950,0.0,0.0,0.0,0.0
2023-06-01 12:52:52.310558,0.0,0.0,0.0,0.0
2023-06-01 12:52:52.320234,0.0,0.0,0.0,0.0
2023-06-01 12:52:52.331620,0.0,0.0,0.0,0.0
2023-06-01 12:52:52.342729,0.0,0.0,0.0,0.0
2023-06-01 12:52:52.352068,0.0,0.0,0.0,0.0
2023-06-01 12:52:52.361540,0.0,0.0,0.0,0.0
2023-06-01 12:52:52.371229,0.0,0.0,0.0,0.0
2023-06-01 12:52:52.381003,0.0,0.0,0.0,0.0
2023-06-01 12:52:52.409413,0.0,0.0,0.0,0.0
2023-06-01 12:52:52.417760,0.0,0.0,0.0,0.0
2023-06-01 12:52:52.427937,0.0,0.0,0.0,0.0
2023-06-01 12:52:52.437249,0.0,0.0,0.0,0.0
2023-06-01 12:52:52.446654,0.0,0.0,0.0,0.0
2023-06-01 12:52:52.456950,0.0,0.0,0.0,0.0
2023-06-01 12:52:52.467292,0.0,0.0,0.0,0.0
2023-06-01 12:52:52.477130,0.0,0.0,0.0,0.0
2023-06-01 12:52:52.490435,0.0,0.0,0.0,0.0
2023-06-01 12:52:52.528464,0.0,0.0,0.0,0.0
2023-06-01 12:52:52.535201,0.0,0.0,0.0,0.0
2023-06-01 12:52:52.541966,0.0,0.0,0.0,0.0
2023-06-01 12:52:52.547432,0.0,0.0,0.0,0.0
2023-06-01 12:52:52.556930,0.0,0.0,0.0,0.0
2023-06-01 12:52:52.566759,0.0,0.0,0.0,0.0
2023-06-01 12:52:52.576749,0.0,0.0,0.0,0.0
2023-06-01 12:52:52.588156,0.0,0.0,0.0,0.0
2023-06-01 12:52:52.599074,0.0,0.0,0.0,0.0
2023-06-01 12:52:52.608109,0.0,0.0,0.0,0.0
2023-06-01 12:52:52.619851,0.0,0.0,0.0,0.0
2023-06-01 12:52:52.627855,0.0,0.0,0.0,0.0
2023-06-01 12:52:52.637337,0.0,0.0,0.0,0.0
2023-06-01 12:52:52.646728,0.0,0.0,0.0,0.0
2023-06-01 12:52:52.656956,0.0,0.0,0.0,0.0
2023-06-01 12:52:52.666935,0.0,0.0,0.0,0.0
2023-06-01 12:52:52.676590,0.0,0.0,0.0,0.0
2023-06-01 12:52:52.686967,0.0,0.0,0.0,0.0
2023-06-01 12:52:52.696942,0.0,0.0,0.0,0.0
2023-06-01 12:52:52.706870,0.0,0.0,0.0,0.0
2023-06-01 12:52:52.716557,0.0,0.0,0.0,0.0
2023-06-01 12:52:52.726723,0.0,0.0,0.0,0.0
2023-06-01 12:52:52.736831,0.0,0.0,0.0,0.0
2023-06-01 12:52:52.746823,0.0,0.0,0.0,0.0
2023-06-01 12:52:52.756584,0.0,0.0,0.0,0.0
2023-06-01 12:52:52.766667,0.0,0.0,0.0,0.0
2023-06-01 12:52:52.776593,0.0,0.0,0.0,0.0
2023-06-01 12:52:52.787343,0.0,0.0,0.0,0.0
2023-06-01 12:52:52.802345,0.0,0.0,0.0,0.0
2023-06-01 12:52:52.810882,0.0,0.0,0.0,0.0
2023-06-01 12:52:52.821401,0.0,0.0,0.0,0.0
2023-06-01 12:52:52.829138,0.0,0.0,0.0,0.0
2023-06-01 12:52:52.838278,0.0,0.0,0.0,0.0
2023-06-01 12:52:52.848561,0.0,0.0,0.0,0.0
2023-06-01 12:52:52.857947,0.0,0.0,0.0,0.0
2023-06-01 12:52:52.867277,0.0,0.0,0.0,0.0
2023-06-01 12:52:52.876943,0.0,0.0,0.0,0.0
2023-06-01 12:52:52.886704,0.0,0.0,0.0,0.0
2023-06-01 12:52:52.896598,0.0,0.0,0.0,0.0
2023-06-01 12:52:52.906545,0.0,0.0,0.0,0.0
2023-06-01 12:52:52.916615,0.0,0.0,0.0,0.0
2023-06-01 12:52:52.926584,0.0,0.0,0.0,0.0
2023-06-01 12:52:52.936806,0.0,0.0,0.0,0.0
2023-06-01 12:52:52.947121,0.0,0.0,0.0,0.0
2023-06-01 12:52:52.956481,0.0,0.0,0.0,0.0
2023-06-01 12:52:52.966527,0.0,0.0,0.0,0.0
2023-06-01 12:52:52.977078,0.0,0.0,0.0,0.0
2023-06-01 12:52:52.987083,0.0,0.0,0.0,0.0
2023-06-01 12:52:52.996795,0.0,0.0,0.0,0.0
2023-06-01 12:52:53.006703,0.0,0.0,0.0,0.0
2023-06-01 12:52:53.016619,0.0,0.0,0.0,0.0
2023-06-01 12:52:53.026757,0.0,0.0,0.0,0.0
2023-06-01 12:52:53.036748,0.0,0.0,0.0,0.0
2023-06-01 12:52:53.046941,0.0,0.0,0.0,0.0
2023-06-01 12:52:53.056685,0.0,0.0,0.0,0.0
2023-06-01 12:52:53.067298,0.0,0.0,0.0,0.0
2023-06-01 12:52:53.076937,0.0,0.0,0.0,0.0
2023-06-01 12:52:53.086811,0.0,0.0,0.0,0.0
2023-06-01 12:52:53.097353,0.0,0.0,0.0,0.0
2023-06-01 12:52:53.106858,0.0,0.0,0.0,0.0
2023-06-01 12:52:53.116798,0.0,0.0,0.0,0.0
2023-06-01 12:52:53.127112,0.0,0.0,0.0,0.0
2023-06-01 12:52:53.137153,0.0,0.0,0.0,0.0
2023-06-01 12:52:53.147043,0.0,0.0,0.0,0.0
2023-06-01 12:52:53.156992,0.0,0.0,0.0,0.0
2023-06-01 12:52:53.166612,0.0,0.0,0.0,0.0
2023-06-01 12:52:53.176666,0.0,0.0,0.0,0.0
2023-06-01 12:52:53.186844,0.0,0.0,0.0,0.0
2023-06-01 12:52:53.196607,0.0,0.0,0.0,0.0
2023-06-01 12:52:53.206473,0.0,0.0,0.0,0.0
2023-06-01 12:52:53.216547,0.0,0.0,0.0,0.0
2023-06-01 12:52:53.226615,0.0,0.0,0.0,0.0
2023-06-01 12:52:53.236938,0.0,0.0,0.0,0.0
2023-06-01 12:52:53.246784,0.0,0.0,0.0,0.0
2023-06-01 12:52:53.256867,0.0,0.0,0.0,0.0
2023-06-01 12:52:53.266743,0.0,0.0,0.0,0.0
2023-06-01 12:52:53.276768,0.0,0.0,0.0,0.0
2023-06-01 12:52:53.286788,0.0,0.0,0.0,0.0
2023-06-01 12:52:53.296956,0.0,0.0,0.0,0.0
2023-06-01 12:52:53.306632,0.0,0.0,0.0,0.0
2023-06-01 12:52:53.316460,0.0,0.0,0.0,0.0
2023-06-01 12:52:53.326863,0.0,0.0,0.0,0.0
2023-06-01 12:52:53.336828,0.0,0.0,0.0,0.0
2023-06-01 12:52:53.346766,0.0,0.0,0.0,0.0
2023-06-01 12:52:53.356860,0.0,0.0,0.0,0.0
2023-06-01 12:52:53.366782,0.0,0.0,0.0,0.0
2023-06-01 12:52:53.377199,0.0,0.0,0.0,0.0
2023-06-01 12:52:53.387246,0.0,0.0,0.0,0.0
2023-06-01 12:52:53.396791,0.0,0.0,0.0,0.0
2023-06-01 12:52:53.406552,0.0,0.0,0.0,0.0
2023-06-01 12:52:53.416410,0.0,0.0,0.0,0.0
2023-06-01 12:52:53.426787,0.0,0.0,0.0,0.0
2023-06-01 12:52:53.436687,0.0,0.0,0.0,0.0
2023-06-01 12:52:53.446693,0.0,0.0,0.0,0.0
2023-06-01 12:52:53.456568,0.0,0.0,0.0,0.0
2023-06-01 12:52:53.466758,0.0,0.0,0.0,0.0
2023-06-01 12:52:53.476831,0.0,0.0,0.0,0.0
2023-06-01 12:52:53.486719,0.0,0.0,0.0,0.0
2023-06-01 12:52:53.496941,0.0,0.0,0.0,0.0
2023-06-01 12:52:53.506780,0.0,0.0,0.0,0.0
2023-06-01 12:52:53.516538,0.0,0.0,0.0,0.0
2023-06-01 12:52:53.526596,0.0,0.0,0.0,0.0
2023-06-01 12:52:53.536802,0.0,0.0,0.0,0.0
2023-06-01 12:52:53.546723,0.0,0.0,0.0,0.0
2023-06-01 12:52:53.557014,0.0,0.0,0.0,0.0
2023-06-01 12:52:53.567405,0.0,0.0,0.0,0.0
2023-06-01 12:52:53.576726,0.0,0.0,0.0,0.0
2023-06-01 12:52:53.587016,0.0,0.0,0.0,0.0
2023-06-01 12:52:53.596700,0.0,0.0,0.0,0.0
2023-06-01 12:52:53.606898,0.0,0.0,0.0,0.0
2023-06-01 12:52:53.616845,0.0,0.0,0.0,0.0
2023-06-01 12:52:53.626598,0.0,0.0,0.0,0.0
2023-06-01 12:52:53.636711,0.0,0.0,0.0,0.0
2023-06-01 12:52:53.646635,0.0,0.0,0.0,0.0
2023-06-01 12:52:53.656486,0.0,0.0,0.0,0.0
2023-06-01 12:52:53.667125,0.0,0.0,0.0,0.0
2023-06-01 12:52:53.676835,0.0,0.0,0.0,0.0
2023-06-01 12:52:53.686875,0.0,0.0,0.0,0.0
2023-06-01 12:52:53.697183,0.0,0.0,0.0,0.0
2023-06-01 12:52:53.706609,0.0,0.0,0.0,0.0
2023-06-01 12:52:53.716361,0.0,0.0,0.0,0.0
2023-06-01 12:52:53.727031,0.0,0.0,0.0,0.0
2023-06-01 12:52:53.736845,0.0,0.0,0.0,0.0
2023-06-01 12:52:53.746804,0.0,0.0,0.0,0.0
2023-06-01 12:52:53.756579,0.0,0.0,0.0,0.0
2023-06-01 12:52:53.766599,0.0,0.0,0.0,0.0
2023-06-01 12:52:53.776683,0.0,0.0,0.0,0.0
2023-06-01 12:52:53.786688,0.0,0.0,0.0,0.0
2023-06-01 12:52:53.796719,0.0,0.0,0.0,0.0
2023-06-01 12:52:53.806529,0.0,0.0,0.0,0.0
2023-06-01 12:52:53.816741,0.0,0.0,0.0,0.0
2023-06-01 12:52:53.826881,0.0,0.0,0.0,0.0
2023-06-01 12:52:53.836809,0.0,0.0,0.0,0.0
2023-06-01 12:52:53.846864,0.0,0.0,0.0,0.0
2023-06-01 12:52:53.857057,0.0,0.0,0.0,0.0
2023-06-01 12:52:53.866780,0.0,0.0,0.0,0.0
2023-06-01 12:52:53.876666,0.0,0.0,0.0,0.0
2023-06-01 12:52:53.886834,0.0,0.0,0.0,0.0
2023-06-01 12:52:53.896694,0.0,0.0,0.0,0.0
2023-06-01 12:52:53.906545,0.0,0.0,0.0,0.0
2023-06-01 12:52:53.916652,0.0,0.0,0.0,0.0
2023-06-01 12:52:53.926828,0.0,0.0,0.0,0.0
2023-06-01 12:52:53.936833,0.0,0.0,0.0,0.0
2023-06-01 12:52:53.946675,0.0,0.0,0.0,0.0
2023-06-01 12:52:53.956685,0.0,0.0,0.0,0.0
2023-06-01 12:52:53.966846,0.0,0.0,0.0,0.0
2023-06-01 12:52:53.976673,0.0,0.0,0.0,0.0
2023-06-01 12:52:53.986934,0.0,0.0,0.0,0.0
2023-06-01 12:52:53.997053,0.0,0.0,0.0,0.0
2023-06-01 12:52:54.006725,0.0,0.0,0.0,0.0
2023-06-01 12:52:54.016674,0.0,0.0,0.0,0.0
2023-06-01 12:52:54.026952,0.0,0.0,0.0,0.0
2023-06-01 12:52:54.036809,0.0,0.0,0.0,0.0
2023-06-01 12:52:54.046655,0.0,0.0,0.0,0.0
2023-06-01 12:52:54.056708,0.0,0.0,0.0,0.0
2023-06-01 12:52:54.066825,0.0,0.0,0.0,0.0
2023-06-01 12:52:54.076829,0.0,0.0,0.0,0.0
2023-06-01 12:52:54.086872,0.0,0.0,0.0,0.0
2023-06-01 12:52:54.097310,0.0,0.0,0.0,0.0
2023-06-01 12:52:54.107133,0.0,0.0,0.0,0.0
2023-06-01 12:52:54.116446,0.0,0.0,0.0,0.0
2023-06-01 12:52:54.126764,0.0,0.0,0.0,0.0
2023-06-01 12:52:54.136690,0.0,0.0,0.0,0.0
2023-06-01 12:52:54.146734,0.0,0.0,0.0,0.0
2023-06-01 12:52:54.156631,0.0,0.0,0.0,0.0
2023-06-01 12:52:54.166719,0.0,0.0,0.0,0.0
2023-06-01 12:52:54.176847,0.0,0.0,0.0,0.0
2023-06-01 12:52:54.186828,0.0,0.0,0.0,0.0
2023-06-01 12:52:54.196672,0.0,0.0,0.0,0.0
2023-06-01 12:52:54.206655,0.0,0.0,0.0,0.0
2023-06-01 12:52:54.216775,0.0,0.0,0.0,0.0
2023-06-01 12:52:54.226806,0.0,0.0,0.0,0.0
2023-06-01 12:52:54.236939,0.0,0.0,0.0,0.0
2023-06-01 12:52:54.247052,0.0,0.0,0.0,0.0
2023-06-01 12:52:54.256557,0.0,0.0,0.0,0.0
2023-06-01 12:52:54.266699,0.0,0.0,0.0,0.0
2023-06-01 12:52:54.276806,0.0,0.0,0.0,0.0
2023-06-01 12:52:54.287333,0.0,0.0,0.0,0.0
2023-06-01 12:52:54.297189,0.0,0.0,0.0,0.0
2023-06-01 12:52:54.306798,0.0,0.0,0.0,0.0
2023-06-01 12:52:54.316887,0.0,0.0,0.0,0.0
2023-06-01 12:52:54.326759,0.0,0.0,0.0,0.0
2023-06-01 12:52:54.408755,0.0,0.0,0.0,0.0
2023-06-01 12:52:54.414877,0.0,0.0,0.0,0.0
2023-06-01 12:52:54.420924,0.0,0.0,0.0,0.0
2023-06-01 12:52:54.427535,0.0,0.0,0.0,0.0
2023-06-01 12:52:54.437216,0.0,0.0,0.0,0.0
2023-06-01 12:52:54.447756,0.0,0.0,0.0,0.0
2023-06-01 12:52:54.457095,0.0,0.0,0.0,0.0
2023-06-01 12:52:54.466665,0.0,0.0,0.0,0.0
2023-06-01 12:52:54.476820,0.0,0.0,0.0,0.0
2023-06-01 12:52:54.487293,0.0,0.0,0.0,0.0
2023-06-01 12:52:54.496927,0.0,0.0,0.0,0.0
2023-06-01 12:52:54.506503,0.0,0.0,0.0,0.0
2023-06-01 12:52:54.516665,0.0,0.0,0.0,0.0
2023-06-01 12:52:54.527376,0.0,0.0,0.0,0.0
2023-06-01 12:52:54.536831,0.0,0.0,0.0,0.0
2023-06-01 12:52:54.546719,0.0,0.0,0.0,0.0
2023-06-01 12:52:54.556845,0.0,0.0,0.0,0.0
2023-06-01 12:52:54.567055,0.0,0.0,0.0,0.0
2023-06-01 12:52:54.576956,0.0,0.0,0.0,0.0
2023-06-01 12:52:54.587149,0.0,0.0,0.0,0.0
2023-06-01 12:52:54.597015,0.0,0.0,0.0,0.0
2023-06-01 12:52:54.606511,0.0,0.0,0.0,0.0
2023-06-01 12:52:54.616515,0.0,0.0,0.0,0.0
2023-06-01 12:52:54.626735,0.0,0.0,0.0,0.0
2023-06-01 12:52:54.636902,0.0,0.0,0.0,0.0
2023-06-01 12:52:54.647266,0.0,0.0,0.0,0.0
2023-06-01 12:52:54.656644,0.0,0.0,0.0,0.0
2023-06-01 12:52:54.666701,0.0,0.0,0.0,0.0
2023-06-01 12:52:54.676634,0.0,0.0,0.0,0.0
2023-06-01 12:52:54.687082,0.0,0.0,0.0,0.0
2023-06-01 12:52:54.696817,0.0,0.0,0.0,0.0
2023-06-01 12:52:54.706868,0.0,0.0,0.0,0.0
2023-06-01 12:52:54.716560,0.0,0.0,0.0,0.0
2023-06-01 12:52:54.726934,0.0,0.0,0.0,0.0
2023-06-01 12:52:54.737277,0.0,0.0,0.0,0.0
2023-06-01 12:52:54.747040,0.0,0.0,0.0,0.0
2023-06-01 12:52:54.756698,0.0,0.0,0.0,0.0
2023-06-01 12:52:54.766659,0.0,0.0,0.0,0.0
2023-06-01 12:52:54.777524,0.0,0.0,0.0,0.0
2023-06-01 12:52:54.786667,0.0,0.0,0.0,0.0
2023-06-01 12:52:54.796722,0.0,0.0,0.0,0.0
2023-06-01 12:52:54.806856,0.0,0.0,0.0,0.0
2023-06-01 12:52:54.816724,0.0,0.0,0.0,0.0
2023-06-01 12:52:54.826838,0.0,0.0,0.0,0.0
2023-06-01 12:52:54.836739,0.0,0.0,0.0,0.0
2023-06-01 12:52:54.846880,0.0,0.0,0.0,0.0
2023-06-01 12:52:54.857487,0.0,0.0,0.0,0.0
2023-06-01 12:52:54.866802,0.0,0.0,0.0,0.0
2023-06-01 12:52:54.876898,0.0,0.0,0.0,0.0
2023-06-01 12:52:54.886912,0.0,0.0,0.0,0.0
2023-06-01 12:52:54.897486,0.0,0.0,0.0,0.0
2023-06-01 12:52:54.906660,0.0,0.0,0.0,0.0
2023-06-01 12:52:54.916833,0.0,0.0,0.0,0.0
2023-06-01 12:52:54.926867,0.0,0.0,0.0,0.0
2023-06-01 12:52:54.937261,0.0,0.0,0.0,0.0
2023-06-01 12:52:54.947404,0.0,0.0,0.0,0.0
2023-06-01 12:52:54.956515,0.0,0.0,0.0,0.0
2023-06-01 12:52:54.966775,0.0,0.0,0.0,0.0
2023-06-01 12:52:54.976715,0.0,0.0,0.0,0.0
2023-06-01 12:52:54.987263,0.0,0.0,0.0,0.0
2023-06-01 12:52:54.997497,0.0,0.0,0.0,0.0
2023-06-01 12:52:55.006705,0.0,0.0,0.0,0.0
2023-06-01 12:52:55.017596,0.0,0.0,0.0,0.0
2023-06-01 12:52:55.026752,0.0,0.0,0.0,0.0
2023-06-01 12:52:55.037288,0.0,0.0,0.0,0.0
2023-06-01 12:52:55.046687,0.0,0.0,0.0,0.0
2023-06-01 12:52:55.056922,0.0,0.0,0.0,0.0
2023-06-01 12:52:55.066681,0.0,0.0,0.0,0.0
2023-06-01 12:52:55.076811,0.0,0.0,0.0,0.0
2023-06-01 12:52:55.087188,0.0,0.0,0.0,0.0
2023-06-01 12:52:55.097089,0.0,0.0,0.0,0.0
2023-06-01 12:52:55.106725,0.0,0.0,0.0,0.0
2023-06-01 12:52:55.116529,0.0,0.0,0.0,0.0
2023-06-01 12:52:55.128295,0.0,0.0,0.0,0.0
2023-06-01 12:52:55.137081,0.0,0.0,0.0,0.0
2023-06-01 12:52:55.146913,0.0,0.0,0.0,0.0
2023-06-01 12:52:55.157851,0.0,0.0,0.0,0.0
2023-06-01 12:52:55.166667,0.0,0.0,0.0,0.0
2023-06-01 12:52:55.177223,0.0,0.0,0.0,0.0
2023-06-01 12:52:55.186823,0.0,0.0,0.0,0.0
2023-06-01 12:52:55.197018,0.0,0.0,0.0,0.0
2023-06-01 12:52:55.206828,0.0,0.0,0.0,0.0
2023-06-01 12:52:55.216629,0.0,0.0,0.0,0.0
2023-06-01 12:52:55.227050,0.0,0.0,0.0,0.0
2023-06-01 12:52:55.236836,0.0,0.0,0.0,0.0
2023-06-01 12:52:55.246754,0.0,0.0,0.0,0.0
2023-06-01 12:52:55.256965,0.0,0.0,0.0,0.0
2023-06-01 12:52:55.267660,0.0,0.0,0.0,0.0
2023-06-01 12:52:55.277347,0.0,0.0,0.0,0.0
2023-06-01 12:52:55.286838,0.0,0.0,0.0,0.0
2023-06-01 12:52:55.297363,0.0,0.0,0.0,0.0
2023-06-01 12:52:55.309087,0.0,0.0,0.0,0.0
2023-06-01 12:52:55.316515,0.0,0.0,0.0,0.0
2023-06-01 12:52:55.327330,0.0,0.0,0.0,0.0
2023-06-01 12:52:55.337445,0.0,0.0,0.0,0.0
2023-06-01 12:52:55.346795,0.0,0.0,0.0,0.0
2023-06-01 12:52:55.356787,0.0,0.0,0.0,0.0
2023-06-01 12:52:55.367736,0.0,0.0,0.0,0.0
2023-06-01 12:52:55.376956,0.0,0.0,0.0,0.0
2023-06-01 12:52:55.386889,0.0,0.0,0.0,0.0
2023-06-01 12:52:55.396982,0.0,0.0,0.0,0.0
2023-06-01 12:52:55.406968,0.0,0.0,0.0,0.0
2023-06-01 12:52:55.416478,0.0,0.0,0.0,0.0
2023-06-01 12:52:55.426926,0.0,0.0,0.0,0.0
2023-06-01 12:52:55.436858,0.0,0.0,0.0,0.0
2023-06-01 12:52:55.447208,0.0,0.0,0.0,0.0
2023-06-01 12:52:55.456728,0.0,0.0,0.0,0.0
2023-06-01 12:52:55.466810,0.0,0.0,0.0,0.0
2023-06-01 12:52:55.476929,0.0,0.0,0.0,0.0
2023-06-01 12:52:55.487195,0.0,0.0,0.0,0.0
2023-06-01 12:52:55.496732,0.0,0.0,0.0,0.0
2023-06-01 12:52:55.506917,0.0,0.0,0.0,0.0
2023-06-01 12:52:55.516470,0.0,0.0,0.0,0.0
2023-06-01 12:52:55.526746,0.0,0.0,0.0,0.0
2023-06-01 12:52:55.536700,0.0,0.0,0.0,0.0
2023-06-01 12:52:55.546909,0.0,0.0,0.0,0.0
2023-06-01 12:52:55.556755,0.0,0.0,0.0,0.0
2023-06-01 12:52:55.566983,0.0,0.0,0.0,0.0
2023-06-01 12:52:55.577222,0.0,0.0,0.0,0.0
2023-06-01 12:52:55.586731,0.0,0.0,0.0,0.0
2023-06-01 12:52:55.596739,0.0,0.0,0.0,0.0
2023-06-01 12:52:55.607031,0.0,0.0,0.0,0.0
2023-06-01 12:52:55.616711,0.0,0.0,0.0,0.0
2023-06-01 12:52:55.626701,0.0,0.0,0.0,0.0
2023-06-01 12:52:55.636779,0.0,0.0,0.0,0.0
2023-06-01 12:52:55.646911,0.0,0.0,0.0,0.0
2023-06-01 12:52:55.656527,0.0,0.0,0.0,0.0
2023-06-01 12:52:55.666872,0.0,0.0,0.0,0.0
2023-06-01 12:52:55.676699,0.0,0.0,0.0,0.0
2023-06-01 12:52:55.687356,0.0,0.0,0.0,0.0
2023-06-01 12:52:55.697597,0.0,0.0,0.0,0.0
2023-06-01 12:52:55.706505,0.0,0.0,0.0,0.0
2023-06-01 12:52:55.716788,0.0,0.0,0.0,0.0
2023-06-01 12:52:55.726655,0.0,0.0,0.0,0.0
2023-06-01 12:52:55.736921,0.0,0.0,0.0,0.0
2023-06-01 12:52:55.746812,0.0,0.0,0.0,0.0
2023-06-01 12:52:55.756510,0.0,0.0,0.0,0.0
2023-06-01 12:52:55.766731,0.0,0.0,0.0,0.0
2023-06-01 12:52:55.776833,0.0,0.0,0.0,0.0
2023-06-01 12:52:55.787285,0.0,0.0,0.0,0.0
2023-06-01 12:52:55.796618,0.0,0.0,0.0,0.0
2023-06-01 12:52:55.806789,0.0,0.0,0.0,0.0
2023-06-01 12:52:55.816752,0.0,0.0,0.0,0.0
2023-06-01 12:52:55.827023,0.0,0.0,0.0,0.0
2023-06-01 12:52:55.836868,0.0,0.0,0.0,0.0
2023-06-01 12:52:55.846695,0.0,0.0,0.0,0.0
2023-06-01 12:52:55.857075,0.0,0.0,0.0,0.0
2023-06-01 12:52:55.867099,0.0,0.0,0.0,0.0
2023-06-01 12:52:55.877509,0.0,0.0,0.0,0.0
2023-06-01 12:52:55.886803,0.0,0.0,0.0,0.0
2023-06-01 12:52:55.897389,0.0,0.0,0.0,0.0
2023-06-01 12:52:55.906421,0.0,0.0,0.0,0.0
2023-06-01 12:52:55.916358,0.0,0.0,0.0,0.0
2023-06-01 12:52:55.926908,0.0,0.0,0.0,0.0
2023-06-01 12:52:55.936899,0.0,0.0,0.0,0.0
2023-06-01 12:52:55.946928,0.0,0.0,0.0,0.0
2023-06-01 12:52:55.956400,0.0,0.0,0.0,0.0
2023-06-01 12:52:55.966830,0.0,0.0,0.0,0.0
2023-06-01 12:52:55.976743,0.0,0.0,0.0,0.0
2023-06-01 12:52:55.986831,0.0,0.0,0.0,0.0
2023-06-01 12:52:55.997570,0.0,0.0,0.0,0.0
2023-06-01 12:52:56.006787,0.0,0.0,0.0,0.0
2023-06-01 12:52:56.016463,0.0,0.0,0.0,0.0
2023-06-01 12:52:56.027399,0.0,0.0,0.0,0.0
2023-06-01 12:52:56.036884,0.0,0.0,0.0,0.0
2023-06-01 12:52:56.046663,0.0,0.0,0.0,0.0
2023-06-01 12:52:56.056652,0.0,0.0,0.0,0.0
2023-06-01 12:52:56.067054,0.0,0.0,0.0,0.0
2023-06-01 12:52:56.076649,0.0,0.0,0.0,0.0
2023-06-01 12:52:56.087062,0.0,0.0,0.0,0.0
2023-06-01 12:52:56.096692,0.0,0.0,0.0,0.0
2023-06-01 12:52:56.106778,0.0,0.0,0.0,0.0
2023-06-01 12:52:56.116512,0.0,0.0,0.0,0.0
2023-06-01 12:52:56.126693,0.0,0.0,0.0,0.0
2023-06-01 12:52:56.137155,0.0,0.0,0.0,0.0
2023-06-01 12:52:56.146655,0.0,0.0,0.0,0.0
2023-06-01 12:52:56.156788,0.0,0.0,0.0,0.0
2023-06-01 12:52:56.166618,0.0,0.0,0.0,0.0
2023-06-01 12:52:56.177438,0.0,0.0,0.0,0.0
2023-06-01 12:52:56.186839,0.0,0.0,0.0,0.0
2023-06-01 12:52:56.196577,0.0,0.0,0.0,0.0
2023-06-01 12:52:56.206538,0.0,0.0,0.0,0.0
2023-06-01 12:52:56.216567,0.0,0.0,0.0,0.0
2023-06-01 12:52:56.227078,0.0,0.0,0.0,0.0
2023-06-01 12:52:56.236829,0.0,0.0,0.0,0.0
2023-06-01 12:52:56.247284,0.0,0.0,0.0,0.0
2023-06-01 12:52:56.256477,0.0,0.0,0.0,0.0
2023-06-01 12:52:56.266596,0.0,0.0,0.0,0.0
2023-06-01 12:52:56.277332,0.0,0.0,0.0,0.0
2023-06-01 12:52:56.286698,0.0,0.0,0.0,0.0
2023-06-01 12:52:56.297116,0.0,0.0,0.0,0.0
2023-06-01 12:52:56.306544,0.0,0.0,0.0,0.0
2023-06-01 12:52:56.316664,0.0,0.0,0.0,0.0
2023-06-01 12:52:56.327157,0.0,0.0,0.0,0.0
2023-06-01 12:52:56.336765,0.0,0.0,0.0,0.0
2023-06-01 12:52:56.347273,0.0,0.0,0.0,0.0
2023-06-01 12:52:56.356596,0.0,0.0,0.0,0.0
2023-06-01 12:52:56.367179,0.0,0.0,0.0,0.0
2023-06-01 12:52:56.376708,0.0,0.0,0.0,0.0
2023-06-01 12:52:56.387272,0.0,0.0,0.0,0.0
2023-06-01 12:52:56.396714,0.0,0.0,0.0,0.0
2023-06-01 12:52:56.406526,0.0,0.0,0.0,0.0
2023-06-01 12:52:56.416954,0.0,0.0,0.0,0.0
2023-06-01 12:52:56.427294,0.0,0.0,0.0,0.0
2023-06-01 12:52:56.437247,0.0,0.0,0.0,0.0
2023-06-01 12:52:56.446613,0.0,0.0,0.0,0.0
2023-06-01 12:52:56.457055,0.0,0.0,0.0,0.0
2023-06-01 12:52:56.466616,0.0,0.0,0.0,0.0
2023-06-01 12:52:56.476628,0.0,0.0,0.0,0.0
2023-06-01 12:52:56.486960,0.0,0.0,0.0,0.0
2023-06-01 12:52:56.496844,0.0,0.0,0.0,0.0
2023-06-01 12:52:56.507694,0.0,0.0,0.0,0.0
2023-06-01 12:52:56.516420,0.0,0.0,0.0,0.0
2023-06-01 12:52:56.529602,0.0,0.0,0.0,0.0
2023-06-01 12:52:56.537041,0.0,0.0,0.0,0.0
2023-06-01 12:52:56.547184,0.0,0.0,0.0,0.0
2023-06-01 12:52:56.557524,0.0,0.0,0.0,0.0
2023-06-01 12:52:56.566613,0.0,0.0,0.0,0.0
2023-06-01 12:52:56.577800,0.0,0.0,0.0,0.0
2023-06-01 12:52:56.586846,0.0,0.0,0.0,0.0
2023-06-01 12:52:56.597281,0.0,0.0,0.0,0.0
2023-06-01 12:52:56.606653,0.0,0.0,0.0,0.0
2023-06-01 12:52:56.616441,0.0,0.0,0.0,0.0
2023-06-01 12:52:56.626704,0.0,0.0,0.0,0.0
2023-06-01 12:52:56.636837,0.0,0.0,0.0,0.0
2023-06-01 12:52:56.647529,0.0,0.0,0.0,0.0
2023-06-01 12:52:56.656464,0.0,0.0,0.0,0.0
2023-06-01 12:52:56.667021,0.0,0.0,0.0,0.0
2023-06-01 12:52:56.676664,0.0,0.0,0.0,0.0
2023-06-01 12:52:56.686869,0.0,0.0,0.0,0.0
2023-06-01 12:52:56.697305,0.0,0.0,0.0,0.0
2023-06-01 12:52:56.706632,0.0,0.0,0.0,0.0
2023-06-01 12:52:56.716862,0.0,0.0,0.0,0.0
2023-06-01 12:52:56.726576,0.0,0.0,0.0,0.0
2023-06-01 12:52:56.737281,0.0,0.0,0.0,0.0
2023-06-01 12:52:56.746646,0.0,0.0,0.0,0.0
2023-06-01 12:52:56.756555,0.0,0.0,0.0,0.0
2023-06-01 12:52:56.767118,0.0,0.0,0.0,0.0
2023-06-01 12:52:56.776609,0.0,0.0,0.0,0.0
2023-06-01 12:52:56.787668,0.0,0.0,0.0,0.0
2023-06-01 12:52:56.796766,0.0,0.0,0.0,0.0
2023-06-01 12:52:56.807276,0.0,0.0,0.0,0.0
2023-06-01 12:52:56.816776,0.0,0.0,0.0,0.0
2023-06-01 12:52:56.826871,0.0,0.0,0.0,0.0
2023-06-01 12:52:56.836949,0.0,0.0,0.0,0.0
2023-06-01 12:52:56.846821,0.0,0.0,0.0,0.0
2023-06-01 12:52:56.857611,0.0,0.0,0.0,0.0
2023-06-01 12:52:56.866802,0.0,0.0,0.0,0.0
2023-06-01 12:52:56.876913,0.0,0.0,0.0,0.0
2023-06-01 12:52:56.887077,0.0,0.0,0.0,0.0
2023-06-01 12:52:56.896793,0.0,0.0,0.0,0.0
2023-06-01 12:52:56.907147,0.0,0.0,0.0,0.0
2023-06-01 12:52:56.916826,0.0,0.0,0.0,0.0
2023-06-01 12:52:56.928484,0.0,0.0,0.0,0.0
2023-06-01 12:52:56.937856,0.0,0.0,0.0,0.0
2023-06-01 12:52:56.947347,0.0,0.0,0.0,0.0
2023-06-01 12:52:56.956565,0.0,0.0,0.0,0.0
2023-06-01 12:52:56.966663,0.0,0.0,0.0,0.0
2023-06-01 12:52:56.976808,0.0,0.0,0.0,0.0
2023-06-01 12:52:56.986785,0.0,0.0,0.0,0.0
2023-06-01 12:52:56.997467,0.0,0.0,0.0,0.0
2023-06-01 12:52:57.006602,0.0,0.0,0.0,0.0
2023-06-01 12:52:57.016820,0.0,0.0,0.0,0.0
2023-06-01 12:52:57.026804,0.0,0.0,0.0,0.0
2023-06-01 12:52:57.037011,0.0,0.0,0.0,0.0
2023-06-01 12:52:57.046739,0.0,0.0,0.0,0.0
2023-06-01 12:52:57.056925,0.0,0.0,0.0,0.0
2023-06-01 12:52:57.066901,0.0,0.0,0.0,0.0
2023-06-01 12:52:57.076755,0.0,0.0,0.0,0.0
2023-06-01 12:52:57.086916,0.0,0.0,0.0,0.0
2023-06-01 12:52:57.096686,0.0,0.0,0.0,0.0
2023-06-01 12:52:57.106577,0.0,0.0,0.0,0.0
2023-06-01 12:52:57.116726,0.0,0.0,0.0,0.0
2023-06-01 12:52:57.126742,0.0,0.0,0.0,0.0
2023-06-01 12:52:57.137010,0.0,0.0,0.0,0.0
2023-06-01 12:52:57.146818,0.0,0.0,0.0,0.0
2023-06-01 12:52:57.156799,0.0,0.0,0.0,0.0
2023-06-01 12:52:57.166641,0.0,0.0,0.0,0.0
2023-06-01 12:52:57.176721,0.0,0.0,0.0,0.0
2023-06-01 12:52:57.187333,0.0,0.0,0.0,0.0
2023-06-01 12:52:57.196648,0.0,0.0,0.0,0.0
2023-06-01 12:52:57.207006,0.0,0.0,0.0,0.0
2023-06-01 12:52:57.216451,0.0,0.0,0.0,0.0
2023-06-01 12:52:57.226941,0.0,0.0,0.0,0.0
2023-06-01 12:52:57.237061,0.0,0.0,0.0,0.0
2023-06-01 12:52:57.247046,0.0,0.0,0.0,0.0
2023-06-01 12:52:57.256896,0.0,0.0,0.0,0.0
2023-06-01 12:52:57.266712,0.0,0.0,0.0,0.0
2023-06-01 12:52:57.276675,0.0,0.0,0.0,0.0
2023-06-01 12:52:57.286929,0.0,0.0,0.0,0.0
2023-06-01 12:52:57.297116,0.0,0.0,0.0,0.0
2023-06-01 12:52:57.306597,0.0,0.0,0.0,0.0
2023-06-01 12:52:57.316467,0.0,0.0,0.0,0.0
2023-06-01 12:52:57.327387,0.0,0.0,0.0,0.0
2023-06-01 12:52:57.336826,0.0,0.0,0.0,0.0
2023-06-01 12:52:57.346708,0.0,0.0,0.0,0.0
2023-06-01 12:52:57.356971,0.0,0.0,0.0,0.0
2023-06-01 12:52:57.366848,0.0,0.0,0.0,0.0
2023-06-01 12:52:57.376649,0.0,0.0,0.0,0.0
2023-06-01 12:52:57.386799,0.0,0.0,0.0,0.0
2023-06-01 12:52:57.397789,0.0,0.0,0.0,0.0
2023-06-01 12:52:57.406577,0.0,0.0,0.0,0.0
2023-06-01 12:52:57.416568,0.0,0.0,0.0,0.0
2023-06-01 12:52:57.426842,0.0,0.0,0.0,0.0
2023-06-01 12:52:57.437100,0.0,0.0,0.0,0.0
2023-06-01 12:52:57.446649,0.0,0.0,0.0,0.0
2023-06-01 12:52:57.456959,0.0,0.0,0.0,0.0
2023-06-01 12:52:57.466707,0.0,0.0,0.0,0.0
2023-06-01 12:52:57.476780,0.0,0.0,0.0,0.0
2023-06-01 12:52:57.487298,0.0,0.0,0.0,0.0
2023-06-01 12:52:57.496751,0.0,0.0,0.0,0.0
2023-06-01 12:52:57.506752,0.0,0.0,0.0,0.0
2023-06-01 12:52:57.517126,0.0,0.0,0.0,0.0
2023-06-01 12:52:57.527552,0.0,0.0,0.0,0.0
2023-06-01 12:52:57.536852,0.0,0.0,0.0,0.0
2023-06-01 12:52:57.546668,0.0,0.0,0.0,0.0
2023-06-01 12:52:57.559720,0.0,0.0,0.0,0.0
2023-06-01 12:52:57.566873,0.0,0.0,0.0,0.0
2023-06-01 12:52:57.578930,0.0,0.0,0.0,0.0
2023-06-01 12:52:57.587084,0.0,0.0,0.0,0.0
2023-06-01 12:52:57.596780,0.0,0.0,0.0,0.0
2023-06-01 12:52:57.607393,0.0,0.0,0.0,0.0
2023-06-01 12:52:57.616584,0.0,0.0,0.0,0.0
2023-06-01 12:52:57.628165,0.0,0.0,0.0,0.0
2023-06-01 12:52:57.638192,0.0,0.0,0.0,0.0
2023-06-01 12:52:57.646791,0.0,0.0,0.0,0.0
2023-06-01 12:52:57.656926,0.0,0.0,0.0,0.0
2023-06-01 12:52:57.667591,0.0,0.0,0.0,0.0
2023-06-01 12:52:57.676874,0.0,0.0,0.0,0.0
2023-06-01 12:52:57.687086,0.0,0.0,0.0,0.0
2023-06-01 12:52:57.697162,0.0,0.0,0.0,0.0
2023-06-01 12:52:57.706322,0.0,0.0,0.0,0.0
2023-06-01 12:52:57.716561,0.0,0.0,0.0,0.0
2023-06-01 12:52:57.726780,0.0,0.0,0.0,0.0
2023-06-01 12:52:57.736822,0.0,0.0,0.0,0.0
2023-06-01 12:52:57.746718,0.0,0.0,0.0,0.0
2023-06-01 12:52:57.756814,0.0,0.0,0.0,0.0
2023-06-01 12:52:57.766800,0.0,0.0,0.0,0.0
2023-06-01 12:52:57.776900,0.0,0.0,0.0,0.0
2023-06-01 12:52:57.786813,0.0,0.0,0.0,0.0
2023-06-01 12:52:57.796620,0.0,0.0,0.0,0.0
2023-06-01 12:52:57.806480,0.0,0.0,0.0,0.0
2023-06-01 12:52:57.816903,0.0,0.0,0.0,0.0
2023-06-01 12:52:57.826860,0.0,0.0,0.0,0.0
2023-06-01 12:52:57.836819,0.0,0.0,0.0,0.0
2023-06-01 12:52:57.846649,0.0,0.0,0.0,0.0
2023-06-01 12:52:57.856869,0.0,0.0,0.0,0.0
2023-06-01 12:52:57.866703,0.0,0.0,0.0,0.0
2023-06-01 12:52:57.876712,0.0,0.0,0.0,0.0
2023-06-01 12:52:57.886888,0.0,0.0,0.0,0.0
2023-06-01 12:52:57.896900,0.0,0.0,0.0,0.0
2023-06-01 12:52:57.906681,0.0,0.0,0.0,0.0
2023-06-01 12:52:57.916947,0.0,0.0,0.0,0.0
2023-06-01 12:52:57.926885,0.0,0.0,0.0,0.0
2023-06-01 12:52:57.937614,0.0,0.0,0.0,0.0
2023-06-01 12:52:57.946706,0.0,0.0,0.0,0.0
2023-06-01 12:52:57.956424,0.0,0.0,0.0,0.0
2023-06-01 12:52:57.966757,0.0,0.0,0.0,0.0
2023-06-01 12:52:57.976671,0.0,0.0,0.0,0.0
2023-06-01 12:52:57.986809,0.0,0.0,0.0,0.0
2023-06-01 12:52:57.997196,0.0,0.0,0.0,0.0
2023-06-01 12:52:58.007460,0.0,0.0,0.0,0.0
2023-06-01 12:52:58.018589,0.0,0.0,0.0,0.0
2023-06-01 12:52:58.028769,0.0,0.0,0.0,0.0
2023-06-01 12:52:58.037154,0.0,0.0,0.0,0.0
2023-06-01 12:52:58.047421,0.0,0.0,0.0,0.0
2023-06-01 12:52:58.056264,0.0,0.0,0.0,0.0
2023-06-01 12:52:58.069758,0.0,0.0,0.0,0.0
2023-06-01 12:52:58.076761,0.0,0.0,0.0,0.0
2023-06-01 12:52:58.087141,0.0,0.0,0.0,0.0
2023-06-01 12:52:58.097243,0.0,0.0,0.0,0.0
2023-06-01 12:52:58.108435,0.0,0.0,0.0,0.0
2023-06-01 12:52:58.118059,0.0,0.0,0.0,0.0
2023-06-01 12:52:58.131099,0.0,0.0,0.0,0.0
2023-06-01 12:52:58.142791,0.0,0.0,0.0,0.0
2023-06-01 12:52:58.151815,0.0,0.0,0.0,0.0
2023-06-01 12:52:58.161469,0.0,0.0,0.0,0.0
2023-06-01 12:52:58.169833,0.0,0.0,0.0,0.0
2023-06-01 12:52:58.178283,0.0,0.0,0.0,0.0
2023-06-01 12:52:58.188121,0.0,0.0,0.0,0.0
2023-06-01 12:52:58.212776,0.0,0.0,0.0,0.0
2023-06-01 12:52:58.232344,0.0,0.0,0.0,0.0
2023-06-01 12:52:58.238739,0.0,0.0,0.0,0.0
2023-06-01 12:52:58.246558,0.0,0.0,0.0,0.0
2023-06-01 12:52:58.256960,0.0,0.0,0.0,0.0
2023-06-01 12:52:58.266632,0.0,0.0,0.0,0.0
2023-06-01 12:52:58.277215,0.0,0.0,0.0,0.0
2023-06-01 12:52:58.287255,0.0,0.0,0.0,0.0
2023-06-01 12:52:58.298505,0.0,0.0,0.0,0.0
2023-06-01 12:52:58.308029,0.0,0.0,0.0,0.0
2023-06-01 12:52:58.322760,0.0,0.0,0.0,0.0
2023-06-01 12:52:58.330001,0.0,0.0,0.0,0.0
2023-06-01 12:52:58.336834,0.0,0.0,0.0,0.0
2023-06-01 12:52:58.346575,0.0,0.0,0.0,0.0
2023-06-01 12:52:58.357979,0.0,0.0,0.0,0.0
2023-06-01 12:52:58.368296,0.0,0.0,0.0,0.0
2023-06-01 12:52:58.377611,0.0,0.0,0.0,0.0
2023-06-01 12:52:58.390432,0.0,0.0,0.0,0.0
2023-06-01 12:52:58.398999,0.0,0.0,0.0,0.0
2023-06-01 12:52:58.409467,0.0,0.0,0.0,0.0
2023-06-01 12:52:58.418005,0.0,0.0,0.0,0.0
2023-06-01 12:52:58.428459,0.0,0.0,0.0,0.0
2023-06-01 12:52:58.445105,0.0,0.0,0.0,0.0
2023-06-01 12:52:58.453617,0.0,0.0,0.0,0.0
2023-06-01 12:52:58.461821,0.0,0.0,0.0,0.0
2023-06-01 12:52:58.470508,0.0,0.0,0.0,0.0
2023-06-01 12:52:58.479123,0.0,0.0,0.0,0.0
2023-06-01 12:52:58.488800,0.0,0.0,0.0,0.0
2023-06-01 12:52:58.498949,0.0,0.0,0.0,0.0
2023-06-01 12:52:58.514611,0.0,0.0,0.0,0.0
2023-06-01 12:52:58.524367,0.0,0.0,0.0,0.0
2023-06-01 12:52:58.533984,0.0,0.0,0.0,0.0
2023-06-01 12:52:58.542384,0.0,0.0,0.0,0.0
2023-06-01 12:52:58.550441,0.0,0.0,0.0,0.0
2023-06-01 12:52:58.560010,0.0,0.0,0.0,0.0
2023-06-01 12:52:58.568637,0.0,0.0,0.0,0.0
2023-06-01 12:52:58.588896,0.0,0.0,0.0,0.0
2023-06-01 12:52:58.597849,0.0,0.0,0.0,0.0
2023-06-01 12:52:58.607877,0.0,0.0,0.0,0.0
2023-06-01 12:52:58.616969,0.0,0.0,0.0,0.0
2023-06-01 12:52:58.625920,0.0,0.0,0.0,0.0
2023-06-01 12:52:58.636074,0.0,0.0,0.0,0.0
2023-06-01 12:52:58.644891,0.0,0.0,0.0,0.0
2023-06-01 12:52:58.653976,0.0,0.0,0.0,0.0
2023-06-01 12:52:58.662278,0.0,0.0,0.0,0.0
2023-06-01 12:52:58.670420,0.0,0.0,0.0,0.0
2023-06-01 12:52:58.679710,0.0,0.0,0.0,0.0
2023-06-01 12:52:58.687996,0.0,0.0,0.0,0.0
2023-06-01 12:52:58.709720,0.0,0.0,0.0,0.0
2023-06-01 12:52:58.724829,0.0,0.0,0.0,0.0
2023-06-01 12:52:58.733131,0.0,0.0,0.0,0.0
2023-06-01 12:52:58.741864,0.0,0.0,0.0,0.0
2023-06-01 12:52:58.751218,0.0,0.0,0.0,0.0
2023-06-01 12:52:58.760167,0.0,0.0,0.0,0.0
2023-06-01 12:52:58.770309,0.0,0.0,0.0,0.0
2023-06-01 12:52:58.779079,0.0,0.0,0.0,0.0
2023-06-01 12:52:58.788600,0.0,0.0,0.0,0.0
2023-06-01 12:52:58.798536,0.0,0.0,0.0,0.0
2023-06-01 12:52:58.809703,0.0,0.0,0.0,0.0
2023-06-01 12:52:58.819964,0.0,0.0,0.0,0.0
2023-06-01 12:52:58.829193,0.0,0.0,0.0,0.0
2023-06-01 12:52:58.838322,0.0,0.0,0.0,0.0
2023-06-01 12:52:58.858202,0.0,0.0,0.0,0.0
2023-06-01 12:52:58.865002,0.0,0.0,0.0,0.0
2023-06-01 12:52:58.871427,0.0,0.0,0.0,0.0
2023-06-01 12:52:58.877819,0.0,0.0,0.0,0.0
2023-06-01 12:52:58.888121,0.0,0.0,0.0,0.0
2023-06-01 12:52:58.908411,0.0,0.0,0.0,0.0
2023-06-01 12:52:58.915780,0.0,0.0,0.0,0.0
2023-06-01 12:52:58.923558,0.0,0.0,0.0,0.0
2023-06-01 12:52:58.930853,0.0,0.0,0.0,0.0
2023-06-01 12:52:58.937696,0.0,0.0,0.0,0.0
2023-06-01 12:52:58.946806,0.0,0.0,0.0,0.0
2023-06-01 12:52:58.956364,0.0,0.0,0.0,0.0
2023-06-01 12:52:58.966579,0.0,0.0,0.0,0.0
2023-06-01 12:52:58.976799,0.0,0.0,0.0,0.0
2023-06-01 12:52:58.987508,0.0,0.0,0.0,0.0
2023-06-01 12:52:59.002895,0.0,0.0,0.0,0.0
2023-06-01 12:52:59.011079,0.0,0.0,0.0,0.0
2023-06-01 12:52:59.028822,0.0,0.0,0.0,0.0
2023-06-01 12:52:59.037913,0.0,0.0,0.0,0.0
2023-06-01 12:52:59.046705,0.0,0.0,0.0,0.0
2023-06-01 12:52:59.056453,0.0,0.0,0.0,0.0
2023-06-01 12:52:59.066751,0.0,0.0,0.0,0.0
2023-06-01 12:52:59.076575,0.0,0.0,0.0,0.0
2023-06-01 12:52:59.086707,0.0,0.0,0.0,0.0
2023-06-01 12:52:59.096778,0.0,0.0,0.0,0.0
2023-06-01 12:52:59.107014,0.0,0.0,0.0,0.0
2023-06-01 12:52:59.116225,0.0,0.0,0.0,0.0
2023-06-01 12:52:59.126424,0.0,0.0,0.0,0.0
2023-06-01 12:52:59.136397,0.0,0.0,0.0,0.0
2023-06-01 12:52:59.146577,0.0,0.0,0.0,0.0
2023-06-01 12:52:59.156352,0.0,0.0,0.0,0.0
2023-06-01 12:52:59.166339,0.0,0.0,0.0,0.0
2023-06-01 12:52:59.176441,0.0,0.0,0.0,0.0
2023-06-01 12:52:59.186466,0.0,0.0,0.0,0.0
2023-06-01 12:52:59.196785,0.0,0.0,0.0,0.0
2023-06-01 12:52:59.206209,0.0,0.0,0.0,0.0
2023-06-01 12:52:59.216252,0.0,0.0,0.0,0.0
2023-06-01 12:52:59.226519,0.0,0.0,0.0,0.0
2023-06-01 12:52:59.236450,0.0,0.0,0.0,0.0
2023-06-01 12:52:59.246430,0.0,0.0,0.0,0.0
2023-06-01 12:52:59.256308,0.0,0.0,0.0,0.0
2023-06-01 12:52:59.266373,0.0,0.0,0.0,0.0
2023-06-01 12:52:59.276392,0.0,0.0,0.0,0.0
2023-06-01 12:52:59.286468,0.0,0.0,0.0,0.0
2023-06-01 12:52:59.296732,0.0,0.0,0.0,0.0
2023-06-01 12:52:59.306187,0.0,0.0,0.0,0.0
2023-06-01 12:52:59.316170,0.0,0.0,0.0,0.0
2023-06-01 12:52:59.326474,0.0,0.0,0.0,0.0
2023-06-01 12:52:59.336459,0.0,0.0,0.0,0.0
2023-06-01 12:52:59.346374,0.0,0.0,0.0,0.0
2023-06-01 12:52:59.356337,0.0,0.0,0.0,0.0
2023-06-01 12:52:59.366521,0.0,0.0,0.0,0.0
2023-06-01 12:52:59.376359,0.0,0.0,0.0,0.0
2023-06-01 12:52:59.386424,0.0,0.0,0.0,0.0
2023-06-01 12:52:59.396324,0.0,0.0,0.0,0.0
2023-06-01 12:52:59.406280,0.0,0.0,0.0,0.0
2023-06-01 12:52:59.416087,0.0,0.0,0.0,0.0
2023-06-01 12:52:59.426532,0.0,0.0,0.0,0.0
2023-06-01 12:52:59.436710,0.0,0.0,0.0,0.0
2023-06-01 12:52:59.446447,0.0,0.0,0.0,0.0
2023-06-01 12:52:59.999104,0.0,0.0,0.0,0.0
2023-06-01 12:53:00.006825,0.0,0.0,0.0,0.0
2023-06-01 12:53:00.019287,0.0,0.0,0.0,0.0
2023-06-01 12:53:00.026972,0.0,0.0,0.0,0.0
2023-06-01 12:53:00.036619,0.0,0.0,0.0,0.0
2023-06-01 12:53:00.046508,0.0,0.0,0.0,0.0
2023-06-01 12:53:00.056657,0.0,0.0,0.0,0.0
2023-06-01 12:53:00.066470,0.0,0.0,0.0,0.0
2023-06-01 12:53:00.076631,0.0,0.0,0.0,0.0
2023-06-01 12:53:00.086654,0.0,0.0,0.0,0.0
2023-06-01 12:53:00.096564,0.0,0.0,0.0,0.0
2023-06-01 12:53:00.106505,0.0,0.0,0.0,0.0
2023-06-01 12:53:00.116593,0.0,0.0,0.0,0.0
2023-06-01 12:53:00.126626,0.0,0.0,0.0,0.0
2023-06-01 12:53:00.136681,0.0,0.0,0.0,0.0
2023-06-01 12:53:00.146469,0.0,0.0,0.0,0.0
2023-06-01 12:53:00.156369,0.0,0.0,0.0,0.0
2023-06-01 12:53:00.166463,0.0,0.0,0.0,0.0
2023-06-01 12:53:00.177185,0.0,0.0,0.0,0.0
2023-06-01 12:53:00.186672,0.0,0.0,0.0,0.0
2023-06-01 12:53:00.196740,0.0,0.0,0.0,0.0
2023-06-01 12:53:00.206700,0.0,0.0,0.0,0.0
2023-06-01 12:53:00.216457,0.0,0.0,0.0,0.0
2023-06-01 12:53:00.226462,0.0,0.0,0.0,0.0
2023-06-01 12:53:00.237209,0.0,0.0,0.0,0.0
2023-06-01 12:53:00.246520,0.0,0.0,0.0,0.0
2023-06-01 12:53:00.256289,0.0,0.0,0.0,0.0
2023-06-01 12:53:00.266553,0.0,0.0,0.0,0.0
2023-06-01 12:53:00.276864,0.0,0.0,0.0,0.0
2023-06-01 12:53:00.286592,0.0,0.0,0.0,0.0
2023-06-01 12:53:00.297028,0.0,0.0,0.0,0.0
2023-06-01 12:53:00.306586,0.0,0.0,0.0,0.0
2023-06-01 12:53:00.316360,0.0,0.0,0.0,0.0
2023-06-01 12:53:00.326974,0.0,0.0,0.0,0.0
2023-06-01 12:53:00.336731,0.0,0.0,0.0,0.0
2023-06-01 12:53:00.346558,0.0,0.0,0.0,0.0
2023-06-01 12:53:00.356677,0.0,0.0,0.0,0.0
2023-06-01 12:53:00.366477,0.0,0.0,0.0,0.0
2023-06-01 12:53:00.376598,0.0,0.0,0.0,0.0
2023-06-01 12:53:00.387911,0.0,0.0,0.0,0.0
2023-06-01 12:53:00.398368,0.0,0.0,0.0,0.0
2023-06-01 12:53:00.406722,0.0,0.0,0.0,0.0
2023-06-01 12:53:00.416278,0.0,0.0,0.0,0.0
2023-06-01 12:53:00.427818,0.0,0.0,0.0,0.0
2023-06-01 12:53:00.436674,0.0,0.0,0.0,0.0
2023-06-01 12:53:00.446496,0.0,0.0,0.0,0.0
2023-06-01 12:53:00.457017,0.0,0.0,0.0,0.0
2023-06-01 12:53:00.466442,0.0,0.0,0.0,0.0
2023-06-01 12:53:00.476909,0.0,0.0,0.0,0.0
2023-06-01 12:53:00.486954,0.0,0.0,0.0,0.0
2023-06-01 12:53:00.498032,0.0,0.0,0.0,0.0
2023-06-01 12:53:00.506561,0.0,0.0,0.0,0.0
2023-06-01 12:53:00.517118,0.0,0.0,0.0,0.0
2023-06-01 12:53:00.528693,0.0,0.0,0.0,0.0
2023-06-01 12:53:00.536875,0.0,0.0,0.0,0.0
2023-06-01 12:53:00.546797,0.0,0.0,0.0,0.0
2023-06-01 12:53:00.557261,0.0,0.0,0.0,0.0
2023-06-01 12:53:00.566888,0.0,0.0,0.0,0.0
2023-06-01 12:53:00.577462,0.0,0.0,0.0,0.0
2023-06-01 12:53:00.589048,0.0,0.0,0.0,0.0
2023-06-01 12:53:00.597591,0.0,0.0,0.0,0.0
2023-06-01 12:53:00.606599,0.0,0.0,0.0,0.0
2023-06-01 12:53:00.616425,0.0,0.0,0.0,0.0
2023-06-01 12:53:00.628201,0.0,0.0,0.0,0.0
2023-06-01 12:53:00.636738,0.0,0.0,0.0,0.0
2023-06-01 12:53:00.646717,0.0,0.0,0.0,0.0
2023-06-01 12:53:00.656476,0.0,0.0,0.0,0.0
2023-06-01 12:53:00.666751,0.0,0.0,0.0,0.0
2023-06-01 12:53:00.676661,0.0,0.0,0.0,0.0
2023-06-01 12:53:00.686788,0.0,0.0,0.0,0.0
2023-06-01 12:53:00.696717,0.0,0.0,0.0,0.0
2023-06-01 12:53:00.706463,0.0,0.0,0.0,0.0
2023-06-01 12:53:00.716426,0.0,0.0,0.0,0.0
2023-06-01 12:53:00.726632,0.0,0.0,0.0,0.0
2023-06-01 12:53:00.736787,0.0,0.0,0.0,0.0
2023-06-01 12:53:00.746673,0.0,0.0,0.0,0.0
2023-06-01 12:53:00.756406,0.0,0.0,0.0,0.0
2023-06-01 12:53:00.766604,0.0,0.0,0.0,0.0
2023-06-01 12:53:00.776567,0.0,0.0,0.0,0.0
2023-06-01 12:53:00.786742,0.0,0.0,0.0,0.0
2023-06-01 12:53:00.796356,0.0,0.0,0.0,0.0
2023-06-01 12:53:00.806784,0.0,0.0,0.0,0.0
2023-06-01 12:53:00.816595,0.0,0.0,0.0,0.0
2023-06-01 12:53:00.826805,0.0,0.0,0.0,0.0
2023-06-01 12:53:00.837093,0.0,0.0,0.0,0.0
2023-06-01 12:53:00.846571,0.0,0.0,0.0,0.0
2023-06-01 12:53:00.856559,0.0,0.0,0.0,0.0
2023-06-01 12:53:00.866577,0.0,0.0,0.0,0.0
2023-06-01 12:53:00.876945,0.0,0.0,0.0,0.0
2023-06-01 12:53:00.889171,0.0,0.0,0.0,0.0
2023-06-01 12:53:00.896892,0.0,0.0,0.0,0.0
2023-06-01 12:53:00.906633,0.0,0.0,0.0,0.0
2023-06-01 12:53:00.916446,0.0,0.0,0.0,0.0
2023-06-01 12:53:00.927210,0.0,0.0,0.0,0.0
2023-06-01 12:53:00.937220,0.0,0.0,0.0,0.0
2023-06-01 12:53:00.946831,0.0,0.0,0.0,0.0
2023-06-01 12:53:00.956475,0.0,0.0,0.0,0.0
2023-06-01 12:53:00.966597,0.0,0.0,0.0,0.0
2023-06-01 12:53:00.976851,0.0,0.0,0.0,0.0
2023-06-01 12:53:00.986821,0.0,0.0,0.0,0.0
2023-06-01 12:53:00.996833,0.0,0.0,0.0,0.0
2023-06-01 12:53:01.006646,0.0,0.0,0.0,0.0
2023-06-01 12:53:01.016974,0.0,0.0,0.0,0.0
2023-06-01 12:53:01.026840,0.0,0.0,0.0,0.0
2023-06-01 12:53:01.036882,0.0,0.0,0.0,0.0
2023-06-01 12:53:01.047115,0.0,0.0,0.0,0.0
2023-06-01 12:53:01.056560,0.0,0.0,0.0,0.0
2023-06-01 12:53:01.066789,0.0,0.0,0.0,0.0
2023-06-01 12:53:01.076848,0.0,0.0,0.0,0.0
2023-06-01 12:53:01.087106,0.0,0.0,0.0,0.0
2023-06-01 12:53:01.096727,0.0,0.0,0.0,0.0
2023-06-01 12:53:01.106759,0.0,0.0,0.0,0.0
2023-06-01 12:53:01.116932,0.0,0.0,0.0,0.0
2023-06-01 12:53:01.126892,0.0,0.0,0.0,0.0
2023-06-01 12:53:01.136867,0.0,0.0,0.0,0.0
2023-06-01 12:53:01.146818,0.0,0.0,0.0,0.0
2023-06-01 12:53:01.157016,0.0,0.0,0.0,0.0
2023-06-01 12:53:01.166949,0.0,0.0,0.0,0.0
2023-06-01 12:53:01.176871,0.0,0.0,0.0,0.0
2023-06-01 12:53:01.187004,0.0,0.0,0.0,0.0
2023-06-01 12:53:01.196721,0.0,0.0,0.0,0.0
2023-06-01 12:53:01.206549,0.0,0.0,0.0,0.0
2023-06-01 12:53:01.216515,0.0,0.0,0.0,0.0
2023-06-01 12:53:01.226915,0.0,0.0,0.0,0.0
2023-06-01 12:53:01.236877,0.0,0.0,0.0,0.0
2023-06-01 12:53:01.246874,0.0,0.0,0.0,0.0
2023-06-01 12:53:01.256777,0.0,0.0,0.0,0.0
2023-06-01 12:53:01.266467,0.0,0.0,0.0,0.0
2023-06-01 12:53:01.276815,0.0,0.0,0.0,0.0
2023-06-01 12:53:01.287026,0.0,0.0,0.0,0.0
2023-06-01 12:53:01.297058,0.0,0.0,0.0,0.0
2023-06-01 12:53:01.306316,0.0,0.0,0.0,0.0
2023-06-01 12:53:01.316210,0.0,0.0,0.0,0.0
2023-06-01 12:53:01.327182,0.0,0.0,0.0,0.0
2023-06-01 12:53:01.336768,0.0,0.0,0.0,0.0
2023-06-01 12:53:01.347097,0.0,0.0,0.0,0.0
2023-06-01 12:53:01.356480,0.0,0.0,0.0,0.0
2023-06-01 12:53:01.366844,0.0,0.0,0.0,0.0
2023-06-01 12:53:01.376776,0.0,0.0,0.0,0.0
2023-06-01 12:53:01.386820,0.0,0.0,0.0,0.0
2023-06-01 12:53:01.397774,0.0,0.0,0.0,0.0
2023-06-01 12:53:01.406735,0.0,0.0,0.0,0.0
2023-06-01 12:53:01.416705,0.0,0.0,0.0,0.0
2023-06-01 12:53:01.426936,0.0,0.0,0.0,0.0
2023-06-01 12:53:01.436548,0.0,0.0,0.0,0.0
2023-06-01 12:53:01.446853,0.0,0.0,0.0,0.0
2023-06-01 12:53:01.456528,0.0,0.0,0.0,0.0
2023-06-01 12:53:01.467032,0.0,0.0,0.0,0.0
2023-06-01 12:53:01.476808,0.0,0.0,0.0,0.0
2023-06-01 12:53:01.486683,0.0,0.0,0.0,0.0
2023-06-01 12:53:01.497593,0.0,0.0,0.0,0.0
2023-06-01 12:53:01.517811,0.0,0.0,0.0,0.0
2023-06-01 12:53:01.534261,0.0,0.0,0.0,0.0
2023-06-01 12:53:01.544111,0.0,0.0,0.0,0.0
2023-06-01 12:53:01.553621,0.0,0.0,0.0,0.0
2023-06-01 12:53:01.561556,0.0,0.0,0.0,0.0
2023-06-01 12:53:01.571011,0.0,0.0,0.0,0.0
2023-06-01 12:53:01.579184,0.0,0.0,0.0,0.0
2023-06-01 12:53:01.597295,0.0,0.0,0.0,0.0
2023-06-01 12:53:01.605757,0.0,0.0,0.0,0.0
2023-06-01 12:53:01.614419,0.0,0.0,0.0,0.0
2023-06-01 12:53:01.623518,0.0,0.0,0.0,0.0
2023-06-01 12:53:01.633015,0.0,0.0,0.0,0.0
2023-06-01 12:53:01.641133,0.0,0.0,0.0,0.0
2023-06-01 12:53:01.649235,0.0,0.0,0.0,0.0
2023-06-01 12:53:01.657902,0.0,0.0,0.0,0.0
2023-06-01 12:53:01.674306,0.0,0.0,0.0,0.0
2023-06-01 12:53:01.697455,0.0,0.0,0.0,0.0
2023-06-01 12:53:01.712298,0.0,0.0,0.0,0.0
2023-06-01 12:53:01.720421,0.0,0.0,0.0,0.0
2023-06-01 12:53:01.728670,0.0,0.0,0.0,0.0
2023-06-01 12:53:01.738448,0.0,0.0,0.0,0.0
2023-06-01 12:53:01.748123,0.0,0.0,0.0,0.0
2023-06-01 12:53:01.758295,0.0,0.0,0.0,0.0
2023-06-01 12:53:01.778795,0.0,0.0,0.0,0.0
2023-06-01 12:53:01.805204,0.0,0.0,0.0,0.0
2023-06-01 12:53:01.842389,0.0,0.0,0.0,0.0
2023-06-01 12:53:01.855716,0.0,0.0,0.0,0.0
2023-06-01 12:53:01.862111,0.0,0.0,0.0,0.0
2023-06-01 12:53:01.867860,0.0,0.0,0.0,0.0
2023-06-01 12:53:01.876467,0.0,0.0,0.0,0.0
2023-06-01 12:53:01.887886,0.0,0.0,0.0,0.0
2023-06-01 12:53:01.899565,0.0,0.0,0.0,0.0
2023-06-01 12:53:01.907499,0.0,0.0,0.0,0.0
2023-06-01 12:53:01.921246,0.0,0.0,0.0,0.0
2023-06-01 12:53:01.927821,0.0,0.0,0.0,0.0
2023-06-01 12:53:01.937996,0.0,0.0,0.0,0.0
2023-06-01 12:53:01.949009,0.0,0.0,0.0,0.0
2023-06-01 12:53:01.956371,0.0,0.0,0.0,0.0
2023-06-01 12:53:01.966970,0.0,0.0,0.0,0.0
2023-06-01 12:53:01.977110,0.0,0.0,0.0,0.0
2023-06-01 12:53:01.987203,0.0,0.0,0.0,0.0
2023-06-01 12:53:01.999594,0.0,0.0,0.0,0.0
2023-06-01 12:53:02.008672,0.0,0.0,0.0,0.0
2023-06-01 12:53:02.021624,0.0,0.0,0.0,0.0
2023-06-01 12:53:02.030349,0.0,0.0,0.0,0.0
2023-06-01 12:53:02.037689,0.0,0.0,0.0,0.0
2023-06-01 12:53:02.047082,0.0,0.0,0.0,0.0
2023-06-01 12:53:02.056375,0.0,0.0,0.0,0.0
2023-06-01 12:53:02.067674,0.0,0.0,0.0,0.0
2023-06-01 12:53:02.077009,0.0,0.0,0.0,0.0
2023-06-01 12:53:02.086910,0.0,0.0,0.0,0.0
2023-06-01 12:53:02.098367,0.0,0.0,0.0,0.0
2023-06-01 12:53:02.110506,0.0,0.0,0.0,0.0
2023-06-01 12:53:02.117864,0.0,0.0,0.0,0.0
2023-06-01 12:53:02.128685,0.0,0.0,0.0,0.0
2023-06-01 12:53:02.137147,0.0,0.0,0.0,0.0
2023-06-01 12:53:02.147369,0.0,0.0,0.0,0.0
2023-06-01 12:53:02.156420,0.0,0.0,0.0,0.0
2023-06-01 12:53:02.166889,0.0,0.0,0.0,0.0
2023-06-01 12:53:02.176918,0.0,0.0,0.0,0.0
2023-06-01 12:53:02.188372,0.0,0.0,0.0,0.0
2023-06-01 12:53:02.199164,0.0,0.0,0.0,0.0
2023-06-01 12:53:02.208942,0.0,0.0,0.0,0.0
2023-06-01 12:53:02.218660,0.0,0.0,0.0,0.0
2023-06-01 12:53:02.229517,0.0,0.0,0.0,0.0
2023-06-01 12:53:02.238801,0.0,0.0,0.0,0.0
2023-06-01 12:53:02.249224,0.0,0.0,0.0,0.0
2023-06-01 12:53:02.258463,0.0,0.0,0.0,0.0
2023-06-01 12:53:02.270518,0.0,0.0,0.0,0.0
2023-06-01 12:53:02.279522,0.0,0.0,0.0,0.0
2023-06-01 12:53:02.289146,0.0,0.0,0.0,0.0
2023-06-01 12:53:02.299771,0.0,0.0,0.0,0.0
2023-06-01 12:53:02.309421,0.0,0.0,0.0,0.0
2023-06-01 12:53:02.318657,0.0,0.0,0.0,0.0
2023-06-01 12:53:02.333349,0.0,0.0,0.0,0.0
2023-06-01 12:53:02.343606,0.0,0.0,0.0,0.0
2023-06-01 12:53:02.352389,0.0,0.0,0.0,0.0
2023-06-01 12:53:02.362343,0.0,0.0,0.0,0.0
2023-06-01 12:53:02.370940,0.0,0.0,0.0,0.0
2023-06-01 12:53:02.379299,0.0,0.0,0.0,0.0
2023-06-01 12:53:02.388650,0.0,0.0,0.0,0.0
2023-06-01 12:53:02.398852,0.0,0.0,0.0,0.0
2023-06-01 12:53:02.409834,0.0,0.0,0.0,0.0
2023-06-01 12:53:02.418569,0.0,0.0,0.0,0.0
2023-06-01 12:53:02.435719,0.0,0.0,0.0,0.0
2023-06-01 12:53:02.444157,0.0,0.0,0.0,0.0
2023-06-01 12:53:02.452467,0.0,0.0,0.0,0.0
2023-06-01 12:53:02.461608,0.0,0.0,0.0,0.0
2023-06-01 12:53:02.470740,0.0,0.0,0.0,0.0
2023-06-01 12:53:02.479149,0.0,0.0,0.0,0.0
2023-06-01 12:53:02.488956,0.0,0.0,0.0,0.0
2023-06-01 12:53:02.498071,0.0,0.0,0.0,0.0
2023-06-01 12:53:02.510564,0.0,0.0,0.0,0.0
2023-06-01 12:53:02.517868,0.0,0.0,0.0,0.0
2023-06-01 12:53:02.530278,0.0,0.0,0.0,0.0
2023-06-01 12:53:02.536792,0.0,0.0,0.0,0.0
2023-06-01 12:53:02.546870,0.0,0.0,0.0,0.0
2023-06-01 12:53:02.556986,0.0,0.0,0.0,0.0
2023-06-01 12:53:02.567858,0.0,0.0,0.0,0.0
2023-06-01 12:53:02.578762,0.0,0.0,0.0,0.0
2023-06-01 12:53:02.597946,0.0,0.0,0.0,0.0
2023-06-01 12:53:02.607705,0.0,0.0,0.0,0.0
2023-06-01 12:53:02.614839,0.0,0.0,0.0,0.0
2023-06-01 12:53:02.622353,0.0,0.0,0.0,0.0
2023-06-01 12:53:02.629732,0.0,0.0,0.0,0.0
2023-06-01 12:53:02.637142,0.0,0.0,0.0,0.0
2023-06-01 12:53:02.648579,0.0,0.0,0.0,0.0
2023-06-01 12:53:02.665278,0.0,0.0,0.0,0.0
2023-06-01 12:53:02.673886,0.0,0.0,0.0,0.0
2023-06-01 12:53:02.683648,0.0,0.0,0.0,0.0
2023-06-01 12:53:02.693173,0.0,0.0,0.0,0.0
2023-06-01 12:53:02.702143,0.0,0.0,0.0,0.0
2023-06-01 12:53:02.712606,0.0,0.0,0.0,0.0
2023-06-01 12:53:02.721215,0.0,0.0,0.0,0.0
2023-06-01 12:53:02.731194,0.0,0.0,0.0,0.0
2023-06-01 12:53:02.739920,0.0,0.0,0.0,0.0
2023-06-01 12:53:02.748378,0.0,0.0,0.0,0.0
2023-06-01 12:53:02.758246,0.0,0.0,0.0,0.0
2023-06-01 12:53:02.768450,0.0,0.0,0.0,0.0
2023-06-01 12:53:02.780177,0.0,0.0,0.0,0.0
2023-06-01 12:53:02.788906,0.0,0.0,0.0,0.0
2023-06-01 12:53:02.799885,0.0,0.0,0.0,0.0
2023-06-01 12:53:02.809160,0.0,0.0,0.0,0.0
2023-06-01 12:53:02.820546,0.0,0.0,0.0,0.0
2023-06-01 12:53:02.827299,0.0,0.0,0.0,0.0
2023-06-01 12:53:02.837058,0.0,0.0,0.0,0.0
2023-06-01 12:53:02.846611,0.0,0.0,0.0,0.0
2023-06-01 12:53:02.858383,0.0,0.0,0.0,0.0
2023-06-01 12:53:02.870139,0.0,0.0,0.0,0.0
2023-06-01 12:53:02.879446,0.0,0.0,0.0,0.0
2023-06-01 12:53:02.888615,0.0,0.0,0.0,0.0
2023-06-01 12:53:02.900662,0.0,0.0,0.0,0.0
2023-06-01 12:53:02.910466,0.0,0.0,0.0,0.0
2023-06-01 12:53:02.920908,0.0,0.0,0.0,0.0
2023-06-01 12:53:02.938260,0.0,0.0,0.0,0.0
2023-06-01 12:53:02.947517,0.0,0.0,0.0,0.0
2023-06-01 12:53:02.957102,0.0,0.0,0.0,0.0
2023-06-01 12:53:02.965375,0.0,0.0,0.0,0.0
2023-06-01 12:53:02.974651,0.0,0.0,0.0,0.0
2023-06-01 12:53:02.983176,0.0,0.0,0.0,0.0
2023-06-01 12:53:02.992464,0.0,0.0,0.0,0.0
2023-06-01 12:53:03.002426,0.0,0.0,0.0,0.0
2023-06-01 12:53:03.010870,0.0,0.0,0.0,0.0
2023-06-01 12:53:03.020666,0.0,0.0,0.0,0.0
2023-06-01 12:53:03.029262,0.0,0.0,0.0,0.0
2023-06-01 12:53:03.041594,0.0,0.0,0.0,0.0
2023-06-01 12:53:03.050684,0.0,0.0,0.0,0.0
2023-06-01 12:53:03.059005,0.0,0.0,0.0,0.0
2023-06-01 12:53:03.068869,0.0,0.0,0.0,0.0
2023-06-01 12:53:03.078011,0.0,0.0,0.0,0.0
2023-06-01 12:53:03.088676,0.0,0.0,0.0,0.0
2023-06-01 12:53:03.104288,0.0,0.0,0.0,0.0
2023-06-01 12:53:03.115872,0.0,0.0,0.0,0.0
2023-06-01 12:53:03.126082,0.0,0.0,0.0,0.0
2023-06-01 12:53:03.135107,0.0,0.0,0.0,0.0
2023-06-01 12:53:03.144320,0.0,0.0,0.0,0.0
2023-06-01 12:53:03.152433,0.0,0.0,0.0,0.0
2023-06-01 12:53:03.160971,0.0,0.0,0.0,0.0
2023-06-01 12:53:03.169118,0.0,0.0,0.0,0.0
2023-06-01 12:53:03.178397,0.0,0.0,0.0,0.0
2023-06-01 12:53:03.187999,0.0,0.0,0.0,0.0
2023-06-01 12:53:03.199393,0.0,0.0,0.0,0.0
2023-06-01 12:53:03.208310,0.0,0.0,0.0,0.0
2023-06-01 12:53:03.227008,0.0,0.0,0.0,0.0
2023-06-01 12:53:03.236431,0.0,0.0,0.0,0.0
2023-06-01 12:53:03.245354,0.0,0.0,0.0,0.0
2023-06-01 12:53:03.253897,0.0,0.0,0.0,0.0
2023-06-01 12:53:03.262665,0.0,0.0,0.0,0.0
2023-06-01 12:53:03.270537,0.0,0.0,0.0,0.0
2023-06-01 12:53:03.278921,0.0,0.0,0.0,0.0
2023-06-01 12:53:03.288419,0.0,0.0,0.0,0.0
2023-06-01 12:53:03.309607,0.0,0.0,0.0,0.0
2023-06-01 12:53:03.316295,0.0,0.0,0.0,0.0
2023-06-01 12:53:03.323279,0.0,0.0,0.0,0.0
2023-06-01 12:53:03.330681,0.0,0.0,0.0,0.0
2023-06-01 12:53:03.337546,0.0,0.0,0.0,0.0
2023-06-01 12:53:03.347806,0.0,0.0,0.0,0.0
2023-06-01 12:53:03.358881,0.0,0.0,0.0,0.0
2023-06-01 12:53:03.368480,0.0,0.0,0.0,0.0
2023-06-01 12:53:03.378032,0.0,0.0,0.0,0.0
2023-06-01 12:53:03.388755,0.0,0.0,0.0,0.0
2023-06-01 12:53:03.400614,0.0,0.0,0.0,0.0
2023-06-01 12:53:03.409649,0.0,0.0,0.0,0.0
2023-06-01 12:53:03.419357,0.0,0.0,0.0,0.0
2023-06-01 12:53:03.428407,0.0,0.0,0.0,0.0
2023-06-01 12:53:03.441401,0.0,0.0,0.0,0.0
2023-06-01 12:53:03.452544,0.0,0.0,0.0,0.0
2023-06-01 12:53:03.460563,0.0,0.0,0.0,0.0
2023-06-01 12:53:03.468563,0.0,0.0,0.0,0.0
2023-06-01 12:53:03.478149,0.0,0.0,0.0,0.0
2023-06-01 12:53:03.489460,0.0,0.0,0.0,0.0
2023-06-01 12:53:03.498846,0.0,0.0,0.0,0.0
2023-06-01 12:53:03.515678,0.0,0.0,0.0,0.0
2023-06-01 12:53:03.528544,0.0,0.0,0.0,0.0
2023-06-01 12:53:03.539516,0.0,0.0,0.0,0.0
2023-06-01 12:53:03.547913,0.0,0.0,0.0,0.0
2023-06-01 12:53:03.571382,0.0,0.0,0.0,0.0
2023-06-01 12:53:03.580045,0.0,0.0,0.0,0.0
2023-06-01 12:53:03.589187,0.0,0.0,0.0,0.0
2023-06-01 12:53:03.599107,0.0,0.0,0.0,0.0
2023-06-01 12:53:03.621584,0.0,0.0,0.0,0.0
2023-06-01 12:53:03.630224,0.0,0.0,0.0,0.0
2023-06-01 12:53:03.639794,0.0,0.0,0.0,0.0
2023-06-01 12:53:03.649623,0.0,0.0,0.0,0.0
2023-06-01 12:53:03.658738,0.0,0.0,0.0,0.0
2023-06-01 12:53:03.668392,0.0,0.0,0.0,0.0
2023-06-01 12:53:03.681790,0.0,0.0,0.0,0.0
2023-06-01 12:53:03.690438,0.0,0.0,0.0,0.0
2023-06-01 12:53:03.699554,0.0,0.0,0.0,0.0
2023-06-01 12:53:03.709251,0.0,0.0,0.0,0.0
2023-06-01 12:53:03.726373,0.0,0.0,0.0,0.0
2023-06-01 12:53:03.734608,0.0,0.0,0.0,0.0
2023-06-01 12:53:03.743514,0.0,0.0,0.0,0.0
2023-06-01 12:53:03.752691,0.0,0.0,0.0,0.0
2023-06-01 12:53:03.762010,0.0,0.0,0.0,0.0
2023-06-01 12:53:03.770735,0.0,0.0,0.0,0.0
2023-06-01 12:53:03.779608,0.0,0.0,0.0,0.0
2023-06-01 12:53:03.790153,0.0,0.0,0.0,0.0
2023-06-01 12:53:03.798986,0.0,0.0,0.0,0.0
2023-06-01 12:53:03.818081,0.0,0.0,0.0,0.0
2023-06-01 12:53:03.827089,0.0,0.0,0.0,0.0
2023-06-01 12:53:03.835889,0.0,0.0,0.0,0.0
2023-06-01 12:53:03.844801,0.0,0.0,0.0,0.0
2023-06-01 12:53:03.854590,0.0,0.0,0.0,0.0
2023-06-01 12:53:03.863193,0.0,0.0,0.0,0.0
2023-06-01 12:53:03.871864,0.0,0.0,0.0,0.0
2023-06-01 12:53:03.880715,0.0,0.0,0.0,0.0
2023-06-01 12:53:03.889273,0.0,0.0,0.0,0.0
2023-06-01 12:53:03.898144,0.0,0.0,0.0,0.0
2023-06-01 12:53:03.915388,0.0,0.0,0.0,0.0
2023-06-01 12:53:03.923749,0.0,0.0,0.0,0.0
2023-06-01 12:53:03.932184,0.0,0.0,0.0,0.0
2023-06-01 12:53:03.945559,0.0,0.0,0.0,0.0
2023-06-01 12:53:03.952518,0.0,0.0,0.0,0.0
2023-06-01 12:53:03.958464,0.0,0.0,0.0,0.0
2023-06-01 12:53:03.966631,0.0,0.0,0.0,0.0
2023-06-01 12:53:03.976747,0.0,0.0,0.0,0.0
2023-06-01 12:53:03.987381,0.0,0.0,0.0,0.0
2023-06-01 12:53:03.999295,0.0,0.0,0.0,0.0
2023-06-01 12:53:04.010947,0.0,0.0,0.0,0.0
2023-06-01 12:53:04.018677,0.0,0.0,0.0,0.0
2023-06-01 12:53:04.028117,0.0,0.0,0.0,0.0
2023-06-01 12:53:04.038303,0.0,0.0,0.0,0.0
2023-06-01 12:53:04.047179,0.0,0.0,0.0,0.0
2023-06-01 12:53:04.057155,0.0,0.0,0.0,0.0
2023-06-01 12:53:04.066994,0.0,0.0,0.0,0.0
2023-06-01 12:53:04.077416,0.0,0.0,0.0,0.0
2023-06-01 12:53:04.087523,0.0,0.0,0.0,0.0
2023-06-01 12:53:04.098531,0.0,0.0,0.0,0.0
2023-06-01 12:53:04.109260,0.0,0.0,0.0,0.0
2023-06-01 12:53:04.118907,0.0,0.0,0.0,0.0
2023-06-01 12:53:04.128877,0.0,0.0,0.0,0.0
2023-06-01 12:53:04.137705,0.0,0.0,0.0,0.0
2023-06-01 12:53:04.147416,0.0,0.0,0.0,0.0
2023-06-01 12:53:04.156655,0.0,0.0,0.0,0.0
2023-06-01 12:53:04.166801,0.0,0.0,0.0,0.0
2023-06-01 12:53:04.176892,0.0,0.0,0.0,0.0
2023-06-01 12:53:04.188283,0.0,0.0,0.0,0.0
2023-06-01 12:53:04.198992,0.0,0.0,0.0,0.0
2023-06-01 12:53:04.208106,0.0,0.0,0.0,0.0
2023-06-01 12:53:04.218558,0.0,0.0,0.0,0.0
2023-06-01 12:53:04.227633,0.0,0.0,0.0,0.0
2023-06-01 12:53:04.237352,0.0,0.0,0.0,0.0
2023-06-01 12:53:04.246915,0.0,0.0,0.0,0.0
2023-06-01 12:53:04.256779,0.0,0.0,0.0,0.0
2023-06-01 12:53:04.266607,0.0,0.0,0.0,0.0
2023-06-01 12:53:04.276660,0.0,0.0,0.0,0.0
2023-06-01 12:53:04.287514,0.0,0.0,0.0,0.0
2023-06-01 12:53:04.298370,0.0,0.0,0.0,0.0
2023-06-01 12:53:04.316159,0.0,0.0,0.0,0.0
2023-06-01 12:53:04.326204,0.0,0.0,0.0,0.0
2023-06-01 12:53:04.335223,0.0,0.0,0.0,0.0
2023-06-01 12:53:04.345185,0.0,0.0,0.0,0.0
2023-06-01 12:53:04.351414,0.0,0.0,0.0,0.0
2023-06-01 12:53:04.358805,0.0,0.0,0.0,0.0
2023-06-01 12:53:04.367005,0.0,0.0,0.0,0.0
2023-06-01 12:53:04.376672,0.0,0.0,0.0,0.0
2023-06-01 12:53:04.388006,0.0,0.0,0.0,0.0
2023-06-01 12:53:04.399341,0.0,0.0,0.0,0.0
2023-06-01 12:53:04.409265,0.0,0.0,0.0,0.0
2023-06-01 12:53:04.418471,0.0,0.0,0.0,0.0
2023-06-01 12:53:04.428436,0.0,0.0,0.0,0.0
2023-06-01 12:53:04.438356,0.0,0.0,0.0,0.0
2023-06-01 12:53:04.447851,0.0,0.0,0.0,0.0
2023-06-01 12:53:04.456652,0.0,0.0,0.0,0.0
2023-06-01 12:53:04.466886,0.0,0.0,0.0,0.0
2023-06-01 12:53:04.477557,0.0,0.0,0.0,0.0
2023-06-01 12:53:04.488376,0.0,0.0,0.0,0.0
2023-06-01 12:53:04.500781,0.0,0.0,0.0,0.0
2023-06-01 12:53:04.514278,0.0,0.0,0.0,0.0
2023-06-01 12:53:04.527173,0.0,0.0,0.0,0.0
2023-06-01 12:53:04.535226,0.0,0.0,0.0,0.0
2023-06-01 12:53:04.542846,0.0,0.0,0.0,0.0
2023-06-01 12:53:04.551768,0.0,0.0,0.0,0.0
2023-06-01 12:53:04.559080,0.0,0.0,0.0,0.0
2023-06-01 12:53:04.569904,0.0,0.0,0.0,0.0
2023-06-01 12:53:04.577630,0.0,0.0,0.0,0.0
2023-06-01 12:53:04.589840,0.0,0.0,0.0,0.0
2023-06-01 12:53:04.599699,0.0,0.0,0.0,0.0
2023-06-01 12:53:04.609137,0.0,0.0,0.0,0.0
2023-06-01 12:53:04.618311,0.0,0.0,0.0,0.0
2023-06-01 12:53:04.629463,0.0,0.0,0.0,0.0
2023-06-01 12:53:04.637900,0.0,0.0,0.0,0.0
2023-06-01 12:53:04.647001,0.0,0.0,0.0,0.0
2023-06-01 12:53:04.657345,0.0,0.0,0.0,0.0
2023-06-01 12:53:04.667245,0.0,0.0,0.0,0.0
2023-06-01 12:53:04.677995,0.0,0.0,0.0,0.0
2023-06-01 12:53:04.689170,0.0,0.0,0.0,0.0
2023-06-01 12:53:04.698384,0.0,0.0,0.0,0.0
2023-06-01 12:53:04.709808,0.0,0.0,0.0,0.0
2023-06-01 12:53:04.719143,0.0,0.0,0.0,0.0
2023-06-01 12:53:04.730222,0.0,0.0,0.0,0.0
2023-06-01 12:53:04.739884,0.0,0.0,0.0,0.0
2023-06-01 12:53:04.749066,0.0,0.0,0.0,0.0
2023-06-01 12:53:04.758276,0.0,0.0,0.0,0.0
2023-06-01 12:53:04.768784,0.0,0.0,0.0,0.0
2023-06-01 12:53:04.789014,0.0,0.0,0.0,0.0
2023-06-01 12:53:04.814516,0.0,0.0,0.0,0.0
2023-06-01 12:53:04.824474,0.0,0.0,0.0,0.0
2023-06-01 12:53:04.832879,0.0,0.0,0.0,0.0
2023-06-01 12:53:04.840487,0.0,0.0,0.0,0.0
2023-06-01 12:53:04.846765,0.0,0.0,0.0,0.0
2023-06-01 12:53:04.856808,0.0,0.0,0.0,0.0
2023-06-01 12:53:04.866947,0.0,0.0,0.0,0.0
2023-06-01 12:53:04.886574,0.0,0.0,0.0,0.0
2023-06-01 12:53:04.909574,0.0,0.0,0.0,0.0
2023-06-01 12:53:04.918598,0.0,0.0,0.0,0.0
2023-06-01 12:53:04.933289,0.0,0.0,0.0,0.0
2023-06-01 12:53:04.944888,0.0,0.0,0.0,0.0
2023-06-01 12:53:04.953661,0.0,0.0,0.0,0.0
2023-06-01 12:53:04.962505,0.0,0.0,0.0,0.0
2023-06-01 12:53:04.970588,0.0,0.0,0.0,0.0
2023-06-01 12:53:04.979898,0.0,0.0,0.0,0.0
2023-06-01 12:53:04.988793,0.0,0.0,0.0,0.0
2023-06-01 12:53:04.998895,0.0,0.0,0.0,0.0
2023-06-01 12:53:05.012737,0.0,0.0,0.0,0.0
2023-06-01 12:53:05.021992,0.0,0.0,0.0,0.0
2023-06-01 12:53:05.054379,0.0,0.0,0.0,0.0
2023-06-01 12:53:05.063929,0.0,0.0,0.0,0.0
2023-06-01 12:53:05.073553,0.0,0.0,0.0,0.0
2023-06-01 12:53:05.082241,0.0,0.0,0.0,0.0
2023-06-01 12:53:05.091127,0.0,0.0,0.0,0.0
2023-06-01 12:53:05.103202,0.0,0.0,0.0,0.0
2023-06-01 12:53:05.111688,0.0,0.0,0.0,0.0
2023-06-01 12:53:05.119921,0.0,0.0,0.0,0.0
2023-06-01 12:53:05.128201,0.0,0.0,0.0,0.0
2023-06-01 12:53:05.139363,0.0,0.0,0.0,0.0
2023-06-01 12:53:05.146932,0.0,0.0,0.0,0.0
2023-06-01 12:53:05.156733,0.0,0.0,0.0,0.0
2023-06-01 12:53:05.166582,0.0,0.0,0.0,0.0
2023-06-01 12:53:05.176679,0.0,0.0,0.0,0.0
2023-06-01 12:53:05.187626,0.0,0.0,0.0,0.0
2023-06-01 12:53:05.198623,0.0,0.0,0.0,0.0
2023-06-01 12:53:05.208203,0.0,0.0,0.0,0.0
2023-06-01 12:53:05.219206,0.0,0.0,0.0,0.0
2023-06-01 12:53:05.228402,0.0,0.0,0.0,0.0
2023-06-01 12:53:05.237669,0.0,0.0,0.0,0.0
2023-06-01 12:53:05.246743,0.0,0.0,0.0,0.0
2023-06-01 12:53:05.256424,0.0,0.0,0.0,0.0
2023-06-01 12:53:05.266593,0.0,0.0,0.0,0.0
2023-06-01 12:53:05.276783,0.0,0.0,0.0,0.0
2023-06-01 12:53:05.287281,0.0,0.0,0.0,0.0
2023-06-01 12:53:05.298238,0.0,0.0,0.0,0.0
2023-06-01 12:53:05.308477,0.0,0.0,0.0,0.0
2023-06-01 12:53:05.319197,0.0,0.0,0.0,0.0
2023-06-01 12:53:05.330070,0.0,0.0,0.0,0.0
2023-06-01 12:53:05.338676,0.0,0.0,0.0,0.0
2023-06-01 12:53:05.347067,0.0,0.0,0.0,0.0
2023-06-01 12:53:05.357243,0.0,0.0,0.0,0.0
2023-06-01 12:53:05.368349,0.0,0.0,0.0,0.0
2023-06-01 12:53:05.386231,0.0,0.0,0.0,0.0
2023-06-01 12:53:05.407849,0.0,0.0,0.0,0.0
2023-06-01 12:53:05.432352,0.0,0.0,0.0,0.0
2023-06-01 12:53:05.442009,0.0,0.0,0.0,0.0
2023-06-01 12:53:05.450666,0.0,0.0,0.0,0.0
2023-06-01 12:53:05.458970,0.0,0.0,0.0,0.0
2023-06-01 12:53:05.469743,0.0,0.0,0.0,0.0
2023-06-01 12:53:05.478213,0.0,0.0,0.0,0.0
2023-06-01 12:53:05.487370,0.0,0.0,0.0,0.0
2023-06-01 12:53:05.503118,0.0,0.0,0.0,0.0
2023-06-01 12:53:05.512898,0.0,0.0,0.0,0.0
2023-06-01 12:53:05.519300,0.0,0.0,0.0,0.0
2023-06-01 12:53:05.531747,0.0,0.0,0.0,0.0
2023-06-01 12:53:05.538381,0.0,0.0,0.0,0.0
2023-06-01 12:53:05.547406,0.0,0.0,0.0,0.0
2023-06-01 12:53:05.557101,0.0,0.0,0.0,0.0
2023-06-01 12:53:05.567889,0.0,0.0,0.0,0.0
2023-06-01 12:53:05.577577,0.0,0.0,0.0,0.0
2023-06-01 12:53:05.587757,0.0,0.0,0.0,0.0
2023-06-01 12:53:05.597574,0.0,0.0,0.0,0.0
2023-06-01 12:53:05.609058,0.0,0.0,0.0,0.0
2023-06-01 12:53:05.618142,0.0,0.0,0.0,0.0
2023-06-01 12:53:05.628022,0.0,0.0,0.0,0.0
2023-06-01 12:53:05.639783,0.0,0.0,0.0,0.0
2023-06-01 12:53:05.647390,0.0,0.0,0.0,0.0
2023-06-01 12:53:05.656629,0.0,0.0,0.0,0.0
2023-06-01 12:53:05.666746,0.0,0.0,0.0,0.0
2023-06-01 12:53:05.683827,0.0,0.0,0.0,0.0
2023-06-01 12:53:05.691954,0.0,0.0,0.0,0.0
2023-06-01 12:53:05.700216,0.0,0.0,0.0,0.0
2023-06-01 12:53:05.708368,0.0,0.0,0.0,0.0
2023-06-01 12:53:05.726780,0.0,0.0,0.0,0.0
2023-06-01 12:53:05.734231,0.0,0.0,0.0,0.0
2023-06-01 12:53:05.740827,0.0,0.0,0.0,0.0
2023-06-01 12:53:05.746776,0.0,0.0,0.0,0.0
2023-06-01 12:53:05.756302,0.0,0.0,0.0,0.0
2023-06-01 12:53:05.766554,0.0,0.0,0.0,0.0
2023-06-01 12:53:05.777022,0.0,0.0,0.0,0.0
2023-06-01 12:53:05.787876,0.0,0.0,0.0,0.0
2023-06-01 12:53:05.797994,0.0,0.0,0.0,0.0
2023-06-01 12:53:05.808344,0.0,0.0,0.0,0.0
2023-06-01 12:53:05.822735,0.0,0.0,0.0,0.0
2023-06-01 12:53:05.832547,0.0,0.0,0.0,0.0
2023-06-01 12:53:05.841494,0.0,0.0,0.0,0.0
2023-06-01 12:53:05.847841,0.0,0.0,0.0,0.0
2023-06-01 12:53:05.857037,0.0,0.0,0.0,0.0
2023-06-01 12:53:05.866843,0.0,0.0,0.0,0.0
2023-06-01 12:53:05.876667,0.0,0.0,0.0,0.0
2023-06-01 12:53:05.897141,0.0,0.0,0.0,0.0
2023-06-01 12:53:05.907282,0.0,0.0,0.0,0.0
2023-06-01 12:53:05.915499,0.0,0.0,0.0,0.0
2023-06-01 12:53:05.924225,0.0,0.0,0.0,0.0
2023-06-01 12:53:05.931717,0.0,0.0,0.0,0.0
2023-06-01 12:53:05.940329,0.0,0.0,0.0,0.0
2023-06-01 12:53:05.946795,0.0,0.0,0.0,0.0
2023-06-01 12:53:05.956615,0.0,0.0,0.0,0.0
2023-06-01 12:53:05.966690,0.0,0.0,0.0,0.0
2023-06-01 12:53:05.976740,0.0,0.0,0.0,0.0
2023-06-01 12:53:05.987434,0.0,0.0,0.0,0.0
2023-06-01 12:53:06.002081,0.0,0.0,0.0,0.0
2023-06-01 12:53:06.010311,0.0,0.0,0.0,0.0
2023-06-01 12:53:06.018762,0.0,0.0,0.0,0.0
2023-06-01 12:53:06.029596,0.0,0.0,0.0,0.0
2023-06-01 12:53:06.039138,0.0,0.0,0.0,0.0
2023-06-01 12:53:06.048098,0.0,0.0,0.0,0.0
2023-06-01 12:53:06.056981,0.0,0.0,0.0,0.0
2023-06-01 12:53:06.066998,0.0,0.0,0.0,0.0
2023-06-01 12:53:06.076961,0.0,0.0,0.0,0.0
2023-06-01 12:53:06.088332,0.0,0.0,0.0,0.0
2023-06-01 12:53:06.099286,0.0,0.0,0.0,0.0
2023-06-01 12:53:06.108339,0.0,0.0,0.0,0.0
2023-06-01 12:53:06.121980,0.0,0.0,0.0,0.0
2023-06-01 12:53:06.129550,0.0,0.0,0.0,0.0
2023-06-01 12:53:06.137951,0.0,0.0,0.0,0.0
2023-06-01 12:53:06.147004,0.0,0.0,0.0,0.0
2023-06-01 12:53:06.156394,0.0,0.0,0.0,0.0
2023-06-01 12:53:06.166946,0.0,0.0,0.0,0.0
2023-06-01 12:53:06.176847,0.0,0.0,0.0,0.0
2023-06-01 12:53:06.187491,0.0,0.0,0.0,0.0
2023-06-01 12:53:06.200245,0.0,0.0,0.0,0.0
2023-06-01 12:53:06.209002,0.0,0.0,0.0,0.0
2023-06-01 12:53:06.222774,0.0,0.0,0.0,0.0
2023-06-01 12:53:06.229646,0.0,0.0,0.0,0.0
2023-06-01 12:53:06.236923,0.0,0.0,0.0,0.0
2023-06-01 12:53:06.246953,0.0,0.0,0.0,0.0
2023-06-01 12:53:06.256762,0.0,0.0,0.0,0.0
2023-06-01 12:53:06.266609,0.0,0.0,0.0,0.0
2023-06-01 12:53:06.277009,0.0,0.0,0.0,0.0
2023-06-01 12:53:06.287515,0.0,0.0,0.0,0.0
2023-06-01 12:53:06.299705,0.0,0.0,0.0,0.0
2023-06-01 12:53:06.308579,0.0,0.0,0.0,0.0
2023-06-01 12:53:06.321981,0.0,0.0,0.0,0.0
2023-06-01 12:53:06.330034,0.0,0.0,0.0,0.0
2023-06-01 12:53:06.337742,0.0,0.0,0.0,0.0
2023-06-01 12:53:06.346780,0.0,0.0,0.0,0.0
2023-06-01 12:53:06.356322,0.0,0.0,0.0,0.0
2023-06-01 12:53:06.366788,0.0,0.0,0.0,0.0
2023-06-01 12:53:06.376876,0.0,0.0,0.0,0.0
2023-06-01 12:53:06.387416,0.0,0.0,0.0,0.0
2023-06-01 12:53:06.399585,0.0,0.0,0.0,0.0
2023-06-01 12:53:06.408181,0.0,0.0,0.0,0.0
2023-06-01 12:53:06.425680,0.0,0.0,0.0,0.0
2023-06-01 12:53:06.432891,0.0,0.0,0.0,0.0
2023-06-01 12:53:06.439829,0.0,0.0,0.0,0.0
2023-06-01 12:53:06.447774,0.0,0.0,0.0,0.0
2023-06-01 12:53:06.456772,0.0,0.0,0.0,0.0
2023-06-01 12:53:06.467062,0.0,0.0,0.0,0.0
2023-06-01 12:53:06.476912,0.0,0.0,0.0,0.0
2023-06-01 12:53:06.487670,0.0,0.0,0.0,0.0
2023-06-01 12:53:06.498328,0.0,0.0,0.0,0.0
2023-06-01 12:53:06.508329,0.0,0.0,0.0,0.0
2023-06-01 12:53:06.525300,0.0,0.0,0.0,0.0
2023-06-01 12:53:06.533409,0.0,0.0,0.0,0.0
2023-06-01 12:53:06.539940,0.0,0.0,0.0,0.0
2023-06-01 12:53:06.546977,0.0,0.0,0.0,0.0
2023-06-01 12:53:06.557021,0.0,0.0,0.0,0.0
2023-06-01 12:53:06.566663,0.0,0.0,0.0,0.0
2023-06-01 12:53:06.577088,0.0,0.0,0.0,0.0
2023-06-01 12:53:06.588312,0.0,0.0,0.0,0.0
2023-06-01 12:53:06.610689,0.0,0.0,0.0,0.0
2023-06-01 12:53:06.638569,0.0,0.0,0.0,0.0
2023-06-01 12:53:06.664052,0.0,0.0,0.0,0.0
2023-06-01 12:53:06.683394,0.0,0.0,0.0,0.0
2023-06-01 12:53:06.690192,0.0,0.0,0.0,0.0
2023-06-01 12:53:06.698154,0.0,0.0,0.0,0.0
2023-06-01 12:53:06.708463,0.0,0.0,0.0,0.0
2023-06-01 12:53:06.717222,0.0,0.0,0.0,0.0
2023-06-01 12:53:06.729022,0.0,0.0,0.0,0.0
2023-06-01 12:53:06.738379,0.0,0.0,0.0,0.0
2023-06-01 12:53:06.753405,0.0,0.0,0.0,0.0
2023-06-01 12:53:06.758967,0.0,0.0,0.0,0.0
2023-06-01 12:53:06.766454,0.0,0.0,0.0,0.0
2023-06-01 12:53:06.776792,0.0,0.0,0.0,0.0
2023-06-01 12:53:06.787462,0.0,0.0,0.0,0.0
2023-06-01 12:53:06.798593,0.0,0.0,0.0,0.0
2023-06-01 12:53:06.808679,0.0,0.0,0.0,0.0
2023-06-01 12:53:06.819585,0.0,0.0,0.0,0.0
2023-06-01 12:53:06.827722,0.0,0.0,0.0,0.0
2023-06-01 12:53:06.838814,0.0,0.0,0.0,0.0
2023-06-01 12:53:06.847999,0.0,0.0,0.0,0.0
2023-06-01 12:53:06.857009,0.0,0.0,0.0,0.0
2023-06-01 12:53:06.867148,0.0,0.0,0.0,0.0
2023-06-01 12:53:06.876958,0.0,0.0,0.0,0.0
2023-06-01 12:53:06.890025,0.0,0.0,0.0,0.0
2023-06-01 12:53:06.898182,0.0,0.0,0.0,0.0
2023-06-01 12:53:06.909120,0.0,0.0,0.0,0.0
2023-06-01 12:53:06.924433,0.0,0.0,0.0,0.0
2023-06-01 12:53:06.931850,0.0,0.0,0.0,0.0
2023-06-01 12:53:06.940216,0.0,0.0,0.0,0.0
2023-06-01 12:53:06.946484,0.0,0.0,0.0,0.0
2023-06-01 12:53:06.956846,0.0,0.0,0.0,0.0
2023-06-01 12:53:06.966922,0.0,0.0,0.0,0.0
2023-06-01 12:53:06.977218,0.0,0.0,0.0,0.0
2023-06-01 12:53:06.988320,0.0,0.0,0.0,0.0
2023-06-01 12:53:07.003766,0.0,0.0,0.0,0.0
2023-06-01 12:53:07.012898,0.0,0.0,0.0,0.0
2023-06-01 12:53:07.021091,0.0,0.0,0.0,0.0
2023-06-01 12:53:07.029931,0.0,0.0,0.0,0.0
2023-06-01 12:53:07.038012,0.0,0.0,0.0,0.0
2023-06-01 12:53:07.047452,0.0,0.0,0.0,0.0
2023-06-01 12:53:07.056878,0.0,0.0,0.0,0.0
2023-06-01 12:53:07.066930,0.0,0.0,0.0,0.0
2023-06-01 12:53:07.077386,0.0,0.0,0.0,0.0
2023-06-01 12:53:07.087614,0.0,0.0,0.0,0.0
2023-06-01 12:53:07.100556,0.0,0.0,0.0,0.0
2023-06-01 12:53:07.108549,0.0,0.0,0.0,0.0
2023-06-01 12:53:07.118884,0.0,0.0,0.0,0.0
2023-06-01 12:53:07.128916,0.0,0.0,0.0,0.0
2023-06-01 12:53:07.137383,0.0,0.0,0.0,0.0
2023-06-01 12:53:07.146946,0.0,0.0,0.0,0.0
2023-06-01 12:53:07.156764,0.0,0.0,0.0,0.0
2023-06-01 12:53:07.166786,0.0,0.0,0.0,0.0
2023-06-01 12:53:07.177211,0.0,0.0,0.0,0.0
2023-06-01 12:53:07.187778,0.0,0.0,0.0,0.0
2023-06-01 12:53:07.197731,0.0,0.0,0.0,0.0
2023-06-01 12:53:07.212230,0.0,0.0,0.0,0.0
2023-06-01 12:53:07.220367,0.0,0.0,0.0,0.0
2023-06-01 12:53:07.228606,0.0,0.0,0.0,0.0
2023-06-01 12:53:07.238315,0.0,0.0,0.0,0.0
2023-06-01 12:53:07.247058,0.0,0.0,0.0,0.0
2023-06-01 12:53:07.256297,0.0,0.0,0.0,0.0
2023-06-01 12:53:07.266601,0.0,0.0,0.0,0.0
2023-06-01 12:53:07.276896,0.0,0.0,0.0,0.0
2023-06-01 12:53:07.287680,0.0,0.0,0.0,0.0
2023-06-01 12:53:07.298459,0.0,0.0,0.0,0.0
2023-06-01 12:53:07.308217,0.0,0.0,0.0,0.0
2023-06-01 12:53:07.326094,0.0,0.0,0.0,0.0
2023-06-01 12:53:07.338045,0.0,0.0,0.0,0.0
2023-06-01 12:53:07.351728,0.0,0.0,0.0,0.0
2023-06-01 12:53:07.363012,0.0,0.0,0.0,0.0
2023-06-01 12:53:07.372457,0.0,0.0,0.0,0.0
2023-06-01 12:53:07.380631,0.0,0.0,0.0,0.0
2023-06-01 12:53:07.390646,0.0,0.0,0.0,0.0
2023-06-01 12:53:07.399179,0.0,0.0,0.0,0.0
2023-06-01 12:53:07.408321,0.0,0.0,0.0,0.0
2023-06-01 12:53:07.435288,0.0,0.0,0.0,0.0
2023-06-01 12:53:07.441375,0.0,0.0,0.0,0.0
2023-06-01 12:53:07.449619,0.0,0.0,0.0,0.0
2023-06-01 12:53:07.458166,0.0,0.0,0.0,0.0
2023-06-01 12:53:07.470914,0.0,0.0,0.0,0.0
2023-06-01 12:53:07.480001,0.0,0.0,0.0,0.0
2023-06-01 12:53:07.488720,0.0,0.0,0.0,0.0
2023-06-01 12:53:07.509599,0.0,0.0,0.0,0.0
2023-06-01 12:53:07.531458,0.0,0.0,0.0,0.0
2023-06-01 12:53:07.539302,0.0,0.0,0.0,0.0
2023-06-01 12:53:07.547719,0.0,0.0,0.0,0.0
2023-06-01 12:53:07.557179,0.0,0.0,0.0,0.0
2023-06-01 12:53:07.567100,0.0,0.0,0.0,0.0
2023-06-01 12:53:07.577114,0.0,0.0,0.0,0.0
2023-06-01 12:53:07.587714,0.0,0.0,0.0,0.0
2023-06-01 12:53:07.604170,0.0,0.0,0.0,0.0
2023-06-01 12:53:07.614107,0.0,0.0,0.0,0.0
2023-06-01 12:53:07.621790,0.0,0.0,0.0,0.0
2023-06-01 12:53:07.629942,0.0,0.0,0.0,0.0
2023-06-01 12:53:07.638036,0.0,0.0,0.0,0.0
2023-06-01 12:53:07.647011,0.0,0.0,0.0,0.0
2023-06-01 12:53:07.657186,0.0,0.0,0.0,0.0
2023-06-01 12:53:07.666601,0.0,0.0,0.0,0.0
2023-06-01 12:53:07.677539,0.0,0.0,0.0,0.0
2023-06-01 12:53:07.687447,0.0,0.0,0.0,0.0
2023-06-01 12:53:07.698386,0.0,0.0,0.0,0.0
2023-06-01 12:53:07.716937,0.0,0.0,0.0,0.0
2023-06-01 12:53:07.724514,0.0,0.0,0.0,0.0
2023-06-01 12:53:07.732387,0.0,0.0,0.0,0.0
2023-06-01 12:53:07.739618,0.0,0.0,0.0,0.0
2023-06-01 12:53:07.746729,0.0,0.0,0.0,0.0
2023-06-01 12:53:07.756377,0.0,0.0,0.0,0.0
2023-06-01 12:53:07.766671,0.0,0.0,0.0,0.0
2023-06-01 12:53:07.777284,0.0,0.0,0.0,0.0
2023-06-01 12:53:07.787343,0.0,0.0,0.0,0.0
2023-06-01 12:53:07.798333,0.0,0.0,0.0,0.0
2023-06-01 12:53:07.809005,0.0,0.0,0.0,0.0
2023-06-01 12:53:07.818532,0.0,0.0,0.0,0.0
2023-06-01 12:53:07.830859,0.0,0.0,0.0,0.0
2023-06-01 12:53:07.839438,0.0,0.0,0.0,0.0
2023-06-01 12:53:07.847983,0.0,0.0,0.0,0.0
2023-06-01 12:53:07.857106,0.0,0.0,0.0,0.0
2023-06-01 12:53:07.867844,0.0,0.0,0.0,0.0
2023-06-01 12:53:07.877516,0.0,0.0,0.0,0.0
2023-06-01 12:53:07.888284,0.0,0.0,0.0,0.0
2023-06-01 12:53:07.902373,0.0,0.0,0.0,0.0
2023-06-01 12:53:07.911045,0.0,0.0,0.0,0.0
2023-06-01 12:53:07.923035,0.0,0.0,0.0,0.0
2023-06-01 12:53:07.932199,0.0,0.0,0.0,0.0
2023-06-01 12:53:07.942557,0.0,0.0,0.0,0.0
2023-06-01 12:53:07.950804,0.0,0.0,0.0,0.0
2023-06-01 12:53:07.958671,0.0,0.0,0.0,0.0
2023-06-01 12:53:07.967568,0.0,0.0,0.0,0.0
2023-06-01 12:53:07.977428,0.0,0.0,0.0,0.0
2023-06-01 12:53:07.990335,0.0,0.0,0.0,0.0
2023-06-01 12:53:08.000247,0.0,0.0,0.0,0.0
2023-06-01 12:53:08.014158,0.0,0.0,0.0,0.0
2023-06-01 12:53:08.025146,0.0,0.0,0.0,0.0
2023-06-01 12:53:08.034120,0.0,0.0,0.0,0.0
2023-06-01 12:53:08.042913,0.0,0.0,0.0,0.0
2023-06-01 12:53:08.050092,0.0,0.0,0.0,0.0
2023-06-01 12:53:08.058884,0.0,0.0,0.0,0.0
2023-06-01 12:53:08.067098,0.0,0.0,0.0,0.0
2023-06-01 12:53:08.078628,0.0,0.0,0.0,0.0
2023-06-01 12:53:08.090009,0.0,0.0,0.0,0.0
2023-06-01 12:53:08.099126,0.0,0.0,0.0,0.0
2023-06-01 12:53:08.109180,0.0,0.0,0.0,0.0
2023-06-01 12:53:08.119526,0.0,0.0,0.0,0.0
2023-06-01 12:53:08.130821,0.0,0.0,0.0,0.0
2023-06-01 12:53:08.138700,0.0,0.0,0.0,0.0
2023-06-01 12:53:08.148434,0.0,0.0,0.0,0.0
2023-06-01 12:53:08.156316,0.0,0.0,0.0,0.0
2023-06-01 12:53:08.167058,0.0,0.0,0.0,0.0
2023-06-01 12:53:08.188650,0.0,0.0,0.0,0.0
2023-06-01 12:53:08.198303,0.0,0.0,0.0,0.0
2023-06-01 12:53:08.225705,0.0,0.0,0.0,0.0
2023-06-01 12:53:08.253314,0.0,0.0,0.0,0.0
2023-06-01 12:53:08.274638,0.0,0.0,0.0,0.0
2023-06-01 12:53:08.297358,0.0,0.0,0.0,0.0
2023-06-01 12:53:08.324025,0.0,0.0,0.0,0.0
2023-06-01 12:53:08.343494,0.0,0.0,0.0,0.0
2023-06-01 12:53:08.351837,0.0,0.0,0.0,0.0
2023-06-01 12:53:08.360215,0.0,0.0,0.0,0.0
2023-06-01 12:53:08.369654,0.0,0.0,0.0,0.0
2023-06-01 12:53:08.377961,0.0,0.0,0.0,0.0
2023-06-01 12:53:08.398787,0.0,0.0,0.0,0.0
2023-06-01 12:53:08.428128,0.0,0.0,0.0,0.0
2023-06-01 12:53:08.446216,0.0,0.0,0.0,0.0
2023-06-01 12:53:08.452828,0.0,0.0,0.0,0.0
2023-06-01 12:53:08.459277,0.0,0.0,0.0,0.0
2023-06-01 12:53:08.466523,0.0,0.0,0.0,0.0
2023-06-01 12:53:08.476891,0.0,0.0,0.0,0.0
2023-06-01 12:53:08.487485,0.0,0.0,0.0,0.0
2023-06-01 12:53:08.498919,0.0,0.0,0.0,0.0
2023-06-01 12:53:08.511859,0.0,0.0,0.0,0.0
2023-06-01 12:53:08.519813,0.0,0.0,0.0,0.0
2023-06-01 12:53:08.527809,0.0,0.0,0.0,0.0
2023-06-01 12:53:08.538019,0.0,0.0,0.0,0.0
2023-06-01 12:53:08.547120,0.0,0.0,0.0,0.0
2023-06-01 12:53:08.556980,0.0,0.0,0.0,0.0
2023-06-01 12:53:08.566875,0.0,0.0,0.0,0.0
2023-06-01 12:53:08.577050,0.0,0.0,0.0,0.0
2023-06-01 12:53:08.588400,0.0,0.0,0.0,0.0
2023-06-01 12:53:08.598137,0.0,0.0,0.0,0.0
2023-06-01 12:53:08.610294,0.0,0.0,0.0,0.0
2023-06-01 12:53:08.617738,0.0,0.0,0.0,0.0
2023-06-01 12:53:08.627932,0.0,0.0,0.0,0.0
2023-06-01 12:53:08.638182,0.0,0.0,0.0,0.0
2023-06-01 12:53:08.647115,0.0,0.0,0.0,0.0
2023-06-01 12:53:08.656727,0.0,0.0,0.0,0.0
2023-06-01 12:53:08.666599,0.0,0.0,0.0,0.0
2023-06-01 12:53:08.676916,0.0,0.0,0.0,0.0
2023-06-01 12:53:08.687693,0.0,0.0,0.0,0.0
2023-06-01 12:53:08.710719,0.0,0.0,0.0,0.0
2023-06-01 12:53:08.739223,0.0,0.0,0.0,0.0
2023-06-01 12:53:08.759542,0.0,0.0,0.0,0.0
2023-06-01 12:53:08.767785,0.0,0.0,0.0,0.0
2023-06-01 12:53:08.785686,0.0,0.0,0.0,0.0
2023-06-01 12:53:08.808251,0.0,0.0,0.0,0.0
2023-06-01 12:53:08.826638,0.0,0.0,0.0,0.0
2023-06-01 12:53:08.835911,0.0,0.0,0.0,0.0
2023-06-01 12:53:08.844141,0.0,0.0,0.0,0.0
2023-06-01 12:53:08.851699,0.0,0.0,0.0,0.0
2023-06-01 12:53:08.859008,0.0,0.0,0.0,0.0
2023-06-01 12:53:08.869801,0.0,0.0,0.0,0.0
2023-06-01 12:53:08.877343,0.0,0.0,0.0,0.0
2023-06-01 12:53:08.888207,0.0,0.0,0.0,0.0
2023-06-01 12:53:08.898303,0.0,0.0,0.0,0.0
2023-06-01 12:53:08.908341,0.0,0.0,0.0,0.0
2023-06-01 12:53:08.919031,0.0,0.0,0.0,0.0
2023-06-01 12:53:08.928025,0.0,0.0,0.0,0.0
2023-06-01 12:53:08.938249,0.0,0.0,0.0,0.0
2023-06-01 12:53:08.947053,0.0,0.0,0.0,0.0
2023-06-01 12:53:08.958521,0.0,0.0,0.0,0.0
2023-06-01 12:53:08.968692,0.0,0.0,0.0,0.0
2023-06-01 12:53:08.978148,0.0,0.0,0.0,0.0
2023-06-01 12:53:08.988323,0.0,0.0,0.0,0.0
2023-06-01 12:53:09.006339,0.0,0.0,0.0,0.0
2023-06-01 12:53:09.016302,0.0,0.0,0.0,0.0
2023-06-01 12:53:09.027403,0.0,0.0,0.0,0.0
2023-06-01 12:53:09.037425,0.0,0.0,0.0,0.0
2023-06-01 12:53:09.045804,0.0,0.0,0.0,0.0
2023-06-01 12:53:09.055054,0.0,0.0,0.0,0.0
2023-06-01 12:53:09.063640,0.0,0.0,0.0,0.0
2023-06-01 12:53:09.071920,0.0,0.0,0.0,0.0
2023-06-01 12:53:09.081777,0.0,0.0,0.0,0.0
2023-06-01 12:53:09.090157,0.0,0.0,0.0,0.0
2023-06-01 12:53:09.098463,0.0,0.0,0.0,0.0
2023-06-01 12:53:09.129892,0.0,0.0,0.0,0.0
2023-06-01 12:53:09.138565,0.0,0.0,0.0,0.0
2023-06-01 12:53:09.151646,0.0,0.0,0.0,0.0
2023-06-01 12:53:09.160769,0.0,0.0,0.0,0.0
2023-06-01 12:53:09.169772,0.0,0.0,0.0,0.0
2023-06-01 12:53:09.178194,0.0,0.0,0.0,0.0
2023-06-01 12:53:09.199097,0.0,0.0,0.0,0.0
2023-06-01 12:53:09.207910,0.0,0.0,0.0,0.0
2023-06-01 12:53:09.217114,0.0,0.0,0.0,0.0
2023-06-01 12:53:09.225692,0.0,0.0,0.0,0.0
2023-06-01 12:53:09.235704,0.0,0.0,0.0,0.0
2023-06-01 12:53:09.244142,0.0,0.0,0.0,0.0
2023-06-01 12:53:09.254073,0.0,0.0,0.0,0.0
2023-06-01 12:53:09.262626,0.0,0.0,0.0,0.0
2023-06-01 12:53:09.271211,0.0,0.0,0.0,0.0
2023-06-01 12:53:09.281042,0.0,0.0,0.0,0.0
2023-06-01 12:53:09.289718,0.0,0.0,0.0,0.0
2023-06-01 12:53:09.299310,0.0,0.0,0.0,0.0
2023-06-01 12:53:09.337863,0.0,0.0,0.0,0.0
2023-06-01 12:53:09.346551,0.0,0.0,0.0,0.0
2023-06-01 12:53:09.354493,0.0,0.0,0.0,0.0
2023-06-01 12:53:09.362568,0.0,0.0,0.0,0.0
2023-06-01 12:53:09.371001,0.0,0.0,0.0,0.0
2023-06-01 12:53:09.379401,0.0,0.0,0.0,0.0
2023-06-01 12:53:09.388009,0.0,0.0,0.0,0.0
2023-06-01 12:53:09.402103,0.0,0.0,0.0,0.0
2023-06-01 12:53:09.410535,0.0,0.0,0.0,0.0
2023-06-01 12:53:09.420080,0.0,0.0,0.0,0.0
2023-06-01 12:53:09.428628,0.0,0.0,0.0,0.0
2023-06-01 12:53:09.450652,0.0,0.0,0.0,0.0
2023-06-01 12:53:09.460393,0.0,0.0,0.0,0.0
2023-06-01 12:53:09.468881,0.0,0.0,0.0,0.0
2023-06-01 12:53:09.483900,0.0,0.0,0.0,0.0
2023-06-01 12:53:09.492227,0.0,0.0,0.0,0.0
2023-06-01 12:53:09.501913,0.0,0.0,0.0,0.0
2023-06-01 12:53:09.510209,0.0,0.0,0.0,0.0
2023-06-01 12:53:09.519815,0.0,0.0,0.0,0.0
2023-06-01 12:53:09.528192,0.0,0.0,0.0,0.0
2023-06-01 12:53:09.551699,0.0,0.0,0.0,0.0
2023-06-01 12:53:09.560022,0.0,0.0,0.0,0.0
2023-06-01 12:53:09.568399,0.0,0.0,0.0,0.0
2023-06-01 12:53:09.578258,0.0,0.0,0.0,0.0
2023-06-01 12:53:09.588926,0.0,0.0,0.0,0.0
2023-06-01 12:53:09.598537,0.0,0.0,0.0,0.0
2023-06-01 12:53:09.609088,0.0,0.0,0.0,0.0
2023-06-01 12:53:09.627569,0.0,0.0,0.0,0.0
2023-06-01 12:53:09.636291,0.0,0.0,0.0,0.0
2023-06-01 12:53:09.646708,0.0,0.0,0.0,0.0
2023-06-01 12:53:09.655819,0.0,0.0,0.0,0.0
2023-06-01 12:53:09.664602,0.0,0.0,0.0,0.0
2023-06-01 12:53:09.674656,0.0,0.0,0.0,0.0
2023-06-01 12:53:09.682911,0.0,0.0,0.0,0.0
2023-06-01 12:53:09.691542,0.0,0.0,0.0,0.0
2023-06-01 12:53:09.700595,0.0,0.0,0.0,0.0
2023-06-01 12:53:09.709867,0.0,0.0,0.0,0.0
2023-06-01 12:53:09.719168,0.0,0.0,0.0,0.0
2023-06-01 12:53:09.734844,0.0,0.0,0.0,0.0
2023-06-01 12:53:09.744484,0.0,0.0,0.0,0.0
2023-06-01 12:53:09.752679,0.0,0.0,0.0,0.0
2023-06-01 12:53:09.761175,0.0,0.0,0.0,0.0
2023-06-01 12:53:09.771020,0.0,0.0,0.0,0.0
2023-06-01 12:53:09.779923,0.0,0.0,0.0,0.0
2023-06-01 12:53:09.790314,0.0,0.0,0.0,0.0
2023-06-01 12:53:09.798949,0.0,0.0,0.0,0.0
2023-06-01 12:53:09.814496,0.0,0.0,0.0,0.0
2023-06-01 12:53:09.823181,0.0,0.0,0.0,0.0
2023-06-01 12:53:09.831611,0.0,0.0,0.0,0.0
2023-06-01 12:53:09.841582,0.0,0.0,0.0,0.0
2023-06-01 12:53:09.850159,0.0,0.0,0.0,0.0
2023-06-01 12:53:09.859170,0.0,0.0,0.0,0.0
2023-06-01 12:53:09.867916,0.0,0.0,0.0,0.0
2023-06-01 12:53:09.877944,0.0,0.0,0.0,0.0
2023-06-01 12:53:09.889199,0.0,0.0,0.0,0.0
2023-06-01 12:53:09.899077,0.0,0.0,0.0,0.0
2023-06-01 12:53:09.913374,0.0,0.0,0.0,0.0
2023-06-01 12:53:09.922116,0.0,0.0,0.0,0.0
2023-06-01 12:53:09.931264,0.0,0.0,0.0,0.0
2023-06-01 12:53:09.941380,0.0,0.0,0.0,0.0
2023-06-01 12:53:09.950685,0.0,0.0,0.0,0.0
2023-06-01 12:53:09.960104,0.0,0.0,0.0,0.0
2023-06-01 12:53:09.968603,0.0,0.0,0.0,0.0
2023-06-01 12:53:09.978052,0.0,0.0,0.0,0.0
2023-06-01 12:53:09.988684,0.0,0.0,0.0,0.0
2023-06-01 12:53:10.013892,0.0,0.0,0.0,0.0
2023-06-01 12:53:10.029628,0.0,0.0,0.0,0.0
2023-06-01 12:53:10.037731,0.0,0.0,0.0,0.0
2023-06-01 12:53:10.047294,0.0,0.0,0.0,0.0
2023-06-01 12:53:10.057242,0.0,0.0,0.0,0.0
2023-06-01 12:53:10.069216,0.0,0.0,0.0,0.0
2023-06-01 12:53:10.083463,0.0,0.0,0.0,0.0
2023-06-01 12:53:10.108751,0.0,0.0,0.0,0.0
2023-06-01 12:53:10.117967,0.0,0.0,0.0,0.0
2023-06-01 12:53:10.126617,0.0,0.0,0.0,0.0
2023-06-01 12:53:10.135895,0.0,0.0,0.0,0.0
2023-06-01 12:53:10.145617,0.0,0.0,0.0,0.0
2023-06-01 12:53:10.154394,0.0,0.0,0.0,0.0
2023-06-01 12:53:10.162561,0.0,0.0,0.0,0.0
2023-06-01 12:53:10.171150,0.0,0.0,0.0,0.0
2023-06-01 12:53:10.179434,0.0,0.0,0.0,0.0
2023-06-01 12:53:10.188661,0.0,0.0,0.0,0.0
2023-06-01 12:53:10.213272,0.0,0.0,0.0,0.0
2023-06-01 12:53:10.223990,0.0,0.0,0.0,0.0
2023-06-01 12:53:10.233037,0.0,0.0,0.0,0.0
2023-06-01 12:53:10.241557,0.0,0.0,0.0,0.0
2023-06-01 12:53:10.250445,0.0,0.0,0.0,0.0
2023-06-01 12:53:10.258307,0.0,0.0,0.0,0.0
2023-06-01 12:53:10.268201,0.0,0.0,0.0,0.0
2023-06-01 12:53:10.278555,0.0,0.0,0.0,0.0
2023-06-01 12:53:10.288117,0.0,0.0,0.0,0.0
2023-06-01 12:53:10.313575,0.0,0.0,0.0,0.0
2023-06-01 12:53:10.324914,0.0,0.0,0.0,0.0
2023-06-01 12:53:10.331716,0.0,0.0,0.0,0.0
2023-06-01 12:53:10.338495,0.0,0.0,0.0,0.0
2023-06-01 12:53:10.349643,0.0,0.0,0.0,0.0
2023-06-01 12:53:10.358014,0.0,0.0,0.0,0.0
2023-06-01 12:53:10.368307,0.0,0.0,0.0,0.0
2023-06-01 12:53:10.378019,0.0,0.0,0.0,0.0
2023-06-01 12:53:10.388401,0.0,0.0,0.0,0.0
2023-06-01 12:53:10.416200,0.0,0.0,0.0,0.0
2023-06-01 12:53:10.424641,0.0,0.0,0.0,0.0
2023-06-01 12:53:10.430609,0.0,0.0,0.0,0.0
2023-06-01 12:53:10.436697,0.0,0.0,0.0,0.0
2023-06-01 12:53:10.447056,0.0,0.0,0.0,0.0
2023-06-01 12:53:10.457728,0.0,0.0,0.0,0.0
2023-06-01 12:53:10.473777,0.0,0.0,0.0,0.0
2023-06-01 12:53:10.480085,0.0,0.0,0.0,0.0
2023-06-01 12:53:10.487648,0.0,0.0,0.0,0.0
2023-06-01 12:53:10.498616,0.0,0.0,0.0,0.0
2023-06-01 12:53:10.508474,0.0,0.0,0.0,0.0
2023-06-01 12:53:10.521477,0.0,0.0,0.0,0.0
2023-06-01 12:53:10.530462,0.0,0.0,0.0,0.0
2023-06-01 12:53:10.537987,0.0,0.0,0.0,0.0
2023-06-01 12:53:10.546961,0.0,0.0,0.0,0.0
2023-06-01 12:53:10.557680,0.0,0.0,0.0,0.0
2023-06-01 12:53:10.567010,0.0,0.0,0.0,0.0
2023-06-01 12:53:10.577334,0.0,0.0,0.0,0.0
2023-06-01 12:53:10.587822,0.0,0.0,0.0,0.0
2023-06-01 12:53:10.598331,0.0,0.0,0.0,0.0
2023-06-01 12:53:10.608546,0.0,0.0,0.0,0.0
2023-06-01 12:53:10.619183,0.0,0.0,0.0,0.0
2023-06-01 12:53:10.628324,0.0,0.0,0.0,0.0
2023-06-01 12:53:10.637562,0.0,0.0,0.0,0.0
2023-06-01 12:53:10.647117,0.0,0.0,0.0,0.0
2023-06-01 12:53:10.656560,0.0,0.0,0.0,0.0
2023-06-01 12:53:10.666678,0.0,0.0,0.0,0.0
2023-06-01 12:53:10.676616,0.0,0.0,0.0,0.0
2023-06-01 12:53:10.688785,0.0,0.0,0.0,0.0
2023-06-01 12:53:10.698375,0.0,0.0,0.0,0.0
2023-06-01 12:53:10.717827,0.0,0.0,0.0,0.0
2023-06-01 12:53:10.728134,0.0,0.0,0.0,0.0
2023-06-01 12:53:10.737860,0.0,0.0,0.0,0.0
2023-06-01 12:53:10.746938,0.0,0.0,0.0,0.0
2023-06-01 12:53:10.756328,0.0,0.0,0.0,0.0
2023-06-01 12:53:10.768007,0.0,0.0,0.0,0.0
2023-06-01 12:53:10.777811,0.0,0.0,0.0,0.0
2023-06-01 12:53:10.787325,0.0,0.0,0.0,0.0
2023-06-01 12:53:10.811353,0.0,0.0,0.0,0.0
2023-06-01 12:53:10.831786,0.0,0.0,0.0,0.0
2023-06-01 12:53:10.839023,0.0,0.0,0.0,0.0
2023-06-01 12:53:10.847283,0.0,0.0,0.0,0.0
2023-06-01 12:53:10.856826,0.0,0.0,0.0,0.0
2023-06-01 12:53:10.868241,0.0,0.0,0.0,0.0
2023-06-01 12:53:10.878372,0.0,0.0,0.0,0.0
2023-06-01 12:53:10.888146,0.0,0.0,0.0,0.0
2023-06-01 12:53:10.911870,0.0,0.0,0.0,0.0
2023-06-01 12:53:10.919416,0.0,0.0,0.0,0.0
2023-06-01 12:53:10.929468,0.0,0.0,0.0,0.0
2023-06-01 12:53:10.936988,0.0,0.0,0.0,0.0
2023-06-01 12:53:10.947659,0.0,0.0,0.0,0.0
2023-06-01 12:53:10.956933,0.0,0.0,0.0,0.0
2023-06-01 12:53:10.976398,0.0,0.0,0.0,0.0
2023-06-01 12:53:10.996344,0.0,0.0,0.0,0.0
2023-06-01 12:53:11.006352,0.0,0.0,0.0,0.0
2023-06-01 12:53:11.014524,0.0,0.0,0.0,0.0
2023-06-01 12:53:11.022472,0.0,0.0,0.0,0.0
2023-06-01 12:53:11.030577,0.0,0.0,0.0,0.0
2023-06-01 12:53:11.038177,0.0,0.0,0.0,0.0
2023-06-01 12:53:11.047622,0.0,0.0,0.0,0.0
2023-06-01 12:53:11.056605,0.0,0.0,0.0,0.0
2023-06-01 12:53:11.066876,0.0,0.0,0.0,0.0
2023-06-01 12:53:11.077480,0.0,0.0,0.0,0.0
2023-06-01 12:53:11.087897,0.0,0.0,0.0,0.0
2023-06-01 12:53:11.098040,0.0,0.0,0.0,0.0
2023-06-01 12:53:11.112750,0.0,0.0,0.0,0.0
2023-06-01 12:53:11.120487,0.0,0.0,0.0,0.0
2023-06-01 12:53:11.128107,0.0,0.0,0.0,0.0
2023-06-01 12:53:11.141710,0.0,0.0,0.0,0.0
2023-06-01 12:53:11.148224,0.0,0.0,0.0,0.0
2023-06-01 12:53:11.156454,0.0,0.0,0.0,0.0
2023-06-01 12:53:11.166656,0.0,0.0,0.0,0.0
2023-06-01 12:53:11.176754,0.0,0.0,0.0,0.0
2023-06-01 12:53:11.187282,0.0,0.0,0.0,0.0
2023-06-01 12:53:11.198488,0.0,0.0,0.0,0.0
2023-06-01 12:53:11.208843,0.0,0.0,0.0,0.0
2023-06-01 12:53:11.218784,0.0,0.0,0.0,0.0
2023-06-01 12:53:11.241711,0.0,0.0,0.0,0.0
2023-06-01 12:53:11.263822,0.0,0.0,0.0,0.0
2023-06-01 12:53:11.284449,0.0,0.0,0.0,0.0
2023-06-01 12:53:11.306742,0.0,0.0,0.0,0.0
2023-06-01 12:53:11.329281,0.0,0.0,0.0,0.0
2023-06-01 12:53:11.337666,0.0,0.0,0.0,0.0
2023-06-01 12:53:11.347085,0.0,0.0,0.0,0.0
2023-06-01 12:53:11.355040,0.0,0.0,0.0,0.0
2023-06-01 12:53:11.363257,0.0,0.0,0.0,0.0
2023-06-01 12:53:11.372885,0.0,0.0,0.0,0.0
2023-06-01 12:53:11.381019,0.0,0.0,0.0,0.0
2023-06-01 12:53:11.389590,0.0,0.0,0.0,0.0
2023-06-01 12:53:11.399485,0.0,0.0,0.0,0.0
2023-06-01 12:53:11.408198,0.0,0.0,0.0,0.0
2023-06-01 12:53:11.418560,0.0,0.0,0.0,0.0
2023-06-01 12:53:11.428213,0.0,0.0,0.0,0.0
2023-06-01 12:53:11.438086,0.0,0.0,0.0,0.0
2023-06-01 12:53:11.447221,0.0,0.0,0.0,0.0
2023-06-01 12:53:11.456760,0.0,0.0,0.0,0.0
2023-06-01 12:53:11.466622,0.0,0.0,0.0,0.0
2023-06-01 12:53:11.476828,0.0,0.0,0.0,0.0
2023-06-01 12:53:11.487184,0.0,0.0,0.0,0.0
2023-06-01 12:53:11.499532,0.0,0.0,0.0,0.0
2023-06-01 12:53:11.518902,0.0,0.0,0.0,0.0
2023-06-01 12:53:11.546918,0.0,0.0,0.0,0.0
2023-06-01 12:53:11.569767,0.0,0.0,0.0,0.0
2023-06-01 12:53:11.590696,0.0,0.0,0.0,0.0
2023-06-01 12:53:11.615409,0.0,0.0,0.0,0.0
2023-06-01 12:53:11.628470,0.0,0.0,0.0,0.0
2023-06-01 12:53:11.638528,0.0,0.0,0.0,0.0
2023-06-01 12:53:11.647249,0.0,0.0,0.0,0.0
2023-06-01 12:53:11.656864,0.0,0.0,0.0,0.0
2023-06-01 12:53:11.666479,0.0,0.0,0.0,0.0
2023-06-01 12:53:11.676544,0.0,0.0,0.0,0.0
2023-06-01 12:53:11.687419,0.0,0.0,0.0,0.0
2023-06-01 12:53:11.697032,0.0,0.0,0.0,0.0
2023-06-01 12:53:11.706501,0.0,0.0,0.0,0.0
2023-06-01 12:53:11.716337,0.0,0.0,0.0,0.0
2023-06-01 12:53:11.726379,0.0,0.0,0.0,0.0
2023-06-01 12:53:11.736440,0.0,0.0,0.0,0.0
2023-06-01 12:53:11.746427,0.0,0.0,0.0,0.0
2023-06-01 12:53:11.756338,0.0,0.0,0.0,0.0
2023-06-01 12:53:11.766337,0.0,0.0,0.0,0.0
2023-06-01 12:53:11.776418,0.0,0.0,0.0,0.0
2023-06-01 12:53:11.786467,0.0,0.0,0.0,0.0
2023-06-01 12:53:11.796384,0.0,0.0,0.0,0.0
2023-06-01 12:53:11.806185,0.0,0.0,0.0,0.0
2023-06-01 12:53:11.816479,0.0,0.0,0.0,0.0
2023-06-01 12:53:11.826626,0.0,0.0,0.0,0.0
2023-06-01 12:53:11.836420,0.0,0.0,0.0,0.0
2023-06-01 12:53:11.846380,0.0,0.0,0.0,0.0
2023-06-01 12:53:11.856659,0.0,0.0,0.0,0.0
2023-06-01 12:53:11.866524,0.0,0.0,0.0,0.0
2023-06-01 12:53:11.876395,0.0,0.0,0.0,0.0
2023-06-01 12:53:11.886563,0.0,0.0,0.0,0.0
2023-06-01 12:53:11.896608,0.0,0.0,0.0,0.0
2023-06-01 12:53:11.906235,0.0,0.0,0.0,0.0
2023-06-01 12:53:11.916287,0.0,0.0,0.0,0.0
2023-06-01 12:53:11.926587,0.0,0.0,0.0,0.0
2023-06-01 12:53:11.936774,0.0,0.0,0.0,0.0
2023-06-01 12:53:11.946557,0.0,0.0,0.0,0.0
2023-06-01 12:53:11.956382,0.0,0.0,0.0,0.0
2023-06-01 12:53:11.966470,0.0,0.0,0.0,0.0
2023-06-01 12:53:11.976434,0.0,0.0,0.0,0.0
2023-06-01 12:53:11.986702,0.0,0.0,0.0,0.0
2023-06-01 12:53:11.996842,0.0,0.0,0.0,0.0
2023-06-01 12:53:12.006465,0.0,0.0,0.0,0.0
2023-06-01 12:53:12.016178,0.0,0.0,0.0,0.0
2023-06-01 12:53:12.026499,0.0,0.0,0.0,0.0
2023-06-01 12:53:12.036580,0.0,0.0,0.0,0.0
2023-06-01 12:53:12.046404,0.0,0.0,0.0,0.0
2023-06-01 12:53:12.056581,0.0,0.0,0.0,0.0
2023-06-01 12:53:12.529870,0.0,0.0,0.0,0.0
2023-06-01 12:53:12.538151,0.0,0.0,0.0,0.0
2023-06-01 12:53:12.546936,0.0,0.0,0.0,0.0
2023-06-01 12:53:12.556585,0.0,0.0,0.0,0.0
2023-06-01 12:53:12.567096,0.0,0.0,0.0,0.0
2023-06-01 12:53:12.577231,0.0,0.0,0.0,0.0
2023-06-01 12:53:12.587129,0.0,0.0,0.0,0.0
2023-06-01 12:53:12.596722,0.0,0.0,0.0,0.0
2023-06-01 12:53:12.606634,0.0,0.0,0.0,0.0
2023-06-01 12:53:12.617056,0.0,0.0,0.0,0.0
2023-06-01 12:53:12.626651,0.0,0.0,0.0,0.0
2023-06-01 12:53:12.636912,0.0,0.0,0.0,0.0
2023-06-01 12:53:12.646758,0.0,0.0,0.0,0.0
2023-06-01 12:53:12.657373,0.0,0.0,0.0,0.0
2023-06-01 12:53:12.666963,0.0,0.0,0.0,0.0
2023-06-01 12:53:12.676876,0.0,0.0,0.0,0.0
2023-06-01 12:53:12.687354,0.0,0.0,0.0,0.0
2023-06-01 12:53:12.696808,0.0,0.0,0.0,0.0
2023-06-01 12:53:12.706615,0.0,0.0,0.0,0.0
2023-06-01 12:53:12.716741,0.0,0.0,0.0,0.0
2023-06-01 12:53:12.726750,0.0,0.0,0.0,0.0
2023-06-01 12:53:12.736792,0.0,0.0,0.0,0.0
2023-06-01 12:53:12.746721,0.0,0.0,0.0,0.0
2023-06-01 12:53:12.756922,0.0,0.0,0.0,0.0
2023-06-01 12:53:12.766662,0.0,0.0,0.0,0.0
2023-06-01 12:53:12.777128,0.0,0.0,0.0,0.0
2023-06-01 12:53:12.786768,0.0,0.0,0.0,0.0
2023-06-01 12:53:12.796982,0.0,0.0,0.0,0.0
2023-06-01 12:53:12.806636,0.0,0.0,0.0,0.0
2023-06-01 12:53:12.816475,0.0,0.0,0.0,0.0
2023-06-01 12:53:12.827244,0.0,0.0,0.0,0.0
2023-06-01 12:53:12.836854,0.0,0.0,0.0,0.0
2023-06-01 12:53:12.847211,0.0,0.0,0.0,0.0
2023-06-01 12:53:12.857026,0.0,0.0,0.0,0.0
2023-06-01 12:53:12.867133,0.0,0.0,0.0,0.0
2023-06-01 12:53:12.876792,0.0,0.0,0.0,0.0
2023-06-01 12:53:12.886877,0.0,0.0,0.0,0.0
2023-06-01 12:53:12.896925,0.0,0.0,0.0,0.0
2023-06-01 12:53:12.906640,0.0,0.0,0.0,0.0
2023-06-01 12:53:12.916597,0.0,0.0,0.0,0.0
2023-06-01 12:53:12.926827,0.0,0.0,0.0,0.0
2023-06-01 12:53:12.937456,0.0,0.0,0.0,0.0
2023-06-01 12:53:12.946916,0.0,0.0,0.0,0.0
2023-06-01 12:53:12.956927,0.0,0.0,0.0,0.0
2023-06-01 12:53:12.967614,0.0,0.0,0.0,0.0
2023-06-01 12:53:12.977132,0.0,0.0,0.0,0.0
2023-06-01 12:53:12.987748,0.0,0.0,0.0,0.0
2023-06-01 12:53:12.996955,0.0,0.0,0.0,0.0
2023-06-01 12:53:13.006993,0.0,0.0,0.0,0.0
2023-06-01 12:53:13.016744,0.0,0.0,0.0,0.0
2023-06-01 12:53:13.026769,0.0,0.0,0.0,0.0
2023-06-01 12:53:13.037341,0.0,0.0,0.0,0.0
2023-06-01 12:53:13.046710,0.0,0.0,0.0,0.0
2023-06-01 12:53:13.056893,0.0,0.0,0.0,0.0
2023-06-01 12:53:13.067201,0.0,0.0,0.0,0.0
2023-06-01 12:53:13.077260,0.0,0.0,0.0,0.0
2023-06-01 12:53:13.086785,0.0,0.0,0.0,0.0
2023-06-01 12:53:13.096733,0.0,0.0,0.0,0.0
2023-06-01 12:53:13.106941,0.0,0.0,0.0,0.0
2023-06-01 12:53:13.116625,0.0,0.0,0.0,0.0
2023-06-01 12:53:13.127139,0.0,0.0,0.0,0.0
2023-06-01 12:53:13.136980,0.0,0.0,0.0,0.0
2023-06-01 12:53:13.146654,0.0,0.0,0.0,0.0
2023-06-01 12:53:13.156596,0.0,0.0,0.0,0.0
2023-06-01 12:53:13.166732,0.0,0.0,0.0,0.0
2023-06-01 12:53:13.177196,0.0,0.0,0.0,0.0
2023-06-01 12:53:13.186764,0.0,0.0,0.0,0.0
2023-06-01 12:53:13.196783,0.0,0.0,0.0,0.0
2023-06-01 12:53:13.206832,0.0,0.0,0.0,0.0
2023-06-01 12:53:13.217337,0.0,0.0,0.0,0.0
2023-06-01 12:53:13.227620,0.0,0.0,0.0,0.0
2023-06-01 12:53:13.237134,0.0,0.0,0.0,0.0
2023-06-01 12:53:13.247262,0.0,0.0,0.0,0.0
2023-06-01 12:53:13.256525,0.0,0.0,0.0,0.0
2023-06-01 12:53:13.266739,0.0,0.0,0.0,0.0
2023-06-01 12:53:13.276790,0.0,0.0,0.0,0.0
2023-06-01 12:53:13.286968,0.0,0.0,0.0,0.0
2023-06-01 12:53:13.296955,0.0,0.0,0.0,0.0
2023-06-01 12:53:13.306522,0.0,0.0,0.0,0.0
2023-06-01 12:53:13.316484,0.0,0.0,0.0,0.0
2023-06-01 12:53:13.326908,0.0,0.0,0.0,0.0
2023-06-01 12:53:13.337294,0.0,0.0,0.0,0.0
2023-06-01 12:53:13.346734,0.0,0.0,0.0,0.0
2023-06-01 12:53:13.356780,0.0,0.0,0.0,0.0
2023-06-01 12:53:13.366913,0.0,0.0,0.0,0.0
2023-06-01 12:53:13.376752,0.0,0.0,0.0,0.0
2023-06-01 12:53:13.387203,0.0,0.0,0.0,0.0
2023-06-01 12:53:13.396646,0.0,0.0,0.0,0.0
2023-06-01 12:53:13.407571,0.0,0.0,0.0,0.0
2023-06-01 12:53:13.416774,0.0,0.0,0.0,0.0
2023-06-01 12:53:13.427482,0.0,0.0,0.0,0.0
2023-06-01 12:53:13.436973,0.0,0.0,0.0,0.0
2023-06-01 12:53:13.446834,0.0,0.0,0.0,0.0
2023-06-01 12:53:13.457384,0.0,0.0,0.0,0.0
2023-06-01 12:53:13.466801,0.0,0.0,0.0,0.0
2023-06-01 12:53:13.477225,0.0,0.0,0.0,0.0
2023-06-01 12:53:13.486737,0.0,0.0,0.0,0.0
2023-06-01 12:53:13.497590,0.0,0.0,0.0,0.0
2023-06-01 12:53:13.506747,0.0,0.0,0.0,0.0
2023-06-01 12:53:13.516638,0.0,0.0,0.0,0.0
2023-06-01 12:53:13.526844,0.0,0.0,0.0,0.0
2023-06-01 12:53:13.536762,0.0,0.0,0.0,0.0
2023-06-01 12:53:13.547100,0.0,0.0,0.0,0.0
2023-06-01 12:53:13.556894,0.0,0.0,0.0,0.0
2023-06-01 12:53:13.567751,0.0,0.0,0.0,0.0
2023-06-01 12:53:13.577202,0.0,0.0,0.0,0.0
2023-06-01 12:53:13.586816,0.0,0.0,0.0,0.0
2023-06-01 12:53:13.597424,0.0,0.0,0.0,0.0
2023-06-01 12:53:13.606663,0.0,0.0,0.0,0.0
2023-06-01 12:53:13.616976,0.0,0.0,0.0,0.0
2023-06-01 12:53:13.626839,0.0,0.0,0.0,0.0
2023-06-01 12:53:13.637210,0.0,0.0,0.0,0.0
2023-06-01 12:53:13.646785,0.0,0.0,0.0,0.0
2023-06-01 12:53:13.656618,0.0,0.0,0.0,0.0
2023-06-01 12:53:13.667034,0.0,0.0,0.0,0.0
2023-06-01 12:53:13.676793,0.0,0.0,0.0,0.0
2023-06-01 12:53:13.687520,0.0,0.0,0.0,0.0
2023-06-01 12:53:13.697837,0.0,0.0,0.0,0.0
2023-06-01 12:53:13.708570,0.0,0.0,0.0,0.0
2023-06-01 12:53:13.716964,0.0,0.0,0.0,0.0
2023-06-01 12:53:13.726784,0.0,0.0,0.0,0.0
2023-06-01 12:53:13.737182,0.0,0.0,0.0,0.0
2023-06-01 12:53:13.746820,0.0,0.0,0.0,0.0
2023-06-01 12:53:13.758135,0.0,0.0,0.0,0.0
2023-06-01 12:53:13.767010,0.0,0.0,0.0,0.0
2023-06-01 12:53:13.780561,0.0,0.0,0.0,0.0
2023-06-01 12:53:13.787492,0.0,0.0,0.0,0.0
2023-06-01 12:53:13.797444,0.0,0.0,0.0,0.0
2023-06-01 12:53:13.808273,0.0,0.0,0.0,0.0
2023-06-01 12:53:13.816779,0.0,0.0,0.0,0.0
2023-06-01 12:53:13.827362,0.0,0.0,0.0,0.0
2023-06-01 12:53:13.838679,0.0,0.0,0.0,0.0
2023-06-01 12:53:13.847071,0.0,0.0,0.0,0.0
2023-06-01 12:53:13.858039,0.0,0.0,0.0,0.0
2023-06-01 12:53:13.866821,0.0,0.0,0.0,0.0
2023-06-01 12:53:13.876974,0.0,0.0,0.0,0.0
2023-06-01 12:53:13.886716,0.0,0.0,0.0,0.0
2023-06-01 12:53:13.897176,0.0,0.0,0.0,0.0
2023-06-01 12:53:13.907195,0.0,0.0,0.0,0.0
2023-06-01 12:53:13.916836,0.0,0.0,0.0,0.0
2023-06-01 12:53:13.927022,0.0,0.0,0.0,0.0
2023-06-01 12:53:13.937087,0.0,0.0,0.0,0.0
2023-06-01 12:53:13.947157,0.0,0.0,0.0,0.0
2023-06-01 12:53:13.956593,0.0,0.0,0.0,0.0
2023-06-01 12:53:13.967046,0.0,0.0,0.0,0.0
2023-06-01 12:53:13.976787,0.0,0.0,0.0,0.0
2023-06-01 12:53:13.987347,0.0,0.0,0.0,0.0
2023-06-01 12:53:13.997071,0.0,0.0,0.0,0.0
2023-06-01 12:53:14.007005,0.0,0.0,0.0,0.0
2023-06-01 12:53:14.016646,0.0,0.0,0.0,0.0
2023-06-01 12:53:14.026895,0.0,0.0,0.0,0.0
2023-06-01 12:53:14.036642,0.0,0.0,0.0,0.0
2023-06-01 12:53:14.046877,0.0,0.0,0.0,0.0
2023-06-01 12:53:14.056900,0.0,0.0,0.0,0.0
2023-06-01 12:53:14.067001,0.0,0.0,0.0,0.0
2023-06-01 12:53:14.076884,0.0,0.0,0.0,0.0
2023-06-01 12:53:14.087056,0.0,0.0,0.0,0.0
2023-06-01 12:53:14.096889,0.0,0.0,0.0,0.0
2023-06-01 12:53:14.106707,0.0,0.0,0.0,0.0
2023-06-01 12:53:14.116649,0.0,0.0,0.0,0.0
2023-06-01 12:53:14.126962,0.0,0.0,0.0,0.0
2023-06-01 12:53:14.136557,0.0,0.0,0.0,0.0
2023-06-01 12:53:14.146940,0.0,0.0,0.0,0.0
2023-06-01 12:53:14.156674,0.0,0.0,0.0,0.0
2023-06-01 12:53:14.166751,0.0,0.0,0.0,0.0
2023-06-01 12:53:14.177087,0.0,0.0,0.0,0.0
2023-06-01 12:53:14.186910,0.0,0.0,0.0,0.0
2023-06-01 12:53:14.196860,0.0,0.0,0.0,0.0
2023-06-01 12:53:14.206777,0.0,0.0,0.0,0.0
2023-06-01 12:53:14.216641,0.0,0.0,0.0,0.0
2023-06-01 12:53:14.226939,0.0,0.0,0.0,0.0
2023-06-01 12:53:14.236921,0.0,0.0,0.0,0.0
2023-06-01 12:53:14.247056,0.0,0.0,0.0,0.0
2023-06-01 12:53:14.256660,0.0,0.0,0.0,0.0
2023-06-01 12:53:14.267049,0.0,0.0,0.0,0.0
2023-06-01 12:53:14.276980,0.0,0.0,0.0,0.0
2023-06-01 12:53:14.286946,0.0,0.0,0.0,0.0
2023-06-01 12:53:14.297017,0.0,0.0,0.0,0.0
2023-06-01 12:53:14.306656,0.0,0.0,0.0,0.0
2023-06-01 12:53:14.316731,0.0,0.0,0.0,0.0
2023-06-01 12:53:14.326803,0.0,0.0,0.0,0.0
2023-06-01 12:53:14.337090,0.0,0.0,0.0,0.0
2023-06-01 12:53:14.347049,0.0,0.0,0.0,0.0
2023-06-01 12:53:14.356699,0.0,0.0,0.0,0.0
2023-06-01 12:53:14.367290,0.0,0.0,0.0,0.0
2023-06-01 12:53:14.376808,0.0,0.0,0.0,0.0
2023-06-01 12:53:14.387156,0.0,0.0,0.0,0.0
2023-06-01 12:53:14.396765,0.0,0.0,0.0,0.0
2023-06-01 12:53:14.407005,0.0,0.0,0.0,0.0
2023-06-01 12:53:14.416782,0.0,0.0,0.0,0.0
2023-06-01 12:53:14.427021,0.0,0.0,0.0,0.0
2023-06-01 12:53:14.439016,0.0,0.0,0.0,0.0
2023-06-01 12:53:14.446932,0.0,0.0,0.0,0.0
2023-06-01 12:53:14.457194,0.0,0.0,0.0,0.0
2023-06-01 12:53:14.466746,0.0,0.0,0.0,0.0
2023-06-01 12:53:14.477430,0.0,0.0,0.0,0.0
2023-06-01 12:53:14.487205,0.0,0.0,0.0,0.0
2023-06-01 12:53:14.496833,0.0,0.0,0.0,0.0
2023-06-01 12:53:14.507388,0.0,0.0,0.0,0.0
2023-06-01 12:53:14.516697,0.0,0.0,0.0,0.0
2023-06-01 12:53:14.527303,0.0,0.0,0.0,0.0
2023-06-01 12:53:14.536909,0.0,0.0,0.0,0.0
2023-06-01 12:53:14.546860,0.0,0.0,0.0,0.0
2023-06-01 12:53:14.557487,0.0,0.0,0.0,0.0
2023-06-01 12:53:14.566911,0.0,0.0,0.0,0.0
2023-06-01 12:53:14.577468,0.0,0.0,0.0,0.0
2023-06-01 12:53:14.587146,0.0,0.0,0.0,0.0
2023-06-01 12:53:14.597173,0.0,0.0,0.0,0.0
2023-06-01 12:53:14.606879,0.0,0.0,0.0,0.0
2023-06-01 12:53:14.617248,0.0,0.0,0.0,0.0
2023-06-01 12:53:14.626864,0.0,0.0,0.0,0.0
2023-06-01 12:53:14.636951,0.0,0.0,0.0,0.0
2023-06-01 12:53:14.646855,0.0,0.0,0.0,0.0
2023-06-01 12:53:14.656784,0.0,0.0,0.0,0.0
2023-06-01 12:53:14.667296,0.0,0.0,0.0,0.0
2023-06-01 12:53:14.677096,0.0,0.0,0.0,0.0
2023-06-01 12:53:14.687719,0.0,0.0,0.0,0.0
2023-06-01 12:53:14.696974,0.0,0.0,0.0,0.0
2023-06-01 12:53:14.706640,0.0,0.0,0.0,0.0
2023-06-01 12:53:14.717134,0.0,0.0,0.0,0.0
2023-06-01 12:53:14.726796,0.0,0.0,0.0,0.0
2023-06-01 12:53:14.737521,0.0,0.0,0.0,0.0
2023-06-01 12:53:14.746882,0.0,0.0,0.0,0.0
2023-06-01 12:53:14.757031,0.0,0.0,0.0,0.0
2023-06-01 12:53:14.766890,0.0,0.0,0.0,0.0
2023-06-01 12:53:14.776820,0.0,0.0,0.0,0.0
2023-06-01 12:53:14.786796,0.0,0.0,0.0,0.0
2023-06-01 12:53:14.796786,0.0,0.0,0.0,0.0
2023-06-01 12:53:14.806971,0.0,0.0,0.0,0.0
2023-06-01 12:53:14.816690,0.0,0.0,0.0,0.0
2023-06-01 12:53:14.827263,0.0,0.0,0.0,0.0
2023-06-01 12:53:14.837177,0.0,0.0,0.0,0.0
2023-06-01 12:53:14.846896,0.0,0.0,0.0,0.0
2023-06-01 12:53:14.857253,0.0,0.0,0.0,0.0
2023-06-01 12:53:14.867089,0.0,0.0,0.0,0.0
2023-06-01 12:53:14.877404,0.0,0.0,0.0,0.0
2023-06-01 12:53:14.887217,0.0,0.0,0.0,0.0
2023-06-01 12:53:14.897622,0.0,0.0,0.0,0.0
2023-06-01 12:53:14.907201,0.0,0.0,0.0,0.0
2023-06-01 12:53:14.917049,0.0,0.0,0.0,0.0
2023-06-01 12:53:14.927640,0.0,0.0,0.0,0.0
2023-06-01 12:53:14.937659,0.0,0.0,0.0,0.0
2023-06-01 12:53:14.947190,0.0,0.0,0.0,0.0
2023-06-01 12:53:14.956746,0.0,0.0,0.0,0.0
2023-06-01 12:53:14.967005,0.0,0.0,0.0,0.0
2023-06-01 12:53:14.976966,0.0,0.0,0.0,0.0
2023-06-01 12:53:14.986937,0.0,0.0,0.0,0.0
2023-06-01 12:53:14.997969,0.0,0.0,0.0,0.0
2023-06-01 12:53:15.006829,0.0,0.0,0.0,0.0
2023-06-01 12:53:15.017082,0.0,0.0,0.0,0.0
2023-06-01 12:53:15.026921,0.0,0.0,0.0,0.0
2023-06-01 12:53:15.036989,0.0,0.0,0.0,0.0
2023-06-01 12:53:15.046939,0.0,0.0,0.0,0.0
2023-06-01 12:53:15.056667,0.0,0.0,0.0,0.0
2023-06-01 12:53:15.066982,0.0,0.0,0.0,0.0
2023-06-01 12:53:15.077057,0.0,0.0,0.0,0.0
2023-06-01 12:53:15.087345,0.0,0.0,0.0,0.0
2023-06-01 12:53:15.096952,0.0,0.0,0.0,0.0
2023-06-01 12:53:15.106909,0.0,0.0,0.0,0.0
2023-06-01 12:53:15.117450,0.0,0.0,0.0,0.0
2023-06-01 12:53:15.126777,0.0,0.0,0.0,0.0
2023-06-01 12:53:15.137162,0.0,0.0,0.0,0.0
2023-06-01 12:53:15.146852,0.0,0.0,0.0,0.0
2023-06-01 12:53:15.156670,0.0,0.0,0.0,0.0
2023-06-01 12:53:15.166737,0.0,0.0,0.0,0.0
2023-06-01 12:53:15.177163,0.0,0.0,0.0,0.0
2023-06-01 12:53:15.186997,0.0,0.0,0.0,0.0
2023-06-01 12:53:15.196786,0.0,0.0,0.0,0.0
2023-06-01 12:53:15.206722,0.0,0.0,0.0,0.0
2023-06-01 12:53:15.216683,0.0,0.0,0.0,0.0
2023-06-01 12:53:15.227057,0.0,0.0,0.0,0.0
2023-06-01 12:53:15.236853,0.0,0.0,0.0,0.0
2023-06-01 12:53:15.247012,0.0,0.0,0.0,0.0
2023-06-01 12:53:15.256768,0.0,0.0,0.0,0.0
2023-06-01 12:53:15.266705,0.0,0.0,0.0,0.0
2023-06-01 12:53:15.277007,0.0,0.0,0.0,0.0
2023-06-01 12:53:15.286839,0.0,0.0,0.0,0.0
2023-06-01 12:53:15.298366,0.0,0.0,0.0,0.0
2023-06-01 12:53:15.306712,0.0,0.0,0.0,0.0
2023-06-01 12:53:15.317233,0.0,0.0,0.0,0.0
2023-06-01 12:53:15.326999,0.0,0.0,0.0,0.0
2023-06-01 12:53:15.336887,0.0,0.0,0.0,0.0
2023-06-01 12:53:15.346964,0.0,0.0,0.0,0.0
2023-06-01 12:53:15.356638,0.0,0.0,0.0,0.0
2023-06-01 12:53:15.366871,0.0,0.0,0.0,0.0
2023-06-01 12:53:15.377322,0.0,0.0,0.0,0.0
2023-06-01 12:53:15.387469,0.0,0.0,0.0,0.0
2023-06-01 12:53:15.397219,0.0,0.0,0.0,0.0
2023-06-01 12:53:15.406491,0.0,0.0,0.0,0.0
2023-06-01 12:53:15.416683,0.0,0.0,0.0,0.0
2023-06-01 12:53:15.426796,0.0,0.0,0.0,0.0
2023-06-01 12:53:15.436782,0.0,0.0,0.0,0.0
2023-06-01 12:53:15.446851,0.0,0.0,0.0,0.0
2023-06-01 12:53:15.456868,0.0,0.0,0.0,0.0
2023-06-01 12:53:15.466547,0.0,0.0,0.0,0.0
2023-06-01 12:53:15.476636,0.0,0.0,0.0,0.0
2023-06-01 12:53:15.486421,0.0,0.0,0.0,0.0
2023-06-01 12:53:15.496665,0.0,0.0,0.0,0.0
2023-06-01 12:53:15.506329,0.0,0.0,0.0,0.0
2023-06-01 12:53:15.518821,0.0,0.0,0.0,0.0
2023-06-01 12:53:15.527005,0.0,0.0,0.0,0.0
2023-06-01 12:53:15.537179,0.0,0.0,0.0,0.0
2023-06-01 12:53:15.546833,0.0,0.0,0.0,0.0
2023-06-01 12:53:15.557024,0.0,0.0,0.0,0.0
2023-06-01 12:53:15.567024,0.0,0.0,0.0,0.0
2023-06-01 12:53:15.577436,0.0,0.0,0.0,0.0
2023-06-01 12:53:15.586892,0.0,0.0,0.0,0.0
2023-06-01 12:53:15.597043,0.0,0.0,0.0,0.0
2023-06-01 12:53:15.606779,0.0,0.0,0.0,0.0
2023-06-01 12:53:15.616793,0.0,0.0,0.0,0.0
2023-06-01 12:53:15.626870,0.0,0.0,0.0,0.0
2023-06-01 12:53:15.636965,0.0,0.0,0.0,0.0
2023-06-01 12:53:15.647211,0.0,0.0,0.0,0.0
2023-06-01 12:53:15.656646,0.0,0.0,0.0,0.0
2023-06-01 12:53:15.666984,0.0,0.0,0.0,0.0
2023-06-01 12:53:15.676847,0.0,0.0,0.0,0.0
2023-06-01 12:53:15.687080,0.0,0.0,0.0,0.0
2023-06-01 12:53:15.698350,0.0,0.0,0.0,0.0
2023-06-01 12:53:15.706318,0.0,0.0,0.0,0.0
2023-06-01 12:53:15.716785,0.0,0.0,0.0,0.0
2023-06-01 12:53:15.726386,0.0,0.0,0.0,0.0
2023-06-01 12:53:15.736594,0.0,0.0,0.0,0.0
2023-06-01 12:53:15.746470,0.0,0.0,0.0,0.0
2023-06-01 12:53:15.756364,0.0,0.0,0.0,0.0
2023-06-01 12:53:15.766423,0.0,0.0,0.0,0.0
2023-06-01 12:53:15.776437,0.0,0.0,0.0,0.0
2023-06-01 12:53:15.786970,0.0,0.0,0.0,0.0
2023-06-01 12:53:15.796865,0.0,0.0,0.0,0.0
2023-06-01 12:53:15.807031,0.0,0.0,0.0,0.0
2023-06-01 12:53:15.816682,0.0,0.0,0.0,0.0
2023-06-01 12:53:15.827069,0.0,0.0,0.0,0.0
2023-06-01 12:53:15.837010,0.0,0.0,0.0,0.0
2023-06-01 12:53:15.847030,0.0,0.0,0.0,0.0
2023-06-01 12:53:15.857453,0.0,0.0,0.0,0.0
2023-06-01 12:53:15.866835,0.0,0.0,0.0,0.0
2023-06-01 12:53:15.876827,0.0,0.0,0.0,0.0
2023-06-01 12:53:15.887025,0.0,0.0,0.0,0.0
2023-06-01 12:53:15.896972,0.0,0.0,0.0,0.0
2023-06-01 12:53:15.906651,0.0,0.0,0.0,0.0
2023-06-01 12:53:15.916769,0.0,0.0,0.0,0.0
2023-06-01 12:53:15.927281,0.0,0.0,0.0,0.0
2023-06-01 12:53:15.937149,0.0,0.0,0.0,0.0
2023-06-01 12:53:15.946925,0.0,0.0,0.0,0.0
2023-06-01 12:53:15.956684,0.0,0.0,0.0,0.0
2023-06-01 12:53:15.966725,0.0,0.0,0.0,0.0
2023-06-01 12:53:15.976784,0.0,0.0,0.0,0.0
2023-06-01 12:53:15.986954,0.0,0.0,0.0,0.0
2023-06-01 12:53:15.997578,0.0,0.0,0.0,0.0
2023-06-01 12:53:16.006748,0.0,0.0,0.0,0.0
2023-06-01 12:53:16.016659,0.0,0.0,0.0,0.0
2023-06-01 12:53:16.027620,0.0,0.0,0.0,0.0
2023-06-01 12:53:16.037169,0.0,0.0,0.0,0.0
2023-06-01 12:53:16.046988,0.0,0.0,0.0,0.0
2023-06-01 12:53:16.056608,0.0,0.0,0.0,0.0
2023-06-01 12:53:16.067150,0.0,0.0,0.0,0.0
2023-06-01 12:53:16.077212,0.0,0.0,0.0,0.0
2023-06-01 12:53:16.087127,0.0,0.0,0.0,0.0
2023-06-01 12:53:16.097244,0.0,0.0,0.0,0.0
2023-06-01 12:53:16.106927,0.0,0.0,0.0,0.0
2023-06-01 12:53:16.116810,0.0,0.0,0.0,0.0
2023-06-01 12:53:16.127490,0.0,0.0,0.0,0.0
2023-06-01 12:53:16.137239,0.0,0.0,0.0,0.0
2023-06-01 12:53:16.146811,0.0,0.0,0.0,0.0
2023-06-01 12:53:16.156678,0.0,0.0,0.0,0.0
2023-06-01 12:53:16.166807,0.0,0.0,0.0,0.0
2023-06-01 12:53:16.176844,0.0,0.0,0.0,0.0
2023-06-01 12:53:16.186813,0.0,0.0,0.0,0.0
2023-06-01 12:53:16.197142,0.0,0.0,0.0,0.0
2023-06-01 12:53:16.206968,0.0,0.0,0.0,0.0
2023-06-01 12:53:16.216892,0.0,0.0,0.0,0.0
2023-06-01 12:53:16.227602,0.0,0.0,0.0,0.0
2023-06-01 12:53:16.237498,0.0,0.0,0.0,0.0
2023-06-01 12:53:16.247169,0.0,0.0,0.0,0.0
2023-06-01 12:53:16.256869,0.0,0.0,0.0,0.0
2023-06-01 12:53:16.266646,0.0,0.0,0.0,0.0
2023-06-01 12:53:16.276997,0.0,0.0,0.0,0.0
2023-06-01 12:53:16.287102,0.0,0.0,0.0,0.0
2023-06-01 12:53:16.297056,0.0,0.0,0.0,0.0
2023-06-01 12:53:16.306698,0.0,0.0,0.0,0.0
2023-06-01 12:53:16.316673,0.0,0.0,0.0,0.0
2023-06-01 12:53:16.327339,0.0,0.0,0.0,0.0
2023-06-01 12:53:16.337441,0.0,0.0,0.0,0.0
2023-06-01 12:53:16.347068,0.0,0.0,0.0,0.0
2023-06-01 12:53:16.356572,0.0,0.0,0.0,0.0
2023-06-01 12:53:16.366674,0.0,0.0,0.0,0.0
2023-06-01 12:53:16.377253,0.0,0.0,0.0,0.0
2023-06-01 12:53:16.391424,0.0,0.0,0.0,0.0
2023-06-01 12:53:16.400098,0.0,0.0,0.0,0.0
2023-06-01 12:53:16.409479,0.0,0.0,0.0,0.0
2023-06-01 12:53:16.419087,0.0,0.0,0.0,0.0
2023-06-01 12:53:16.428612,0.0,0.0,0.0,0.0
2023-06-01 12:53:16.444570,0.0,0.0,0.0,0.0
2023-06-01 12:53:16.459010,0.0,0.0,0.0,0.0
2023-06-01 12:53:16.473537,0.0,0.0,0.0,0.0
2023-06-01 12:53:16.489973,0.0,0.0,0.0,0.0
2023-06-01 12:53:16.509677,0.0,0.0,0.0,0.0
2023-06-01 12:53:16.529585,0.0,0.0,0.0,0.0
2023-06-01 12:53:16.538247,0.0,0.0,0.0,0.0
2023-06-01 12:53:16.556757,0.0,0.0,0.0,0.0
2023-06-01 12:53:16.576297,0.0,0.0,0.0,0.0
2023-06-01 12:53:16.596232,0.0,0.0,0.0,0.0
2023-06-01 12:53:16.616875,0.0,0.0,0.0,0.0
2023-06-01 12:53:16.637637,0.0,0.0,0.0,0.0
2023-06-01 12:53:16.644398,0.0,0.0,0.0,0.0
2023-06-01 12:53:16.650622,0.0,0.0,0.0,0.0
2023-06-01 12:53:16.656656,0.0,0.0,0.0,0.0
2023-06-01 12:53:16.666565,0.0,0.0,0.0,0.0
2023-06-01 12:53:16.678222,0.0,0.0,0.0,0.0
2023-06-01 12:53:16.687964,0.0,0.0,0.0,0.0
2023-06-01 12:53:16.698878,0.0,0.0,0.0,0.0
2023-06-01 12:53:16.708667,0.0,0.0,0.0,0.0
2023-06-01 12:53:16.718893,0.0,0.0,0.0,0.0
2023-06-01 12:53:16.734307,0.0,0.0,0.0,0.0
2023-06-01 12:53:16.741767,0.0,0.0,0.0,0.0
2023-06-01 12:53:16.749757,0.0,0.0,0.0,0.0
2023-06-01 12:53:16.756468,0.0,0.0,0.0,0.0
2023-06-01 12:53:16.766786,0.0,0.0,0.0,0.0
2023-06-01 12:53:16.776853,0.0,0.0,0.0,0.0
2023-06-01 12:53:16.787644,0.0,0.0,0.0,0.0
2023-06-01 12:53:16.806703,0.0,0.0,0.0,0.0
2023-06-01 12:53:16.814689,0.0,0.0,0.0,0.0
2023-06-01 12:53:16.822389,0.0,0.0,0.0,0.0
2023-06-01 12:53:16.831862,0.0,0.0,0.0,0.0
2023-06-01 12:53:16.839189,0.0,0.0,0.0,0.0
2023-06-01 12:53:16.847197,0.0,0.0,0.0,0.0
2023-06-01 12:53:16.856844,0.0,0.0,0.0,0.0
2023-06-01 12:53:16.866849,0.0,0.0,0.0,0.0
2023-06-01 12:53:16.876556,0.0,0.0,0.0,0.0
2023-06-01 12:53:16.887777,0.0,0.0,0.0,0.0
2023-06-01 12:53:16.899352,0.0,0.0,0.0,0.0
2023-06-01 12:53:16.907761,0.0,0.0,0.0,0.0
2023-06-01 12:53:16.917800,0.0,0.0,0.0,0.0
2023-06-01 12:53:16.930707,0.0,0.0,0.0,0.0
2023-06-01 12:53:16.937808,0.0,0.0,0.0,0.0
2023-06-01 12:53:16.952247,0.0,0.0,0.0,0.0
2023-06-01 12:53:16.963833,0.0,0.0,0.0,0.0
2023-06-01 12:53:16.974741,0.0,0.0,0.0,0.0
2023-06-01 12:53:16.983477,0.0,0.0,0.0,0.0
2023-06-01 12:53:16.992808,0.0,0.0,0.0,0.0
2023-06-01 12:53:17.002042,0.0,0.0,0.0,0.0
2023-06-01 12:53:17.014564,0.0,0.0,0.0,0.0
2023-06-01 12:53:17.024137,0.0,0.0,0.0,0.0
2023-06-01 12:53:17.034384,0.0,0.0,0.0,0.0
2023-06-01 12:53:17.044040,0.0,0.0,0.0,0.0
2023-06-01 12:53:17.053161,0.0,0.0,0.0,0.0
2023-06-01 12:53:17.062271,0.0,0.0,0.0,0.0
2023-06-01 12:53:17.071149,0.0,0.0,0.0,0.0
2023-06-01 12:53:17.080411,0.0,0.0,0.0,0.0
2023-06-01 12:53:17.090495,0.0,0.0,0.0,0.0
2023-06-01 12:53:17.100138,0.0,0.0,0.0,0.0
2023-06-01 12:53:17.109255,0.0,0.0,0.0,0.0
2023-06-01 12:53:17.118579,0.0,0.0,0.0,0.0
2023-06-01 12:53:17.128725,0.0,0.0,0.0,0.0
2023-06-01 12:53:17.146265,0.0,0.0,0.0,0.0
2023-06-01 12:53:17.155364,0.0,0.0,0.0,0.0
2023-06-01 12:53:17.164351,0.0,0.0,0.0,0.0
2023-06-01 12:53:17.173553,0.0,0.0,0.0,0.0
2023-06-01 12:53:17.182707,0.0,0.0,0.0,0.0
2023-06-01 12:53:17.191852,0.0,0.0,0.0,0.0
2023-06-01 12:53:17.201735,0.0,0.0,0.0,0.0
2023-06-01 12:53:17.211082,0.0,0.0,0.0,0.0
2023-06-01 12:53:17.221370,0.0,0.0,0.0,0.0
2023-06-01 12:53:17.230363,0.0,0.0,0.0,0.0
2023-06-01 12:53:17.240220,0.0,0.0,0.0,0.0
2023-06-01 12:53:17.249381,0.0,0.0,0.0,0.0
2023-06-01 12:53:17.258921,0.0,0.0,0.0,0.0
2023-06-01 12:53:17.270495,0.0,0.0,0.0,0.0
2023-06-01 12:53:17.278926,0.0,0.0,0.0,0.0
2023-06-01 12:53:17.289483,0.0,0.0,0.0,0.0
2023-06-01 12:53:17.298756,0.0,0.0,0.0,0.0
2023-06-01 12:53:17.309021,0.0,0.0,0.0,0.0
2023-06-01 12:53:17.328383,0.0,0.0,0.0,0.0
2023-06-01 12:53:17.350182,0.0,0.0,0.0,0.0
2023-06-01 12:53:17.358041,0.0,0.0,0.0,0.0
2023-06-01 12:53:17.367132,0.0,0.0,0.0,0.0
2023-06-01 12:53:17.376588,0.0,0.0,0.0,0.0
2023-06-01 12:53:17.388699,0.0,0.0,0.0,0.0
2023-06-01 12:53:17.400176,0.0,0.0,0.0,0.0
2023-06-01 12:53:17.409394,0.0,0.0,0.0,0.0
2023-06-01 12:53:17.418767,0.0,0.0,0.0,0.0
2023-06-01 12:53:17.428525,0.0,0.0,0.0,0.0
2023-06-01 12:53:17.438910,0.0,0.0,0.0,0.0
2023-06-01 12:53:17.447512,0.0,0.0,0.0,0.0
2023-06-01 12:53:17.457146,0.0,0.0,0.0,0.0
2023-06-01 12:53:17.466966,0.0,0.0,0.0,0.0
2023-06-01 12:53:17.476969,0.0,0.0,0.0,0.0
2023-06-01 12:53:17.487541,0.0,0.0,0.0,0.0
2023-06-01 12:53:17.507985,0.0,0.0,0.0,0.0
2023-06-01 12:53:17.522378,0.0,0.0,0.0,0.0
2023-06-01 12:53:17.530633,0.0,0.0,0.0,0.0
2023-06-01 12:53:17.537669,0.0,0.0,0.0,0.0
2023-06-01 12:53:17.546779,0.0,0.0,0.0,0.0
2023-06-01 12:53:17.556797,0.0,0.0,0.0,0.0
2023-06-01 12:53:17.566967,0.0,0.0,0.0,0.0
2023-06-01 12:53:17.577064,0.0,0.0,0.0,0.0
2023-06-01 12:53:17.588184,0.0,0.0,0.0,0.0
2023-06-01 12:53:17.598426,0.0,0.0,0.0,0.0
2023-06-01 12:53:17.609335,0.0,0.0,0.0,0.0
2023-06-01 12:53:17.618820,0.0,0.0,0.0,0.0
2023-06-01 12:53:17.628779,0.0,0.0,0.0,0.0
2023-06-01 12:53:17.637693,0.0,0.0,0.0,0.0
2023-06-01 12:53:17.647039,0.0,0.0,0.0,0.0
2023-06-01 12:53:17.656639,0.0,0.0,0.0,0.0
2023-06-01 12:53:17.666615,0.0,0.0,0.0,0.0
2023-06-01 12:53:17.676660,0.0,0.0,0.0,0.0
2023-06-01 12:53:17.687814,0.0,0.0,0.0,0.0
2023-06-01 12:53:17.700531,0.0,0.0,0.0,0.0
2023-06-01 12:53:17.710049,0.0,0.0,0.0,0.0
2023-06-01 12:53:17.719298,0.0,0.0,0.0,0.0
2023-06-01 12:53:17.729177,0.0,0.0,0.0,0.0
2023-06-01 12:53:17.738304,0.0,0.0,0.0,0.0
2023-06-01 12:53:17.746863,0.0,0.0,0.0,0.0
2023-06-01 12:53:17.756618,0.0,0.0,0.0,0.0
2023-06-01 12:53:17.766924,0.0,0.0,0.0,0.0
2023-06-01 12:53:17.777381,0.0,0.0,0.0,0.0
2023-06-01 12:53:17.787832,0.0,0.0,0.0,0.0
2023-06-01 12:53:17.797649,0.0,0.0,0.0,0.0
2023-06-01 12:53:17.808539,0.0,0.0,0.0,0.0
2023-06-01 12:53:17.820656,0.0,0.0,0.0,0.0
2023-06-01 12:53:17.832639,0.0,0.0,0.0,0.0
2023-06-01 12:53:17.841091,0.0,0.0,0.0,0.0
2023-06-01 12:53:17.847852,0.0,0.0,0.0,0.0
2023-06-01 12:53:17.858294,0.0,0.0,0.0,0.0
2023-06-01 12:53:17.871009,0.0,0.0,0.0,0.0
2023-06-01 12:53:17.880042,0.0,0.0,0.0,0.0
2023-06-01 12:53:17.889154,0.0,0.0,0.0,0.0
2023-06-01 12:53:17.910404,0.0,0.0,0.0,0.0
2023-06-01 12:53:17.919801,0.0,0.0,0.0,0.0
2023-06-01 12:53:17.928368,0.0,0.0,0.0,0.0
2023-06-01 12:53:17.948470,0.0,0.0,0.0,0.0
2023-06-01 12:53:17.957442,0.0,0.0,0.0,0.0
2023-06-01 12:53:17.967450,0.0,0.0,0.0,0.0
2023-06-01 12:53:17.976965,0.0,0.0,0.0,0.0
2023-06-01 12:53:17.987462,0.0,0.0,0.0,0.0
2023-06-01 12:53:17.998543,0.0,0.0,0.0,0.0
2023-06-01 12:53:18.008111,0.0,0.0,0.0,0.0
2023-06-01 12:53:18.018842,0.0,0.0,0.0,0.0
2023-06-01 12:53:18.028852,0.0,0.0,0.0,0.0
2023-06-01 12:53:18.038591,0.0,0.0,0.0,0.0
2023-06-01 12:53:18.047084,0.0,0.0,0.0,0.0
2023-06-01 12:53:18.056376,0.0,0.0,0.0,0.0
2023-06-01 12:53:18.066909,0.0,0.0,0.0,0.0
2023-06-01 12:53:18.077294,0.0,0.0,0.0,0.0
2023-06-01 12:53:18.088829,0.0,0.0,0.0,0.0
2023-06-01 12:53:18.100989,0.0,0.0,0.0,0.0
2023-06-01 12:53:18.109365,0.0,0.0,0.0,0.0
2023-06-01 12:53:18.119741,0.0,0.0,0.0,0.0
2023-06-01 12:53:18.127509,0.0,0.0,0.0,0.0
2023-06-01 12:53:18.137468,0.0,0.0,0.0,0.0
2023-06-01 12:53:18.146865,0.0,0.0,0.0,0.0
2023-06-01 12:53:18.156712,0.0,0.0,0.0,0.0
2023-06-01 12:53:18.166782,0.0,0.0,0.0,0.0
2023-06-01 12:53:18.177725,0.0,0.0,0.0,0.0
2023-06-01 12:53:18.187559,0.0,0.0,0.0,0.0
2023-06-01 12:53:18.208074,0.0,0.0,0.0,0.0
2023-06-01 12:53:18.218594,0.0,0.0,0.0,0.0
2023-06-01 12:53:18.228992,0.0,0.0,0.0,0.0
2023-06-01 12:53:18.240370,0.0,0.0,0.0,0.0
2023-06-01 12:53:18.247006,0.0,0.0,0.0,0.0
2023-06-01 12:53:18.256341,0.0,0.0,0.0,0.0
2023-06-01 12:53:18.266629,0.0,0.0,0.0,0.0
2023-06-01 12:53:18.276991,0.0,0.0,0.0,0.0
2023-06-01 12:53:18.287642,0.0,0.0,0.0,0.0
2023-06-01 12:53:18.301061,0.0,0.0,0.0,0.0
2023-06-01 12:53:18.312897,0.0,0.0,0.0,0.0
2023-06-01 12:53:18.327623,0.0,0.0,0.0,0.0
2023-06-01 12:53:18.338885,0.0,0.0,0.0,0.0
2023-06-01 12:53:18.346926,0.0,0.0,0.0,0.0
2023-06-01 12:53:18.353084,0.0,0.0,0.0,0.0
2023-06-01 12:53:18.358626,0.0,0.0,0.0,0.0
2023-06-01 12:53:18.366832,0.0,0.0,0.0,0.0
2023-06-01 12:53:18.377031,0.0,0.0,0.0,0.0
2023-06-01 12:53:18.387541,0.0,0.0,0.0,0.0
2023-06-01 12:53:18.398129,0.0,0.0,0.0,0.0
2023-06-01 12:53:18.407709,0.0,0.0,0.0,0.0
2023-06-01 12:53:18.418109,0.0,0.0,0.0,0.0
2023-06-01 12:53:18.427825,0.0,0.0,0.0,0.0
2023-06-01 12:53:18.436954,0.0,0.0,0.0,0.0
2023-06-01 12:53:18.447035,0.0,0.0,0.0,0.0
2023-06-01 12:53:18.456839,0.0,0.0,0.0,0.0
2023-06-01 12:53:18.467116,0.0,0.0,0.0,0.0
2023-06-01 12:53:18.477010,0.0,0.0,0.0,0.0
2023-06-01 12:53:18.487531,0.0,0.0,0.0,0.0
2023-06-01 12:53:18.501419,0.0,0.0,0.0,0.0
2023-06-01 12:53:18.515695,0.0,0.0,0.0,0.0
2023-06-01 12:53:18.527693,0.0,0.0,0.0,0.0
2023-06-01 12:53:18.537850,0.0,0.0,0.0,0.0
2023-06-01 12:53:18.544577,0.0,0.0,0.0,0.0
2023-06-01 12:53:18.550735,0.0,0.0,0.0,0.0
2023-06-01 12:53:18.556582,0.0,0.0,0.0,0.0
2023-06-01 12:53:18.566846,0.0,0.0,0.0,0.0
2023-06-01 12:53:18.577375,0.0,0.0,0.0,0.0
2023-06-01 12:53:18.587682,0.0,0.0,0.0,0.0
2023-06-01 12:53:18.598204,0.0,0.0,0.0,0.0
2023-06-01 12:53:18.610226,0.0,0.0,0.0,0.0
2023-06-01 12:53:18.618021,0.0,0.0,0.0,0.0
2023-06-01 12:53:18.629370,0.0,0.0,0.0,0.0
2023-06-01 12:53:18.640932,0.0,0.0,0.0,0.0
2023-06-01 12:53:18.647732,0.0,0.0,0.0,0.0
2023-06-01 12:53:18.656797,0.0,0.0,0.0,0.0
2023-06-01 12:53:18.666731,0.0,0.0,0.0,0.0
2023-06-01 12:53:18.677208,0.0,0.0,0.0,0.0
2023-06-01 12:53:18.688096,0.0,0.0,0.0,0.0
2023-06-01 12:53:18.699048,0.0,0.0,0.0,0.0
2023-06-01 12:53:18.717693,0.0,0.0,0.0,0.0
2023-06-01 12:53:18.725251,0.0,0.0,0.0,0.0
2023-06-01 12:53:18.746193,0.0,0.0,0.0,0.0
2023-06-01 12:53:18.761143,0.0,0.0,0.0,0.0
2023-06-01 12:53:18.769375,0.0,0.0,0.0,0.0
2023-06-01 12:53:18.778197,0.0,0.0,0.0,0.0
2023-06-01 12:53:18.794168,0.0,0.0,0.0,0.0
2023-06-01 12:53:18.806698,0.0,0.0,0.0,0.0
2023-06-01 12:53:18.814181,0.0,0.0,0.0,0.0
2023-06-01 12:53:18.822744,0.0,0.0,0.0,0.0
2023-06-01 12:53:18.831179,0.0,0.0,0.0,0.0
2023-06-01 12:53:18.838633,0.0,0.0,0.0,0.0
2023-06-01 12:53:18.848304,0.0,0.0,0.0,0.0
2023-06-01 12:53:18.858881,0.0,0.0,0.0,0.0
2023-06-01 12:53:18.868416,0.0,0.0,0.0,0.0
2023-06-01 12:53:18.880378,0.0,0.0,0.0,0.0
2023-06-01 12:53:18.889029,0.0,0.0,0.0,0.0
2023-06-01 12:53:18.908772,0.0,0.0,0.0,0.0
2023-06-01 12:53:18.927008,0.0,0.0,0.0,0.0
2023-06-01 12:53:18.935306,0.0,0.0,0.0,0.0
2023-06-01 12:53:18.943839,0.0,0.0,0.0,0.0
2023-06-01 12:53:18.952560,0.0,0.0,0.0,0.0
2023-06-01 12:53:18.961007,0.0,0.0,0.0,0.0
2023-06-01 12:53:18.969822,0.0,0.0,0.0,0.0
2023-06-01 12:53:18.978328,0.0,0.0,0.0,0.0
2023-06-01 12:53:18.996772,0.0,0.0,0.0,0.0
2023-06-01 12:53:19.016881,0.0,0.0,0.0,0.0
2023-06-01 12:53:19.031314,0.0,0.0,0.0,0.0
2023-06-01 12:53:19.037881,0.0,0.0,0.0,0.0
2023-06-01 12:53:19.048580,0.0,0.0,0.0,0.0
2023-06-01 12:53:19.065644,0.0,0.0,0.0,0.0
2023-06-01 12:53:19.083524,0.0,0.0,0.0,0.0
2023-06-01 12:53:19.101719,0.0,0.0,0.0,0.0
2023-06-01 12:53:19.122177,0.0,0.0,0.0,0.0
2023-06-01 12:53:19.144214,0.0,0.0,0.0,0.0
2023-06-01 12:53:19.164302,0.0,0.0,0.0,0.0
2023-06-01 12:53:19.181968,0.0,0.0,0.0,0.0
2023-06-01 12:53:19.194107,0.0,0.0,0.0,0.0
2023-06-01 12:53:19.202967,0.0,0.0,0.0,0.0
2023-06-01 12:53:19.211273,0.0,0.0,0.0,0.0
2023-06-01 12:53:19.219775,0.0,0.0,0.0,0.0
2023-06-01 12:53:19.229304,0.0,0.0,0.0,0.0
2023-06-01 12:53:19.245844,0.0,0.0,0.0,0.0
2023-06-01 12:53:19.265013,0.0,0.0,0.0,0.0
2023-06-01 12:53:19.280098,0.0,0.0,0.0,0.0
2023-06-01 12:53:19.286987,0.0,0.0,0.0,0.0
2023-06-01 12:53:19.295617,0.0,0.0,0.0,0.0
2023-06-01 12:53:19.303525,0.0,0.0,0.0,0.0
2023-06-01 12:53:19.311614,0.0,0.0,0.0,0.0
2023-06-01 12:53:19.320356,0.0,0.0,0.0,0.0
2023-06-01 12:53:19.328355,0.0,0.0,0.0,0.0
2023-06-01 12:53:19.338246,0.0,0.0,0.0,0.0
2023-06-01 12:53:19.347133,0.0,0.0,0.0,0.0
2023-06-01 12:53:19.356855,0.0,0.0,0.0,0.0
2023-06-01 12:53:19.367352,0.0,0.0,0.0,0.0
2023-06-01 12:53:19.376752,0.0,0.0,0.0,0.0
2023-06-01 12:53:19.387515,0.0,0.0,0.0,0.0
2023-06-01 12:53:19.399190,0.0,0.0,0.0,0.0
2023-06-01 12:53:19.408243,0.0,0.0,0.0,0.0
2023-06-01 12:53:19.420701,0.0,0.0,0.0,0.0
2023-06-01 12:53:19.432781,0.0,0.0,0.0,0.0
2023-06-01 12:53:19.440519,0.0,0.0,0.0,0.0
2023-06-01 12:53:19.447372,0.0,0.0,0.0,0.0
2023-06-01 12:53:19.456818,0.0,0.0,0.0,0.0
2023-06-01 12:53:19.466995,0.0,0.0,0.0,0.0
2023-06-01 12:53:19.477733,0.0,0.0,0.0,0.0
2023-06-01 12:53:19.487809,0.0,0.0,0.0,0.0
2023-06-01 12:53:19.500392,0.0,0.0,0.0,0.0
2023-06-01 12:53:19.509606,0.0,0.0,0.0,0.0
2023-06-01 12:53:19.518380,0.0,0.0,0.0,0.0
2023-06-01 12:53:19.529796,0.0,0.0,0.0,0.0
2023-06-01 12:53:19.537093,0.0,0.0,0.0,0.0
2023-06-01 12:53:19.547035,0.0,0.0,0.0,0.0
2023-06-01 12:53:19.557114,0.0,0.0,0.0,0.0
2023-06-01 12:53:19.567545,0.0,0.0,0.0,0.0
2023-06-01 12:53:19.577849,0.0,0.0,0.0,0.0
2023-06-01 12:53:19.588061,0.0,0.0,0.0,0.0
2023-06-01 12:53:19.601438,0.0,0.0,0.0,0.0
2023-06-01 12:53:19.609833,0.0,0.0,0.0,0.0
2023-06-01 12:53:19.618000,0.0,0.0,0.0,0.0
2023-06-01 12:53:19.627688,0.0,0.0,0.0,0.0
2023-06-01 12:53:19.637162,0.0,0.0,0.0,0.0
2023-06-01 12:53:19.647129,0.0,0.0,0.0,0.0
2023-06-01 12:53:19.656568,0.0,0.0,0.0,0.0
2023-06-01 12:53:19.666595,0.0,0.0,0.0,0.0
2023-06-01 12:53:19.676702,0.0,0.0,0.0,0.0
2023-06-01 12:53:19.687775,0.0,0.0,0.0,0.0
2023-06-01 12:53:19.699149,0.0,0.0,0.0,0.0
2023-06-01 12:53:19.709251,0.0,0.0,0.0,0.0
2023-06-01 12:53:19.719077,0.0,0.0,0.0,0.0
2023-06-01 12:53:19.733364,0.0,0.0,0.0,0.0
2023-06-01 12:53:19.740353,0.0,0.0,0.0,0.0
2023-06-01 12:53:19.747135,0.0,0.0,0.0,0.0
2023-06-01 12:53:19.756561,0.0,0.0,0.0,0.0
2023-06-01 12:53:19.767040,0.0,0.0,0.0,0.0
2023-06-01 12:53:19.776926,0.0,0.0,0.0,0.0
2023-06-01 12:53:19.787667,0.0,0.0,0.0,0.0
2023-06-01 12:53:19.798801,0.0,0.0,0.0,0.0
2023-06-01 12:53:19.809153,0.0,0.0,0.0,0.0
2023-06-01 12:53:19.818831,0.0,0.0,0.0,0.0
2023-06-01 12:53:19.829062,0.0,0.0,0.0,0.0
2023-06-01 12:53:19.837393,0.0,0.0,0.0,0.0
2023-06-01 12:53:19.848813,0.0,0.0,0.0,0.0
2023-06-01 12:53:19.866079,0.0,0.0,0.0,0.0
2023-06-01 12:53:19.885050,0.0,0.0,0.0,0.0
2023-06-01 12:53:19.908266,0.0,0.0,0.0,0.0
2023-06-01 12:53:19.927770,0.0,0.0,0.0,0.0
2023-06-01 12:53:19.946238,0.0,0.0,0.0,0.0
2023-06-01 12:53:19.962870,0.0,0.0,0.0,0.0
2023-06-01 12:53:19.969479,0.0,0.0,0.0,0.0
2023-06-01 12:53:19.985090,0.0,0.0,0.0,0.0
2023-06-01 12:53:20.005883,0.0,0.0,0.0,0.0
2023-06-01 12:53:20.025685,0.0,0.0,0.0,0.0
2023-06-01 12:53:20.045746,0.0,0.0,0.0,0.0
2023-06-01 12:53:20.064802,0.0,0.0,0.0,0.0
2023-06-01 12:53:20.075810,0.0,0.0,0.0,0.0
2023-06-01 12:53:20.084948,0.0,0.0,0.0,0.0
2023-06-01 12:53:20.093970,0.0,0.0,0.0,0.0
2023-06-01 12:53:20.102567,0.0,0.0,0.0,0.0
2023-06-01 12:53:20.111193,0.0,0.0,0.0,0.0
2023-06-01 12:53:20.124962,0.0,0.0,0.0,0.0
2023-06-01 12:53:20.146321,0.0,0.0,0.0,0.0
2023-06-01 12:53:20.154253,0.0,0.0,0.0,0.0
2023-06-01 12:53:20.166061,0.0,0.0,0.0,0.0
2023-06-01 12:53:20.173801,0.0,0.0,0.0,0.0
2023-06-01 12:53:20.179904,0.0,0.0,0.0,0.0
2023-06-01 12:53:20.194121,0.0,0.0,0.0,0.0
2023-06-01 12:53:20.209782,0.0,0.0,0.0,0.0
2023-06-01 12:53:20.217408,0.0,0.0,0.0,0.0
2023-06-01 12:53:20.229630,0.0,0.0,0.0,0.0
2023-06-01 12:53:20.237887,0.0,0.0,0.0,0.0
2023-06-01 12:53:20.247324,0.0,0.0,0.0,0.0
2023-06-01 12:53:20.257026,0.0,0.0,0.0,0.0
2023-06-01 12:53:20.267157,0.0,0.0,0.0,0.0
2023-06-01 12:53:20.277640,0.0,0.0,0.0,0.0
2023-06-01 12:53:20.288440,0.0,0.0,0.0,0.0
2023-06-01 12:53:20.305984,0.0,0.0,0.0,0.0
2023-06-01 12:53:20.325881,0.0,0.0,0.0,0.0
2023-06-01 12:53:20.344747,0.0,0.0,0.0,0.0
2023-06-01 12:53:20.350968,0.0,0.0,0.0,0.0
2023-06-01 12:53:20.356843,0.0,0.0,0.0,0.0
2023-06-01 12:53:20.368871,0.0,0.0,0.0,0.0
2023-06-01 12:53:20.385751,0.0,0.0,0.0,0.0
2023-06-01 12:53:20.406066,0.0,0.0,0.0,0.0
2023-06-01 12:53:20.427837,0.0,0.0,0.0,0.0
2023-06-01 12:53:20.446229,0.0,0.0,0.0,0.0
2023-06-01 12:53:20.466288,0.0,0.0,0.0,0.0
2023-06-01 12:53:20.478169,0.0,0.0,0.0,0.0
2023-06-01 12:53:20.488373,0.0,0.0,0.0,0.0
2023-06-01 12:53:20.499145,0.0,0.0,0.0,0.0
2023-06-01 12:53:20.509678,0.0,0.0,0.0,0.0
2023-06-01 12:53:20.518254,0.0,0.0,0.0,0.0
2023-06-01 12:53:20.528990,0.0,0.0,0.0,0.0
2023-06-01 12:53:20.539918,0.0,0.0,0.0,0.0
2023-06-01 12:53:20.546960,0.0,0.0,0.0,0.0
2023-06-01 12:53:20.557128,0.0,0.0,0.0,0.0
2023-06-01 12:53:20.566848,0.0,0.0,0.0,0.0
2023-06-01 12:53:20.577541,0.0,0.0,0.0,0.0
2023-06-01 12:53:20.592894,0.0,0.0,0.0,0.0
2023-06-01 12:53:20.600860,0.0,0.0,0.0,0.0
2023-06-01 12:53:20.609352,0.0,0.0,0.0,0.0
2023-06-01 12:53:20.618128,0.0,0.0,0.0,0.0
2023-06-01 12:53:20.629762,0.0,0.0,0.0,0.0
2023-06-01 12:53:20.637135,0.0,0.0,0.0,0.0
2023-06-01 12:53:20.647522,0.0,0.0,0.0,0.0
2023-06-01 12:53:20.657313,0.0,0.0,0.0,0.0
2023-06-01 12:53:20.666508,0.0,0.0,0.0,0.0
2023-06-01 12:53:20.677316,0.0,0.0,0.0,0.0
2023-06-01 12:53:20.687650,0.0,0.0,0.0,0.0
2023-06-01 12:53:20.698759,0.0,0.0,0.0,0.0
2023-06-01 12:53:20.708724,0.0,0.0,0.0,0.0
2023-06-01 12:53:20.719705,0.0,0.0,0.0,0.0
2023-06-01 12:53:20.729390,0.0,0.0,0.0,0.0
2023-06-01 12:53:20.737407,0.0,0.0,0.0,0.0
2023-06-01 12:53:20.747138,0.0,0.0,0.0,0.0
2023-06-01 12:53:20.756738,0.0,0.0,0.0,0.0
2023-06-01 12:53:20.767424,0.0,0.0,0.0,0.0
2023-06-01 12:53:20.777015,0.0,0.0,0.0,0.0
2023-06-01 12:53:20.787608,0.0,0.0,0.0,0.0
2023-06-01 12:53:20.798764,0.0,0.0,0.0,0.0
2023-06-01 12:53:20.809039,0.0,0.0,0.0,0.0
2023-06-01 12:53:20.818528,0.0,0.0,0.0,0.0
2023-06-01 12:53:20.830256,0.0,0.0,0.0,0.0
2023-06-01 12:53:20.837636,0.0,0.0,0.0,0.0
2023-06-01 12:53:20.847424,0.0,0.0,0.0,0.0
2023-06-01 12:53:20.857230,0.0,0.0,0.0,0.0
2023-06-01 12:53:20.866846,0.0,0.0,0.0,0.0
2023-06-01 12:53:20.876741,0.0,0.0,0.0,0.0
2023-06-01 12:53:20.887959,0.0,0.0,0.0,0.0
2023-06-01 12:53:20.898858,0.0,0.0,0.0,0.0
2023-06-01 12:53:20.909179,0.0,0.0,0.0,0.0
2023-06-01 12:53:20.919387,0.0,0.0,0.0,0.0
2023-06-01 12:53:20.929063,0.0,0.0,0.0,0.0
2023-06-01 12:53:20.938156,0.0,0.0,0.0,0.0
2023-06-01 12:53:20.948380,0.0,0.0,0.0,0.0
2023-06-01 12:53:20.957090,0.0,0.0,0.0,0.0
2023-06-01 12:53:20.966661,0.0,0.0,0.0,0.0
2023-06-01 12:53:20.977312,0.0,0.0,0.0,0.0
2023-06-01 12:53:20.987605,0.0,0.0,0.0,0.0
2023-06-01 12:53:20.998318,0.0,0.0,0.0,0.0
2023-06-01 12:53:21.016758,0.0,0.0,0.0,0.0
2023-06-01 12:53:21.044274,0.0,0.0,0.0,0.0
2023-06-01 12:53:21.051247,0.0,0.0,0.0,0.0
2023-06-01 12:53:21.059465,0.0,0.0,0.0,0.0
2023-06-01 12:53:21.068017,0.0,0.0,0.0,0.0
2023-06-01 12:53:21.077857,0.0,0.0,0.0,0.0
2023-06-01 12:53:21.088242,0.0,0.0,0.0,0.0
2023-06-01 12:53:21.113336,0.0,0.0,0.0,0.0
2023-06-01 12:53:21.121213,0.0,0.0,0.0,0.0
2023-06-01 12:53:21.140752,0.0,0.0,0.0,0.0
2023-06-01 12:53:21.147249,0.0,0.0,0.0,0.0
2023-06-01 12:53:21.156673,0.0,0.0,0.0,0.0
2023-06-01 12:53:21.167009,0.0,0.0,0.0,0.0
2023-06-01 12:53:21.176819,0.0,0.0,0.0,0.0
2023-06-01 12:53:21.188096,0.0,0.0,0.0,0.0
2023-06-01 12:53:21.202306,0.0,0.0,0.0,0.0
2023-06-01 12:53:21.210589,0.0,0.0,0.0,0.0
2023-06-01 12:53:21.218575,0.0,0.0,0.0,0.0
2023-06-01 12:53:21.228913,0.0,0.0,0.0,0.0
2023-06-01 12:53:21.238457,0.0,0.0,0.0,0.0
2023-06-01 12:53:21.248395,0.0,0.0,0.0,0.0
2023-06-01 12:53:21.256768,0.0,0.0,0.0,0.0
2023-06-01 12:53:21.266812,0.0,0.0,0.0,0.0
2023-06-01 12:53:21.276910,0.0,0.0,0.0,0.0
2023-06-01 12:53:21.287241,0.0,0.0,0.0,0.0
2023-06-01 12:53:21.298010,0.0,0.0,0.0,0.0
2023-06-01 12:53:21.309020,0.0,0.0,0.0,0.0
2023-06-01 12:53:21.318341,0.0,0.0,0.0,0.0
2023-06-01 12:53:21.330349,0.0,0.0,0.0,0.0
2023-06-01 12:53:21.338218,0.0,0.0,0.0,0.0
2023-06-01 12:53:21.347484,0.0,0.0,0.0,0.0
2023-06-01 12:53:21.356459,0.0,0.0,0.0,0.0
2023-06-01 12:53:21.366560,0.0,0.0,0.0,0.0
2023-06-01 12:53:21.377327,0.0,0.0,0.0,0.0
2023-06-01 12:53:21.387581,0.0,0.0,0.0,0.0
2023-06-01 12:53:21.401796,0.0,0.0,0.0,0.0
2023-06-01 12:53:21.410135,0.0,0.0,0.0,0.0
2023-06-01 12:53:21.418072,0.0,0.0,0.0,0.0
2023-06-01 12:53:21.428846,0.0,0.0,0.0,0.0
2023-06-01 12:53:21.437978,0.0,0.0,0.0,0.0
2023-06-01 12:53:21.447394,0.0,0.0,0.0,0.0
2023-06-01 12:53:21.456845,0.0,0.0,0.0,0.0
2023-06-01 12:53:21.466729,0.0,0.0,0.0,0.0
2023-06-01 12:53:21.476984,0.0,0.0,0.0,0.0
2023-06-01 12:53:21.487304,0.0,0.0,0.0,0.0
2023-06-01 12:53:21.498970,0.0,0.0,0.0,0.0
2023-06-01 12:53:21.507969,0.0,0.0,0.0,0.0
2023-06-01 12:53:21.526343,0.0,0.0,0.0,0.0
2023-06-01 12:53:21.534043,0.0,0.0,0.0,0.0
2023-06-01 12:53:21.541600,0.0,0.0,0.0,0.0
2023-06-01 12:53:21.548733,0.0,0.0,0.0,0.0
2023-06-01 12:53:21.557029,0.0,0.0,0.0,0.0
2023-06-01 12:53:21.566923,0.0,0.0,0.0,0.0
2023-06-01 12:53:21.576926,0.0,0.0,0.0,0.0
2023-06-01 12:53:21.588329,0.0,0.0,0.0,0.0
2023-06-01 12:53:21.605660,0.0,0.0,0.0,0.0
2023-06-01 12:53:21.626086,0.0,0.0,0.0,0.0
2023-06-01 12:53:21.635609,0.0,0.0,0.0,0.0
2023-06-01 12:53:21.642269,0.0,0.0,0.0,0.0
2023-06-01 12:53:21.648854,0.0,0.0,0.0,0.0
2023-06-01 12:53:21.656866,0.0,0.0,0.0,0.0
2023-06-01 12:53:21.666716,0.0,0.0,0.0,0.0
2023-06-01 12:53:21.676795,0.0,0.0,0.0,0.0
2023-06-01 12:53:21.687797,0.0,0.0,0.0,0.0
2023-06-01 12:53:21.700663,0.0,0.0,0.0,0.0
2023-06-01 12:53:21.708544,0.0,0.0,0.0,0.0
2023-06-01 12:53:21.722435,0.0,0.0,0.0,0.0
2023-06-01 12:53:21.730378,0.0,0.0,0.0,0.0
2023-06-01 12:53:21.737798,0.0,0.0,0.0,0.0
2023-06-01 12:53:21.748121,0.0,0.0,0.0,0.0
2023-06-01 12:53:21.756780,0.0,0.0,0.0,0.0
2023-06-01 12:53:21.766803,0.0,0.0,0.0,0.0
2023-06-01 12:53:21.778252,0.0,0.0,0.0,0.0
2023-06-01 12:53:21.796273,0.0,0.0,0.0,0.0
2023-06-01 12:53:21.817697,0.0,0.0,0.0,0.0
2023-06-01 12:53:21.825768,0.0,0.0,0.0,0.0
2023-06-01 12:53:21.833587,0.0,0.0,0.0,0.0
2023-06-01 12:53:21.841268,0.0,0.0,0.0,0.0
2023-06-01 12:53:21.847754,0.0,0.0,0.0,0.0
2023-06-01 12:53:21.856585,0.0,0.0,0.0,0.0
2023-06-01 12:53:21.867111,0.0,0.0,0.0,0.0
2023-06-01 12:53:21.876886,0.0,0.0,0.0,0.0
2023-06-01 12:53:21.888604,0.0,0.0,0.0,0.0
2023-06-01 12:53:21.908439,0.0,0.0,0.0,0.0
2023-06-01 12:53:21.924018,0.0,0.0,0.0,0.0
2023-06-01 12:53:21.932547,0.0,0.0,0.0,0.0
2023-06-01 12:53:21.941200,0.0,0.0,0.0,0.0
2023-06-01 12:53:21.949959,0.0,0.0,0.0,0.0
2023-06-01 12:53:21.958292,0.0,0.0,0.0,0.0
2023-06-01 12:53:21.968015,0.0,0.0,0.0,0.0
2023-06-01 12:53:21.978789,0.0,0.0,0.0,0.0
2023-06-01 12:53:21.988423,0.0,0.0,0.0,0.0
2023-06-01 12:53:22.009941,0.0,0.0,0.0,0.0
2023-06-01 12:53:22.029284,0.0,0.0,0.0,0.0
2023-06-01 12:53:22.048894,0.0,0.0,0.0,0.0
2023-06-01 12:53:22.068305,0.0,0.0,0.0,0.0
2023-06-01 12:53:22.085222,0.0,0.0,0.0,0.0
2023-06-01 12:53:22.100242,0.0,0.0,0.0,0.0
2023-06-01 12:53:22.108818,0.0,0.0,0.0,0.0
2023-06-01 12:53:22.127975,0.0,0.0,0.0,0.0
2023-06-01 12:53:22.135693,0.0,0.0,0.0,0.0
2023-06-01 12:53:22.142539,0.0,0.0,0.0,0.0
2023-06-01 12:53:22.150006,0.0,0.0,0.0,0.0
2023-06-01 12:53:22.156765,0.0,0.0,0.0,0.0
2023-06-01 12:53:22.166670,0.0,0.0,0.0,0.0
2023-06-01 12:53:22.176712,0.0,0.0,0.0,0.0
2023-06-01 12:53:22.187567,0.0,0.0,0.0,0.0
2023-06-01 12:53:22.198031,0.0,0.0,0.0,0.0
2023-06-01 12:53:22.208099,0.0,0.0,0.0,0.0
2023-06-01 12:53:22.220446,0.0,0.0,0.0,0.0
2023-06-01 12:53:22.228148,0.0,0.0,0.0,0.0
2023-06-01 12:53:22.238894,0.0,0.0,0.0,0.0
2023-06-01 12:53:22.248095,0.0,0.0,0.0,0.0
2023-06-01 12:53:22.256798,0.0,0.0,0.0,0.0
2023-06-01 12:53:22.266871,0.0,0.0,0.0,0.0
2023-06-01 12:53:22.277369,0.0,0.0,0.0,0.0
2023-06-01 12:53:22.287748,0.0,0.0,0.0,0.0
2023-06-01 12:53:22.299523,0.0,0.0,0.0,0.0
2023-06-01 12:53:22.308151,0.0,0.0,0.0,0.0
2023-06-01 12:53:22.323048,0.0,0.0,0.0,0.0
2023-06-01 12:53:22.330521,0.0,0.0,0.0,0.0
2023-06-01 12:53:22.337366,0.0,0.0,0.0,0.0
2023-06-01 12:53:22.347088,0.0,0.0,0.0,0.0
2023-06-01 12:53:22.356608,0.0,0.0,0.0,0.0
2023-06-01 12:53:22.366825,0.0,0.0,0.0,0.0
2023-06-01 12:53:22.376699,0.0,0.0,0.0,0.0
2023-06-01 12:53:22.387640,0.0,0.0,0.0,0.0
2023-06-01 12:53:22.398964,0.0,0.0,0.0,0.0
2023-06-01 12:53:22.408120,0.0,0.0,0.0,0.0
2023-06-01 12:53:22.418930,0.0,0.0,0.0,0.0
2023-06-01 12:53:22.428600,0.0,0.0,0.0,0.0
2023-06-01 12:53:22.437382,0.0,0.0,0.0,0.0
2023-06-01 12:53:22.447020,0.0,0.0,0.0,0.0
2023-06-01 12:53:22.456698,0.0,0.0,0.0,0.0
2023-06-01 12:53:22.467348,0.0,0.0,0.0,0.0
2023-06-01 12:53:22.477389,0.0,0.0,0.0,0.0
2023-06-01 12:53:22.487403,0.0,0.0,0.0,0.0
2023-06-01 12:53:22.499381,0.0,0.0,0.0,0.0
2023-06-01 12:53:22.508243,0.0,0.0,0.0,0.0
2023-06-01 12:53:22.524830,0.0,0.0,0.0,0.0
2023-06-01 12:53:22.535859,0.0,0.0,0.0,0.0
2023-06-01 12:53:22.545361,0.0,0.0,0.0,0.0
2023-06-01 12:53:22.551757,0.0,0.0,0.0,0.0
2023-06-01 12:53:22.558406,0.0,0.0,0.0,0.0
2023-06-01 12:53:22.566831,0.0,0.0,0.0,0.0
2023-06-01 12:53:22.577126,0.0,0.0,0.0,0.0
2023-06-01 12:53:22.587929,0.0,0.0,0.0,0.0
2023-06-01 12:53:22.603401,0.0,0.0,0.0,0.0
2023-06-01 12:53:22.611592,0.0,0.0,0.0,0.0
2023-06-01 12:53:22.619520,0.0,0.0,0.0,0.0
2023-06-01 12:53:22.627552,0.0,0.0,0.0,0.0
2023-06-01 12:53:22.638267,0.0,0.0,0.0,0.0
2023-06-01 12:53:22.647471,0.0,0.0,0.0,0.0
2023-06-01 12:53:22.656958,0.0,0.0,0.0,0.0
2023-06-01 12:53:22.666740,0.0,0.0,0.0,0.0
2023-06-01 12:53:22.676794,0.0,0.0,0.0,0.0
2023-06-01 12:53:22.687939,0.0,0.0,0.0,0.0
2023-06-01 12:53:22.709359,0.0,0.0,0.0,0.0
2023-06-01 12:53:22.720009,0.0,0.0,0.0,0.0
2023-06-01 12:53:22.727990,0.0,0.0,0.0,0.0
2023-06-01 12:53:22.738548,0.0,0.0,0.0,0.0
2023-06-01 12:53:22.747368,0.0,0.0,0.0,0.0
2023-06-01 12:53:22.756483,0.0,0.0,0.0,0.0
2023-06-01 12:53:22.766838,0.0,0.0,0.0,0.0
2023-06-01 12:53:22.777095,0.0,0.0,0.0,0.0
2023-06-01 12:53:22.787043,0.0,0.0,0.0,0.0
2023-06-01 12:53:22.798758,0.0,0.0,0.0,0.0
2023-06-01 12:53:22.818729,0.0,0.0,0.0,0.0
2023-06-01 12:53:22.828892,0.0,0.0,0.0,0.0
2023-06-01 12:53:22.838418,0.0,0.0,0.0,0.0
2023-06-01 12:53:22.847450,0.0,0.0,0.0,0.0
2023-06-01 12:53:22.856992,0.0,0.0,0.0,0.0
2023-06-01 12:53:22.866768,0.0,0.0,0.0,0.0
2023-06-01 12:53:22.877107,0.0,0.0,0.0,0.0
2023-06-01 12:53:22.887413,0.0,0.0,0.0,0.0
2023-06-01 12:53:22.897891,0.0,0.0,0.0,0.0
2023-06-01 12:53:22.908753,0.0,0.0,0.0,0.0
2023-06-01 12:53:22.923477,0.0,0.0,0.0,0.0
2023-06-01 12:53:22.931245,0.0,0.0,0.0,0.0
2023-06-01 12:53:22.938982,0.0,0.0,0.0,0.0
2023-06-01 12:53:22.947301,0.0,0.0,0.0,0.0
2023-06-01 12:53:22.956563,0.0,0.0,0.0,0.0
2023-06-01 12:53:22.966989,0.0,0.0,0.0,0.0
2023-06-01 12:53:22.976689,0.0,0.0,0.0,0.0
2023-06-01 12:53:22.988230,0.0,0.0,0.0,0.0
2023-06-01 12:53:22.998504,0.0,0.0,0.0,0.0
2023-06-01 12:53:23.015472,0.0,0.0,0.0,0.0
2023-06-01 12:53:23.023242,0.0,0.0,0.0,0.0
2023-06-01 12:53:23.031006,0.0,0.0,0.0,0.0
2023-06-01 12:53:23.038419,0.0,0.0,0.0,0.0
2023-06-01 12:53:23.047806,0.0,0.0,0.0,0.0
2023-06-01 12:53:23.057499,0.0,0.0,0.0,0.0
2023-06-01 12:53:23.066850,0.0,0.0,0.0,0.0
2023-06-01 12:53:23.077365,0.0,0.0,0.0,0.0
2023-06-01 12:53:23.088458,0.0,0.0,0.0,0.0
2023-06-01 12:53:23.099054,0.0,0.0,0.0,0.0
2023-06-01 12:53:23.109729,0.0,0.0,0.0,0.0
2023-06-01 12:53:23.118525,0.0,0.0,0.0,0.0
2023-06-01 12:53:23.129292,0.0,0.0,0.0,0.0
2023-06-01 12:53:23.138182,0.0,0.0,0.0,0.0
2023-06-01 12:53:23.149087,0.0,0.0,0.0,0.0
2023-06-01 12:53:23.157333,0.0,0.0,0.0,0.0
2023-06-01 12:53:23.166878,0.0,0.0,0.0,0.0
2023-06-01 12:53:23.177233,0.0,0.0,0.0,0.0
2023-06-01 12:53:23.188109,0.0,0.0,0.0,0.0
2023-06-01 12:53:23.198701,0.0,0.0,0.0,0.0
2023-06-01 12:53:23.208451,0.0,0.0,0.0,0.0
2023-06-01 12:53:23.219215,0.0,0.0,0.0,0.0
2023-06-01 12:53:23.231648,0.0,0.0,0.0,0.0
2023-06-01 12:53:23.238634,0.0,0.0,0.0,0.0
2023-06-01 12:53:23.247096,0.0,0.0,0.0,0.0
2023-06-01 12:53:23.256840,0.0,0.0,0.0,0.0
2023-06-01 12:53:23.266862,0.0,0.0,0.0,0.0
2023-06-01 12:53:23.277896,0.0,0.0,0.0,0.0
2023-06-01 12:53:23.287918,0.0,0.0,0.0,0.0
2023-06-01 12:53:23.300617,0.0,0.0,0.0,0.0
2023-06-01 12:53:23.318131,0.0,0.0,0.0,0.0
2023-06-01 12:53:23.338209,0.0,0.0,0.0,0.0
2023-06-01 12:53:23.357810,0.0,0.0,0.0,0.0
2023-06-01 12:53:23.366389,0.0,0.0,0.0,0.0
2023-06-01 12:53:23.375114,0.0,0.0,0.0,0.0
2023-06-01 12:53:23.383282,0.0,0.0,0.0,0.0
2023-06-01 12:53:23.391984,0.0,0.0,0.0,0.0
2023-06-01 12:53:23.401500,0.0,0.0,0.0,0.0
2023-06-01 12:53:23.409949,0.0,0.0,0.0,0.0
2023-06-01 12:53:23.418720,0.0,0.0,0.0,0.0
2023-06-01 12:53:23.429545,0.0,0.0,0.0,0.0
2023-06-01 12:53:23.437561,0.0,0.0,0.0,0.0
2023-06-01 12:53:23.447314,0.0,0.0,0.0,0.0
2023-06-01 12:53:23.456645,0.0,0.0,0.0,0.0
2023-06-01 12:53:23.466895,0.0,0.0,0.0,0.0
2023-06-01 12:53:23.477219,0.0,0.0,0.0,0.0
2023-06-01 12:53:23.487431,0.0,0.0,0.0,0.0
2023-06-01 12:53:23.498633,0.0,0.0,0.0,0.0
2023-06-01 12:53:23.518253,0.0,0.0,0.0,0.0
2023-06-01 12:53:23.529678,0.0,0.0,0.0,0.0
2023-06-01 12:53:23.537571,0.0,0.0,0.0,0.0
2023-06-01 12:53:23.547431,0.0,0.0,0.0,0.0
2023-06-01 12:53:23.557083,0.0,0.0,0.0,0.0
2023-06-01 12:53:23.567048,0.0,0.0,0.0,0.0
2023-06-01 12:53:23.577234,0.0,0.0,0.0,0.0
2023-06-01 12:53:23.587720,0.0,0.0,0.0,0.0
2023-06-01 12:53:23.598634,0.0,0.0,0.0,0.0
2023-06-01 12:53:23.617415,0.0,0.0,0.0,0.0
2023-06-01 12:53:23.625985,0.0,0.0,0.0,0.0
2023-06-01 12:53:23.644469,0.0,0.0,0.0,0.0
2023-06-01 12:53:23.650453,0.0,0.0,0.0,0.0
2023-06-01 12:53:23.656456,0.0,0.0,0.0,0.0
2023-06-01 12:53:23.666748,0.0,0.0,0.0,0.0
2023-06-01 12:53:23.676920,0.0,0.0,0.0,0.0
2023-06-01 12:53:23.688426,0.0,0.0,0.0,0.0
2023-06-01 12:53:23.708671,0.0,0.0,0.0,0.0
2023-06-01 12:53:23.718642,0.0,0.0,0.0,0.0
2023-06-01 12:53:23.728810,0.0,0.0,0.0,0.0
2023-06-01 12:53:23.738106,0.0,0.0,0.0,0.0
2023-06-01 12:53:23.747497,0.0,0.0,0.0,0.0
2023-06-01 12:53:23.756733,0.0,0.0,0.0,0.0
2023-06-01 12:53:23.767183,0.0,0.0,0.0,0.0
2023-06-01 12:53:23.777156,0.0,0.0,0.0,0.0
2023-06-01 12:53:23.787347,0.0,0.0,0.0,0.0
2023-06-01 12:53:23.799955,0.0,0.0,0.0,0.0
2023-06-01 12:53:23.808386,0.0,0.0,0.0,0.0
2023-06-01 12:53:23.821332,0.0,0.0,0.0,0.0
2023-06-01 12:53:23.833873,0.0,0.0,0.0,0.0
2023-06-01 12:53:23.843072,0.0,0.0,0.0,0.0
2023-06-01 12:53:23.849530,0.0,0.0,0.0,0.0
2023-06-01 12:53:23.856773,0.0,0.0,0.0,0.0
2023-06-01 12:53:23.866982,0.0,0.0,0.0,0.0
2023-06-01 12:53:23.876795,0.0,0.0,0.0,0.0
2023-06-01 12:53:23.887405,0.0,0.0,0.0,0.0
2023-06-01 12:53:23.898356,0.0,0.0,0.0,0.0
2023-06-01 12:53:23.916725,0.0,0.0,0.0,0.0
2023-06-01 12:53:23.924594,0.0,0.0,0.0,0.0
2023-06-01 12:53:23.931930,0.0,0.0,0.0,0.0
2023-06-01 12:53:23.939298,0.0,0.0,0.0,0.0
2023-06-01 12:53:23.947051,0.0,0.0,0.0,0.0
2023-06-01 12:53:23.956547,0.0,0.0,0.0,0.0
2023-06-01 12:53:23.966680,0.0,0.0,0.0,0.0
2023-06-01 12:53:23.977046,0.0,0.0,0.0,0.0
2023-06-01 12:53:23.987176,0.0,0.0,0.0,0.0
2023-06-01 12:53:24.003510,0.0,0.0,0.0,0.0
2023-06-01 12:53:24.010754,0.0,0.0,0.0,0.0
2023-06-01 12:53:24.017567,0.0,0.0,0.0,0.0
2023-06-01 12:53:24.028104,0.0,0.0,0.0,0.0
2023-06-01 12:53:24.040126,0.0,0.0,0.0,0.0
2023-06-01 12:53:24.047453,0.0,0.0,0.0,0.0
2023-06-01 12:53:24.056946,0.0,0.0,0.0,0.0
2023-06-01 12:53:24.067047,0.0,0.0,0.0,0.0
2023-06-01 12:53:24.077746,0.0,0.0,0.0,0.0
2023-06-01 12:53:24.088310,0.0,0.0,0.0,0.0
2023-06-01 12:53:24.098873,0.0,0.0,0.0,0.0
2023-06-01 12:53:24.108383,0.0,0.0,0.0,0.0
2023-06-01 12:53:24.117888,0.0,0.0,0.0,0.0
2023-06-01 12:53:24.128900,0.0,0.0,0.0,0.0
2023-06-01 12:53:24.138220,0.0,0.0,0.0,0.0
2023-06-01 12:53:24.148108,0.0,0.0,0.0,0.0
2023-06-01 12:53:24.157180,0.0,0.0,0.0,0.0
2023-06-01 12:53:24.166580,0.0,0.0,0.0,0.0
2023-06-01 12:53:24.176781,0.0,0.0,0.0,0.0
2023-06-01 12:53:24.187974,0.0,0.0,0.0,0.0
2023-06-01 12:53:24.206002,0.0,0.0,0.0,0.0
2023-06-01 12:53:24.228726,0.0,0.0,0.0,0.0
2023-06-01 12:53:24.248813,0.0,0.0,0.0,0.0
2023-06-01 12:53:24.268477,0.0,0.0,0.0,0.0
2023-06-01 12:53:24.283545,0.0,0.0,0.0,0.0
2023-06-01 12:53:24.292156,0.0,0.0,0.0,0.0
2023-06-01 12:53:24.302341,0.0,0.0,0.0,0.0
2023-06-01 12:53:24.311049,0.0,0.0,0.0,0.0
2023-06-01 12:53:24.323083,0.0,0.0,0.0,0.0
2023-06-01 12:53:24.331929,0.0,0.0,0.0,0.0
2023-06-01 12:53:24.340440,0.0,0.0,0.0,0.0
2023-06-01 12:53:24.350210,0.0,0.0,0.0,0.0
2023-06-01 12:53:24.358489,0.0,0.0,0.0,0.0
2023-06-01 12:53:24.368192,0.0,0.0,0.0,0.0
2023-06-01 12:53:24.378021,0.0,0.0,0.0,0.0
2023-06-01 12:53:24.388659,0.0,0.0,0.0,0.0
2023-06-01 12:53:24.402250,0.0,0.0,0.0,0.0
2023-06-01 12:53:24.411582,0.0,0.0,0.0,0.0
2023-06-01 12:53:24.420197,0.0,0.0,0.0,0.0
2023-06-01 12:53:24.429897,0.0,0.0,0.0,0.0
2023-06-01 12:53:24.438492,0.0,0.0,0.0,0.0
2023-06-01 12:53:24.449079,0.0,0.0,0.0,0.0
2023-06-01 12:53:24.458399,0.0,0.0,0.0,0.0
2023-06-01 12:53:24.469718,0.0,0.0,0.0,0.0
2023-06-01 12:53:24.479080,0.0,0.0,0.0,0.0
2023-06-01 12:53:24.488435,0.0,0.0,0.0,0.0
2023-06-01 12:53:24.500353,0.0,0.0,0.0,0.0
2023-06-01 12:53:24.511009,0.0,0.0,0.0,0.0
2023-06-01 12:53:24.519512,0.0,0.0,0.0,0.0
2023-06-01 12:53:24.529006,0.0,0.0,0.0,0.0
2023-06-01 12:53:24.538500,0.0,0.0,0.0,0.0
2023-06-01 12:53:24.549690,0.0,0.0,0.0,0.0
2023-06-01 12:53:24.558729,0.0,0.0,0.0,0.0
2023-06-01 12:53:24.568041,0.0,0.0,0.0,0.0
2023-06-01 12:53:24.578003,0.0,0.0,0.0,0.0
2023-06-01 12:53:24.588094,0.0,0.0,0.0,0.0
2023-06-01 12:53:24.606840,0.0,0.0,0.0,0.0
2023-06-01 12:53:24.615777,0.0,0.0,0.0,0.0
2023-06-01 12:53:24.624689,0.0,0.0,0.0,0.0
2023-06-01 12:53:24.633254,0.0,0.0,0.0,0.0
2023-06-01 12:53:24.641892,0.0,0.0,0.0,0.0
2023-06-01 12:53:24.650515,0.0,0.0,0.0,0.0
2023-06-01 12:53:24.658848,0.0,0.0,0.0,0.0
2023-06-01 12:53:24.670823,0.0,0.0,0.0,0.0
2023-06-01 12:53:24.678905,0.0,0.0,0.0,0.0
2023-06-01 12:53:24.688485,0.0,0.0,0.0,0.0
2023-06-01 12:53:24.704986,0.0,0.0,0.0,0.0
2023-06-01 12:53:24.725006,0.0,0.0,0.0,0.0
2023-06-01 12:53:24.742096,0.0,0.0,0.0,0.0
2023-06-01 12:53:24.749544,0.0,0.0,0.0,0.0
2023-06-01 12:53:24.758480,0.0,0.0,0.0,0.0
2023-06-01 12:53:24.768531,0.0,0.0,0.0,0.0
2023-06-01 12:53:24.784682,0.0,0.0,0.0,0.0
2023-06-01 12:53:24.799469,0.0,0.0,0.0,0.0
2023-06-01 12:53:24.807771,0.0,0.0,0.0,0.0
2023-06-01 12:53:24.820462,0.0,0.0,0.0,0.0
2023-06-01 12:53:24.827950,0.0,0.0,0.0,0.0
2023-06-01 12:53:24.841527,0.0,0.0,0.0,0.0
2023-06-01 12:53:24.848198,0.0,0.0,0.0,0.0
2023-06-01 12:53:24.866848,0.0,0.0,0.0,0.0
2023-06-01 12:53:24.876403,0.0,0.0,0.0,0.0
2023-06-01 12:53:24.885533,0.0,0.0,0.0,0.0
2023-06-01 12:53:24.895047,0.0,0.0,0.0,0.0
2023-06-01 12:53:24.904009,0.0,0.0,0.0,0.0
2023-06-01 12:53:24.913458,0.0,0.0,0.0,0.0
2023-06-01 12:53:24.923112,0.0,0.0,0.0,0.0
2023-06-01 12:53:24.944542,0.0,0.0,0.0,0.0
2023-06-01 12:53:24.954549,0.0,0.0,0.0,0.0
2023-06-01 12:53:24.964318,0.0,0.0,0.0,0.0
2023-06-01 12:53:24.972739,0.0,0.0,0.0,0.0
2023-06-01 12:53:24.980811,0.0,0.0,0.0,0.0
2023-06-01 12:53:24.991825,0.0,0.0,0.0,0.0
2023-06-01 12:53:25.001957,0.0,0.0,0.0,0.0
2023-06-01 12:53:25.010664,0.0,0.0,0.0,0.0
2023-06-01 12:53:25.018995,0.0,0.0,0.0,0.0
2023-06-01 12:53:25.030016,0.0,0.0,0.0,0.0
2023-06-01 12:53:25.039099,0.0,0.0,0.0,0.0
2023-06-01 12:53:25.049858,0.0,0.0,0.0,0.0
2023-06-01 12:53:25.056411,0.0,0.0,0.0,0.0
2023-06-01 12:53:25.066777,0.0,0.0,0.0,0.0
2023-06-01 12:53:25.077583,0.0,0.0,0.0,0.0
2023-06-01 12:53:25.087205,0.0,0.0,0.0,0.0
2023-06-01 12:53:25.097714,0.0,0.0,0.0,0.0
2023-06-01 12:53:25.113493,0.0,0.0,0.0,0.0
2023-06-01 12:53:25.120742,0.0,0.0,0.0,0.0
2023-06-01 12:53:25.128202,0.0,0.0,0.0,0.0
2023-06-01 12:53:25.137861,0.0,0.0,0.0,0.0
2023-06-01 12:53:25.147512,0.0,0.0,0.0,0.0
2023-06-01 12:53:25.165796,0.0,0.0,0.0,0.0
2023-06-01 12:53:25.174372,0.0,0.0,0.0,0.0
2023-06-01 12:53:25.183949,0.0,0.0,0.0,0.0
2023-06-01 12:53:25.192589,0.0,0.0,0.0,0.0
2023-06-01 12:53:25.201840,0.0,0.0,0.0,0.0
2023-06-01 12:53:25.210462,0.0,0.0,0.0,0.0
2023-06-01 12:53:25.219275,0.0,0.0,0.0,0.0
2023-06-01 12:53:25.235571,0.0,0.0,0.0,0.0
2023-06-01 12:53:25.242893,0.0,0.0,0.0,0.0
2023-06-01 12:53:25.249147,0.0,0.0,0.0,0.0
2023-06-01 12:53:25.256379,0.0,0.0,0.0,0.0
2023-06-01 12:53:25.266620,0.0,0.0,0.0,0.0
2023-06-01 12:53:25.277642,0.0,0.0,0.0,0.0
2023-06-01 12:53:25.287922,0.0,0.0,0.0,0.0
2023-06-01 12:53:25.306349,0.0,0.0,0.0,0.0
2023-06-01 12:53:25.326487,0.0,0.0,0.0,0.0
2023-06-01 12:53:25.338310,0.0,0.0,0.0,0.0
2023-06-01 12:53:25.348122,0.0,0.0,0.0,0.0
2023-06-01 12:53:25.356855,0.0,0.0,0.0,0.0
2023-06-01 12:53:25.367055,0.0,0.0,0.0,0.0
2023-06-01 12:53:25.378089,0.0,0.0,0.0,0.0
2023-06-01 12:53:25.387328,0.0,0.0,0.0,0.0
2023-06-01 12:53:25.398830,0.0,0.0,0.0,0.0
2023-06-01 12:53:25.410879,0.0,0.0,0.0,0.0
2023-06-01 12:53:25.418035,0.0,0.0,0.0,0.0
2023-06-01 12:53:25.434328,0.0,0.0,0.0,0.0
2023-06-01 12:53:25.441820,0.0,0.0,0.0,0.0
2023-06-01 12:53:25.448702,0.0,0.0,0.0,0.0
2023-06-01 12:53:25.456790,0.0,0.0,0.0,0.0
2023-06-01 12:53:25.466743,0.0,0.0,0.0,0.0
2023-06-01 12:53:25.477105,0.0,0.0,0.0,0.0
2023-06-01 12:53:25.487620,0.0,0.0,0.0,0.0
2023-06-01 12:53:25.504069,0.0,0.0,0.0,0.0
2023-06-01 12:53:25.517214,0.0,0.0,0.0,0.0
2023-06-01 12:53:25.528018,0.0,0.0,0.0,0.0
2023-06-01 12:53:25.535837,0.0,0.0,0.0,0.0
2023-06-01 12:53:25.542416,0.0,0.0,0.0,0.0
2023-06-01 12:53:25.548688,0.0,0.0,0.0,0.0
2023-06-01 12:53:25.556870,0.0,0.0,0.0,0.0
2023-06-01 12:53:25.566814,0.0,0.0,0.0,0.0
2023-06-01 12:53:25.577783,0.0,0.0,0.0,0.0
2023-06-01 12:53:25.588344,0.0,0.0,0.0,0.0
2023-06-01 12:53:25.601043,0.0,0.0,0.0,0.0
2023-06-01 12:53:25.615581,0.0,0.0,0.0,0.0
2023-06-01 12:53:25.630166,0.0,0.0,0.0,0.0
2023-06-01 12:53:25.641463,0.0,0.0,0.0,0.0
2023-06-01 12:53:25.650304,0.0,0.0,0.0,0.0
2023-06-01 12:53:25.659231,0.0,0.0,0.0,0.0
2023-06-01 12:53:25.668080,0.0,0.0,0.0,0.0
2023-06-01 12:53:25.678310,0.0,0.0,0.0,0.0
2023-06-01 12:53:25.690150,0.0,0.0,0.0,0.0
2023-06-01 12:53:25.699139,0.0,0.0,0.0,0.0
2023-06-01 12:53:25.718100,0.0,0.0,0.0,0.0
2023-06-01 12:53:25.728054,0.0,0.0,0.0,0.0
2023-06-01 12:53:25.736641,0.0,0.0,0.0,0.0
2023-06-01 12:53:25.747407,0.0,0.0,0.0,0.0
2023-06-01 12:53:25.756966,0.0,0.0,0.0,0.0
2023-06-01 12:53:25.767331,0.0,0.0,0.0,0.0
2023-06-01 12:53:25.781051,0.0,0.0,0.0,0.0
2023-06-01 12:53:25.789848,0.0,0.0,0.0,0.0
2023-06-01 12:53:25.799062,0.0,0.0,0.0,0.0
2023-06-01 12:53:25.818336,0.0,0.0,0.0,0.0
2023-06-01 12:53:25.829204,0.0,0.0,0.0,0.0
2023-06-01 12:53:25.838943,0.0,0.0,0.0,0.0
2023-06-01 12:53:25.852728,0.0,0.0,0.0,0.0
2023-06-01 12:53:25.861325,0.0,0.0,0.0,0.0
2023-06-01 12:53:25.872656,0.0,0.0,0.0,0.0
2023-06-01 12:53:25.882912,0.0,0.0,0.0,0.0
2023-06-01 12:53:25.891587,0.0,0.0,0.0,0.0
2023-06-01 12:53:25.902515,0.0,0.0,0.0,0.0
2023-06-01 12:53:25.911427,0.0,0.0,0.0,0.0
2023-06-01 12:53:25.919885,0.0,0.0,0.0,0.0
2023-06-01 12:53:25.928459,0.0,0.0,0.0,0.0
2023-06-01 12:53:25.949941,0.0,0.0,0.0,0.0
2023-06-01 12:53:25.959111,0.0,0.0,0.0,0.0
2023-06-01 12:53:25.969432,0.0,0.0,0.0,0.0
2023-06-01 12:53:25.978016,0.0,0.0,0.0,0.0
2023-06-01 12:53:25.988856,0.0,0.0,0.0,0.0
2023-06-01 12:53:26.003886,0.0,0.0,0.0,0.0
2023-06-01 12:53:26.013295,0.0,0.0,0.0,0.0
2023-06-01 12:53:26.021883,0.0,0.0,0.0,0.0
2023-06-01 12:53:26.031080,0.0,0.0,0.0,0.0
2023-06-01 12:53:26.040085,0.0,0.0,0.0,0.0
2023-06-01 12:53:26.049974,0.0,0.0,0.0,0.0
2023-06-01 12:53:26.059034,0.0,0.0,0.0,0.0
2023-06-01 12:53:26.068709,0.0,0.0,0.0,0.0
2023-06-01 12:53:26.079348,0.0,0.0,0.0,0.0
2023-06-01 12:53:26.089533,0.0,0.0,0.0,0.0
2023-06-01 12:53:26.099063,0.0,0.0,0.0,0.0
2023-06-01 12:53:26.108086,0.0,0.0,0.0,0.0
2023-06-01 12:53:26.125576,0.0,0.0,0.0,0.0
2023-06-01 12:53:26.134317,0.0,0.0,0.0,0.0
2023-06-01 12:53:26.142574,0.0,0.0,0.0,0.0
2023-06-01 12:53:26.151707,0.0,0.0,0.0,0.0
2023-06-01 12:53:26.159685,0.0,0.0,0.0,0.0
2023-06-01 12:53:26.168023,0.0,0.0,0.0,0.0
2023-06-01 12:53:26.186678,0.0,0.0,0.0,0.0
2023-06-01 12:53:26.201519,0.0,0.0,0.0,0.0
2023-06-01 12:53:26.208875,0.0,0.0,0.0,0.0
2023-06-01 12:53:26.218685,0.0,0.0,0.0,0.0
2023-06-01 12:53:26.231737,0.0,0.0,0.0,0.0
2023-06-01 12:53:26.238939,0.0,0.0,0.0,0.0
2023-06-01 12:53:26.247348,0.0,0.0,0.0,0.0
2023-06-01 12:53:26.256859,0.0,0.0,0.0,0.0
2023-06-01 12:53:26.267313,0.0,0.0,0.0,0.0
2023-06-01 12:53:26.277879,0.0,0.0,0.0,0.0
2023-06-01 12:53:26.288434,0.0,0.0,0.0,0.0
2023-06-01 12:53:26.300800,0.0,0.0,0.0,0.0
2023-06-01 12:53:26.313181,0.0,0.0,0.0,0.0
2023-06-01 12:53:26.321821,0.0,0.0,0.0,0.0
2023-06-01 12:53:26.329393,0.0,0.0,0.0,0.0
2023-06-01 12:53:26.337276,0.0,0.0,0.0,0.0
2023-06-01 12:53:26.346896,0.0,0.0,0.0,0.0
2023-06-01 12:53:26.357475,0.0,0.0,0.0,0.0
2023-06-01 12:53:26.367393,0.0,0.0,0.0,0.0
2023-06-01 12:53:26.377805,0.0,0.0,0.0,0.0
2023-06-01 12:53:26.388252,0.0,0.0,0.0,0.0
2023-06-01 12:53:26.398220,0.0,0.0,0.0,0.0
2023-06-01 12:53:26.412342,0.0,0.0,0.0,0.0
2023-06-01 12:53:26.419510,0.0,0.0,0.0,0.0
2023-06-01 12:53:26.433154,0.0,0.0,0.0,0.0
2023-06-01 12:53:26.441445,0.0,0.0,0.0,0.0
2023-06-01 12:53:26.450619,0.0,0.0,0.0,0.0
2023-06-01 12:53:26.459307,0.0,0.0,0.0,0.0
2023-06-01 12:53:26.468313,0.0,0.0,0.0,0.0
2023-06-01 12:53:26.484586,0.0,0.0,0.0,0.0
2023-06-01 12:53:26.493606,0.0,0.0,0.0,0.0
2023-06-01 12:53:26.503224,0.0,0.0,0.0,0.0
2023-06-01 12:53:26.511960,0.0,0.0,0.0,0.0
2023-06-01 12:53:26.520059,0.0,0.0,0.0,0.0
2023-06-01 12:53:26.528737,0.0,0.0,0.0,0.0
2023-06-01 12:53:26.545020,0.0,0.0,0.0,0.0
2023-06-01 12:53:26.564564,0.0,0.0,0.0,0.0
2023-06-01 12:53:26.579181,0.0,0.0,0.0,0.0
2023-06-01 12:53:26.587189,0.0,0.0,0.0,0.0
2023-06-01 12:53:26.596317,0.0,0.0,0.0,0.0
2023-06-01 12:53:26.604596,0.0,0.0,0.0,0.0
2023-06-01 12:53:26.613048,0.0,0.0,0.0,0.0
2023-06-01 12:53:26.621211,0.0,0.0,0.0,0.0
2023-06-01 12:53:26.629121,0.0,0.0,0.0,0.0
2023-06-01 12:53:26.645223,0.0,0.0,0.0,0.0
2023-06-01 12:53:26.663999,0.0,0.0,0.0,0.0
2023-06-01 12:53:26.676853,0.0,0.0,0.0,0.0
2023-06-01 12:53:26.684053,0.0,0.0,0.0,0.0
2023-06-01 12:53:26.691149,0.0,0.0,0.0,0.0
2023-06-01 12:53:26.699485,0.0,0.0,0.0,0.0
2023-06-01 12:53:26.709304,0.0,0.0,0.0,0.0
2023-06-01 12:53:26.718739,0.0,0.0,0.0,0.0
2023-06-01 12:53:26.729282,0.0,0.0,0.0,0.0
2023-06-01 12:53:26.738303,0.0,0.0,0.0,0.0
2023-06-01 12:53:26.747330,0.0,0.0,0.0,0.0
2023-06-01 12:53:26.756651,0.0,0.0,0.0,0.0
2023-06-01 12:53:26.766825,0.0,0.0,0.0,0.0
2023-06-01 12:53:26.778047,0.0,0.0,0.0,0.0
2023-06-01 12:53:26.787798,0.0,0.0,0.0,0.0
2023-06-01 12:53:26.797865,0.0,0.0,0.0,0.0
2023-06-01 12:53:26.808472,0.0,0.0,0.0,0.0
2023-06-01 12:53:26.821542,0.0,0.0,0.0,0.0
2023-06-01 12:53:26.830227,0.0,0.0,0.0,0.0
2023-06-01 12:53:26.836895,0.0,0.0,0.0,0.0
2023-06-01 12:53:26.849847,0.0,0.0,0.0,0.0
2023-06-01 12:53:26.856885,0.0,0.0,0.0,0.0
2023-06-01 12:53:26.867194,0.0,0.0,0.0,0.0
2023-06-01 12:53:26.876793,0.0,0.0,0.0,0.0
2023-06-01 12:53:26.888020,0.0,0.0,0.0,0.0
2023-06-01 12:53:26.898183,0.0,0.0,0.0,0.0
2023-06-01 12:53:26.910239,0.0,0.0,0.0,0.0
2023-06-01 12:53:26.920482,0.0,0.0,0.0,0.0
2023-06-01 12:53:26.929612,0.0,0.0,0.0,0.0
2023-06-01 12:53:26.939276,0.0,0.0,0.0,0.0
2023-06-01 12:53:26.948575,0.0,0.0,0.0,0.0
2023-06-01 12:53:26.957586,0.0,0.0,0.0,0.0
2023-06-01 12:53:26.966883,0.0,0.0,0.0,0.0
2023-06-01 12:53:26.977122,0.0,0.0,0.0,0.0
2023-06-01 12:53:26.987700,0.0,0.0,0.0,0.0
2023-06-01 12:53:26.998765,0.0,0.0,0.0,0.0
2023-06-01 12:53:27.008385,0.0,0.0,0.0,0.0
2023-06-01 12:53:27.023801,0.0,0.0,0.0,0.0
2023-06-01 12:53:27.031995,0.0,0.0,0.0,0.0
2023-06-01 12:53:27.039247,0.0,0.0,0.0,0.0
2023-06-01 12:53:27.047189,0.0,0.0,0.0,0.0
2023-06-01 12:53:27.057777,0.0,0.0,0.0,0.0
2023-06-01 12:53:27.067332,0.0,0.0,0.0,0.0
2023-06-01 12:53:27.086211,0.0,0.0,0.0,0.0
2023-06-01 12:53:27.108656,0.0,0.0,0.0,0.0
2023-06-01 12:53:27.128607,0.0,0.0,0.0,0.0
2023-06-01 12:53:27.149505,0.0,0.0,0.0,0.0
2023-06-01 12:53:27.163711,0.0,0.0,0.0,0.0
2023-06-01 12:53:27.171964,0.0,0.0,0.0,0.0
2023-06-01 12:53:27.179938,0.0,0.0,0.0,0.0
2023-06-01 12:53:27.189766,0.0,0.0,0.0,0.0
2023-06-01 12:53:27.198125,0.0,0.0,0.0,0.0
2023-06-01 12:53:27.210032,0.0,0.0,0.0,0.0
2023-06-01 12:53:27.221895,0.0,0.0,0.0,0.0
2023-06-01 12:53:27.231205,0.0,0.0,0.0,0.0
2023-06-01 12:53:27.239354,0.0,0.0,0.0,0.0
2023-06-01 12:53:27.251403,0.0,0.0,0.0,0.0
2023-06-01 12:53:27.257141,0.0,0.0,0.0,0.0
2023-06-01 12:53:27.266859,0.0,0.0,0.0,0.0
2023-06-01 12:53:27.284762,0.0,0.0,0.0,0.0
2023-06-01 12:53:27.304667,0.0,0.0,0.0,0.0
2023-06-01 12:53:27.322739,0.0,0.0,0.0,0.0
2023-06-01 12:53:27.341479,0.0,0.0,0.0,0.0
2023-06-01 12:53:27.358217,0.0,0.0,0.0,0.0
2023-06-01 12:53:27.366347,0.0,0.0,0.0,0.0
2023-06-01 12:53:27.374466,0.0,0.0,0.0,0.0
2023-06-01 12:53:27.382515,0.0,0.0,0.0,0.0
2023-06-01 12:53:27.390405,0.0,0.0,0.0,0.0
2023-06-01 12:53:27.398364,0.0,0.0,0.0,0.0
2023-06-01 12:53:27.414889,0.0,0.0,0.0,0.0
2023-06-01 12:53:27.422823,0.0,0.0,0.0,0.0
2023-06-01 12:53:27.430787,0.0,0.0,0.0,0.0
2023-06-01 12:53:27.438764,0.0,0.0,0.0,0.0
2023-06-01 12:53:27.457279,0.0,0.0,0.0,0.0
2023-06-01 12:53:27.465529,0.0,0.0,0.0,0.0
2023-06-01 12:53:27.473599,0.0,0.0,0.0,0.0
2023-06-01 12:53:27.481811,0.0,0.0,0.0,0.0
2023-06-01 12:53:27.490009,0.0,0.0,0.0,0.0
2023-06-01 12:53:27.498136,0.0,0.0,0.0,0.0
2023-06-01 12:53:27.517556,0.0,0.0,0.0,0.0
2023-06-01 12:53:27.536362,0.0,0.0,0.0,0.0
2023-06-01 12:53:27.543010,0.0,0.0,0.0,0.0
2023-06-01 12:53:27.549498,0.0,0.0,0.0,0.0
2023-06-01 12:53:27.556485,0.0,0.0,0.0,0.0
2023-06-01 12:53:27.567185,0.0,0.0,0.0,0.0
2023-06-01 12:53:27.577081,0.0,0.0,0.0,0.0
2023-06-01 12:53:27.588681,0.0,0.0,0.0,0.0
2023-06-01 12:53:27.598946,0.0,0.0,0.0,0.0
2023-06-01 12:53:27.609047,0.0,0.0,0.0,0.0
2023-06-01 12:53:27.618853,0.0,0.0,0.0,0.0
2023-06-01 12:53:27.629338,0.0,0.0,0.0,0.0
2023-06-01 12:53:27.637538,0.0,0.0,0.0,0.0
2023-06-01 12:53:27.647741,0.0,0.0,0.0,0.0
2023-06-01 12:53:27.656804,0.0,0.0,0.0,0.0
2023-06-01 12:53:27.666670,0.0,0.0,0.0,0.0
2023-06-01 12:53:27.676975,0.0,0.0,0.0,0.0
2023-06-01 12:53:27.687505,0.0,0.0,0.0,0.0
2023-06-01 12:53:27.697921,0.0,0.0,0.0,0.0
2023-06-01 12:53:27.711094,0.0,0.0,0.0,0.0
2023-06-01 12:53:27.720859,0.0,0.0,0.0,0.0
2023-06-01 12:53:27.732678,0.0,0.0,0.0,0.0
2023-06-01 12:53:27.742417,0.0,0.0,0.0,0.0
2023-06-01 12:53:27.751378,0.0,0.0,0.0,0.0
2023-06-01 12:53:27.759069,0.0,0.0,0.0,0.0
2023-06-01 12:53:27.767443,0.0,0.0,0.0,0.0
2023-06-01 12:53:27.777398,0.0,0.0,0.0,0.0
2023-06-01 12:53:27.787257,0.0,0.0,0.0,0.0
2023-06-01 12:53:27.798503,0.0,0.0,0.0,0.0
2023-06-01 12:53:27.815844,0.0,0.0,0.0,0.0
2023-06-01 12:53:27.825295,0.0,0.0,0.0,0.0
2023-06-01 12:53:27.835009,0.0,0.0,0.0,0.0
2023-06-01 12:53:27.842893,0.0,0.0,0.0,0.0
2023-06-01 12:53:27.850124,0.0,0.0,0.0,0.0
2023-06-01 12:53:27.856445,0.0,0.0,0.0,0.0
2023-06-01 12:53:27.866648,0.0,0.0,0.0,0.0
2023-06-01 12:53:27.876883,0.0,0.0,0.0,0.0
2023-06-01 12:53:27.887998,0.0,0.0,0.0,0.0
2023-06-01 12:53:27.901768,0.0,0.0,0.0,0.0
2023-06-01 12:53:27.911496,0.0,0.0,0.0,0.0
2023-06-01 12:53:27.921171,0.0,0.0,0.0,0.0
2023-06-01 12:53:27.930333,0.0,0.0,0.0,0.0
2023-06-01 12:53:27.939978,0.0,0.0,0.0,0.0
2023-06-01 12:53:27.948815,0.0,0.0,0.0,0.0
2023-06-01 12:53:27.957192,0.0,0.0,0.0,0.0
2023-06-01 12:53:27.968299,0.0,0.0,0.0,0.0
2023-06-01 12:53:27.977245,0.0,0.0,0.0,0.0
2023-06-01 12:53:27.989023,0.0,0.0,0.0,0.0
2023-06-01 12:53:28.010646,0.0,0.0,0.0,0.0
2023-06-01 12:53:28.020185,0.0,0.0,0.0,0.0
2023-06-01 12:53:28.038586,0.0,0.0,0.0,0.0
2023-06-01 12:53:28.060447,0.0,0.0,0.0,0.0
2023-06-01 12:53:28.072438,0.0,0.0,0.0,0.0
2023-06-01 12:53:28.079740,0.0,0.0,0.0,0.0
2023-06-01 12:53:28.087242,0.0,0.0,0.0,0.0
2023-06-01 12:53:28.099907,0.0,0.0,0.0,0.0
2023-06-01 12:53:28.108658,0.0,0.0,0.0,0.0
2023-06-01 12:53:28.118870,0.0,0.0,0.0,0.0
2023-06-01 12:53:28.129383,0.0,0.0,0.0,0.0
2023-06-01 12:53:28.139602,0.0,0.0,0.0,0.0
2023-06-01 12:53:28.148687,0.0,0.0,0.0,0.0
2023-06-01 12:53:28.157670,0.0,0.0,0.0,0.0
2023-06-01 12:53:28.167099,0.0,0.0,0.0,0.0
2023-06-01 12:53:28.177779,0.0,0.0,0.0,0.0
2023-06-01 12:53:28.187947,0.0,0.0,0.0,0.0
2023-06-01 12:53:28.199557,0.0,0.0,0.0,0.0
2023-06-01 12:53:28.207921,0.0,0.0,0.0,0.0
2023-06-01 12:53:28.224561,0.0,0.0,0.0,0.0
2023-06-01 12:53:28.232294,0.0,0.0,0.0,0.0
2023-06-01 12:53:28.252608,0.0,0.0,0.0,0.0
2023-06-01 12:53:28.270279,0.0,0.0,0.0,0.0
2023-06-01 12:53:28.282668,0.0,0.0,0.0,0.0
2023-06-01 12:53:28.291893,0.0,0.0,0.0,0.0
2023-06-01 12:53:28.302415,0.0,0.0,0.0,0.0
2023-06-01 12:53:28.317394,0.0,0.0,0.0,0.0
2023-06-01 12:53:28.326426,0.0,0.0,0.0,0.0
2023-06-01 12:53:28.343339,0.0,0.0,0.0,0.0
2023-06-01 12:53:28.354350,0.0,0.0,0.0,0.0
2023-06-01 12:53:28.365362,0.0,0.0,0.0,0.0
2023-06-01 12:53:28.374159,0.0,0.0,0.0,0.0
2023-06-01 12:53:28.383389,0.0,0.0,0.0,0.0
2023-06-01 12:53:28.392306,0.0,0.0,0.0,0.0
2023-06-01 12:53:28.401298,0.0,0.0,0.0,0.0
2023-06-01 12:53:28.410229,0.0,0.0,0.0,0.0
2023-06-01 12:53:28.419092,0.0,0.0,0.0,0.0
2023-06-01 12:53:28.430747,0.0,0.0,0.0,0.0
2023-06-01 12:53:28.439419,0.0,0.0,0.0,0.0
2023-06-01 12:53:28.448400,0.0,0.0,0.0,0.0
2023-06-01 12:53:28.460251,0.0,0.0,0.0,0.0
2023-06-01 12:53:28.469569,0.0,0.0,0.0,0.0
2023-06-01 12:53:28.478204,0.0,0.0,0.0,0.0
2023-06-01 12:53:28.488615,0.0,0.0,0.0,0.0
2023-06-01 12:53:28.514383,0.0,0.0,0.0,0.0
2023-06-01 12:53:28.537450,0.0,0.0,0.0,0.0
2023-06-01 12:53:28.544152,0.0,0.0,0.0,0.0
2023-06-01 12:53:28.550839,0.0,0.0,0.0,0.0
2023-06-01 12:53:28.558041,0.0,0.0,0.0,0.0
2023-06-01 12:53:28.568333,0.0,0.0,0.0,0.0
2023-06-01 12:53:28.578046,0.0,0.0,0.0,0.0
2023-06-01 12:53:28.588151,0.0,0.0,0.0,0.0
2023-06-01 12:53:28.598612,0.0,0.0,0.0,0.0
2023-06-01 12:53:28.613680,0.0,0.0,0.0,0.0
2023-06-01 12:53:28.630140,0.0,0.0,0.0,0.0
2023-06-01 12:53:28.639467,0.0,0.0,0.0,0.0
2023-06-01 12:53:28.649893,0.0,0.0,0.0,0.0
2023-06-01 12:53:28.658764,0.0,0.0,0.0,0.0
2023-06-01 12:53:28.668909,0.0,0.0,0.0,0.0
2023-06-01 12:53:28.678578,0.0,0.0,0.0,0.0
2023-06-01 12:53:28.689699,0.0,0.0,0.0,0.0
2023-06-01 12:53:28.699155,0.0,0.0,0.0,0.0
2023-06-01 12:53:28.713388,0.0,0.0,0.0,0.0
2023-06-01 12:53:28.721704,0.0,0.0,0.0,0.0
2023-06-01 12:53:28.730173,0.0,0.0,0.0,0.0
2023-06-01 12:53:28.738385,0.0,0.0,0.0,0.0
2023-06-01 12:53:28.765177,0.0,0.0,0.0,0.0
2023-06-01 12:53:28.782285,0.0,0.0,0.0,0.0
2023-06-01 12:53:28.791391,0.0,0.0,0.0,0.0
2023-06-01 12:53:28.800878,0.0,0.0,0.0,0.0
2023-06-01 12:53:28.830145,0.0,0.0,0.0,0.0
2023-06-01 12:53:28.839066,0.0,0.0,0.0,0.0
2023-06-01 12:53:28.848589,0.0,0.0,0.0,0.0
2023-06-01 12:53:28.857829,0.0,0.0,0.0,0.0
2023-06-01 12:53:28.867794,0.0,0.0,0.0,0.0
2023-06-01 12:53:28.877458,0.0,0.0,0.0,0.0
2023-06-01 12:53:28.890954,0.0,0.0,0.0,0.0
2023-06-01 12:53:28.902581,0.0,0.0,0.0,0.0
2023-06-01 12:53:28.910470,0.0,0.0,0.0,0.0
2023-06-01 12:53:28.919144,0.0,0.0,0.0,0.0
2023-06-01 12:53:28.931191,0.0,0.0,0.0,0.0
2023-06-01 12:53:28.946609,0.0,0.0,0.0,0.0
2023-06-01 12:53:28.959170,0.0,0.0,0.0,0.0
2023-06-01 12:53:28.970226,0.0,0.0,0.0,0.0
2023-06-01 12:53:28.979203,0.0,0.0,0.0,0.0
2023-06-01 12:53:28.987752,0.0,0.0,0.0,0.0
2023-06-01 12:53:29.027808,0.0,0.0,0.0,0.0
2023-06-01 12:53:29.039147,0.0,0.0,0.0,0.0
2023-06-01 12:53:29.048118,0.0,0.0,0.0,0.0
2023-06-01 12:53:29.057243,0.0,0.0,0.0,0.0
2023-06-01 12:53:29.068426,0.0,0.0,0.0,0.0
2023-06-01 12:53:29.078447,0.0,0.0,0.0,0.0
2023-06-01 12:53:29.088590,0.0,0.0,0.0,0.0
2023-06-01 12:53:29.118451,0.0,0.0,0.0,0.0
2023-06-01 12:53:29.135576,0.0,0.0,0.0,0.0
2023-06-01 12:53:29.145394,0.0,0.0,0.0,0.0
2023-06-01 12:53:29.152593,0.0,0.0,0.0,0.0
2023-06-01 12:53:29.160265,0.0,0.0,0.0,0.0
2023-06-01 12:53:29.167582,0.0,0.0,0.0,0.0
2023-06-01 12:53:29.177360,0.0,0.0,0.0,0.0
2023-06-01 12:53:29.187538,0.0,0.0,0.0,0.0
2023-06-01 12:53:29.228354,0.0,0.0,0.0,0.0
2023-06-01 12:53:29.236454,0.0,0.0,0.0,0.0
2023-06-01 12:53:29.244409,0.0,0.0,0.0,0.0
2023-06-01 12:53:29.252618,0.0,0.0,0.0,0.0
2023-06-01 12:53:29.259971,0.0,0.0,0.0,0.0
2023-06-01 12:53:29.267135,0.0,0.0,0.0,0.0
2023-06-01 12:53:29.278369,0.0,0.0,0.0,0.0
2023-06-01 12:53:29.288383,0.0,0.0,0.0,0.0
2023-06-01 12:53:29.299390,0.0,0.0,0.0,0.0
2023-06-01 12:53:29.318299,0.0,0.0,0.0,0.0
2023-06-01 12:53:29.326198,0.0,0.0,0.0,0.0
2023-06-01 12:53:29.334795,0.0,0.0,0.0,0.0
2023-06-01 12:53:29.354964,0.0,0.0,0.0,0.0
2023-06-01 12:53:29.362583,0.0,0.0,0.0,0.0
2023-06-01 12:53:29.370507,0.0,0.0,0.0,0.0
2023-06-01 12:53:29.378091,0.0,0.0,0.0,0.0
2023-06-01 12:53:29.389914,0.0,0.0,0.0,0.0
2023-06-01 12:53:29.399789,0.0,0.0,0.0,0.0
2023-06-01 12:53:29.414158,0.0,0.0,0.0,0.0
2023-06-01 12:53:29.423301,0.0,0.0,0.0,0.0
2023-06-01 12:53:29.435483,0.0,0.0,0.0,0.0
2023-06-01 12:53:29.447235,0.0,0.0,0.0,0.0
2023-06-01 12:53:29.456100,0.0,0.0,0.0,0.0
2023-06-01 12:53:29.465427,0.0,0.0,0.0,0.0
2023-06-01 12:53:29.472718,0.0,0.0,0.0,0.0
2023-06-01 12:53:29.483158,0.0,0.0,0.0,0.0
2023-06-01 12:53:29.492434,0.0,0.0,0.0,0.0
2023-06-01 12:53:29.502462,0.0,0.0,0.0,0.0
2023-06-01 12:53:29.517812,0.0,0.0,0.0,0.0
2023-06-01 12:53:29.527614,0.0,0.0,0.0,0.0
2023-06-01 12:53:29.538114,0.0,0.0,0.0,0.0
2023-06-01 12:53:29.546982,0.0,0.0,0.0,0.0
2023-06-01 12:53:29.557186,0.0,0.0,0.0,0.0
2023-06-01 12:53:29.566500,0.0,0.0,0.0,0.0
2023-06-01 12:53:29.577182,0.0,0.0,0.0,0.0
2023-06-01 12:53:29.588740,0.0,0.0,0.0,0.0
2023-06-01 12:53:29.599705,0.0,0.0,0.0,0.0
2023-06-01 12:53:29.612084,0.0,0.0,0.0,0.0
2023-06-01 12:53:29.622057,0.0,0.0,0.0,0.0
2023-06-01 12:53:29.631740,0.0,0.0,0.0,0.0
2023-06-01 12:53:29.642006,0.0,0.0,0.0,0.0
2023-06-01 12:53:29.654072,0.0,0.0,0.0,0.0
2023-06-01 12:53:29.662617,0.0,0.0,0.0,0.0
2023-06-01 12:53:29.670248,0.0,0.0,0.0,0.0
2023-06-01 12:53:29.677623,0.0,0.0,0.0,0.0
2023-06-01 12:53:29.689306,0.0,0.0,0.0,0.0
2023-06-01 12:53:29.699542,0.0,0.0,0.0,0.0
2023-06-01 12:53:29.709505,0.0,0.0,0.0,0.0
2023-06-01 12:53:29.719098,0.0,0.0,0.0,0.0
2023-06-01 12:53:29.728946,0.0,0.0,0.0,0.0
2023-06-01 12:53:29.741373,0.0,0.0,0.0,0.0
2023-06-01 12:53:29.747957,0.0,0.0,0.0,0.0
2023-06-01 12:53:29.756581,0.0,0.0,0.0,0.0
2023-06-01 12:53:29.766705,0.0,0.0,0.0,0.0
2023-06-01 12:53:29.777492,0.0,0.0,0.0,0.0
2023-06-01 12:53:29.788389,0.0,0.0,0.0,0.0
2023-06-01 12:53:29.800394,0.0,0.0,0.0,0.0
2023-06-01 12:53:29.812471,0.0,0.0,0.0,0.0
2023-06-01 12:53:29.822572,0.0,0.0,0.0,0.0
2023-06-01 12:53:29.834767,0.0,0.0,0.0,0.0
2023-06-01 12:53:29.843927,0.0,0.0,0.0,0.0
2023-06-01 12:53:29.851629,0.0,0.0,0.0,0.0
2023-06-01 12:53:29.858146,0.0,0.0,0.0,0.0
2023-06-01 12:53:29.867043,0.0,0.0,0.0,0.0
2023-06-01 12:53:29.877910,0.0,0.0,0.0,0.0
2023-06-01 12:53:29.887730,0.0,0.0,0.0,0.0
2023-06-01 12:53:29.905415,0.0,0.0,0.0,0.0
2023-06-01 12:53:29.916063,0.0,0.0,0.0,0.0
2023-06-01 12:53:29.922969,0.0,0.0,0.0,0.0
2023-06-01 12:53:29.930693,0.0,0.0,0.0,0.0
2023-06-01 12:53:29.938791,0.0,0.0,0.0,0.0
2023-06-01 12:53:29.948912,0.0,0.0,0.0,0.0
2023-06-01 12:53:29.957711,0.0,0.0,0.0,0.0
2023-06-01 12:53:29.967765,0.0,0.0,0.0,0.0
2023-06-01 12:53:29.977455,0.0,0.0,0.0,0.0
2023-06-01 12:53:29.991439,0.0,0.0,0.0,0.0
2023-06-01 12:53:30.005153,0.0,0.0,0.0,0.0
2023-06-01 12:53:30.016922,0.0,0.0,0.0,0.0
2023-06-01 12:53:30.030329,0.0,0.0,0.0,0.0
2023-06-01 12:53:30.039064,0.0,0.0,0.0,0.0
2023-06-01 12:53:30.049135,0.0,0.0,0.0,0.0
2023-06-01 12:53:30.061260,0.0,0.0,0.0,0.0
2023-06-01 12:53:30.068160,0.0,0.0,0.0,0.0
2023-06-01 12:53:30.078990,0.0,0.0,0.0,0.0
2023-06-01 12:53:30.087850,0.0,0.0,0.0,0.0
2023-06-01 12:53:30.099954,0.0,0.0,0.0,0.0
2023-06-01 12:53:30.110880,0.0,0.0,0.0,0.0
2023-06-01 12:53:30.121819,0.0,0.0,0.0,0.0
2023-06-01 12:53:30.130807,0.0,0.0,0.0,0.0
2023-06-01 12:53:30.140335,0.0,0.0,0.0,0.0
2023-06-01 12:53:30.151223,0.0,0.0,0.0,0.0
2023-06-01 12:53:30.159930,0.0,0.0,0.0,0.0
2023-06-01 12:53:30.167114,0.0,0.0,0.0,0.0
2023-06-01 12:53:30.176831,0.0,0.0,0.0,0.0
2023-06-01 12:53:30.190666,0.0,0.0,0.0,0.0
2023-06-01 12:53:30.198512,0.0,0.0,0.0,0.0
2023-06-01 12:53:30.208614,0.0,0.0,0.0,0.0
2023-06-01 12:53:30.218146,0.0,0.0,0.0,0.0
2023-06-01 12:53:30.227536,0.0,0.0,0.0,0.0
2023-06-01 12:53:30.237716,0.0,0.0,0.0,0.0
2023-06-01 12:53:30.248941,0.0,0.0,0.0,0.0
2023-06-01 12:53:30.256854,0.0,0.0,0.0,0.0
2023-06-01 12:53:30.266839,0.0,0.0,0.0,0.0
2023-06-01 12:53:30.284354,0.0,0.0,0.0,0.0
2023-06-01 12:53:30.294697,0.0,0.0,0.0,0.0
2023-06-01 12:53:30.319206,0.0,0.0,0.0,0.0
2023-06-01 12:53:30.326243,0.0,0.0,0.0,0.0
2023-06-01 12:53:30.333053,0.0,0.0,0.0,0.0
2023-06-01 12:53:30.339975,0.0,0.0,0.0,0.0
2023-06-01 12:53:30.346876,0.0,0.0,0.0,0.0
2023-06-01 12:53:30.357255,0.0,0.0,0.0,0.0
2023-06-01 12:53:30.366702,0.0,0.0,0.0,0.0
2023-06-01 12:53:30.377572,0.0,0.0,0.0,0.0
2023-06-01 12:53:30.394850,0.0,0.0,0.0,0.0
2023-06-01 12:53:30.414404,0.0,0.0,0.0,0.0
2023-06-01 12:53:30.434784,0.0,0.0,0.0,0.0
2023-06-01 12:53:30.457111,0.0,0.0,0.0,0.0
2023-06-01 12:53:30.474580,0.0,0.0,0.0,0.0
2023-06-01 12:53:30.492864,0.0,0.0,0.0,0.0
2023-06-01 12:53:30.510613,0.0,0.0,0.0,0.0
2023-06-01 12:53:30.533421,0.0,0.0,0.0,0.0
2023-06-01 12:53:30.552377,0.0,0.0,0.0,0.0
2023-06-01 12:53:30.570472,0.0,0.0,0.0,0.0
2023-06-01 12:53:30.582715,0.0,0.0,0.0,0.0
2023-06-01 12:53:30.591808,0.0,0.0,0.0,0.0
2023-06-01 12:53:30.600426,0.0,0.0,0.0,0.0
2023-06-01 12:53:30.608697,0.0,0.0,0.0,0.0
2023-06-01 12:53:30.618036,0.0,0.0,0.0,0.0
2023-06-01 12:53:30.629218,0.0,0.0,0.0,0.0
2023-06-01 12:53:30.640783,0.0,0.0,0.0,0.0
2023-06-01 12:53:30.649757,0.0,0.0,0.0,0.0
2023-06-01 12:53:30.658937,0.0,0.0,0.0,0.0
2023-06-01 12:53:30.671197,0.0,0.0,0.0,0.0
2023-06-01 12:53:30.680760,0.0,0.0,0.0,0.0
2023-06-01 12:53:30.692578,0.0,0.0,0.0,0.0
2023-06-01 12:53:30.703126,0.0,0.0,0.0,0.0
2023-06-01 12:53:30.716946,0.0,0.0,0.0,0.0
2023-06-01 12:53:30.730424,0.0,0.0,0.0,0.0
2023-06-01 12:53:30.743477,0.0,0.0,0.0,0.0
2023-06-01 12:53:30.769208,0.0,0.0,0.0,0.0
2023-06-01 12:53:30.789762,0.0,0.0,0.0,0.0
2023-06-01 12:53:30.813116,0.0,0.0,0.0,0.0
2023-06-01 12:53:30.834312,0.0,0.0,0.0,0.0
2023-06-01 12:53:30.851415,0.0,0.0,0.0,0.0
2023-06-01 12:53:30.857730,0.0,0.0,0.0,0.0
2023-06-01 12:53:30.867630,0.0,0.0,0.0,0.0
2023-06-01 12:53:30.876946,0.0,0.0,0.0,0.0
2023-06-01 12:53:30.887999,0.0,0.0,0.0,0.0
2023-06-01 12:53:30.914370,0.0,0.0,0.0,0.0
2023-06-01 12:53:30.923292,0.0,0.0,0.0,0.0
2023-06-01 12:53:30.932071,0.0,0.0,0.0,0.0
2023-06-01 12:53:30.940748,0.0,0.0,0.0,0.0
2023-06-01 12:53:30.948112,0.0,0.0,0.0,0.0
2023-06-01 12:53:30.957153,0.0,0.0,0.0,0.0
2023-06-01 12:53:30.967185,0.0,0.0,0.0,0.0
2023-06-01 12:53:30.976850,0.0,0.0,0.0,0.0
2023-06-01 12:53:30.987743,0.0,0.0,0.0,0.0
2023-06-01 12:53:30.998886,0.0,0.0,0.0,0.0
2023-06-01 12:53:31.011666,0.0,0.0,0.0,0.0
2023-06-01 12:53:31.020620,0.0,0.0,0.0,0.0
2023-06-01 12:53:31.030113,0.0,0.0,0.0,0.0
2023-06-01 12:53:31.038553,0.0,0.0,0.0,0.0
2023-06-01 12:53:31.048069,0.0,0.0,0.0,0.0
2023-06-01 12:53:31.057167,0.0,0.0,0.0,0.0
2023-06-01 12:53:31.067328,0.0,0.0,0.0,0.0
2023-06-01 12:53:31.078588,0.0,0.0,0.0,0.0
2023-06-01 12:53:31.094956,0.0,0.0,0.0,0.0
2023-06-01 12:53:31.116969,0.0,0.0,0.0,0.0
2023-06-01 12:53:31.137233,0.0,0.0,0.0,0.0
2023-06-01 12:53:31.157511,0.0,0.0,0.0,0.0
2023-06-01 12:53:31.177151,0.0,0.0,0.0,0.0
2023-06-01 12:53:31.197210,0.0,0.0,0.0,0.0
2023-06-01 12:53:31.216455,0.0,0.0,0.0,0.0
2023-06-01 12:53:31.237031,0.0,0.0,0.0,0.0
2023-06-01 12:53:31.257077,0.0,0.0,0.0,0.0
2023-06-01 12:53:31.276928,0.0,0.0,0.0,0.0
2023-06-01 12:53:31.294920,0.0,0.0,0.0,0.0
2023-06-01 12:53:31.324416,0.0,0.0,0.0,0.0
2023-06-01 12:53:31.349318,0.0,0.0,0.0,0.0
2023-06-01 12:53:31.364379,0.0,0.0,0.0,0.0
2023-06-01 12:53:31.373854,0.0,0.0,0.0,0.0
2023-06-01 12:53:31.383008,0.0,0.0,0.0,0.0
2023-06-01 12:53:31.392792,0.0,0.0,0.0,0.0
2023-06-01 12:53:31.401497,0.0,0.0,0.0,0.0
2023-06-01 12:53:31.411238,0.0,0.0,0.0,0.0
2023-06-01 12:53:31.419853,0.0,0.0,0.0,0.0
2023-06-01 12:53:31.429758,0.0,0.0,0.0,0.0
2023-06-01 12:53:31.438408,0.0,0.0,0.0,0.0
2023-06-01 12:53:31.456620,0.0,0.0,0.0,0.0
2023-06-01 12:53:31.465376,0.0,0.0,0.0,0.0
2023-06-01 12:53:31.475224,0.0,0.0,0.0,0.0
2023-06-01 12:53:31.483731,0.0,0.0,0.0,0.0
2023-06-01 12:53:31.492265,0.0,0.0,0.0,0.0
2023-06-01 12:53:31.502373,0.0,0.0,0.0,0.0
2023-06-01 12:53:31.510911,0.0,0.0,0.0,0.0
2023-06-01 12:53:31.519405,0.0,0.0,0.0,0.0
2023-06-01 12:53:31.531474,0.0,0.0,0.0,0.0
2023-06-01 12:53:31.540110,0.0,0.0,0.0,0.0
2023-06-01 12:53:31.559339,0.0,0.0,0.0,0.0
2023-06-01 12:53:31.568410,0.0,0.0,0.0,0.0
2023-06-01 12:53:31.586913,0.0,0.0,0.0,0.0
2023-06-01 12:53:31.610579,0.0,0.0,0.0,0.0
2023-06-01 12:53:31.637157,0.0,0.0,0.0,0.0
2023-06-01 12:53:31.658671,0.0,0.0,0.0,0.0
2023-06-01 12:53:31.668190,0.0,0.0,0.0,0.0
2023-06-01 12:53:31.676625,0.0,0.0,0.0,0.0
2023-06-01 12:53:31.685672,0.0,0.0,0.0,0.0
2023-06-01 12:53:31.694727,0.0,0.0,0.0,0.0
2023-06-01 12:53:31.704778,0.0,0.0,0.0,0.0
2023-06-01 12:53:31.715217,0.0,0.0,0.0,0.0
2023-06-01 12:53:31.724278,0.0,0.0,0.0,0.0
2023-06-01 12:53:31.733026,0.0,0.0,0.0,0.0
2023-06-01 12:53:31.755329,0.0,0.0,0.0,0.0
2023-06-01 12:53:31.764591,0.0,0.0,0.0,0.0
2023-06-01 12:53:31.773594,0.0,0.0,0.0,0.0
2023-06-01 12:53:31.783213,0.0,0.0,0.0,0.0
2023-06-01 12:53:31.792939,0.0,0.0,0.0,0.0
2023-06-01 12:53:31.808381,0.0,0.0,0.0,0.0
2023-06-01 12:53:31.817582,0.0,0.0,0.0,0.0
2023-06-01 12:53:31.826089,0.0,0.0,0.0,0.0
2023-06-01 12:53:31.835236,0.0,0.0,0.0,0.0
2023-06-01 12:53:31.843681,0.0,0.0,0.0,0.0
2023-06-01 12:53:31.852292,0.0,0.0,0.0,0.0
2023-06-01 12:53:31.861086,0.0,0.0,0.0,0.0
2023-06-01 12:53:31.870242,0.0,0.0,0.0,0.0
2023-06-01 12:53:31.878357,0.0,0.0,0.0,0.0
2023-06-01 12:53:31.888381,0.0,0.0,0.0,0.0
2023-06-01 12:53:31.899363,0.0,0.0,0.0,0.0
2023-06-01 12:53:31.909862,0.0,0.0,0.0,0.0
2023-06-01 12:53:31.922158,0.0,0.0,0.0,0.0
2023-06-01 12:53:31.943720,0.0,0.0,0.0,0.0
2023-06-01 12:53:31.952172,0.0,0.0,0.0,0.0
2023-06-01 12:53:31.960131,0.0,0.0,0.0,0.0
2023-06-01 12:53:31.969395,0.0,0.0,0.0,0.0
2023-06-01 12:53:31.978099,0.0,0.0,0.0,0.0
2023-06-01 12:53:32.001011,0.0,0.0,0.0,0.0
2023-06-01 12:53:32.025269,0.0,0.0,0.0,0.0
2023-06-01 12:53:32.042019,0.0,0.0,0.0,0.0
2023-06-01 12:53:32.050702,0.0,0.0,0.0,0.0
2023-06-01 12:53:32.058969,0.0,0.0,0.0,0.0
2023-06-01 12:53:32.069017,0.0,0.0,0.0,0.0
2023-06-01 12:53:32.081733,0.0,0.0,0.0,0.0
2023-06-01 12:53:32.090411,0.0,0.0,0.0,0.0
2023-06-01 12:53:32.099210,0.0,0.0,0.0,0.0
2023-06-01 12:53:32.109984,0.0,0.0,0.0,0.0
2023-06-01 12:53:32.119213,0.0,0.0,0.0,0.0
2023-06-01 12:53:32.130038,0.0,0.0,0.0,0.0
2023-06-01 12:53:32.141172,0.0,0.0,0.0,0.0
2023-06-01 12:53:32.149278,0.0,0.0,0.0,0.0
2023-06-01 12:53:32.165801,0.0,0.0,0.0,0.0
2023-06-01 12:53:32.184985,0.0,0.0,0.0,0.0
2023-06-01 12:53:32.205784,0.0,0.0,0.0,0.0
2023-06-01 12:53:32.225658,0.0,0.0,0.0,0.0
2023-06-01 12:53:32.246680,0.0,0.0,0.0,0.0
2023-06-01 12:53:32.266472,0.0,0.0,0.0,0.0
2023-06-01 12:53:32.285523,0.0,0.0,0.0,0.0
2023-06-01 12:53:32.305293,0.0,0.0,0.0,0.0
2023-06-01 12:53:32.325025,0.0,0.0,0.0,0.0
2023-06-01 12:53:32.341801,0.0,0.0,0.0,0.0
2023-06-01 12:53:32.347979,0.0,0.0,0.0,0.0
2023-06-01 12:53:32.357068,0.0,0.0,0.0,0.0
2023-06-01 12:53:32.370291,0.0,0.0,0.0,0.0
2023-06-01 12:53:32.377316,0.0,0.0,0.0,0.0
2023-06-01 12:53:32.387651,0.0,0.0,0.0,0.0
2023-06-01 12:53:32.398355,0.0,0.0,0.0,0.0
2023-06-01 12:53:32.411649,0.0,0.0,0.0,0.0
2023-06-01 12:53:32.422140,0.0,0.0,0.0,0.0
2023-06-01 12:53:32.433927,0.0,0.0,0.0,0.0
2023-06-01 12:53:32.442438,0.0,0.0,0.0,0.0
2023-06-01 12:53:32.448901,0.0,0.0,0.0,0.0
2023-06-01 12:53:32.456380,0.0,0.0,0.0,0.0
2023-06-01 12:53:32.467505,0.0,0.0,0.0,0.0
2023-06-01 12:53:32.477251,0.0,0.0,0.0,0.0
2023-06-01 12:53:32.497454,0.0,0.0,0.0,0.0
2023-06-01 12:53:32.518857,0.0,0.0,0.0,0.0
2023-06-01 12:53:32.531155,0.0,0.0,0.0,0.0
2023-06-01 12:53:32.538936,0.0,0.0,0.0,0.0
2023-06-01 12:53:32.547137,0.0,0.0,0.0,0.0
2023-06-01 12:53:32.556440,0.0,0.0,0.0,0.0
2023-06-01 12:53:32.569676,0.0,0.0,0.0,0.0
2023-06-01 12:53:32.589091,0.0,0.0,0.0,0.0
2023-06-01 12:53:32.610586,0.0,0.0,0.0,0.0
2023-06-01 12:53:32.628312,0.0,0.0,0.0,0.0
2023-06-01 12:53:32.635545,0.0,0.0,0.0,0.0
2023-06-01 12:53:32.642131,0.0,0.0,0.0,0.0
2023-06-01 12:53:32.648086,0.0,0.0,0.0,0.0
2023-06-01 12:53:32.656788,0.0,0.0,0.0,0.0
2023-06-01 12:53:32.666586,0.0,0.0,0.0,0.0
2023-06-01 12:53:32.676962,0.0,0.0,0.0,0.0
2023-06-01 12:53:32.688010,0.0,0.0,0.0,0.0
2023-06-01 12:53:32.700155,0.0,0.0,0.0,0.0
2023-06-01 12:53:32.713293,0.0,0.0,0.0,0.0
2023-06-01 12:53:32.723467,0.0,0.0,0.0,0.0
2023-06-01 12:53:32.734623,0.0,0.0,0.0,0.0
2023-06-01 12:53:32.741547,0.0,0.0,0.0,0.0
2023-06-01 12:53:32.747433,0.0,0.0,0.0,0.0
2023-06-01 12:53:32.756473,0.0,0.0,0.0,0.0
2023-06-01 12:53:32.776907,0.0,0.0,0.0,0.0
2023-06-01 12:53:32.785990,0.0,0.0,0.0,0.0
2023-06-01 12:53:32.795160,0.0,0.0,0.0,0.0
2023-06-01 12:53:32.804131,0.0,0.0,0.0,0.0
2023-06-01 12:53:32.813831,0.0,0.0,0.0,0.0
2023-06-01 12:53:32.822479,0.0,0.0,0.0,0.0
2023-06-01 12:53:32.831732,0.0,0.0,0.0,0.0
2023-06-01 12:53:32.840341,0.0,0.0,0.0,0.0
2023-06-01 12:53:32.848960,0.0,0.0,0.0,0.0
2023-06-01 12:53:32.860125,0.0,0.0,0.0,0.0
2023-06-01 12:53:32.866625,0.0,0.0,0.0,0.0
2023-06-01 12:53:32.877084,0.0,0.0,0.0,0.0
2023-06-01 12:53:32.887341,0.0,0.0,0.0,0.0
2023-06-01 12:53:32.899221,0.0,0.0,0.0,0.0
2023-06-01 12:53:32.909361,0.0,0.0,0.0,0.0
2023-06-01 12:53:32.919010,0.0,0.0,0.0,0.0
2023-06-01 12:53:32.928281,0.0,0.0,0.0,0.0
2023-06-01 12:53:32.938215,0.0,0.0,0.0,0.0
2023-06-01 12:53:32.947790,0.0,0.0,0.0,0.0
2023-06-01 12:53:32.956474,0.0,0.0,0.0,0.0
2023-06-01 12:53:32.966756,0.0,0.0,0.0,0.0
2023-06-01 12:53:32.976780,0.0,0.0,0.0,0.0
2023-06-01 12:53:32.987444,0.0,0.0,0.0,0.0
2023-06-01 12:53:33.000379,0.0,0.0,0.0,0.0
2023-06-01 12:53:33.013216,0.0,0.0,0.0,0.0
2023-06-01 12:53:33.025778,0.0,0.0,0.0,0.0
2023-06-01 12:53:33.037789,0.0,0.0,0.0,0.0
2023-06-01 12:53:33.044716,0.0,0.0,0.0,0.0
2023-06-01 12:53:33.050450,0.0,0.0,0.0,0.0
2023-06-01 12:53:33.056178,0.0,0.0,0.0,0.0
2023-06-01 12:53:33.066772,0.0,0.0,0.0,0.0
2023-06-01 12:53:33.077298,0.0,0.0,0.0,0.0
2023-06-01 12:53:33.088268,0.0,0.0,0.0,0.0
2023-06-01 12:53:33.104068,0.0,0.0,0.0,0.0
2023-06-01 12:53:33.120927,0.0,0.0,0.0,0.0
2023-06-01 12:53:33.138573,0.0,0.0,0.0,0.0
2023-06-01 12:53:33.147425,0.0,0.0,0.0,0.0
2023-06-01 12:53:33.156476,0.0,0.0,0.0,0.0
2023-06-01 12:53:33.164779,0.0,0.0,0.0,0.0
2023-06-01 12:53:33.172876,0.0,0.0,0.0,0.0
2023-06-01 12:53:33.181035,0.0,0.0,0.0,0.0
2023-06-01 12:53:33.189583,0.0,0.0,0.0,0.0
2023-06-01 12:53:33.198845,0.0,0.0,0.0,0.0
2023-06-01 12:53:33.218529,0.0,0.0,0.0,0.0
2023-06-01 12:53:33.229317,0.0,0.0,0.0,0.0
2023-06-01 12:53:33.237333,0.0,0.0,0.0,0.0
2023-06-01 12:53:33.257447,0.0,0.0,0.0,0.0
2023-06-01 12:53:33.265697,0.0,0.0,0.0,0.0
2023-06-01 12:53:33.273699,0.0,0.0,0.0,0.0
2023-06-01 12:53:33.281795,0.0,0.0,0.0,0.0
2023-06-01 12:53:33.289961,0.0,0.0,0.0,0.0
2023-06-01 12:53:33.298317,0.0,0.0,0.0,0.0
2023-06-01 12:53:33.308588,0.0,0.0,0.0,0.0
2023-06-01 12:53:33.319874,0.0,0.0,0.0,0.0
2023-06-01 12:53:33.328842,0.0,0.0,0.0,0.0
2023-06-01 12:53:33.340951,0.0,0.0,0.0,0.0
2023-06-01 12:53:33.347429,0.0,0.0,0.0,0.0
2023-06-01 12:53:33.356441,0.0,0.0,0.0,0.0
2023-06-01 12:53:33.366764,0.0,0.0,0.0,0.0
2023-06-01 12:53:33.376982,0.0,0.0,0.0,0.0
2023-06-01 12:53:33.387559,0.0,0.0,0.0,0.0
2023-06-01 12:53:33.405902,0.0,0.0,0.0,0.0
2023-06-01 12:53:33.425813,0.0,0.0,0.0,0.0
2023-06-01 12:53:33.445664,0.0,0.0,0.0,0.0
2023-06-01 12:53:33.452044,0.0,0.0,0.0,0.0
2023-06-01 12:53:33.458531,0.0,0.0,0.0,0.0
2023-06-01 12:53:33.467348,0.0,0.0,0.0,0.0
2023-06-01 12:53:33.477647,0.0,0.0,0.0,0.0
2023-06-01 12:53:33.487068,0.0,0.0,0.0,0.0
2023-06-01 12:53:33.499919,0.0,0.0,0.0,0.0
2023-06-01 12:53:33.508012,0.0,0.0,0.0,0.0
2023-06-01 12:53:33.521648,0.0,0.0,0.0,0.0
2023-06-01 12:53:33.529660,0.0,0.0,0.0,0.0
2023-06-01 12:53:33.537162,0.0,0.0,0.0,0.0
2023-06-01 12:53:33.547296,0.0,0.0,0.0,0.0
2023-06-01 12:53:33.557678,0.0,0.0,0.0,0.0
2023-06-01 12:53:33.566941,0.0,0.0,0.0,0.0
2023-06-01 12:53:33.577176,0.0,0.0,0.0,0.0
2023-06-01 12:53:33.587729,0.0,0.0,0.0,0.0
2023-06-01 12:53:33.604344,0.0,0.0,0.0,0.0
2023-06-01 12:53:33.615893,0.0,0.0,0.0,0.0
2023-06-01 12:53:33.627399,0.0,0.0,0.0,0.0
2023-06-01 12:53:33.635798,0.0,0.0,0.0,0.0
2023-06-01 12:53:33.642554,0.0,0.0,0.0,0.0
2023-06-01 12:53:33.648541,0.0,0.0,0.0,0.0
2023-06-01 12:53:33.657001,0.0,0.0,0.0,0.0
2023-06-01 12:53:33.666519,0.0,0.0,0.0,0.0
2023-06-01 12:53:33.676923,0.0,0.0,0.0,0.0
2023-06-01 12:53:33.687728,0.0,0.0,0.0,0.0
2023-06-01 12:53:33.698153,0.0,0.0,0.0,0.0
2023-06-01 12:53:33.709109,0.0,0.0,0.0,0.0
2023-06-01 12:53:33.718928,0.0,0.0,0.0,0.0
2023-06-01 12:53:33.728234,0.0,0.0,0.0,0.0
2023-06-01 12:53:33.736986,0.0,0.0,0.0,0.0
2023-06-01 12:53:33.747373,0.0,0.0,0.0,0.0
2023-06-01 12:53:33.756677,0.0,0.0,0.0,0.0
2023-06-01 12:53:33.766866,0.0,0.0,0.0,0.0
2023-06-01 12:53:33.777405,0.0,0.0,0.0,0.0
2023-06-01 12:53:33.788240,0.0,0.0,0.0,0.0
2023-06-01 12:53:33.797925,0.0,0.0,0.0,0.0
2023-06-01 12:53:33.816312,0.0,0.0,0.0,0.0
2023-06-01 12:53:33.823728,0.0,0.0,0.0,0.0
2023-06-01 12:53:33.831472,0.0,0.0,0.0,0.0
2023-06-01 12:53:33.839005,0.0,0.0,0.0,0.0
2023-06-01 12:53:33.847278,0.0,0.0,0.0,0.0
2023-06-01 12:53:33.856433,0.0,0.0,0.0,0.0
2023-06-01 12:53:33.867144,0.0,0.0,0.0,0.0
2023-06-01 12:53:33.877379,0.0,0.0,0.0,0.0
2023-06-01 12:53:33.889944,0.0,0.0,0.0,0.0
2023-06-01 12:53:33.899353,0.0,0.0,0.0,0.0
2023-06-01 12:53:33.908169,0.0,0.0,0.0,0.0
2023-06-01 12:53:33.927596,0.0,0.0,0.0,0.0
2023-06-01 12:53:33.934838,0.0,0.0,0.0,0.0
2023-06-01 12:53:33.943851,0.0,0.0,0.0,0.0
2023-06-01 12:53:33.950813,0.0,0.0,0.0,0.0
2023-06-01 12:53:33.956616,0.0,0.0,0.0,0.0
2023-06-01 12:53:33.966823,0.0,0.0,0.0,0.0
2023-06-01 12:53:33.976813,0.0,0.0,0.0,0.0
2023-06-01 12:53:33.987481,0.0,0.0,0.0,0.0
2023-06-01 12:53:34.005754,0.0,0.0,0.0,0.0
2023-06-01 12:53:34.013668,0.0,0.0,0.0,0.0
2023-06-01 12:53:34.021162,0.0,0.0,0.0,0.0
2023-06-01 12:53:34.030225,0.0,0.0,0.0,0.0
2023-06-01 12:53:34.037319,0.0,0.0,0.0,0.0
2023-06-01 12:53:34.046636,0.0,0.0,0.0,0.0
2023-06-01 12:53:34.056704,0.0,0.0,0.0,0.0
2023-06-01 12:53:34.066692,0.0,0.0,0.0,0.0
2023-06-01 12:53:34.077875,0.0,0.0,0.0,0.0
2023-06-01 12:53:34.087764,0.0,0.0,0.0,0.0
2023-06-01 12:53:34.099992,0.0,0.0,0.0,0.0
2023-06-01 12:53:34.108341,0.0,0.0,0.0,0.0
2023-06-01 12:53:34.124695,0.0,0.0,0.0,0.0
2023-06-01 12:53:34.135987,0.0,0.0,0.0,0.0
2023-06-01 12:53:34.143542,0.0,0.0,0.0,0.0
2023-06-01 12:53:34.150633,0.0,0.0,0.0,0.0
2023-06-01 12:53:34.157564,0.0,0.0,0.0,0.0
2023-06-01 12:53:34.166890,0.0,0.0,0.0,0.0
2023-06-01 12:53:34.177191,0.0,0.0,0.0,0.0
2023-06-01 12:53:34.187940,0.0,0.0,0.0,0.0
2023-06-01 12:53:34.201576,0.0,0.0,0.0,0.0
2023-06-01 12:53:34.211062,0.0,0.0,0.0,0.0
2023-06-01 12:53:34.224858,0.0,0.0,0.0,0.0
2023-06-01 12:53:34.236421,0.0,0.0,0.0,0.0
2023-06-01 12:53:34.248721,0.0,0.0,0.0,0.0
2023-06-01 12:53:34.257351,0.0,0.0,0.0,0.0
2023-06-01 12:53:34.265452,0.0,0.0,0.0,0.0
2023-06-01 12:53:34.273541,0.0,0.0,0.0,0.0
2023-06-01 12:53:34.281513,0.0,0.0,0.0,0.0
2023-06-01 12:53:34.289864,0.0,0.0,0.0,0.0
2023-06-01 12:53:34.297672,0.0,0.0,0.0,0.0
2023-06-01 12:53:34.315384,0.0,0.0,0.0,0.0
2023-06-01 12:53:34.324173,0.0,0.0,0.0,0.0
2023-06-01 12:53:34.332228,0.0,0.0,0.0,0.0
2023-06-01 12:53:34.340563,0.0,0.0,0.0,0.0
2023-06-01 12:53:34.349406,0.0,0.0,0.0,0.0
2023-06-01 12:53:34.357560,0.0,0.0,0.0,0.0
2023-06-01 12:53:34.374900,0.0,0.0,0.0,0.0
2023-06-01 12:53:34.389961,0.0,0.0,0.0,0.0
2023-06-01 12:53:34.398303,0.0,0.0,0.0,0.0
2023-06-01 12:53:34.417304,0.0,0.0,0.0,0.0
2023-06-01 12:53:34.423474,0.0,0.0,0.0,0.0
2023-06-01 12:53:34.430554,0.0,0.0,0.0,0.0
2023-06-01 12:53:34.437551,0.0,0.0,0.0,0.0
2023-06-01 12:53:34.446998,0.0,0.0,0.0,0.0
2023-06-01 12:53:34.456401,0.0,0.0,0.0,0.0
2023-06-01 12:53:34.467071,0.0,0.0,0.0,0.0
2023-06-01 12:53:34.477103,0.0,0.0,0.0,0.0
2023-06-01 12:53:34.487930,0.0,0.0,0.0,0.0
2023-06-01 12:53:34.501205,0.0,0.0,0.0,0.0
2023-06-01 12:53:34.509307,0.0,0.0,0.0,0.0
2023-06-01 12:53:34.518975,0.0,0.0,0.0,0.0
2023-06-01 12:53:34.528782,0.0,0.0,0.0,0.0
2023-06-01 12:53:34.538329,0.0,0.0,0.0,0.0
2023-06-01 12:53:34.547669,0.0,0.0,0.0,0.0
2023-06-01 12:53:34.556885,0.0,0.0,0.0,0.0
2023-06-01 12:53:34.567428,0.0,0.0,0.0,0.0
2023-06-01 12:53:34.578119,0.0,0.0,0.0,0.0
2023-06-01 12:53:34.589047,0.0,0.0,0.0,0.0
2023-06-01 12:53:34.598609,0.0,0.0,0.0,0.0
2023-06-01 12:53:34.608623,0.0,0.0,0.0,0.0
2023-06-01 12:53:34.618971,0.0,0.0,0.0,0.0
2023-06-01 12:53:34.628728,0.0,0.0,0.0,0.0
2023-06-01 12:53:34.638177,0.0,0.0,0.0,0.0
2023-06-01 12:53:34.648062,0.0,0.0,0.0,0.0
2023-06-01 12:53:34.657547,0.0,0.0,0.0,0.0
2023-06-01 12:53:34.667324,0.0,0.0,0.0,0.0
2023-06-01 12:53:34.685222,0.0,0.0,0.0,0.0
2023-06-01 12:53:34.705016,0.0,0.0,0.0,0.0
2023-06-01 12:53:34.734897,0.0,0.0,0.0,0.0
2023-06-01 12:53:34.741447,0.0,0.0,0.0,0.0
2023-06-01 12:53:34.747627,0.0,0.0,0.0,0.0
2023-06-01 12:53:34.756395,0.0,0.0,0.0,0.0
2023-06-01 12:53:34.766801,0.0,0.0,0.0,0.0
2023-06-01 12:53:34.777384,0.0,0.0,0.0,0.0
2023-06-01 12:53:34.787375,0.0,0.0,0.0,0.0
2023-06-01 12:53:34.798251,0.0,0.0,0.0,0.0
2023-06-01 12:53:34.815624,0.0,0.0,0.0,0.0
2023-06-01 12:53:34.826329,0.0,0.0,0.0,0.0
2023-06-01 12:53:34.836414,0.0,0.0,0.0,0.0
2023-06-01 12:53:34.843138,0.0,0.0,0.0,0.0
2023-06-01 12:53:34.849974,0.0,0.0,0.0,0.0
2023-06-01 12:53:34.856735,0.0,0.0,0.0,0.0
2023-06-01 12:53:34.867083,0.0,0.0,0.0,0.0
2023-06-01 12:53:34.877143,0.0,0.0,0.0,0.0
2023-06-01 12:53:34.887713,0.0,0.0,0.0,0.0
2023-06-01 12:53:34.900313,0.0,0.0,0.0,0.0
2023-06-01 12:53:34.914754,0.0,0.0,0.0,0.0
2023-06-01 12:53:34.922416,0.0,0.0,0.0,0.0
2023-06-01 12:53:34.929959,0.0,0.0,0.0,0.0
2023-06-01 12:53:34.937231,0.0,0.0,0.0,0.0
2023-06-01 12:53:34.947728,0.0,0.0,0.0,0.0
2023-06-01 12:53:34.956791,0.0,0.0,0.0,0.0
2023-06-01 12:53:34.967019,0.0,0.0,0.0,0.0
2023-06-01 12:53:34.976690,0.0,0.0,0.0,0.0
2023-06-01 12:53:34.987698,0.0,0.0,0.0,0.0
2023-06-01 12:53:34.998810,0.0,0.0,0.0,0.0
2023-06-01 12:53:35.009587,0.0,0.0,0.0,0.0
2023-06-01 12:53:35.017755,0.0,0.0,0.0,0.0
2023-06-01 12:53:35.029097,0.0,0.0,0.0,0.0
2023-06-01 12:53:35.039173,0.0,0.0,0.0,0.0
2023-06-01 12:53:35.047412,0.0,0.0,0.0,0.0
2023-06-01 12:53:35.056753,0.0,0.0,0.0,0.0
2023-06-01 12:53:35.066695,0.0,0.0,0.0,0.0
2023-06-01 12:53:35.077442,0.0,0.0,0.0,0.0
2023-06-01 12:53:35.087514,0.0,0.0,0.0,0.0
2023-06-01 12:53:35.099049,0.0,0.0,0.0,0.0
2023-06-01 12:53:35.109170,0.0,0.0,0.0,0.0
2023-06-01 12:53:35.118848,0.0,0.0,0.0,0.0
2023-06-01 12:53:35.131569,0.0,0.0,0.0,0.0
2023-06-01 12:53:35.139645,0.0,0.0,0.0,0.0
2023-06-01 12:53:35.149447,0.0,0.0,0.0,0.0
2023-06-01 12:53:35.158104,0.0,0.0,0.0,0.0
2023-06-01 12:53:35.174753,0.0,0.0,0.0,0.0
2023-06-01 12:53:35.194688,0.0,0.0,0.0,0.0
2023-06-01 12:53:35.216991,0.0,0.0,0.0,0.0
2023-06-01 12:53:35.234700,0.0,0.0,0.0,0.0
2023-06-01 12:53:35.249836,0.0,0.0,0.0,0.0
2023-06-01 12:53:35.258165,0.0,0.0,0.0,0.0
2023-06-01 12:53:35.268018,0.0,0.0,0.0,0.0
2023-06-01 12:53:35.278191,0.0,0.0,0.0,0.0
2023-06-01 12:53:35.297568,0.0,0.0,0.0,0.0
2023-06-01 12:53:35.310712,0.0,0.0,0.0,0.0
2023-06-01 12:53:35.319942,0.0,0.0,0.0,0.0
2023-06-01 12:53:35.328446,0.0,0.0,0.0,0.0
2023-06-01 12:53:35.337874,0.0,0.0,0.0,0.0
2023-06-01 12:53:35.347777,0.0,0.0,0.0,0.0
2023-06-01 12:53:35.357993,0.0,0.0,0.0,0.0
2023-06-01 12:53:35.368031,0.0,0.0,0.0,0.0
2023-06-01 12:53:35.381357,0.0,0.0,0.0,0.0
2023-06-01 12:53:35.389372,0.0,0.0,0.0,0.0
2023-06-01 12:53:35.398253,0.0,0.0,0.0,0.0
2023-06-01 12:53:35.433978,0.0,0.0,0.0,0.0
2023-06-01 12:53:35.453266,0.0,0.0,0.0,0.0
2023-06-01 12:53:35.463817,0.0,0.0,0.0,0.0
2023-06-01 12:53:35.471644,0.0,0.0,0.0,0.0
2023-06-01 12:53:35.480696,0.0,0.0,0.0,0.0
2023-06-01 12:53:35.488642,0.0,0.0,0.0,0.0
2023-06-01 12:53:35.514721,0.0,0.0,0.0,0.0
2023-06-01 12:53:35.525670,0.0,0.0,0.0,0.0
2023-06-01 12:53:35.534545,0.0,0.0,0.0,0.0
2023-06-01 12:53:35.543448,0.0,0.0,0.0,0.0
2023-06-01 12:53:35.553258,0.0,0.0,0.0,0.0
2023-06-01 12:53:35.561623,0.0,0.0,0.0,0.0
2023-06-01 12:53:35.569904,0.0,0.0,0.0,0.0
2023-06-01 12:53:35.578364,0.0,0.0,0.0,0.0
2023-06-01 12:53:35.588668,0.0,0.0,0.0,0.0
2023-06-01 12:53:35.609987,0.0,0.0,0.0,0.0
2023-06-01 12:53:35.627322,0.0,0.0,0.0,0.0
2023-06-01 12:53:35.635904,0.0,0.0,0.0,0.0
2023-06-01 12:53:35.644475,0.0,0.0,0.0,0.0
2023-06-01 12:53:35.652452,0.0,0.0,0.0,0.0
2023-06-01 12:53:35.660485,0.0,0.0,0.0,0.0
2023-06-01 12:53:35.668481,0.0,0.0,0.0,0.0
2023-06-01 12:53:35.678031,0.0,0.0,0.0,0.0
2023-06-01 12:53:35.689490,0.0,0.0,0.0,0.0
2023-06-01 12:53:35.699642,0.0,0.0,0.0,0.0
2023-06-01 12:53:35.708757,0.0,0.0,0.0,0.0
2023-06-01 12:53:35.726374,0.0,0.0,0.0,0.0
2023-06-01 12:53:35.735831,0.0,0.0,0.0,0.0
2023-06-01 12:53:35.744790,0.0,0.0,0.0,0.0
2023-06-01 12:53:35.753227,0.0,0.0,0.0,0.0
2023-06-01 12:53:35.761167,0.0,0.0,0.0,0.0
2023-06-01 12:53:35.769047,0.0,0.0,0.0,0.0
2023-06-01 12:53:35.778280,0.0,0.0,0.0,0.0
2023-06-01 12:53:35.788657,0.0,0.0,0.0,0.0
2023-06-01 12:53:35.806571,0.0,0.0,0.0,0.0
2023-06-01 12:53:35.819350,0.0,0.0,0.0,0.0
2023-06-01 12:53:35.827677,0.0,0.0,0.0,0.0
2023-06-01 12:53:35.837523,0.0,0.0,0.0,0.0
2023-06-01 12:53:35.847215,0.0,0.0,0.0,0.0
2023-06-01 12:53:35.856453,0.0,0.0,0.0,0.0
2023-06-01 12:53:35.866816,0.0,0.0,0.0,0.0
2023-06-01 12:53:35.878246,0.0,0.0,0.0,0.0
2023-06-01 12:53:35.892326,0.0,0.0,0.0,0.0
2023-06-01 12:53:35.900336,0.0,0.0,0.0,0.0
2023-06-01 12:53:35.909061,0.0,0.0,0.0,0.0
2023-06-01 12:53:35.928763,0.0,0.0,0.0,0.0
2023-06-01 12:53:35.938474,0.0,0.0,0.0,0.0
2023-06-01 12:53:35.954878,0.0,0.0,0.0,0.0
2023-06-01 12:53:35.973670,0.0,0.0,0.0,0.0
2023-06-01 12:53:35.990816,0.0,0.0,0.0,0.0
2023-06-01 12:53:36.010057,0.0,0.0,0.0,0.0
2023-06-01 12:53:36.030748,0.0,0.0,0.0,0.0
2023-06-01 12:53:36.044001,0.0,0.0,0.0,0.0
2023-06-01 12:53:36.051886,0.0,0.0,0.0,0.0
2023-06-01 12:53:36.059692,0.0,0.0,0.0,0.0
2023-06-01 12:53:36.068601,0.0,0.0,0.0,0.0
2023-06-01 12:53:36.079494,0.0,0.0,0.0,0.0
2023-06-01 12:53:36.089241,0.0,0.0,0.0,0.0
2023-06-01 12:53:36.099100,0.0,0.0,0.0,0.0
2023-06-01 12:53:36.109928,0.0,0.0,0.0,0.0
2023-06-01 12:53:36.124587,0.0,0.0,0.0,0.0
2023-06-01 12:53:36.132835,0.0,0.0,0.0,0.0
2023-06-01 12:53:36.141077,0.0,0.0,0.0,0.0
2023-06-01 12:53:36.149024,0.0,0.0,0.0,0.0
2023-06-01 12:53:36.157929,0.0,0.0,0.0,0.0
2023-06-01 12:53:36.168049,0.0,0.0,0.0,0.0
2023-06-01 12:53:36.184646,0.0,0.0,0.0,0.0
2023-06-01 12:53:36.200729,0.0,0.0,0.0,0.0
2023-06-01 12:53:36.209690,0.0,0.0,0.0,0.0
2023-06-01 12:53:36.218168,0.0,0.0,0.0,0.0
2023-06-01 12:53:36.230301,0.0,0.0,0.0,0.0
2023-06-01 12:53:36.238309,0.0,0.0,0.0,0.0
2023-06-01 12:53:36.247862,0.0,0.0,0.0,0.0
2023-06-01 12:53:36.258391,0.0,0.0,0.0,0.0
2023-06-01 12:53:36.267997,0.0,0.0,0.0,0.0
2023-06-01 12:53:36.285118,0.0,0.0,0.0,0.0
2023-06-01 12:53:36.305259,0.0,0.0,0.0,0.0
2023-06-01 12:53:36.318014,0.0,0.0,0.0,0.0
2023-06-01 12:53:36.337841,0.0,0.0,0.0,0.0
2023-06-01 12:53:36.357116,0.0,0.0,0.0,0.0
2023-06-01 12:53:36.374128,0.0,0.0,0.0,0.0
2023-06-01 12:53:36.393158,0.0,0.0,0.0,0.0
2023-06-01 12:53:36.403668,0.0,0.0,0.0,0.0
2023-06-01 12:53:36.412954,0.0,0.0,0.0,0.0
2023-06-01 12:53:36.421332,0.0,0.0,0.0,0.0
2023-06-01 12:53:36.429539,0.0,0.0,0.0,0.0
2023-06-01 12:53:36.438224,0.0,0.0,0.0,0.0
2023-06-01 12:53:36.448888,0.0,0.0,0.0,0.0
2023-06-01 12:53:36.456774,0.0,0.0,0.0,0.0
2023-06-01 12:53:36.466699,0.0,0.0,0.0,0.0
2023-06-01 12:53:36.477243,0.0,0.0,0.0,0.0
2023-06-01 12:53:36.487566,0.0,0.0,0.0,0.0
2023-06-01 12:53:36.498540,0.0,0.0,0.0,0.0
2023-06-01 12:53:36.515055,0.0,0.0,0.0,0.0
2023-06-01 12:53:36.525736,0.0,0.0,0.0,0.0
2023-06-01 12:53:36.535016,0.0,0.0,0.0,0.0
2023-06-01 12:53:36.544306,0.0,0.0,0.0,0.0
2023-06-01 12:53:36.552849,0.0,0.0,0.0,0.0
2023-06-01 12:53:36.561597,0.0,0.0,0.0,0.0
2023-06-01 12:53:36.569942,0.0,0.0,0.0,0.0
2023-06-01 12:53:36.578302,0.0,0.0,0.0,0.0
2023-06-01 12:53:36.590831,0.0,0.0,0.0,0.0
2023-06-01 12:53:36.603624,0.0,0.0,0.0,0.0
2023-06-01 12:53:36.619555,0.0,0.0,0.0,0.0
2023-06-01 12:53:36.634904,0.0,0.0,0.0,0.0
2023-06-01 12:53:36.654621,0.0,0.0,0.0,0.0
2023-06-01 12:53:36.664867,0.0,0.0,0.0,0.0
2023-06-01 12:53:36.673148,0.0,0.0,0.0,0.0
2023-06-01 12:53:36.681588,0.0,0.0,0.0,0.0
2023-06-01 12:53:36.689977,0.0,0.0,0.0,0.0
2023-06-01 12:53:36.698757,0.0,0.0,0.0,0.0
2023-06-01 12:53:36.717144,0.0,0.0,0.0,0.0
2023-06-01 12:53:36.735241,0.0,0.0,0.0,0.0
2023-06-01 12:53:36.754764,0.0,0.0,0.0,0.0
2023-06-01 12:53:36.770049,0.0,0.0,0.0,0.0
2023-06-01 12:53:36.778368,0.0,0.0,0.0,0.0
2023-06-01 12:53:36.787916,0.0,0.0,0.0,0.0
2023-06-01 12:53:36.798361,0.0,0.0,0.0,0.0
2023-06-01 12:53:36.814231,0.0,0.0,0.0,0.0
2023-06-01 12:53:36.822098,0.0,0.0,0.0,0.0
2023-06-01 12:53:36.830031,0.0,0.0,0.0,0.0
2023-06-01 12:53:36.837568,0.0,0.0,0.0,0.0
2023-06-01 12:53:36.850453,0.0,0.0,0.0,0.0
2023-06-01 12:53:36.857213,0.0,0.0,0.0,0.0
2023-06-01 12:53:36.868028,0.0,0.0,0.0,0.0
2023-06-01 12:53:36.879006,0.0,0.0,0.0,0.0
2023-06-01 12:53:36.888406,0.0,0.0,0.0,0.0
2023-06-01 12:53:36.902130,0.0,0.0,0.0,0.0
2023-06-01 12:53:36.912150,0.0,0.0,0.0,0.0
2023-06-01 12:53:36.922388,0.0,0.0,0.0,0.0
2023-06-01 12:53:36.930993,0.0,0.0,0.0,0.0
2023-06-01 12:53:36.939123,0.0,0.0,0.0,0.0
2023-06-01 12:53:36.948639,0.0,0.0,0.0,0.0
2023-06-01 12:53:36.959001,0.0,0.0,0.0,0.0
2023-06-01 12:53:36.968293,0.0,0.0,0.0,0.0
2023-06-01 12:53:36.979398,0.0,0.0,0.0,0.0
2023-06-01 12:53:36.988142,0.0,0.0,0.0,0.0
2023-06-01 12:53:36.998455,0.0,0.0,0.0,0.0
2023-06-01 12:53:37.015427,0.0,0.0,0.0,0.0
2023-06-01 12:53:37.024286,0.0,0.0,0.0,0.0
2023-06-01 12:53:37.032778,0.0,0.0,0.0,0.0
2023-06-01 12:53:37.041007,0.0,0.0,0.0,0.0
2023-06-01 12:53:37.049340,0.0,0.0,0.0,0.0
2023-06-01 12:53:37.058208,0.0,0.0,0.0,0.0
2023-06-01 12:53:37.069199,0.0,0.0,0.0,0.0
2023-06-01 12:53:37.077631,0.0,0.0,0.0,0.0
2023-06-01 12:53:37.088020,0.0,0.0,0.0,0.0
2023-06-01 12:53:37.099283,0.0,0.0,0.0,0.0
2023-06-01 12:53:37.109761,0.0,0.0,0.0,0.0
2023-06-01 12:53:37.119056,0.0,0.0,0.0,0.0
2023-06-01 12:53:37.130665,0.0,0.0,0.0,0.0
2023-06-01 12:53:37.138622,0.0,0.0,0.0,0.0
2023-06-01 12:53:37.147214,0.0,0.0,0.0,0.0
2023-06-01 12:53:37.157736,0.0,0.0,0.0,0.0
2023-06-01 12:53:37.166613,0.0,0.0,0.0,0.0
2023-06-01 12:53:37.176999,0.0,0.0,0.0,0.0
2023-06-01 12:53:37.191410,0.0,0.0,0.0,0.0
2023-06-01 12:53:37.200480,0.0,0.0,0.0,0.0
2023-06-01 12:53:37.217463,0.0,0.0,0.0,0.0
2023-06-01 12:53:37.232077,0.0,0.0,0.0,0.0
2023-06-01 12:53:37.240325,0.0,0.0,0.0,0.0
2023-06-01 12:53:37.246781,0.0,0.0,0.0,0.0
2023-06-01 12:53:37.256588,0.0,0.0,0.0,0.0
2023-06-01 12:53:37.266873,0.0,0.0,0.0,0.0
2023-06-01 12:53:37.277206,0.0,0.0,0.0,0.0
2023-06-01 12:53:37.289407,0.0,0.0,0.0,0.0
2023-06-01 12:53:37.299407,0.0,0.0,0.0,0.0
2023-06-01 12:53:37.312081,0.0,0.0,0.0,0.0
2023-06-01 12:53:37.323644,0.0,0.0,0.0,0.0
2023-06-01 12:53:37.331256,0.0,0.0,0.0,0.0
2023-06-01 12:53:37.340479,0.0,0.0,0.0,0.0
2023-06-01 12:53:37.347021,0.0,0.0,0.0,0.0
2023-06-01 12:53:37.356377,0.0,0.0,0.0,0.0
2023-06-01 12:53:37.366615,0.0,0.0,0.0,0.0
2023-06-01 12:53:37.376794,0.0,0.0,0.0,0.0
2023-06-01 12:53:37.387431,0.0,0.0,0.0,0.0
2023-06-01 12:53:37.398378,0.0,0.0,0.0,0.0
2023-06-01 12:53:37.409410,0.0,0.0,0.0,0.0
2023-06-01 12:53:37.418122,0.0,0.0,0.0,0.0
2023-06-01 12:53:37.429483,0.0,0.0,0.0,0.0
2023-06-01 12:53:37.437593,0.0,0.0,0.0,0.0
2023-06-01 12:53:37.447113,0.0,0.0,0.0,0.0
2023-06-01 12:53:37.456879,0.0,0.0,0.0,0.0
2023-06-01 12:53:37.467350,0.0,0.0,0.0,0.0
2023-06-01 12:53:37.477408,0.0,0.0,0.0,0.0
2023-06-01 12:53:37.487191,0.0,0.0,0.0,0.0
2023-06-01 12:53:37.509385,0.0,0.0,0.0,0.0
2023-06-01 12:53:37.517054,0.0,0.0,0.0,0.0
2023-06-01 12:53:37.523804,0.0,0.0,0.0,0.0
2023-06-01 12:53:37.531085,0.0,0.0,0.0,0.0
2023-06-01 12:53:37.538406,0.0,0.0,0.0,0.0
2023-06-01 12:53:37.547019,0.0,0.0,0.0,0.0
2023-06-01 12:53:37.556328,0.0,0.0,0.0,0.0
2023-06-01 12:53:37.566732,0.0,0.0,0.0,0.0
2023-06-01 12:53:37.577232,0.0,0.0,0.0,0.0
2023-06-01 12:53:37.595553,0.0,0.0,0.0,0.0
2023-06-01 12:53:37.603347,0.0,0.0,0.0,0.0
2023-06-01 12:53:37.611948,0.0,0.0,0.0,0.0
2023-06-01 12:53:37.620862,0.0,0.0,0.0,0.0
2023-06-01 12:53:37.629670,0.0,0.0,0.0,0.0
2023-06-01 12:53:37.637158,0.0,0.0,0.0,0.0
2023-06-01 12:53:37.648058,0.0,0.0,0.0,0.0
2023-06-01 12:53:37.656580,0.0,0.0,0.0,0.0
2023-06-01 12:53:37.667070,0.0,0.0,0.0,0.0
2023-06-01 12:53:37.676799,0.0,0.0,0.0,0.0
2023-06-01 12:53:37.687669,0.0,0.0,0.0,0.0
2023-06-01 12:53:37.698373,0.0,0.0,0.0,0.0
2023-06-01 12:53:37.713934,0.0,0.0,0.0,0.0
2023-06-01 12:53:37.722168,0.0,0.0,0.0,0.0
2023-06-01 12:53:37.729731,0.0,0.0,0.0,0.0
2023-06-01 12:53:37.738169,0.0,0.0,0.0,0.0
2023-06-01 12:53:37.749331,0.0,0.0,0.0,0.0
2023-06-01 12:53:37.756562,0.0,0.0,0.0,0.0
2023-06-01 12:53:37.766577,0.0,0.0,0.0,0.0
2023-06-01 12:53:37.777237,0.0,0.0,0.0,0.0
2023-06-01 12:53:37.787319,0.0,0.0,0.0,0.0
2023-06-01 12:53:37.800833,0.0,0.0,0.0,0.0
2023-06-01 12:53:37.815359,0.0,0.0,0.0,0.0
2023-06-01 12:53:37.825422,0.0,0.0,0.0,0.0
2023-06-01 12:53:37.833432,0.0,0.0,0.0,0.0
2023-06-01 12:53:37.841087,0.0,0.0,0.0,0.0
2023-06-01 12:53:37.848179,0.0,0.0,0.0,0.0
2023-06-01 12:53:37.856669,0.0,0.0,0.0,0.0
2023-06-01 12:53:37.866805,0.0,0.0,0.0,0.0
2023-06-01 12:53:37.876898,0.0,0.0,0.0,0.0
2023-06-01 12:53:37.887371,0.0,0.0,0.0,0.0
2023-06-01 12:53:37.899364,0.0,0.0,0.0,0.0
2023-06-01 12:53:37.908478,0.0,0.0,0.0,0.0
2023-06-01 12:53:37.918724,0.0,0.0,0.0,0.0
2023-06-01 12:53:37.928873,0.0,0.0,0.0,0.0
2023-06-01 12:53:37.943981,0.0,0.0,0.0,0.0
2023-06-01 12:53:37.951348,0.0,0.0,0.0,0.0
2023-06-01 12:53:37.957434,0.0,0.0,0.0,0.0
2023-06-01 12:53:37.967331,0.0,0.0,0.0,0.0
2023-06-01 12:53:37.977136,0.0,0.0,0.0,0.0
2023-06-01 12:53:37.987794,0.0,0.0,0.0,0.0
2023-06-01 12:53:37.999360,0.0,0.0,0.0,0.0
2023-06-01 12:53:38.009538,0.0,0.0,0.0,0.0
2023-06-01 12:53:38.018220,0.0,0.0,0.0,0.0
2023-06-01 12:53:38.029652,0.0,0.0,0.0,0.0
2023-06-01 12:53:38.040228,0.0,0.0,0.0,0.0
2023-06-01 12:53:38.047771,0.0,0.0,0.0,0.0
2023-06-01 12:53:38.057088,0.0,0.0,0.0,0.0
2023-06-01 12:53:38.066901,0.0,0.0,0.0,0.0
2023-06-01 12:53:38.078249,0.0,0.0,0.0,0.0
2023-06-01 12:53:38.088820,0.0,0.0,0.0,0.0
2023-06-01 12:53:38.104954,0.0,0.0,0.0,0.0
2023-06-01 12:53:38.113017,0.0,0.0,0.0,0.0
2023-06-01 12:53:38.120568,0.0,0.0,0.0,0.0
2023-06-01 12:53:38.127702,0.0,0.0,0.0,0.0
2023-06-01 12:53:38.137429,0.0,0.0,0.0,0.0
2023-06-01 12:53:38.146896,0.0,0.0,0.0,0.0
2023-06-01 12:53:38.156558,0.0,0.0,0.0,0.0
2023-06-01 12:53:38.167334,0.0,0.0,0.0,0.0
2023-06-01 12:53:38.176838,0.0,0.0,0.0,0.0
2023-06-01 12:53:38.187639,0.0,0.0,0.0,0.0
2023-06-01 12:53:38.200110,0.0,0.0,0.0,0.0
2023-06-01 12:53:38.212674,0.0,0.0,0.0,0.0
2023-06-01 12:53:38.226595,0.0,0.0,0.0,0.0
2023-06-01 12:53:38.236983,0.0,0.0,0.0,0.0
2023-06-01 12:53:38.245972,0.0,0.0,0.0,0.0
2023-06-01 12:53:38.254478,0.0,0.0,0.0,0.0
2023-06-01 12:53:38.263096,0.0,0.0,0.0,0.0
2023-06-01 12:53:38.271694,0.0,0.0,0.0,0.0
2023-06-01 12:53:38.280233,0.0,0.0,0.0,0.0
2023-06-01 12:53:38.288473,0.0,0.0,0.0,0.0
2023-06-01 12:53:38.298160,0.0,0.0,0.0,0.0
2023-06-01 12:53:38.317205,0.0,0.0,0.0,0.0
2023-06-01 12:53:38.325938,0.0,0.0,0.0,0.0
2023-06-01 12:53:38.334586,0.0,0.0,0.0,0.0
2023-06-01 12:53:38.343581,0.0,0.0,0.0,0.0
2023-06-01 12:53:38.352585,0.0,0.0,0.0,0.0
2023-06-01 12:53:38.361080,0.0,0.0,0.0,0.0
2023-06-01 12:53:38.369293,0.0,0.0,0.0,0.0
2023-06-01 12:53:38.379374,0.0,0.0,0.0,0.0
2023-06-01 12:53:38.388159,0.0,0.0,0.0,0.0
2023-06-01 12:53:38.405977,0.0,0.0,0.0,0.0
2023-06-01 12:53:38.418114,0.0,0.0,0.0,0.0
2023-06-01 12:53:38.429499,0.0,0.0,0.0,0.0
2023-06-01 12:53:38.439507,0.0,0.0,0.0,0.0
2023-06-01 12:53:38.448065,0.0,0.0,0.0,0.0
2023-06-01 12:53:38.461055,0.0,0.0,0.0,0.0
2023-06-01 12:53:38.469678,0.0,0.0,0.0,0.0
2023-06-01 12:53:38.477965,0.0,0.0,0.0,0.0
2023-06-01 12:53:38.488407,0.0,0.0,0.0,0.0
2023-06-01 12:53:38.506070,0.0,0.0,0.0,0.0
2023-06-01 12:53:38.516762,0.0,0.0,0.0,0.0
2023-06-01 12:53:38.525079,0.0,0.0,0.0,0.0
2023-06-01 12:53:38.533523,0.0,0.0,0.0,0.0
2023-06-01 12:53:38.541563,0.0,0.0,0.0,0.0
2023-06-01 12:53:38.549624,0.0,0.0,0.0,0.0
2023-06-01 12:53:38.558015,0.0,0.0,0.0,0.0
2023-06-01 12:53:38.575944,0.0,0.0,0.0,0.0
2023-06-01 12:53:38.584715,0.0,0.0,0.0,0.0
2023-06-01 12:53:38.593355,0.0,0.0,0.0,0.0
2023-06-01 12:53:38.601836,0.0,0.0,0.0,0.0
2023-06-01 12:53:38.610215,0.0,0.0,0.0,0.0
2023-06-01 12:53:38.618567,0.0,0.0,0.0,0.0
2023-06-01 12:53:38.635752,0.0,0.0,0.0,0.0
2023-06-01 12:53:38.644035,0.0,0.0,0.0,0.0
2023-06-01 12:53:38.652589,0.0,0.0,0.0,0.0
2023-06-01 12:53:38.661005,0.0,0.0,0.0,0.0
2023-06-01 12:53:38.669565,0.0,0.0,0.0,0.0
2023-06-01 12:53:38.678965,0.0,0.0,0.0,0.0
2023-06-01 12:53:38.689708,0.0,0.0,0.0,0.0
2023-06-01 12:53:38.698133,0.0,0.0,0.0,0.0
2023-06-01 12:53:38.718133,0.0,0.0,0.0,0.0
2023-06-01 12:53:38.732114,0.0,0.0,0.0,0.0
2023-06-01 12:53:38.740823,0.0,0.0,0.0,0.0
2023-06-01 12:53:38.749205,0.0,0.0,0.0,0.0
2023-06-01 12:53:38.758168,0.0,0.0,0.0,0.0
2023-06-01 12:53:38.768144,0.0,0.0,0.0,0.0
2023-06-01 12:53:38.778146,0.0,0.0,0.0,0.0
2023-06-01 12:53:38.787972,0.0,0.0,0.0,0.0
2023-06-01 12:53:38.800671,0.0,0.0,0.0,0.0
2023-06-01 12:53:38.809165,0.0,0.0,0.0,0.0
2023-06-01 12:53:38.823926,0.0,0.0,0.0,0.0
2023-06-01 12:53:38.832221,0.0,0.0,0.0,0.0
2023-06-01 12:53:38.840545,0.0,0.0,0.0,0.0
2023-06-01 12:53:38.848997,0.0,0.0,0.0,0.0
2023-06-01 12:53:38.858472,0.0,0.0,0.0,0.0
2023-06-01 12:53:38.868066,0.0,0.0,0.0,0.0
2023-06-01 12:53:38.878139,0.0,0.0,0.0,0.0
2023-06-01 12:53:38.905735,0.0,0.0,0.0,0.0
2023-06-01 12:53:38.927580,0.0,0.0,0.0,0.0
2023-06-01 12:53:38.936865,0.0,0.0,0.0,0.0
2023-06-01 12:53:38.945336,0.0,0.0,0.0,0.0
2023-06-01 12:53:38.953641,0.0,0.0,0.0,0.0
2023-06-01 12:53:38.961989,0.0,0.0,0.0,0.0
2023-06-01 12:53:38.970586,0.0,0.0,0.0,0.0
2023-06-01 12:53:38.978810,0.0,0.0,0.0,0.0
2023-06-01 12:53:38.988413,0.0,0.0,0.0,0.0
2023-06-01 12:53:38.998386,0.0,0.0,0.0,0.0
2023-06-01 12:53:39.022894,0.0,0.0,0.0,0.0
2023-06-01 12:53:39.040607,0.0,0.0,0.0,0.0
2023-06-01 12:53:39.049720,0.0,0.0,0.0,0.0
2023-06-01 12:53:39.058498,0.0,0.0,0.0,0.0
2023-06-01 12:53:39.069905,0.0,0.0,0.0,0.0
2023-06-01 12:53:39.077259,0.0,0.0,0.0,0.0
2023-06-01 12:53:39.087524,0.0,0.0,0.0,0.0
2023-06-01 12:53:39.097850,0.0,0.0,0.0,0.0
2023-06-01 12:53:39.108977,0.0,0.0,0.0,0.0
2023-06-01 12:53:39.117757,0.0,0.0,0.0,0.0
2023-06-01 12:53:39.128287,0.0,0.0,0.0,0.0
2023-06-01 12:53:39.137824,0.0,0.0,0.0,0.0
2023-06-01 12:53:39.147551,0.0,0.0,0.0,0.0
2023-06-01 12:53:39.157240,0.0,0.0,0.0,0.0
2023-06-01 12:53:39.166757,0.0,0.0,0.0,0.0
2023-06-01 12:53:39.176874,0.0,0.0,0.0,0.0
2023-06-01 12:53:39.188842,0.0,0.0,0.0,0.0
2023-06-01 12:53:39.200439,0.0,0.0,0.0,0.0
2023-06-01 12:53:39.215301,0.0,0.0,0.0,0.0
2023-06-01 12:53:39.223235,0.0,0.0,0.0,0.0
2023-06-01 12:53:39.230913,0.0,0.0,0.0,0.0
2023-06-01 12:53:39.237879,0.0,0.0,0.0,0.0
2023-06-01 12:53:39.247151,0.0,0.0,0.0,0.0
2023-06-01 12:53:39.256788,0.0,0.0,0.0,0.0
2023-06-01 12:53:39.266729,0.0,0.0,0.0,0.0
2023-06-01 12:53:39.277271,0.0,0.0,0.0,0.0
2023-06-01 12:53:39.288417,0.0,0.0,0.0,0.0
2023-06-01 12:53:39.299503,0.0,0.0,0.0,0.0
2023-06-01 12:53:39.313919,0.0,0.0,0.0,0.0
2023-06-01 12:53:39.324184,0.0,0.0,0.0,0.0
2023-06-01 12:53:39.334072,0.0,0.0,0.0,0.0
2023-06-01 12:53:39.343105,0.0,0.0,0.0,0.0
2023-06-01 12:53:39.352267,0.0,0.0,0.0,0.0
2023-06-01 12:53:39.358532,0.0,0.0,0.0,0.0
2023-06-01 12:53:39.367037,0.0,0.0,0.0,0.0
2023-06-01 12:53:39.377410,0.0,0.0,0.0,0.0
2023-06-01 12:53:39.388170,0.0,0.0,0.0,0.0
2023-06-01 12:53:39.399791,0.0,0.0,0.0,0.0
2023-06-01 12:53:39.411229,0.0,0.0,0.0,0.0
2023-06-01 12:53:39.420854,0.0,0.0,0.0,0.0
2023-06-01 12:53:39.429111,0.0,0.0,0.0,0.0
2023-06-01 12:53:39.437984,0.0,0.0,0.0,0.0
2023-06-01 12:53:39.447584,0.0,0.0,0.0,0.0
2023-06-01 12:53:39.458291,0.0,0.0,0.0,0.0
2023-06-01 12:53:39.468321,0.0,0.0,0.0,0.0
2023-06-01 12:53:39.478768,0.0,0.0,0.0,0.0
2023-06-01 12:53:39.488364,0.0,0.0,0.0,0.0
2023-06-01 12:53:39.498738,0.0,0.0,0.0,0.0
2023-06-01 12:53:39.508919,0.0,0.0,0.0,0.0
2023-06-01 12:53:39.521856,0.0,0.0,0.0,0.0
2023-06-01 12:53:39.531056,0.0,0.0,0.0,0.0
2023-06-01 12:53:39.539626,0.0,0.0,0.0,0.0
2023-06-01 12:53:39.547709,0.0,0.0,0.0,0.0
2023-06-01 12:53:39.557913,0.0,0.0,0.0,0.0
2023-06-01 12:53:39.568218,0.0,0.0,0.0,0.0
2023-06-01 12:53:39.579172,0.0,0.0,0.0,0.0
2023-06-01 12:53:39.588719,0.0,0.0,0.0,0.0
2023-06-01 12:53:39.598844,0.0,0.0,0.0,0.0
2023-06-01 12:53:39.611724,0.0,0.0,0.0,0.0
2023-06-01 12:53:39.620064,0.0,0.0,0.0,0.0
2023-06-01 12:53:39.628651,0.0,0.0,0.0,0.0
2023-06-01 12:53:39.641732,0.0,0.0,0.0,0.0
2023-06-01 12:53:39.650000,0.0,0.0,0.0,0.0
2023-06-01 12:53:39.658238,0.0,0.0,0.0,0.0
2023-06-01 12:53:39.667879,0.0,0.0,0.0,0.0
2023-06-01 12:53:39.678158,0.0,0.0,0.0,0.0
2023-06-01 12:53:39.688443,0.0,0.0,0.0,0.0
2023-06-01 12:53:39.699608,0.0,0.0,0.0,0.0
2023-06-01 12:53:39.709493,0.0,0.0,0.0,0.0
2023-06-01 12:53:39.719526,0.0,0.0,0.0,0.0
2023-06-01 12:53:39.728465,0.0,0.0,0.0,0.0
2023-06-01 12:53:39.739988,0.0,0.0,0.0,0.0
2023-06-01 12:53:39.748779,0.0,0.0,0.0,0.0
2023-06-01 12:53:39.758834,0.0,0.0,0.0,0.0
2023-06-01 12:53:39.768754,0.0,0.0,0.0,0.0
2023-06-01 12:53:39.778166,0.0,0.0,0.0,0.0
2023-06-01 12:53:39.788372,0.0,0.0,0.0,0.0
2023-06-01 12:53:39.802661,0.0,0.0,0.0,0.0
2023-06-01 12:53:39.813070,0.0,0.0,0.0,0.0
2023-06-01 12:53:39.822254,0.0,0.0,0.0,0.0
2023-06-01 12:53:39.830544,0.0,0.0,0.0,0.0
2023-06-01 12:53:39.838526,0.0,0.0,0.0,0.0
2023-06-01 12:53:39.849349,0.0,0.0,0.0,0.0
2023-06-01 12:53:39.858221,0.0,0.0,0.0,0.0
2023-06-01 12:53:39.868324,0.0,0.0,0.0,0.0
2023-06-01 12:53:39.877845,0.0,0.0,0.0,0.0
2023-06-01 12:53:39.889438,0.0,0.0,0.0,0.0
2023-06-01 12:53:39.898292,0.0,0.0,0.0,0.0
2023-06-01 12:53:39.908809,0.0,0.0,0.0,0.0
2023-06-01 12:53:39.922538,0.0,0.0,0.0,0.0
2023-06-01 12:53:39.928672,0.0,0.0,0.0,0.0
2023-06-01 12:53:39.938599,0.0,0.0,0.0,0.0
2023-06-01 12:53:39.948105,0.0,0.0,0.0,0.0
2023-06-01 12:53:39.957931,0.0,0.0,0.0,0.0
2023-06-01 12:53:39.967985,0.0,0.0,0.0,0.0
2023-06-01 12:53:39.977929,0.0,0.0,0.0,0.0
2023-06-01 12:53:39.988426,0.0,0.0,0.0,0.0
2023-06-01 12:53:39.999068,0.0,0.0,0.0,0.0
2023-06-01 12:53:40.008278,0.0,0.0,0.0,0.0
2023-06-01 12:53:40.019147,0.0,0.0,0.0,0.0
2023-06-01 12:53:40.027780,0.0,0.0,0.0,0.0
2023-06-01 12:53:40.037916,0.0,0.0,0.0,0.0
2023-06-01 12:53:40.047808,0.0,0.0,0.0,0.0
2023-06-01 12:53:40.058042,0.0,0.0,0.0,0.0
2023-06-01 12:53:40.068185,0.0,0.0,0.0,0.0
2023-06-01 12:53:40.078008,0.0,0.0,0.0,0.0
2023-06-01 12:53:40.088702,0.0,0.0,0.0,0.0
2023-06-01 12:53:40.101800,0.0,0.0,0.0,0.0
2023-06-01 12:53:40.112425,0.0,0.0,0.0,0.0
2023-06-01 12:53:40.122147,0.0,0.0,0.0,0.0
2023-06-01 12:53:40.131019,0.0,0.0,0.0,0.0
2023-06-01 12:53:40.138254,0.0,0.0,0.0,0.0
2023-06-01 12:53:40.147046,0.0,0.0,0.0,0.0
2023-06-01 12:53:40.158268,0.0,0.0,0.0,0.0
2023-06-01 12:53:40.168313,0.0,0.0,0.0,0.0
2023-06-01 12:53:40.177992,0.0,0.0,0.0,0.0
2023-06-01 12:53:40.188151,0.0,0.0,0.0,0.0
2023-06-01 12:53:40.198285,0.0,0.0,0.0,0.0
2023-06-01 12:53:40.208385,0.0,0.0,0.0,0.0
2023-06-01 12:53:40.217628,0.0,0.0,0.0,0.0
2023-06-01 12:53:40.228757,0.0,0.0,0.0,0.0
2023-06-01 12:53:40.238288,0.0,0.0,0.0,0.0
2023-06-01 12:53:40.248139,0.0,0.0,0.0,0.0
2023-06-01 12:53:40.257981,0.0,0.0,0.0,0.0
2023-06-01 12:53:40.268015,0.0,0.0,0.0,0.0
2023-06-01 12:53:40.277946,0.0,0.0,0.0,0.0
2023-06-01 12:53:40.288009,0.0,0.0,0.0,0.0
2023-06-01 12:53:40.298260,0.0,0.0,0.0,0.0
2023-06-01 12:53:40.317945,0.0,0.0,0.0,0.0
2023-06-01 12:53:40.326704,0.0,0.0,0.0,0.0
2023-06-01 12:53:40.334952,0.0,0.0,0.0,0.0
2023-06-01 12:53:40.342896,0.0,0.0,0.0,0.0
2023-06-01 12:53:40.350743,0.0,0.0,0.0,0.0
2023-06-01 12:53:40.359692,0.0,0.0,0.0,0.0
2023-06-01 12:53:40.370116,0.0,0.0,0.0,0.0
2023-06-01 12:53:40.378488,0.0,0.0,0.0,0.0
2023-06-01 12:53:40.388307,0.0,0.0,0.0,0.0
2023-06-01 12:53:40.398304,0.0,0.0,0.0,0.0
2023-06-01 12:53:40.413955,0.0,0.0,0.0,0.0
2023-06-01 12:53:40.422728,0.0,0.0,0.0,0.0
2023-06-01 12:53:40.431176,0.0,0.0,0.0,0.0
2023-06-01 12:53:40.439354,0.0,0.0,0.0,0.0
2023-06-01 12:53:40.447939,0.0,0.0,0.0,0.0
2023-06-01 12:53:40.457746,0.0,0.0,0.0,0.0
2023-06-01 12:53:40.468024,0.0,0.0,0.0,0.0
2023-06-01 12:53:40.477960,0.0,0.0,0.0,0.0
2023-06-01 12:53:40.487964,0.0,0.0,0.0,0.0
2023-06-01 12:53:40.498460,0.0,0.0,0.0,0.0
2023-06-01 12:53:40.509204,0.0,0.0,0.0,0.0
2023-06-01 12:53:40.522102,0.0,0.0,0.0,0.0
2023-06-01 12:53:40.531591,0.0,0.0,0.0,0.0
2023-06-01 12:53:40.540795,0.0,0.0,0.0,0.0
2023-06-01 12:53:40.549734,0.0,0.0,0.0,0.0
2023-06-01 12:53:40.558655,0.0,0.0,0.0,0.0
2023-06-01 12:53:40.568177,0.0,0.0,0.0,0.0
2023-06-01 12:53:40.578020,0.0,0.0,0.0,0.0
2023-06-01 12:53:40.587945,0.0,0.0,0.0,0.0
2023-06-01 12:53:40.600012,0.0,0.0,0.0,0.0
2023-06-01 12:53:40.608756,0.0,0.0,0.0,0.0
2023-06-01 12:53:40.620143,0.0,0.0,0.0,0.0
2023-06-01 12:53:40.628216,0.0,0.0,0.0,0.0
2023-06-01 12:53:40.637973,0.0,0.0,0.0,0.0
2023-06-01 12:53:40.647865,0.0,0.0,0.0,0.0
2023-06-01 12:53:40.658118,0.0,0.0,0.0,0.0
2023-06-01 12:53:40.667731,0.0,0.0,0.0,0.0
2023-06-01 12:53:40.677899,0.0,0.0,0.0,0.0
2023-06-01 12:53:40.688381,0.0,0.0,0.0,0.0
2023-06-01 12:53:40.703877,0.0,0.0,0.0,0.0
2023-06-01 12:53:40.710853,0.0,0.0,0.0,0.0
2023-06-01 12:53:40.716730,0.0,0.0,0.0,0.0
2023-06-01 12:53:40.728287,0.0,0.0,0.0,0.0
2023-06-01 12:53:40.738316,0.0,0.0,0.0,0.0
2023-06-01 12:53:40.748370,0.0,0.0,0.0,0.0
2023-06-01 12:53:40.758342,0.0,0.0,0.0,0.0
2023-06-01 12:53:40.768156,0.0,0.0,0.0,0.0
2023-06-01 12:53:40.781649,0.0,0.0,0.0,0.0
2023-06-01 12:53:40.790232,0.0,0.0,0.0,0.0
2023-06-01 12:53:40.800930,0.0,0.0,0.0,0.0
2023-06-01 12:53:40.814718,0.0,0.0,0.0,0.0
2023-06-01 12:53:40.823110,0.0,0.0,0.0,0.0
2023-06-01 12:53:40.831511,0.0,0.0,0.0,0.0
2023-06-01 12:53:40.839514,0.0,0.0,0.0,0.0
2023-06-01 12:53:40.848572,0.0,0.0,0.0,0.0
2023-06-01 12:53:40.857961,0.0,0.0,0.0,0.0
2023-06-01 12:53:40.867910,0.0,0.0,0.0,0.0
2023-06-01 12:53:40.878191,0.0,0.0,0.0,0.0
2023-06-01 12:53:40.887989,0.0,0.0,0.0,0.0
2023-06-01 12:53:40.899486,0.0,0.0,0.0,0.0
2023-06-01 12:53:40.909987,0.0,0.0,0.0,0.0
2023-06-01 12:53:40.919194,0.0,0.0,0.0,0.0
2023-06-01 12:53:40.927885,0.0,0.0,0.0,0.0
2023-06-01 12:53:40.938258,0.0,0.0,0.0,0.0
2023-06-01 12:53:40.948716,0.0,0.0,0.0,0.0
2023-06-01 12:53:40.958001,0.0,0.0,0.0,0.0
2023-06-01 12:53:40.968288,0.0,0.0,0.0,0.0
2023-06-01 12:53:40.977981,0.0,0.0,0.0,0.0
2023-06-01 12:53:40.988009,0.0,0.0,0.0,0.0
2023-06-01 12:53:40.998277,0.0,0.0,0.0,0.0
2023-06-01 12:53:41.008896,0.0,0.0,0.0,0.0
2023-06-01 12:53:41.019720,0.0,0.0,0.0,0.0
2023-06-01 12:53:41.028419,0.0,0.0,0.0,0.0
2023-06-01 12:53:41.038849,0.0,0.0,0.0,0.0
2023-06-01 12:53:41.048688,0.0,0.0,0.0,0.0
2023-06-01 12:53:41.058515,0.0,0.0,0.0,0.0
2023-06-01 12:53:41.070170,0.0,0.0,0.0,0.0
2023-06-01 12:53:41.078731,0.0,0.0,0.0,0.0
2023-06-01 12:53:41.090683,0.0,0.0,0.0,0.0
2023-06-01 12:53:41.102552,0.0,0.0,0.0,0.0
2023-06-01 12:53:41.119237,0.0,0.0,0.0,0.0
2023-06-01 12:53:41.127656,0.0,0.0,0.0,0.0
2023-06-01 12:53:41.135552,0.0,0.0,0.0,0.0
2023-06-01 12:53:41.143478,0.0,0.0,0.0,0.0
2023-06-01 12:53:41.151204,0.0,0.0,0.0,0.0
2023-06-01 12:53:41.159001,0.0,0.0,0.0,0.0
2023-06-01 12:53:41.168034,0.0,0.0,0.0,0.0
2023-06-01 12:53:41.177962,0.0,0.0,0.0,0.0
2023-06-01 12:53:41.187995,0.0,0.0,0.0,0.0
2023-06-01 12:53:41.199503,0.0,0.0,0.0,0.0
2023-06-01 12:53:41.208363,0.0,0.0,0.0,0.0
2023-06-01 12:53:41.225221,0.0,0.0,0.0,0.0
2023-06-01 12:53:41.233768,0.0,0.0,0.0,0.0
2023-06-01 12:53:41.242117,0.0,0.0,0.0,0.0
2023-06-01 12:53:41.250366,0.0,0.0,0.0,0.0
