timestamp,temperature(C),pressure(Pa),humidity(%),wind speed(m/s)
2023-06-01 12:57:31.285995,25.100000381469727,85982.734375,16.4130859375,0.0
2023-06-01 12:57:32.284625,25.100000381469727,85983.6953125,16.3896484375,0.08094999939203262
2023-06-01 12:57:33.947760,25.100000381469727,85984.5234375,16.3896484375,0.0
2023-06-01 12:57:34.289746,25.100000381469727,85981.875,16.4013671875,0.0
2023-06-01 12:57:35.285092,25.100000381469727,85984.5859375,16.4130859375,0.0
2023-06-01 12:57:36.290803,25.100000381469727,85982.8671875,16.4130859375,0.0
2023-06-01 12:57:37.287571,25.100000381469727,85982.890625,16.4130859375,0.0
2023-06-01 12:57:38.287957,25.100000381469727,85983.03125,16.4013671875,0.0
2023-06-01 12:57:39.288185,25.100000381469727,85983.75,16.4013671875,0.0
2023-06-01 12:57:40.289499,25.100000381469727,85983.59375,16.4248046875,0.0
2023-06-01 12:57:41.296140,25.100000381469727,85983.921875,16.4013671875,0.0
2023-06-01 12:57:42.293615,25.100000381469727,85980.078125,16.4013671875,0.0
2023-06-01 12:57:43.302225,25.100000381469727,85979.8203125,16.376953125,0.0
2023-06-01 12:57:44.297079,25.09000015258789,85982.453125,16.365234375,0.16189999878406525
2023-06-01 12:57:45.293782,25.09000015258789,85981.953125,16.376953125,0.3237999975681305
2023-06-01 12:57:46.293918,25.09000015258789,85980.421875,16.376953125,0.24285000562667847
2023-06-01 12:57:47.299150,25.09000015258789,85982.921875,16.376953125,0.16189999878406525
2023-06-01 12:57:48.296361,25.09000015258789,85983.90625,16.365234375,0.24285000562667847
2023-06-01 12:57:49.297942,25.09000015258789,85984.765625,16.376953125,0.08094999939203262
2023-06-01 12:57:50.297838,25.09000015258789,85985.078125,16.388671875,0.0
2023-06-01 12:57:51.299602,25.09000015258789,85984.40625,16.388671875,0.0
2023-06-01 12:57:52.302745,25.09000015258789,85985.578125,16.388671875,0.0
2023-06-01 12:57:53.302014,25.09000015258789,85983.546875,16.400390625,0.0
2023-06-01 12:57:54.302214,25.09000015258789,85984.046875,16.400390625,0.0
2023-06-01 12:57:55.307618,25.09000015258789,85985.734375,16.412109375,0.0
2023-06-01 12:57:56.305114,25.079999923706055,85982.96875,16.412109375,0.0
2023-06-01 12:57:57.305178,25.079999923706055,85984.6875,16.388671875,0.0
2023-06-01 12:57:58.306314,25.079999923706055,85984.296875,16.3876953125,0.0
2023-06-01 12:57:59.306136,25.079999923706055,85982.6640625,16.388671875,0.0
2023-06-01 12:58:00.306814,25.079999923706055,85986.28125,16.3759765625,0.08094999939203262
2023-06-01 12:58:01.308841,25.079999923706055,85985.2578125,16.3759765625,0.0
2023-06-01 12:58:02.310359,25.06999969482422,85984.0703125,16.3642578125,0.08094999939203262
2023-06-01 12:58:03.309335,25.06999969482422,85983.5703125,16.3642578125,0.16189999878406525
2023-06-01 12:58:04.312417,25.06999969482422,85981.8828125,16.3642578125,0.3237999975681305
2023-06-01 12:58:05.311656,25.06999969482422,85983.515625,16.3642578125,0.3237999975681305
2023-06-01 12:58:06.312683,25.06999969482422,85984.640625,16.3642578125,0.3237999975681305
2023-06-01 12:58:07.317385,25.06999969482422,85983.1875,16.3759765625,0.24285000562667847
2023-06-01 12:58:08.314352,25.06999969482422,85984.203125,16.3876953125,0.0
2023-06-01 12:58:09.315424,25.06999969482422,85984.640625,16.3876953125,0.0
2023-06-01 12:58:10.315571,25.059999465942383,85985.109375,16.3994140625,0.0
2023-06-01 12:58:11.317078,25.06999969482422,85985.171875,16.435546875,0.0
2023-06-01 12:58:12.317124,25.06999969482422,85984.34375,16.412109375,0.0
2023-06-01 12:58:13.317504,25.06999969482422,85984.3125,16.3994140625,0.0
2023-06-01 12:58:14.319807,25.06999969482422,85986.0,16.412109375,0.0
2023-06-01 12:58:15.322708,25.06999969482422,85986.03125,16.400390625,0.0
2023-06-01 12:58:16.321771,25.079999923706055,85985.421875,16.400390625,0.0
2023-06-01 12:58:17.321051,25.06999969482422,85982.40625,16.400390625,0.0
2023-06-01 12:58:18.322624,25.079999923706055,85982.609375,16.400390625,0.0
2023-06-01 12:58:19.322353,25.079999923706055,85985.6484375,16.435546875,0.0
2023-06-01 12:58:20.323565,25.079999923706055,85985.453125,16.435546875,0.0
2023-06-01 12:58:21.323915,25.079999923706055,85982.296875,16.423828125,0.0
2023-06-01 12:58:22.325302,25.079999923706055,85982.6640625,16.423828125,0.0
2023-06-01 12:58:23.325563,25.079999923706055,85985.515625,16.412109375,0.0
2023-06-01 12:58:24.328881,25.079999923706055,85984.15625,16.388671875,0.0
2023-06-01 12:58:25.326839,25.079999923706055,85981.359375,16.388671875,0.0
2023-06-01 12:58:26.328219,25.09000015258789,85985.90625,16.4365234375,0.0
2023-06-01 12:58:27.329626,25.09000015258789,85983.078125,16.4248046875,0.0
2023-06-01 12:58:28.329813,25.09000015258789,85981.75,16.412109375,0.0
2023-06-01 12:58:29.329980,25.09000015258789,85982.25,16.400390625,0.0
2023-06-01 12:58:30.332149,25.09000015258789,85982.421875,16.412109375,0.0
2023-06-01 12:58:31.332868,25.09000015258789,85981.9765625,16.4482421875,0.0
2023-06-01 12:58:32.334522,25.100000381469727,85983.0,16.4482421875,0.0
2023-06-01 12:58:33.335516,25.100000381469727,85984.390625,16.4365234375,0.0
2023-06-01 12:58:34.336434,25.100000381469727,85980.375,16.4599609375,0.0
2023-06-01 12:58:35.342201,25.100000381469727,85983.890625,16.4482421875,0.0
2023-06-01 12:58:36.337562,25.100000381469727,85985.1875,16.4130859375,0.0
2023-06-01 12:58:37.339810,25.110000610351562,85984.1171875,16.376953125,0.0
2023-06-01 12:58:38.345465,25.100000381469727,85982.921875,16.4130859375,0.0
2023-06-01 12:58:39.347518,25.100000381469727,85982.890625,16.4130859375,0.0
2023-06-01 12:58:40.347767,25.100000381469727,85983.390625,16.3896484375,0.08094999939203262
2023-06-01 12:58:41.353330,25.100000381469727,85986.578125,16.365234375,0.0
2023-06-01 12:58:42.353618,25.110000610351562,85982.453125,16.353515625,0.0
2023-06-01 12:58:43.361943,25.110000610351562,85983.671875,16.353515625,0.0
2023-06-01 12:58:44.358086,25.110000610351562,85982.6484375,16.3896484375,0.0
2023-06-01 12:58:45.358974,25.110000610351562,85981.984375,16.3779296875,0.0
2023-06-01 12:58:46.364493,25.110000610351562,85983.375,16.3662109375,0.0
2023-06-01 12:58:47.366759,25.110000610351562,85983.5390625,16.353515625,0.0
2023-06-01 12:58:48.365342,25.1200008392334,85983.484375,16.3544921875,0.0
2023-06-01 12:58:49.366617,25.1200008392334,85984.7578125,16.3544921875,0.0
2023-06-01 12:58:50.369068,25.1200008392334,85985.09375,16.3662109375,0.0
2023-06-01 12:58:51.370692,25.1200008392334,85983.8984375,16.3662109375,0.0
2023-06-01 12:58:52.374052,25.1200008392334,85984.265625,16.3779296875,0.0
2023-06-01 12:58:53.374667,25.1200008392334,85984.984375,16.40234375,0.0
2023-06-01 12:58:54.376801,25.1200008392334,85983.015625,16.40234375,0.0
2023-06-01 12:58:55.377694,25.1299991607666,85982.578125,16.390625,0.0
2023-06-01 12:58:56.380770,25.1299991607666,85985.203125,16.3779296875,0.0
2023-06-01 12:58:57.380604,25.1200008392334,85983.84375,16.3779296875,0.0
2023-06-01 12:58:58.382800,25.1299991607666,85984.4375,16.3662109375,0.0
2023-06-01 12:58:59.384336,25.1299991607666,85984.40625,16.3544921875,0.0
2023-06-01 12:59:00.386187,25.1299991607666,85986.125,16.3544921875,0.0
2023-06-01 12:59:01.388489,25.1299991607666,85983.1328125,16.3544921875,0.0
2023-06-01 12:59:02.387507,25.1299991607666,85984.375,16.3427734375,0.24285000562667847
2023-06-01 12:59:03.390095,25.1299991607666,85986.3671875,16.3193359375,0.3237999975681305
2023-06-01 12:59:04.389841,25.1200008392334,85985.640625,16.3193359375,0.16189999878406525
2023-06-01 12:59:05.393371,25.1200008392334,85985.34375,16.3193359375,0.08094999939203262
2023-06-01 12:59:06.392459,25.1299991607666,85982.8828125,16.3193359375,0.08094999939203262
2023-06-01 12:59:07.394404,25.1299991607666,85982.71875,16.3076171875,0.0
2023-06-01 12:59:08.394735,25.1200008392334,85983.40625,16.294921875,0.16189999878406525
2023-06-01 12:59:09.397366,25.1200008392334,85984.234375,16.283203125,0.16189999878406525
2023-06-01 12:59:10.397929,25.110000610351562,85985.3359375,16.259765625,0.16189999878406525
2023-06-01 12:59:11.399338,25.1200008392334,85982.9375,16.271484375,0.16189999878406525
2023-06-01 12:59:12.400931,25.1200008392334,85984.59375,16.283203125,0.16189999878406525
2023-06-01 12:59:13.401429,25.1200008392334,85985.421875,16.306640625,0.0
2023-06-01 12:59:14.403018,25.1299991607666,85985.703125,16.3193359375,0.0
2023-06-01 12:59:15.403085,25.1200008392334,85983.65625,16.3427734375,0.0
2023-06-01 12:59:16.406276,25.1200008392334,85984.1875,16.3427734375,0.0
2023-06-01 12:59:17.405145,25.1200008392334,85983.65625,16.3544921875,0.0
2023-06-01 12:59:18.407967,25.1200008392334,85985.671875,16.390625,0.0
2023-06-01 12:59:19.407029,25.1299991607666,85984.5703125,16.40234375,0.08094999939203262
2023-06-01 12:59:20.408663,25.1200008392334,85983.84375,16.3662109375,0.08094999939203262
2023-06-01 12:59:21.409689,25.1299991607666,85985.5625,16.3544921875,0.08094999939203262
2023-06-01 12:59:22.410413,25.1299991607666,85983.875,16.3662109375,0.0
2023-06-01 12:59:23.410820,25.1299991607666,85986.03125,16.3427734375,0.0
2023-06-01 12:59:24.412329,25.1299991607666,85983.90625,16.3427734375,0.0
2023-06-01 12:59:25.413718,25.1299991607666,85988.5859375,16.3310546875,0.0
2023-06-01 12:59:26.413956,25.1299991607666,85984.046875,16.3193359375,0.16189999878406525
2023-06-01 12:59:27.416391,25.1299991607666,85985.765625,16.3076171875,0.3237999975681305
2023-06-01 12:59:28.416717,25.139999389648438,85986.3203125,16.3076171875,0.3237999975681305
2023-06-01 12:59:29.417049,25.1299991607666,85986.125,16.3076171875,0.3237999975681305
2023-06-01 12:59:30.417045,25.139999389648438,85988.5,16.3076171875,0.24285000562667847
2023-06-01 12:59:31.418757,25.139999389648438,85985.015625,16.3076171875,0.3237999975681305
2023-06-01 12:59:32.418977,25.139999389648438,85986.484375,16.3544921875,0.08094999939203262
2023-06-01 12:59:33.420007,25.139999389648438,85985.65625,16.37890625,0.08094999939203262
2023-06-01 12:59:34.421712,25.1299991607666,85985.125,16.3671875,0.08094999939203262
2023-06-01 12:59:35.425135,25.1299991607666,85982.96875,16.3544921875,0.24285000562667847
2023-06-01 12:59:36.423367,25.139999389648438,85983.296875,16.3427734375,0.3237999975681305
2023-06-01 12:59:37.424797,25.1299991607666,85984.125,16.3310546875,0.4047500193119049
2023-06-01 12:59:38.425196,25.1299991607666,85986.453125,16.3193359375,0.5666499733924866
2023-06-01 12:59:39.425550,25.1299991607666,85988.453125,16.3193359375,0.647599995136261
2023-06-01 12:59:40.427067,25.1299991607666,85986.125,16.3193359375,0.7285500168800354
2023-06-01 12:59:41.427616,25.1299991607666,85983.9375,16.3193359375,0.7285500168800354
2023-06-01 12:59:42.427074,25.1299991607666,85984.796875,16.3193359375,0.7285500168800354
2023-06-01 12:59:43.426716,25.1299991607666,85983.796875,16.3310546875,0.5666499733924866
2023-06-01 12:59:44.426987,25.139999389648438,85987.5078125,16.3544921875,0.4047500193119049
2023-06-01 12:59:45.426490,25.139999389648438,85987.703125,16.3671875,0.24285000562667847
2023-06-01 12:59:46.427563,25.139999389648438,85986.734375,16.3671875,0.0
2023-06-01 12:59:47.426646,25.139999389648438,85990.359375,16.35546875,0.0
2023-06-01 12:59:48.427970,25.139999389648438,85989.171875,16.3544921875,0.0
2023-06-01 12:59:49.426859,25.139999389648438,85985.90625,16.35546875,0.0
2023-06-01 12:59:50.427631,25.149999618530273,85985.3046875,16.4033203125,0.0
2023-06-01 12:59:51.428891,25.149999618530273,85985.1640625,16.4033203125,0.0
2023-06-01 12:59:52.430567,25.149999618530273,85987.265625,16.37890625,0.0
2023-06-01 12:59:53.430889,25.149999618530273,85985.109375,16.3671875,0.0
2023-06-01 12:59:54.430695,25.149999618530273,85985.4375,16.3671875,0.0
2023-06-01 12:59:55.431427,25.149999618530273,85984.640625,16.390625,0.0
2023-06-01 12:59:56.428799,25.139999389648438,85986.078125,16.3671875,0.0
2023-06-01 12:59:57.432412,25.139999389648438,85985.546875,16.34375,0.08094999939203262
2023-06-01 12:59:58.432417,25.149999618530273,85985.109375,16.34375,0.0
2023-06-01 12:59:59.432243,25.149999618530273,85985.4375,16.34375,0.0
2023-06-01 13:00:00.433013,25.149999618530273,85986.4375,16.34375,0.0
2023-06-01 13:00:01.432684,25.149999618530273,85985.109375,16.34375,0.0
2023-06-01 13:00:02.432328,25.149999618530273,85988.2890625,16.35546875,0.0
2023-06-01 13:00:03.433140,25.149999618530273,85986.828125,16.35546875,0.0
2023-06-01 13:00:04.433853,25.149999618530273,85986.46875,16.3671875,0.0
2023-06-01 13:00:05.434149,25.149999618530273,85985.65625,16.34375,0.08094999939203262
2023-06-01 13:00:06.434726,25.149999618530273,85986.296875,16.35546875,0.0
2023-06-01 13:00:07.434528,25.149999618530273,85987.015625,16.3671875,0.0
2023-06-01 13:00:08.435296,25.15999984741211,85986.71875,16.4033203125,0.0
2023-06-01 13:00:09.435337,25.15999984741211,85987.578125,16.4033203125,0.0
2023-06-01 13:00:10.436506,25.15999984741211,85984.421875,16.4033203125,0.0
2023-06-01 13:00:11.436072,25.15999984741211,85984.25,16.390625,0.0
2023-06-01 13:00:12.437024,25.15999984741211,85985.109375,16.3916015625,0.08094999939203262
2023-06-01 13:00:13.437004,25.15999984741211,85985.140625,16.3916015625,0.0
2023-06-01 13:00:14.437987,25.170000076293945,85984.84375,16.3916015625,0.0
2023-06-01 13:00:15.437556,25.15999984741211,85985.4765625,16.3916015625,0.0
2023-06-01 13:00:16.438333,25.170000076293945,85985.703125,16.3916015625,0.0
2023-06-01 13:00:17.439636,25.170000076293945,85985.203125,16.3916015625,0.0
2023-06-01 13:00:18.439418,25.170000076293945,85987.6875,16.3916015625,0.0
2023-06-01 13:00:19.440903,25.170000076293945,85985.03125,16.3798828125,0.0
2023-06-01 13:00:20.440617,25.170000076293945,85985.0625,16.3681640625,0.0
2023-06-01 13:00:21.442507,25.170000076293945,85987.21875,16.3564453125,0.0
2023-06-01 13:00:22.441516,25.170000076293945,85983.734375,16.3681640625,0.0
2023-06-01 13:00:23.442569,25.18000030517578,85985.453125,16.427734375,0.0
2023-06-01 13:00:24.443218,25.18000030517578,85984.84375,16.4990234375,0.0
2023-06-01 13:00:25.444010,25.18000030517578,85987.3671875,16.5458984375,0.0
2023-06-01 13:00:26.443949,25.18000030517578,85986.015625,16.5458984375,0.0
2023-06-01 13:00:27.445461,25.190000534057617,85985.234375,16.55859375,0.0
2023-06-01 13:00:28.445319,25.190000534057617,85982.78125,16.4873046875,0.0
2023-06-01 13:00:29.446739,25.18000030517578,85986.671875,16.404296875,0.0
2023-06-01 13:00:30.447791,25.18000030517578,85986.28125,16.3681640625,0.0
2023-06-01 13:00:31.447662,25.18000030517578,85984.953125,16.3681640625,0.0
2023-06-01 13:00:32.448484,25.18000030517578,85986.375,16.3798828125,0.0
2023-06-01 13:00:33.449084,25.18000030517578,85986.875,16.392578125,0.0
2023-06-01 13:00:34.450676,25.190000534057617,85988.125,16.380859375,0.0
2023-06-01 13:00:35.450264,25.190000534057617,85984.609375,16.380859375,0.0
2023-06-01 13:00:36.450840,25.190000534057617,85987.59375,16.392578125,0.0
2023-06-01 13:00:37.451341,25.190000534057617,85987.7578125,16.392578125,0.0
2023-06-01 13:00:38.453280,25.190000534057617,85986.0703125,16.369140625,0.0
2023-06-01 13:00:39.453589,25.18000030517578,85984.1875,16.3681640625,0.0
2023-06-01 13:00:40.454987,25.18000030517578,85985.6484375,16.3798828125,0.0
2023-06-01 13:00:41.456058,25.18000030517578,85985.984375,16.392578125,0.0
2023-06-01 13:00:42.455527,25.18000030517578,85985.703125,16.392578125,0.0
2023-06-01 13:00:43.455245,25.190000534057617,85987.5625,16.392578125,0.0
2023-06-01 13:00:44.455576,25.18000030517578,85987.03125,16.392578125,0.0
2023-06-01 13:00:45.456628,25.18000030517578,85986.5390625,16.3798828125,0.0
2023-06-01 13:00:46.457246,25.190000534057617,85986.0703125,16.380859375,0.0
2023-06-01 13:00:47.458575,25.190000534057617,85985.15625,16.380859375,0.0
2023-06-01 13:00:48.458623,25.200000762939453,85984.859375,16.4287109375,0.0
2023-06-01 13:00:49.460492,25.200000762939453,85988.09375,16.4638671875,0.0
2023-06-01 13:00:50.459423,25.200000762939453,85990.09375,16.48828125,0.0
2023-06-01 13:00:51.460430,25.200000762939453,85986.078125,16.4755859375,0.0
2023-06-01 13:00:52.460328,25.200000762939453,85988.4296875,16.4638671875,0.0
2023-06-01 13:00:53.461307,25.209999084472656,85987.15625,16.4638671875,0.0
2023-06-01 13:00:54.461467,25.209999084472656,85987.9609375,16.4521484375,0.0
2023-06-01 13:00:55.462885,25.1299991607666,85976.0,16.44921875,0.0
2023-06-01 13:00:56.464119,25.209999084472656,85985.3046875,16.6416015625,0.0
2023-06-01 13:00:57.464090,25.209999084472656,85987.515625,16.748046875,0.0
2023-06-01 13:00:58.465504,25.209999084472656,85987.546875,16.8193359375,0.0
2023-06-01 13:00:59.465323,25.209999084472656,85983.5625,16.748046875,0.0
2023-06-01 13:01:00.466266,25.219999313354492,85987.40625,16.689453125,0.0
2023-06-01 13:01:01.466401,25.219999313354492,85986.140625,16.677734375,0.0
2023-06-01 13:01:02.467298,25.219999313354492,85989.4921875,16.666015625,0.0
2023-06-01 13:01:03.467474,25.219999313354492,85987.640625,16.677734375,0.0
2023-06-01 13:01:04.468798,25.229999542236328,85989.0234375,16.654296875,0.0
2023-06-01 13:01:05.468976,25.219999313354492,85987.140625,16.642578125,0.0
2023-06-01 13:01:06.471197,25.219999313354492,85987.3046875,16.6064453125,0.0
2023-06-01 13:01:07.472451,25.219999313354492,85988.828125,16.5947265625,0.0
2023-06-01 13:01:08.474354,24.280000686645508,85855.390625,16.642578125,0.0
2023-06-01 13:01:09.474431,25.229999542236328,85988.03125,16.619140625,0.0
2023-06-01 13:01:10.471698,25.219999313354492,85988.328125,16.6064453125,0.0
2023-06-01 13:01:11.472992,25.219999313354492,85986.3125,16.6064453125,0.0
2023-06-01 13:01:12.477358,25.219999313354492,85985.171875,16.6064453125,0.0
2023-06-01 13:01:13.476211,25.229999542236328,85987.5859375,16.595703125,0.0
2023-06-01 13:01:14.476115,25.229999542236328,85989.4375,16.5478515625,0.0
2023-06-01 13:01:15.477326,25.229999542236328,85990.578125,16.5126953125,0.0
2023-06-01 13:01:16.477488,25.229999542236328,85985.7890625,16.4892578125,0.08094999939203262
2023-06-01 13:01:17.478817,25.229999542236328,85989.0546875,16.46484375,0.08094999939203262
2023-06-01 13:01:18.479178,25.229999542236328,85988.0625,16.453125,0.08094999939203262
2023-06-01 13:01:19.480274,25.229999542236328,85989.359375,16.5,0.0
2023-06-01 13:01:20.482855,25.219999313354492,85987.7734375,16.48828125,0.0
2023-06-01 13:01:21.481563,25.209999084472656,85988.21875,16.4169921875,0.0
2023-06-01 13:01:22.482086,25.209999084472656,85988.375,16.369140625,0.3237999975681305
2023-06-01 13:01:23.485633,25.209999084472656,85985.8046875,16.357421875,0.24285000562667847
2023-06-01 13:01:24.487334,25.209999084472656,85987.125,16.380859375,0.08094999939203262
2023-06-01 13:01:25.484072,25.209999084472656,85989.6484375,16.380859375,0.08094999939203262
2023-06-01 13:01:26.487311,25.209999084472656,85987.65625,16.369140625,0.08094999939203262
2023-06-01 13:01:27.484861,25.190000534057617,85987.984375,16.345703125,0.16189999878406525
2023-06-01 13:01:28.488093,25.190000534057617,85990.25,16.3095703125,0.48570001125335693
2023-06-01 13:01:29.486898,25.190000534057617,85986.734375,16.3330078125,0.5666499733924866
2023-06-01 13:01:30.488084,25.18000030517578,85988.171875,16.3447265625,0.48570001125335693
2023-06-01 13:01:31.488509,25.190000534057617,85992.046875,16.3447265625,0.48570001125335693
2023-06-01 13:01:32.489566,25.190000534057617,85988.921875,16.3447265625,0.5666499733924866
2023-06-01 13:01:33.490684,25.190000534057617,85988.09375,16.3330078125,0.647599995136261
2023-06-01 13:01:34.492910,25.190000534057617,85989.390625,16.3447265625,0.647599995136261
2023-06-01 13:01:35.493374,25.18000030517578,85988.8046875,16.3447265625,0.5666499733924866
2023-06-01 13:01:36.494118,25.170000076293945,85989.71875,16.3447265625,0.48570001125335693
2023-06-01 13:01:37.493156,25.170000076293945,85988.0,16.3330078125,0.4047500193119049
2023-06-01 13:01:38.494832,25.170000076293945,85988.359375,16.3447265625,0.16189999878406525
2023-06-01 13:01:39.499346,25.170000076293945,85987.421875,16.3447265625,0.08094999939203262
2023-06-01 13:01:40.497851,25.170000076293945,85989.15625,16.3564453125,0.0
2023-06-01 13:01:41.497103,25.170000076293945,85987.71875,16.3564453125,0.0
2023-06-01 13:01:42.499737,25.170000076293945,85986.5,16.3564453125,0.0
2023-06-01 13:01:43.501484,25.170000076293945,85987.65625,16.3564453125,0.0
2023-06-01 13:01:44.498455,25.15999984741211,85985.8125,16.3681640625,0.0
2023-06-01 13:01:45.500749,25.15999984741211,85989.09375,16.35546875,0.0
2023-06-01 13:01:46.502040,25.15999984741211,85987.40625,16.37890625,0.0
2023-06-01 13:01:47.501218,25.15999984741211,85987.078125,16.390625,0.0
2023-06-01 13:01:48.501423,25.15999984741211,85988.046875,16.3671875,0.0
2023-06-01 13:01:49.501993,25.149999618530273,85989.84375,16.3671875,0.0
2023-06-01 13:01:50.503404,25.149999618530273,85986.1875,16.37890625,0.0
2023-06-01 13:01:51.514529,25.149999618530273,85987.15625,16.390625,0.0
2023-06-01 13:01:52.509359,24.770000457763672,85930.984375,16.4833984375,0.0
2023-06-01 13:01:53.505925,24.8799991607666,85949.71875,16.4404296875,0.0
2023-06-01 13:01:54.514868,24.770000457763672,85933.359375,16.4248046875,0.08094999939203262
2023-06-01 13:01:55.509289,25.139999389648438,85987.203125,16.390625,0.08094999939203262
2023-06-01 13:01:56.514410,25.139999389648438,85987.234375,16.390625,0.0
2023-06-01 13:01:57.507820,25.149999618530273,85985.609375,16.4140625,0.0
2023-06-01 13:01:58.514187,24.940000534057617,85960.0625,16.4306640625,0.0
2023-06-01 13:01:59.513692,25.149999618530273,85984.140625,16.4384765625,0.0
2023-06-01 13:02:00.515822,25.149999618530273,85987.765625,16.4384765625,0.0
2023-06-01 13:02:01.514203,25.139999389648438,85986.875,16.4501953125,0.0
2023-06-01 13:02:02.515607,25.139999389648438,85986.578125,16.4619140625,0.0
2023-06-01 13:02:03.517678,25.139999389648438,85989.0625,16.4140625,0.0
2023-06-01 13:02:04.514163,25.139999389648438,85987.0390625,16.4267578125,0.0
2023-06-01 13:02:05.519387,25.139999389648438,85986.6796875,16.42578125,0.0
2023-06-01 13:02:06.516681,25.139999389648438,85986.84375,16.4619140625,0.0
2023-06-01 13:02:07.518407,25.139999389648438,85985.546875,16.4970703125,0.0
2023-06-01 13:02:08.519385,25.139999389648438,85986.375,16.533203125,0.0
2023-06-01 13:02:09.522399,25.139999389648438,85990.0625,16.5439453125,0.0
2023-06-01 13:02:10.535999,25.139999389648438,85985.546875,16.556640625,0.0
2023-06-01 13:02:11.525019,25.139999389648438,85988.140625,16.5322265625,0.0
2023-06-01 13:02:12.529541,25.139999389648438,85985.84375,16.580078125,0.08094999939203262
2023-06-01 13:02:13.524472,25.1299991607666,85985.4609375,16.580078125,0.08094999939203262
2023-06-01 13:02:14.530914,25.139999389648438,85983.828125,16.5439453125,0.0
2023-06-01 13:02:15.529755,25.1299991607666,85984.9609375,16.5322265625,0.0
2023-06-01 13:02:16.526193,25.139999389648438,85987.1484375,16.5087890625,0.0
2023-06-01 13:02:17.530939,25.139999389648438,85985.984375,16.5205078125,0.0
2023-06-01 13:02:18.529362,25.139999389648438,85988.171875,16.568359375,0.0
2023-06-01 13:02:19.526909,25.139999389648438,85987.9765625,16.556640625,0.08094999939203262
2023-06-01 13:02:20.533917,25.139999389648438,85986.1875,16.5205078125,0.08094999939203262
2023-06-01 13:02:21.539848,25.1299991607666,85989.25,16.484375,0.16189999878406525
2023-06-01 13:02:22.535826,25.139999389648438,85987.484375,16.4736328125,0.08094999939203262
2023-06-01 13:02:23.530411,25.139999389648438,85988.171875,16.4619140625,0.08094999939203262
2023-06-01 13:02:24.537015,25.139999389648438,85986.375,16.4853515625,0.16189999878406525
2023-06-01 13:02:25.532903,25.1299991607666,85986.2890625,16.4970703125,0.08094999939203262
2023-06-01 13:02:26.535576,25.139999389648438,85987.015625,16.4619140625,0.0
2023-06-01 13:02:27.535435,25.139999389648438,85986.015625,16.4970703125,0.0
2023-06-01 13:02:28.535673,25.1299991607666,85986.78125,16.4853515625,0.0
2023-06-01 13:02:29.539839,25.139999389648438,85986.6484375,16.4619140625,0.0
2023-06-01 13:02:30.540719,25.1299991607666,85985.09375,16.44921875,0.08094999939203262
2023-06-01 13:02:31.540824,25.1299991607666,85988.109375,16.42578125,0.08094999939203262
2023-06-01 13:02:32.544654,25.1299991607666,85984.2109375,16.4375,0.0
2023-06-01 13:02:33.546365,25.1299991607666,85984.046875,16.4375,0.08094999939203262
2023-06-01 13:02:34.540369,25.1299991607666,85986.734375,16.4375,0.0
2023-06-01 13:02:35.543283,25.1299991607666,85985.875,16.4609375,0.0
2023-06-01 13:02:36.543972,25.1299991607666,85987.7265625,16.4375,0.08094999939203262
2023-06-01 13:02:37.545490,25.1299991607666,85986.53125,16.4375,0.0
2023-06-01 13:02:38.548690,25.1200008392334,85985.5078125,16.4140625,0.08094999939203262
2023-06-01 13:02:39.552974,25.1200008392334,85984.234375,16.4130859375,0.08094999939203262
2023-06-01 13:02:40.547512,25.1200008392334,85985.0625,16.47265625,0.0
2023-06-01 13:02:41.548997,25.1200008392334,85987.0546875,16.5078125,0.08094999939203262
2023-06-01 13:02:42.548635,25.1200008392334,85985.5625,16.5322265625,0.0
2023-06-01 13:02:43.552180,25.110000610351562,85987.6875,16.5078125,0.08094999939203262
2023-06-01 13:02:44.549398,25.110000610351562,85987.0234375,16.47265625,0.0
2023-06-01 13:02:45.549579,25.110000610351562,85985.859375,16.51953125,0.0
2023-06-01 13:02:46.551996,25.110000610351562,85985.03125,16.49609375,0.0
2023-06-01 13:02:47.552505,25.110000610351562,85985.703125,16.5791015625,0.0
2023-06-01 13:02:48.553638,25.110000610351562,85985.359375,16.7568359375,0.0
2023-06-01 13:02:49.554414,25.1200008392334,85983.40625,16.7216796875,0.0
2023-06-01 13:02:50.556614,25.1200008392334,85988.046875,16.615234375,0.0
2023-06-01 13:02:51.555233,25.110000610351562,85988.8515625,16.5673828125,0.08094999939203262
2023-06-01 13:02:52.556938,25.110000610351562,85989.453125,16.5078125,0.0
2023-06-01 13:02:53.557935,25.020000457763672,85973.75,16.46875,0.0
2023-06-01 13:02:54.560923,25.059999465942383,85981.078125,16.470703125,0.0
2023-06-01 13:02:55.563012,24.93000030517578,85963.90625,16.4658203125,0.0
2023-06-01 13:02:56.559568,24.969999313354492,85968.546875,16.455078125,0.0
2023-06-01 13:02:57.563190,25.110000610351562,85988.796875,16.4482421875,0.0
2023-06-01 13:02:58.561389,25.110000610351562,85989.265625,16.4365234375,0.08094999939203262
2023-06-01 13:02:59.564750,25.110000610351562,85989.125,16.4482421875,0.0
2023-06-01 13:03:00.563227,25.100000381469727,85985.8828125,16.4599609375,0.0
2023-06-01 13:03:01.562997,25.100000381469727,85987.90625,16.4365234375,0.0
2023-06-01 13:03:02.565042,25.100000381469727,85987.34375,16.4248046875,0.08094999939203262
2023-06-01 13:03:03.565902,25.100000381469727,85987.484375,16.4248046875,0.16189999878406525
2023-06-01 13:03:04.566765,25.100000381469727,85986.40625,16.4248046875,0.4047500193119049
2023-06-01 13:03:05.568143,25.100000381469727,85985.859375,16.4482421875,0.48570001125335693
2023-06-01 13:03:06.569357,25.09000015258789,85987.78125,16.4716796875,0.48570001125335693
2023-06-01 13:03:07.570286,25.100000381469727,85989.03125,16.4716796875,0.48570001125335693
2023-06-01 13:03:08.571785,24.8799991607666,85957.875,16.4638671875,0.3237999975681305
2023-06-01 13:03:09.571922,24.25,85868.90625,16.5,0.16189999878406525
2023-06-01 13:03:10.575681,23.969999313354492,85833.6640625,16.525390625,0.24285000562667847
2023-06-01 13:03:11.573315,25.09000015258789,85987.953125,16.4716796875,0.16189999878406525
2023-06-01 13:03:12.576575,25.09000015258789,85988.6171875,16.4482421875,0.24285000562667847
2023-06-01 13:03:13.576957,25.09000015258789,85989.78125,16.4716796875,0.08094999939203262
2023-06-01 13:03:14.579095,25.09000015258789,85986.0703125,16.4833984375,0.08094999939203262
2023-06-01 13:03:15.575504,24.780000686645508,85946.359375,16.5078125,0.0
2023-06-01 13:03:16.576980,25.09000015258789,85986.734375,16.53125,0.0
2023-06-01 13:03:17.579931,25.09000015258789,85987.7578125,16.51953125,0.0
2023-06-01 13:03:18.578467,25.09000015258789,85987.03125,16.4951171875,0.0
2023-06-01 13:03:19.581199,25.09000015258789,85988.03125,16.4599609375,0.0
2023-06-01 13:03:20.581281,25.079999923706055,85987.0078125,16.435546875,0.0
2023-06-01 13:03:21.581111,25.079999923706055,85986.1796875,16.435546875,0.0
2023-06-01 13:03:22.581549,24.5,85906.65625,16.4736328125,0.0
2023-06-01 13:03:23.586640,24.6200008392334,85922.5703125,16.4658203125,0.0
2023-06-01 13:03:24.583255,25.079999923706055,85989.1640625,16.423828125,0.0
2023-06-01 13:03:25.585873,25.079999923706055,85987.4765625,16.447265625,0.0
2023-06-01 13:03:26.586417,25.079999923706055,85986.59375,16.435546875,0.0
2023-06-01 13:03:27.588831,25.079999923706055,85987.0859375,16.470703125,0.0
2023-06-01 13:03:28.588292,25.079999923706055,85986.59375,16.470703125,0.08094999939203262
2023-06-01 13:03:29.587965,25.06999969482422,85986.203125,16.482421875,0.16189999878406525
2023-06-01 13:03:30.587511,25.06999969482422,85985.203125,16.482421875,0.08094999939203262
2023-06-01 13:03:31.588745,25.06999969482422,85985.703125,16.5068359375,0.0
2023-06-01 13:03:32.591240,25.06999969482422,85989.546875,16.5419921875,0.0
2023-06-01 13:03:33.591024,25.06999969482422,85985.03125,16.5771484375,0.0
2023-06-01 13:03:34.592892,25.06999969482422,85987.1953125,16.5771484375,0.0
2023-06-01 13:03:35.592717,25.06999969482422,85987.890625,16.5771484375,0.0
2023-06-01 13:03:36.598865,25.06999969482422,85986.7265625,16.5771484375,0.0
2023-06-01 13:03:37.592798,25.06999969482422,85989.046875,16.5419921875,0.08094999939203262
2023-06-01 13:03:38.603326,25.06999969482422,85988.1875,16.4951171875,0.24285000562667847
2023-06-01 13:03:39.595918,25.06999969482422,85987.296875,16.470703125,0.4047500193119049
2023-06-01 13:03:40.597663,25.059999465942383,85987.078125,16.458984375,0.647599995136261
2023-06-01 13:03:41.598119,25.059999465942383,85987.875,16.458984375,0.7285500168800354
2023-06-01 13:03:42.598053,25.059999465942383,85987.375,16.470703125,0.647599995136261
2023-06-01 13:03:43.600489,25.049999237060547,85985.328125,16.4697265625,0.647599995136261
2023-06-01 13:03:44.599587,25.049999237060547,85986.765625,16.4697265625,0.647599995136261
2023-06-01 13:03:45.602135,25.040000915527344,85984.328125,16.4697265625,0.7285500168800354
2023-06-01 13:03:46.607762,25.040000915527344,85987.9765625,16.4814453125,0.7285500168800354
2023-06-01 13:03:47.606659,25.040000915527344,85985.4609375,16.4697265625,0.647599995136261
2023-06-01 13:03:48.603838,25.040000915527344,85984.65625,16.4814453125,0.4047500193119049
2023-06-01 13:03:49.606977,25.040000915527344,85984.71875,16.494140625,0.24285000562667847
2023-06-01 13:03:50.605212,25.040000915527344,85985.984375,16.552734375,0.08094999939203262
2023-06-01 13:03:51.607696,25.040000915527344,85986.046875,16.576171875,0.0
2023-06-01 13:03:52.610457,25.040000915527344,85986.5390625,16.576171875,0.0
2023-06-01 13:03:53.612180,25.040000915527344,85984.984375,16.6591796875,0.0
2023-06-01 13:03:54.609734,25.040000915527344,85987.734375,16.71875,0.0
2023-06-01 13:03:55.614994,25.040000915527344,85987.203125,16.71875,0.08094999939203262
2023-06-01 13:03:56.623468,25.040000915527344,85987.8125,16.6357421875,0.0
2023-06-01 13:03:57.618815,25.040000915527344,85988.78125,16.587890625,0.0
2023-06-01 13:03:58.612723,25.030000686645508,85986.421875,16.587890625,0.0
2023-06-01 13:03:59.625424,25.030000686645508,85986.5625,16.611328125,0.0
2023-06-01 13:04:00.612627,25.030000686645508,85986.890625,16.611328125,0.0
2023-06-01 13:04:01.622955,25.040000915527344,85984.828125,16.611328125,0.0
2023-06-01 13:04:02.624002,25.040000915527344,85988.703125,16.6357421875,0.0
2023-06-01 13:04:03.614504,25.040000915527344,85988.8125,16.6474609375,0.08094999939203262
2023-06-01 13:04:04.618324,25.049999237060547,85990.25,16.955078125,0.0
2023-06-01 13:04:05.622663,25.049999237060547,85988.7578125,16.9794921875,0.0
2023-06-01 13:04:06.625350,25.040000915527344,85985.734375,16.955078125,0.0
2023-06-01 13:04:07.632301,25.040000915527344,85984.328125,16.955078125,0.0
2023-06-01 13:04:08.624527,25.040000915527344,85987.9765625,16.8955078125,0.0
2023-06-01 13:04:09.629022,25.040000915527344,85987.3125,16.8369140625,0.0
2023-06-01 13:04:10.621686,25.040000915527344,85988.28125,16.80078125,0.0
2023-06-01 13:04:11.632715,25.040000915527344,85985.984375,16.77734375,0.0
2023-06-01 13:04:12.623347,25.040000915527344,85985.7890625,16.75390625,0.0
2023-06-01 13:04:13.624126,25.030000686645508,85990.078125,16.7421875,0.0
2023-06-01 13:04:14.629213,25.030000686645508,85986.09375,16.75390625,0.0
2023-06-01 13:04:15.634129,25.030000686645508,85985.234375,16.9189453125,0.0
2023-06-01 13:04:16.626901,24.3799991607666,85895.90625,16.9658203125,0.0
2023-06-01 13:04:17.627448,24.899999618530273,85971.2734375,16.9619140625,0.0
2023-06-01 13:04:18.631975,24.709999084472656,85941.890625,17.001953125,0.08094999939203262
2023-06-01 13:04:19.633413,25.020000457763672,85984.59375,16.8837890625,0.08094999939203262
2023-06-01 13:04:20.636048,25.020000457763672,85987.609375,16.84765625,0.0
2023-06-01 13:04:21.630386,23.200000762939453,85725.65625,16.9677734375,0.08094999939203262
2023-06-01 13:04:22.633849,25.010000228881836,85984.28125,16.8115234375,0.0
2023-06-01 13:04:23.633841,25.010000228881836,85984.9453125,16.8359375,0.08094999939203262
2023-06-01 13:04:24.632951,25.010000228881836,85986.40625,16.91796875,0.0
2023-06-01 13:04:25.636207,25.010000228881836,85985.640625,17.060546875,0.0
2023-06-01 13:04:26.634850,25.010000228881836,85984.96875,17.1318359375,0.0
2023-06-01 13:04:27.637628,25.010000228881836,85985.640625,17.048828125,0.08094999939203262
2023-06-01 13:04:28.636298,25.0,85984.0625,16.9296875,0.08094999939203262
2023-06-01 13:04:29.642100,25.0,85986.6875,16.859375,0.0
2023-06-01 13:04:30.640090,25.0,85986.7109375,16.8828125,0.0
2023-06-01 13:04:31.639028,25.010000228881836,85989.390625,16.84765625,0.0
2023-06-01 13:04:32.643624,25.0,85984.5546875,16.8349609375,0.0
2023-06-01 13:04:33.640090,25.010000228881836,85989.7578125,16.8115234375,0.0
2023-06-01 13:04:34.640504,25.010000228881836,85986.90625,16.91796875,0.0
2023-06-01 13:04:35.645205,25.0,85986.953125,16.7880859375,0.16189999878406525
2023-06-01 13:04:36.643601,24.989999771118164,85990.21875,16.728515625,0.24285000562667847
2023-06-01 13:04:37.641487,24.989999771118164,85989.5546875,16.728515625,0.16189999878406525
2023-06-01 13:04:38.644685,24.989999771118164,85989.578125,16.751953125,0.08094999939203262
2023-06-01 13:04:39.646133,24.989999771118164,85985.90625,16.763671875,0.0
2023-06-01 13:04:40.644638,24.989999771118164,85985.9375,16.751953125,0.0
2023-06-01 13:04:41.645354,25.0,85990.9375,16.751953125,0.0
2023-06-01 13:04:42.649996,25.0,85987.953125,16.751953125,0.0
2023-06-01 13:04:43.648386,25.0,85987.453125,16.7998046875,0.0
2023-06-01 13:04:44.648339,24.989999771118164,85989.9140625,16.775390625,0.0
2023-06-01 13:04:45.648328,24.989999771118164,85983.21875,16.740234375,0.0
2023-06-01 13:04:46.648575,24.989999771118164,85984.046875,16.693359375,0.0
2023-06-01 13:04:47.649857,24.979999542236328,85985.3125,16.728515625,0.0
2023-06-01 13:04:48.650343,24.979999542236328,85987.46875,16.751953125,0.0
2023-06-01 13:04:49.652175,24.989999771118164,85987.859375,16.763671875,0.0
2023-06-01 13:04:50.654813,24.979999542236328,85987.140625,16.775390625,0.0
2023-06-01 13:04:51.653108,24.979999542236328,85988.3046875,16.798828125,0.0
2023-06-01 13:04:52.652899,24.989999771118164,85987.3671875,16.763671875,0.0
2023-06-01 13:04:53.654203,24.979999542236328,85988.109375,16.7041015625,0.0
2023-06-01 13:04:54.655244,24.969999313354492,85985.203125,16.7158203125,0.0
2023-06-01 13:04:55.654435,24.979999542236328,85987.390625,16.763671875,0.0
2023-06-01 13:04:56.657466,24.969999313354492,85989.015625,16.787109375,0.0
2023-06-01 13:04:57.657151,24.979999542236328,85990.875,16.787109375,0.0
2023-06-01 13:04:58.658746,24.969999313354492,85989.6484375,16.810546875,0.0
2023-06-01 13:04:59.658242,24.969999313354492,85985.203125,16.833984375,0.0
2023-06-01 13:05:00.661014,24.969999313354492,85990.453125,17.236328125,0.0
2023-06-01 13:05:01.663535,24.969999313354492,85989.2890625,17.1767578125,0.0
2023-06-01 13:05:02.665239,24.969999313354492,85988.4609375,17.1064453125,0.0
2023-06-01 13:05:03.669830,24.969999313354492,85988.65625,17.1298828125,0.0
2023-06-01 13:05:04.665364,24.969999313354492,85989.3203125,17.224609375,0.0
2023-06-01 13:05:05.668343,24.969999313354492,85988.4609375,17.1181640625,0.0
2023-06-01 13:05:06.667107,24.969999313354492,85988.828125,17.0947265625,0.0
2023-06-01 13:05:07.666485,24.969999313354492,85992.640625,17.1298828125,0.0
2023-06-01 13:05:08.669522,24.969999313354492,85987.828125,17.1533203125,0.0
2023-06-01 13:05:09.666686,24.969999313354492,85987.359375,17.1416015625,0.0
2023-06-01 13:05:10.667768,24.969999313354492,85990.5078125,17.05859375,0.0
2023-06-01 13:05:11.670827,24.969999313354492,85990.984375,17.0,0.0
2023-06-01 13:05:12.671180,24.969999313354492,85986.9375,16.98828125,0.0
2023-06-01 13:05:13.669736,24.969999313354492,85986.765625,17.0947265625,0.0
2023-06-01 13:05:14.671152,24.969999313354492,85985.140625,17.3779296875,0.0
2023-06-01 13:05:15.674169,24.969999313354492,85984.375,17.685546875,0.0
2023-06-01 13:05:16.673581,24.969999313354492,85986.6640625,17.650390625,0.0
2023-06-01 13:05:17.674243,24.969999313354492,85988.1875,17.3779296875,0.0
2023-06-01 13:05:18.677789,24.969999313354492,85985.5,17.271484375,0.0
2023-06-01 13:05:19.678175,24.969999313354492,85985.53125,17.201171875,0.0
2023-06-01 13:05:20.677360,24.969999313354492,85985.671875,17.212890625,0.0
2023-06-01 13:05:21.676650,24.979999542236328,85987.78125,17.591796875,0.0
2023-06-01 13:05:22.677753,24.979999542236328,85986.953125,18.017578125,0.0
2023-06-01 13:05:23.681131,24.979999542236328,85986.5859375,18.1591796875,0.0
2023-06-01 13:05:24.681066,24.979999542236328,85985.59375,18.1591796875,0.0
2023-06-01 13:05:25.680479,24.979999542236328,85989.40625,18.052734375,0.0
2023-06-01 13:05:26.681252,24.979999542236328,85987.25,17.8994140625,0.0
2023-06-01 13:05:27.680611,24.979999542236328,85987.28125,17.6396484375,0.0
2023-06-01 13:05:28.684224,24.979999542236328,85988.546875,17.3076171875,0.08094999939203262
2023-06-01 13:05:29.685159,24.979999542236328,85989.90625,17.1298828125,0.08094999939203262
2023-06-01 13:05:30.684585,24.969999313354492,85989.34375,17.01171875,0.0
2023-06-01 13:05:31.685865,24.969999313354492,85986.796875,16.9404296875,0.0
2023-06-01 13:05:32.686777,24.969999313354492,85990.84375,16.9169921875,0.0
2023-06-01 13:05:33.690410,24.979999542236328,85990.0703125,16.8935546875,0.0
2023-06-01 13:05:34.688447,24.979999542236328,85987.609375,16.8935546875,0.0
2023-06-01 13:05:35.686862,24.979999542236328,85988.7734375,16.8935546875,0.0
2023-06-01 13:05:36.687938,24.989999771118164,85991.15625,16.9052734375,0.0
2023-06-01 13:05:37.689873,24.979999542236328,85989.796875,16.9296875,0.0
2023-06-01 13:05:38.688831,24.989999771118164,85987.53125,16.89453125,0.0
2023-06-01 13:05:39.690999,24.989999771118164,85989.859375,16.8583984375,0.0
2023-06-01 13:05:40.691278,25.0,85990.109375,16.8466796875,0.0
2023-06-01 13:05:41.694338,24.989999771118164,85985.046875,16.8466796875,0.08094999939203262
2023-06-01 13:05:42.697923,25.0,85985.625,16.8349609375,0.0
2023-06-01 13:05:43.696197,24.989999771118164,85985.59375,16.8115234375,0.0
2023-06-01 13:05:44.697605,25.0,85987.84375,16.7880859375,0.0
2023-06-01 13:05:45.696417,25.0,85989.109375,16.775390625,0.0
2023-06-01 13:05:46.700138,24.989999771118164,85984.734375,16.7998046875,0.0
2023-06-01 13:05:47.704579,24.989999771118164,85987.0625,16.8115234375,0.0
2023-06-01 13:05:48.699016,25.0,85986.8203125,16.8232421875,0.0
2023-06-01 13:05:49.700364,24.989999771118164,85988.5859375,16.8115234375,0.0
2023-06-01 13:05:50.709247,25.0,85988.640625,16.8115234375,0.0
2023-06-01 13:05:51.700707,25.0,85990.0,16.7763671875,0.0
2023-06-01 13:05:52.705312,25.0,85986.3203125,16.763671875,0.0
2023-06-01 13:05:53.707103,25.0,85989.28125,16.763671875,0.0
2023-06-01 13:05:54.708549,24.989999771118164,85985.765625,16.751953125,0.0
2023-06-01 13:05:55.703141,25.0,85988.8125,16.751953125,0.0
2023-06-01 13:05:56.710643,25.0,85988.671875,16.7529296875,0.0
2023-06-01 13:05:57.707966,25.0,85989.0,16.728515625,0.0
2023-06-01 13:05:58.709172,25.0,85989.34375,16.716796875,0.0
2023-06-01 13:05:59.707979,25.0,85992.625,16.740234375,0.0
2023-06-01 13:06:00.708968,25.0,85985.984375,16.751953125,0.0
2023-06-01 13:06:01.708652,25.0,85987.3125,16.751953125,0.0
2023-06-01 13:06:02.717979,25.0,85991.96875,16.740234375,0.0
2023-06-01 13:06:03.709657,25.0,85989.4453125,16.716796875,0.0
2023-06-01 13:06:04.712441,25.0,85988.34375,16.705078125,0.0
2023-06-01 13:06:05.716706,25.0,85987.2109375,16.705078125,0.0
2023-06-01 13:06:06.717261,25.0,85989.3671875,16.693359375,0.0
2023-06-01 13:06:07.728376,25.010000228881836,85988.3984375,16.693359375,0.0
2023-06-01 13:06:08.718131,25.010000228881836,85986.578125,16.693359375,0.0
2023-06-01 13:06:09.717374,25.010000228881836,85988.125,16.705078125,0.0
2023-06-01 13:06:10.721964,25.010000228881836,85986.1328125,16.705078125,0.0
2023-06-01 13:06:11.722763,25.010000228881836,85988.125,16.705078125,0.0
2023-06-01 13:06:12.723154,25.010000228881836,85989.3203125,16.7177734375,0.0
2023-06-01 13:06:13.719528,25.020000457763672,85988.1875,16.7412109375,0.0
2023-06-01 13:06:14.724199,25.010000228881836,85987.0,16.7412109375,0.0
2023-06-01 13:06:15.722247,25.010000228881836,85989.3203125,16.7177734375,0.0
2023-06-01 13:06:16.722833,25.010000228881836,85990.453125,16.705078125,0.0
2023-06-01 13:06:17.723045,25.010000228881836,85990.59375,16.693359375,0.0
2023-06-01 13:06:18.727208,25.010000228881836,85989.125,16.693359375,0.0
2023-06-01 13:06:19.735808,25.010000228881836,85988.7890625,16.7177734375,0.0
2023-06-01 13:06:20.729999,25.010000228881836,85989.421875,16.7529296875,0.0
2023-06-01 13:06:21.732513,25.010000228881836,85991.25,16.7529296875,0.0
2023-06-01 13:06:22.730860,25.010000228881836,85986.4375,16.7412109375,0.0
2023-06-01 13:06:23.734361,25.010000228881836,85989.453125,16.7529296875,0.0
2023-06-01 13:06:24.730709,25.010000228881836,85985.171875,16.7763671875,0.0
2023-06-01 13:06:25.732643,25.010000228881836,85989.625,16.7880859375,0.0
2023-06-01 13:06:26.733464,25.010000228881836,85990.78125,16.7763671875,0.0
2023-06-01 13:06:27.734400,25.020000457763672,85993.5,16.80078125,0.0
2023-06-01 13:06:28.740486,25.010000228881836,85989.125,16.8115234375,0.0
2023-06-01 13:06:29.735302,25.010000228881836,85987.984375,16.80078125,0.0
2023-06-01 13:06:30.734918,25.020000457763672,85990.875,16.7890625,0.0
2023-06-01 13:06:31.738894,25.020000457763672,85988.515625,16.7890625,0.0
2023-06-01 13:06:32.737570,25.010000228881836,85990.484375,16.7763671875,0.0
2023-06-01 13:06:33.738434,25.010000228881836,85987.296875,16.7646484375,0.0
2023-06-01 13:06:34.744599,25.010000228881836,85992.3046875,16.7529296875,0.0
2023-06-01 13:06:35.739285,25.010000228881836,85991.8125,16.7646484375,0.0
2023-06-01 13:06:36.741955,25.010000228881836,85990.25,16.705078125,0.0
2023-06-01 13:06:37.742931,25.010000228881836,85992.4375,16.681640625,0.0
2023-06-01 13:06:38.744912,25.010000228881836,85989.390625,16.669921875,0.0
2023-06-01 13:06:39.744412,25.010000228881836,85995.203125,16.6337890625,0.0
2023-06-01 13:06:40.745581,25.010000228881836,85992.046875,16.6337890625,0.0
2023-06-01 13:06:41.745956,25.0,85990.171875,16.6103515625,0.0
2023-06-01 13:06:42.748104,25.0,85994.125,16.6103515625,0.0
2023-06-01 13:06:43.748657,25.0,85991.6015625,16.6337890625,0.0
2023-06-01 13:06:44.748983,25.0,85991.4375,16.6337890625,0.0
2023-06-01 13:06:45.752499,25.0,85991.109375,16.6455078125,0.0
2023-06-01 13:06:46.751568,25.0,85990.6953125,16.6455078125,0.0
2023-06-01 13:06:47.752340,25.0,85993.8203125,16.658203125,0.0
2023-06-01 13:06:48.752916,25.0,85992.359375,16.705078125,0.0
2023-06-01 13:06:49.756158,25.0,85989.3125,16.728515625,0.0
2023-06-01 13:06:50.756893,25.0,85989.78125,16.751953125,0.0
2023-06-01 13:06:51.754174,25.0,85990.46875,16.775390625,0.0
2023-06-01 13:06:52.756713,25.0,85990.609375,16.7880859375,0.0
2023-06-01 13:06:53.759160,25.0,85988.671875,16.7763671875,0.0
2023-06-01 13:06:54.757726,25.0,85988.171875,16.7646484375,0.0
2023-06-01 13:06:55.759052,24.989999771118164,85989.75,16.751953125,0.0
2023-06-01 13:06:56.761953,25.0,85989.8125,16.751953125,0.0
2023-06-01 13:06:57.761641,25.0,85991.765625,16.728515625,0.0
2023-06-01 13:06:58.763072,24.989999771118164,85989.0859375,16.716796875,0.0
2023-06-01 13:06:59.763947,25.0,85988.28125,16.705078125,0.0
2023-06-01 13:07:00.764864,25.0,85988.84375,16.705078125,0.0
2023-06-01 13:07:01.765111,25.010000228881836,85990.2265625,16.716796875,0.0
2023-06-01 13:07:02.768048,25.010000228881836,85986.96875,16.7412109375,0.0
2023-06-01 13:07:03.766666,25.020000457763672,85991.53125,16.84765625,0.0
2023-06-01 13:07:04.769388,25.020000457763672,85990.8984375,16.9189453125,0.0
2023-06-01 13:07:05.770326,25.020000457763672,85988.078125,17.072265625,0.0
2023-06-01 13:07:06.769975,25.020000457763672,85988.609375,17.1552734375,0.0
2023-06-01 13:07:07.770609,25.020000457763672,85991.09375,17.2978515625,0.0
2023-06-01 13:07:08.772504,25.030000686645508,85987.3125,17.451171875,0.0
2023-06-01 13:07:09.771817,25.030000686645508,85989.71875,17.4755859375,0.0
2023-06-01 13:07:10.774735,25.030000686645508,85988.5546875,17.546875,0.0
2023-06-01 13:07:11.774287,25.030000686645508,85989.71875,17.6416015625,0.0
2023-06-01 13:07:12.778014,25.040000915527344,85992.59375,17.736328125,0.0
2023-06-01 13:07:13.780949,25.040000915527344,85988.3125,18.138671875,0.0
2023-06-01 13:07:14.779216,25.040000915527344,85989.890625,18.896484375,0.0
2023-06-01 13:07:15.778792,25.040000915527344,85990.5234375,18.5888671875,0.0
2023-06-01 13:07:16.778476,25.040000915527344,85988.3125,18.375,0.0
2023-06-01 13:07:17.782398,25.040000915527344,85989.359375,18.6357421875,0.0
2023-06-01 13:07:18.781126,25.049999237060547,85988.6484375,18.36328125,0.0
2023-06-01 13:07:19.781765,25.049999237060547,85988.3125,17.9853515625,0.0
2023-06-01 13:07:20.781856,25.049999237060547,85991.46875,17.666015625,0.0
2023-06-01 13:07:21.785622,25.049999237060547,85988.2890625,17.5830078125,0.0
2023-06-01 13:07:22.783976,25.049999237060547,85989.3125,17.55859375,0.0
2023-06-01 13:07:23.791530,25.049999237060547,85987.484375,17.4287109375,0.0
2023-06-01 13:07:24.786082,25.049999237060547,85989.1796875,17.3349609375,0.0
2023-06-01 13:07:25.786591,25.049999237060547,85987.8203125,17.310546875,0.0
2023-06-01 13:07:26.787795,25.049999237060547,85989.6171875,17.298828125,0.0
2023-06-01 13:07:27.788556,25.049999237060547,85990.9453125,17.275390625,0.0
2023-06-01 13:07:28.790758,25.040000915527344,85989.71875,17.275390625,0.08094999939203262
2023-06-01 13:07:29.792724,25.040000915527344,85987.8984375,17.2626953125,0.0
2023-06-01 13:07:30.793139,25.049999237060547,85989.09375,17.2392578125,0.0
2023-06-01 13:07:31.794269,25.040000915527344,85987.78125,17.2509765625,0.0
2023-06-01 13:07:32.798062,25.030000686645508,85989.578125,17.2509765625,0.0
2023-06-01 13:07:33.795006,25.040000915527344,85988.609375,17.310546875,0.0
2023-06-01 13:07:34.796111,25.040000915527344,85988.4765625,17.4169921875,0.0
2023-06-01 13:07:35.796309,25.040000915527344,85987.28125,17.4404296875,0.0
2023-06-01 13:07:36.797645,25.040000915527344,85989.03125,17.3935546875,0.0
2023-06-01 13:07:37.808550,25.040000915527344,85990.109375,17.322265625,0.0
2023-06-01 13:07:38.803615,25.030000686645508,85985.59375,17.2861328125,0.0
2023-06-01 13:07:39.814174,25.030000686645508,85986.59375,17.2509765625,0.0
2023-06-01 13:07:40.807118,25.030000686645508,85989.71875,17.2265625,0.0
2023-06-01 13:07:41.808160,25.020000457763672,85990.09375,17.21484375,0.0
2023-06-01 13:07:42.810384,25.020000457763672,85987.28125,17.21484375,0.0
2023-06-01 13:07:43.805530,25.030000686645508,85988.96875,17.21484375,0.0
2023-06-01 13:07:44.809969,25.020000457763672,85989.9375,17.25,0.0
2023-06-01 13:07:45.806103,25.030000686645508,85990.515625,17.2861328125,0.0
2023-06-01 13:07:46.805711,25.030000686645508,85993.609375,17.2861328125,0.0
2023-06-01 13:07:47.807227,25.030000686645508,85988.140625,17.26171875,0.0
2023-06-01 13:07:48.817377,25.030000686645508,85989.796875,17.2265625,0.0
2023-06-01 13:07:49.813592,25.020000457763672,85987.9375,17.21484375,0.0
2023-06-01 13:07:50.811209,25.030000686645508,85988.1953125,17.203125,0.0
2023-06-01 13:07:51.815140,25.020000457763672,85988.9375,17.2265625,0.0
2023-06-01 13:07:52.821222,25.020000457763672,85991.421875,17.427734375,0.0
2023-06-01 13:07:53.821014,25.030000686645508,85989.46875,17.439453125,0.0
2023-06-01 13:07:54.815127,25.020000457763672,85988.875,17.26171875,0.0
2023-06-01 13:07:55.817033,25.020000457763672,85988.875,17.1552734375,0.0
2023-06-01 13:07:56.815909,25.010000228881836,85990.484375,17.0849609375,0.0
2023-06-01 13:07:57.823699,25.020000457763672,85991.0078125,17.048828125,0.0
2023-06-01 13:07:58.824621,25.010000228881836,85986.328125,17.025390625,0.0
2023-06-01 13:07:59.823497,25.020000457763672,85986.03125,17.013671875,0.0
2023-06-01 13:08:00.819726,25.010000228881836,85986.5,16.990234375,0.0
2023-06-01 13:08:01.820480,25.010000228881836,85987.5703125,16.9658203125,0.0
2023-06-01 13:08:02.821841,25.010000228881836,85989.3203125,16.9541015625,0.0
2023-06-01 13:08:03.823487,25.0,85987.703125,16.9296875,0.0
2023-06-01 13:08:04.826744,25.010000228881836,85991.0859375,16.9189453125,0.08094999939203262
2023-06-01 13:08:05.822366,25.0,85984.359375,16.8828125,0.16189999878406525
2023-06-01 13:08:06.824059,25.0,85985.984375,16.8583984375,0.3237999975681305
2023-06-01 13:08:07.826805,25.0,85985.625,16.8466796875,0.3237999975681305
2023-06-01 13:08:08.826162,25.0,85987.78125,16.8466796875,0.3237999975681305
2023-06-01 13:08:09.827096,24.989999771118164,85989.0,16.8935546875,0.24285000562667847
2023-06-01 13:08:10.829376,24.989999771118164,85987.5,16.9052734375,0.16189999878406525
2023-06-01 13:08:11.830700,24.979999542236328,85986.9765625,16.91796875,0.08094999939203262
2023-06-01 13:08:12.831104,24.979999542236328,85984.921875,16.9287109375,0.0
2023-06-01 13:08:13.832813,24.979999542236328,85984.0625,16.9287109375,0.08094999939203262
2023-06-01 13:08:14.830825,24.979999542236328,85985.921875,16.953125,0.08094999939203262
2023-06-01 13:08:15.833230,24.969999313354492,85984.375,16.98828125,0.0
2023-06-01 13:08:16.837297,24.969999313354492,85984.84375,17.01171875,0.08094999939203262
2023-06-01 13:08:17.833880,24.969999313354492,85985.90625,17.01171875,0.0
2023-06-01 13:08:18.834968,24.969999313354492,85990.5078125,17.0,0.0
2023-06-01 13:08:19.837104,24.969999313354492,85985.8046875,16.9755859375,0.0
2023-06-01 13:08:20.837725,24.969999313354492,85988.1875,16.9404296875,0.0
2023-06-01 13:08:21.835564,24.969999313354492,85985.671875,16.9169921875,0.0
2023-06-01 13:08:22.839816,24.969999313354492,85987.0,16.9052734375,0.0
2023-06-01 13:08:23.838460,24.969999313354492,85988.484375,16.880859375,0.16189999878406525
2023-06-01 13:08:24.840506,24.959999084472656,85989.0625,16.822265625,0.16189999878406525
2023-06-01 13:08:25.840245,24.950000762939453,85989.0859375,16.8095703125,0.24285000562667847
2023-06-01 13:08:26.842505,24.959999084472656,85989.3125,16.8095703125,0.16189999878406525
2023-06-01 13:08:27.844346,24.959999084472656,85987.015625,16.833984375,0.16189999878406525
2023-06-01 13:08:28.842975,24.959999084472656,85985.4921875,16.845703125,0.08094999939203262
2023-06-01 13:08:29.848626,24.959999084472656,85988.8125,16.833984375,0.08094999939203262
2023-06-01 13:08:30.843899,24.959999084472656,85989.1171875,16.833984375,0.08094999939203262
2023-06-01 13:08:31.846554,24.950000762939453,85987.7578125,16.8212890625,0.08094999939203262
2023-06-01 13:08:32.845346,24.950000762939453,85987.234375,16.8330078125,0.08094999939203262
2023-06-01 13:08:33.847215,24.950000762939453,85988.59375,16.8330078125,0.0
2023-06-01 13:08:34.848890,24.959999084472656,85987.984375,16.857421875,0.0
2023-06-01 13:08:35.848659,24.959999084472656,85987.515625,16.9521484375,0.0
2023-06-01 13:08:36.853351,24.959999084472656,85987.84375,16.9638671875,0.0
2023-06-01 13:08:37.853669,24.969999313354492,85990.125,17.01171875,0.0
2023-06-01 13:08:38.852495,24.959999084472656,85988.0703125,17.05859375,0.0
2023-06-01 13:08:39.852371,24.969999313354492,85990.59375,17.1298828125,0.0
2023-06-01 13:08:40.853592,24.959999084472656,85988.6796875,17.390625,0.0
2023-06-01 13:08:41.855732,24.969999313354492,85986.109375,17.7802734375,0.0
2023-06-01 13:08:42.852853,24.969999313354492,85985.109375,18.3251953125,0.0
2023-06-01 13:08:43.854133,24.969999313354492,85987.265625,17.6982421875,0.0
2023-06-01 13:08:44.857295,24.959999084472656,85987.8203125,17.3779296875,0.0
2023-06-01 13:08:45.856863,24.959999084472656,85987.484375,17.1767578125,0.0
2023-06-01 13:08:46.858468,24.969999313354492,85990.09375,17.8515625,0.0
2023-06-01 13:08:47.862096,24.959999084472656,85985.828125,18.1826171875,0.0
2023-06-01 13:08:48.860045,24.959999084472656,85985.828125,17.626953125,0.0
2023-06-01 13:08:49.860135,24.959999084472656,85989.3125,17.271484375,0.0
2023-06-01 13:08:50.862441,24.959999084472656,85989.84375,17.1181640625,0.24285000562667847
2023-06-01 13:08:51.863393,24.959999084472656,85989.0078125,17.046875,0.08094999939203262
2023-06-01 13:08:52.863741,24.950000762939453,85988.09375,17.0224609375,0.08094999939203262
2023-06-01 13:08:53.864002,24.950000762939453,85988.2265625,16.9755859375,0.0
2023-06-01 13:08:54.864486,24.959999084472656,85990.8046875,17.1533203125,0.0
2023-06-01 13:08:55.867155,24.959999084472656,85991.46875,17.2119140625,0.0
2023-06-01 13:08:56.867290,24.959999084472656,85990.671875,17.1533203125,0.0
2023-06-01 13:08:57.868936,24.959999084472656,85987.15625,17.1416015625,0.0
2023-06-01 13:08:58.871598,24.959999084472656,85988.8125,17.09375,0.0
2023-06-01 13:08:59.870284,24.959999084472656,85989.0078125,17.0234375,0.0
2023-06-01 13:09:00.870800,24.959999084472656,85989.28125,16.9287109375,0.08094999939203262
2023-06-01 13:09:01.871568,24.950000762939453,85988.203125,16.869140625,0.16189999878406525
2023-06-01 13:09:02.871701,24.950000762939453,85989.1953125,16.857421875,0.16189999878406525
2023-06-01 13:09:03.874781,24.950000762939453,85986.375,16.869140625,0.0
2023-06-01 13:09:04.874749,24.950000762939453,85988.859375,16.880859375,0.0
2023-06-01 13:09:05.878915,24.950000762939453,85985.734375,16.916015625,0.0
2023-06-01 13:09:06.879632,24.959999084472656,85990.9375,17.236328125,0.0
2023-06-01 13:09:07.877429,24.959999084472656,85987.15625,17.1884765625,0.0
2023-06-01 13:09:08.878136,24.959999084472656,85987.484375,17.1416015625,0.0
2023-06-01 13:09:09.882659,24.950000762939453,85988.421875,17.12890625,0.0
2023-06-01 13:09:10.879224,24.950000762939453,85989.390625,16.9990234375,0.0
2023-06-01 13:09:11.880303,24.940000534057617,85988.4453125,16.951171875,0.08094999939203262
2023-06-01 13:09:12.880847,24.940000534057617,85990.90625,16.892578125,0.08094999939203262
2023-06-01 13:09:13.881924,24.93000030517578,85989.21875,16.8681640625,0.08094999939203262
2023-06-01 13:09:14.882725,24.940000534057617,85989.7421875,16.8447265625,0.0
2023-06-01 13:09:15.885310,24.93000030517578,85986.890625,16.8330078125,0.08094999939203262
2023-06-01 13:09:16.884245,24.93000030517578,85986.171875,16.8212890625,0.08094999939203262
2023-06-01 13:09:17.885297,24.920000076293945,85987.40625,16.8203125,0.08094999939203262
2023-06-01 13:09:18.884457,24.93000030517578,85988.65625,16.8212890625,0.08094999939203262
2023-06-01 13:09:19.891581,24.93000030517578,85988.4921875,16.8212890625,0.0
2023-06-01 13:09:20.888182,24.93000030517578,85988.0546875,16.8330078125,0.0
2023-06-01 13:09:21.889016,24.93000030517578,85988.0546875,16.8564453125,0.0
2023-06-01 13:09:22.890550,24.93000030517578,85984.8984375,16.8447265625,0.0
2023-06-01 13:09:23.899845,24.93000030517578,85985.03125,16.8447265625,0.0
2023-06-01 13:09:24.891533,24.93000030517578,85985.234375,16.8681640625,0.0
2023-06-01 13:09:25.893236,24.940000534057617,85988.140625,17.2236328125,0.08094999939203262
2023-06-01 13:09:26.892994,24.950000762939453,85987.703125,17.1884765625,0.0
2023-06-01 13:09:27.894855,24.950000762939453,85985.6796875,17.2470703125,0.0
2023-06-01 13:09:28.895200,24.950000762939453,85988.7265625,17.5078125,0.0
2023-06-01 13:09:29.899134,24.959999084472656,85986.125,17.5078125,0.16189999878406525
2023-06-01 13:09:30.894258,24.950000762939453,85984.109375,17.283203125,0.16189999878406525
2023-06-01 13:09:31.899614,24.950000762939453,85986.015625,17.12890625,0.24285000562667847
2023-06-01 13:09:32.898184,24.950000762939453,85987.84375,17.0224609375,0.16189999878406525
2023-06-01 13:09:33.897948,24.950000762939453,85986.734375,17.0224609375,0.0
2023-06-01 13:09:34.902074,24.959999084472656,85987.015625,17.591796875,0.08094999939203262
2023-06-01 13:09:35.901777,24.959999084472656,85986.578125,17.88671875,0.08094999939203262
2023-06-01 13:09:36.907337,24.969999313354492,85986.109375,17.7216796875,0.0
2023-06-01 13:09:37.906350,24.959999084472656,85987.234375,17.4609375,0.0
2023-06-01 13:09:38.903592,24.969999313354492,85989.265625,17.2841796875,0.0
2023-06-01 13:09:39.903098,24.969999313354492,85987.4375,17.189453125,0.0
2023-06-01 13:09:40.909242,24.969999313354492,85989.125,17.1533203125,0.0
2023-06-01 13:09:41.907388,24.969999313354492,85988.4609375,17.1533203125,0.0
2023-06-01 13:09:42.911424,24.969999313354492,85986.828125,17.2958984375,0.08094999939203262
2023-06-01 13:09:43.907078,24.979999542236328,85988.71875,17.2607421875,0.0
2023-06-01 13:09:44.912976,24.969999313354492,85986.5,17.212890625,0.0
2023-06-01 13:09:45.912000,24.969999313354492,85986.03125,17.3427734375,0.0
2023-06-01 13:09:46.914540,24.979999542236328,85987.578125,17.3310546875,0.0
2023-06-01 13:09:47.910669,24.979999542236328,85985.890625,17.650390625,0.0
2023-06-01 13:09:48.912117,24.979999542236328,85986.09375,17.994140625,0.0
2023-06-01 13:09:49.912767,24.979999542236328,85986.140625,17.8291015625,0.0
2023-06-01 13:09:50.919503,24.979999542236328,85982.9921875,17.8759765625,0.0
2023-06-01 13:09:51.915535,24.979999542236328,85984.984375,17.6865234375,0.0
2023-06-01 13:09:52.918257,24.989999771118164,85987.171875,17.556640625,0.0
2023-06-01 13:09:53.915090,24.989999771118164,85984.515625,17.35546875,0.0
2023-06-01 13:09:54.917550,24.979999542236328,85982.1640625,17.2724609375,0.0
2023-06-01 13:09:55.923956,24.989999771118164,85981.890625,17.2021484375,0.0
2023-06-01 13:09:56.917730,24.989999771118164,85984.015625,17.119140625,0.0
2023-06-01 13:09:57.924901,24.989999771118164,85985.34375,17.130859375,0.0
2023-06-01 13:09:58.924817,24.989999771118164,85982.1875,17.0830078125,0.0
2023-06-01 13:09:59.923396,24.989999771118164,85982.71875,17.119140625,0.0
2023-06-01 13:10:00.924430,24.989999771118164,85984.84375,17.0830078125,0.0
2023-06-01 13:10:01.927230,24.989999771118164,85982.359375,17.142578125,0.0
2023-06-01 13:10:02.928885,24.989999771118164,85981.5625,17.095703125,0.0
2023-06-01 13:10:03.924202,24.989999771118164,85984.734375,17.119140625,0.0
2023-06-01 13:10:04.926853,24.989999771118164,85984.078125,17.0712890625,0.0
2023-06-01 13:10:05.923396,24.989999771118164,85982.8828125,17.0126953125,0.0
2023-06-01 13:10:06.927793,24.989999771118164,85982.25,16.9765625,0.0
2023-06-01 13:10:07.927461,24.989999771118164,85983.3828125,16.953125,0.0
2023-06-01 13:10:08.929140,24.989999771118164,85984.078125,16.91796875,0.0
2023-06-01 13:10:09.930163,24.989999771118164,85984.734375,16.90625,0.0
2023-06-01 13:10:10.932304,24.989999771118164,85986.4296875,17.0712890625,0.0
2023-06-01 13:10:11.933362,24.989999771118164,85987.09375,17.4501953125,0.0
2023-06-01 13:10:12.932481,25.0,85984.296875,17.35546875,0.0
2023-06-01 13:10:13.936851,25.0,85982.4765625,17.2138671875,0.0
2023-06-01 13:10:14.933277,25.0,85986.15625,17.154296875,0.0
2023-06-01 13:10:15.934468,24.989999771118164,85984.9375,17.119140625,0.0
2023-06-01 13:10:16.936412,25.0,85983.96875,17.0595703125,0.0
2023-06-01 13:10:17.937317,25.0,85981.703125,17.3564453125,0.0
2023-06-01 13:10:18.940812,25.0,85984.5234375,17.1552734375,0.0
2023-06-01 13:10:19.938776,25.0,85983.640625,17.0244140625,0.0
2023-06-01 13:10:20.946019,25.0,85981.34375,16.96484375,0.08094999939203262
2023-06-01 13:10:21.941818,25.0,85982.5,17.0009765625,0.0
2023-06-01 13:10:22.941152,25.0,85982.5,17.8056640625,0.0
2023-06-01 13:10:23.938981,25.010000228881836,85987.625,17.9599609375,0.0
2023-06-01 13:10:24.942230,25.010000228881836,85985.28125,17.6044921875,0.0
2023-06-01 13:10:25.944568,25.010000228881836,85987.078125,17.3916015625,0.0
2023-06-01 13:10:26.944048,25.0,85981.171875,17.3203125,0.0
2023-06-01 13:10:27.946223,25.0,85984.0625,17.4267578125,0.0
2023-06-01 13:10:28.946447,25.010000228881836,85987.5703125,17.26171875,0.0
2023-06-01 13:10:29.945716,25.0,85986.015625,17.130859375,0.0
2023-06-01 13:10:30.948173,25.0,85984.390625,17.0361328125,0.0
2023-06-01 13:10:31.948704,25.010000228881836,85986.1640625,17.013671875,0.0
2023-06-01 13:10:32.946367,25.010000228881836,85984.0078125,16.9658203125,0.0
2023-06-01 13:10:33.947813,25.010000228881836,85983.34375,17.203125,0.0
2023-06-01 13:10:34.949465,25.010000228881836,85985.0,17.1083984375,0.0
2023-06-01 13:10:35.948207,25.010000228881836,85985.140625,17.0009765625,0.0
2023-06-01 13:10:36.951999,25.010000228881836,85984.140625,16.9892578125,0.0
2023-06-01 13:10:37.952447,25.010000228881836,85983.78125,17.072265625,0.0
2023-06-01 13:10:38.952840,25.020000457763672,85983.875,17.1435546875,0.0
2023-06-01 13:10:39.954278,25.010000228881836,85984.0078125,17.0966796875,0.0
2023-06-01 13:10:40.955108,25.010000228881836,85985.140625,17.083984375,0.0
2023-06-01 13:10:41.955156,25.010000228881836,85981.6875,17.037109375,0.0
2023-06-01 13:10:42.954114,25.010000228881836,85983.640625,17.083984375,0.0
2023-06-01 13:10:43.956660,25.010000228881836,85985.5,17.0849609375,0.0
2023-06-01 13:10:44.958008,25.020000457763672,85983.046875,17.25,0.0
2023-06-01 13:10:45.960595,25.020000457763672,85983.4296875,17.6640625,0.0
2023-06-01 13:10:46.958428,25.020000457763672,85983.5625,17.462890625,0.0
2023-06-01 13:10:47.960075,25.030000686645508,85984.484375,17.9013671875,0.0
2023-06-01 13:10:48.960016,25.030000686645508,85983.65625,17.8896484375,0.0
2023-06-01 13:10:49.961764,25.020000457763672,85983.265625,17.8779296875,0.0
2023-06-01 13:10:50.961277,25.020000457763672,85985.78125,17.65234375,0.0
2023-06-01 13:10:51.962559,25.020000457763672,85982.9375,17.404296875,0.0
2023-06-01 13:10:52.964042,25.020000457763672,85981.90625,17.3212890625,0.0
2023-06-01 13:10:53.966133,25.020000457763672,85983.53125,17.26171875,0.0
2023-06-01 13:10:54.969086,25.020000457763672,85983.40625,17.203125,0.0
2023-06-01 13:10:55.968601,25.020000457763672,85984.125,17.3681640625,0.0
2023-06-01 13:10:56.968176,25.020000457763672,85984.953125,17.3564453125,0.0
2023-06-01 13:10:57.968179,25.020000457763672,85984.453125,17.203125,0.0
2023-06-01 13:10:58.969392,25.020000457763672,85986.453125,17.072265625,0.0
2023-06-01 13:10:59.970367,25.020000457763672,85982.296875,17.013671875,0.0
2023-06-01 13:11:00.973177,25.030000686645508,85984.546875,17.037109375,0.0
2023-06-01 13:11:01.970969,25.020000457763672,85981.46875,17.1201171875,0.0
2023-06-01 13:11:02.972399,25.030000686645508,85983.2421875,17.14453125,0.0
2023-06-01 13:11:03.974457,25.030000686645508,85983.40625,17.16796875,0.0
2023-06-01 13:11:04.975255,25.030000686645508,85983.40625,17.1201171875,0.0
2023-06-01 13:11:05.974247,25.030000686645508,85983.40625,17.14453125,0.0
2023-06-01 13:11:06.975530,25.030000686645508,85984.2109375,17.14453125,0.0
2023-06-01 13:11:07.980463,25.030000686645508,85983.109375,17.12109375,0.08094999939203262
2023-06-01 13:11:08.979474,25.030000686645508,85984.1015625,17.0380859375,0.08094999939203262
2023-06-01 13:11:09.980628,25.040000915527344,85985.125,16.966796875,0.0
2023-06-01 13:11:10.982978,25.040000915527344,85982.640625,16.919921875,0.0
2023-06-01 13:11:11.979679,25.040000915527344,85984.828125,17.19140625,0.0
2023-06-01 13:11:12.981087,25.030000686645508,85981.9453125,17.15625,0.0
2023-06-01 13:11:13.982188,25.030000686645508,85985.4296875,17.109375,0.0
2023-06-01 13:11:14.983961,25.030000686645508,85986.859375,17.001953125,0.08094999939203262
2023-06-01 13:11:15.983278,25.030000686645508,85984.2109375,16.978515625,0.0
2023-06-01 13:11:16.982338,25.030000686645508,85985.8984375,16.9423828125,0.0
2023-06-01 13:11:17.989263,25.040000915527344,85985.953125,16.955078125,0.0
2023-06-01 13:11:18.984125,25.030000686645508,85981.578125,16.966796875,0.0
2023-06-01 13:11:19.986041,25.030000686645508,85984.40625,17.001953125,0.0
2023-06-01 13:11:20.986544,25.030000686645508,85983.90625,17.001953125,0.0
2023-06-01 13:11:21.993593,25.030000686645508,85985.265625,16.990234375,0.0
2023-06-01 13:11:22.990008,25.030000686645508,85983.4375,16.966796875,0.0
2023-06-01 13:11:23.994308,25.030000686645508,85985.3984375,16.955078125,0.0
2023-06-01 13:11:24.991781,25.030000686645508,85984.734375,16.9189453125,0.0
2023-06-01 13:11:25.994995,25.030000686645508,85985.3125,16.8837890625,0.0
2023-06-01 13:11:26.994111,25.030000686645508,85983.328125,16.87109375,0.0
2023-06-01 13:11:27.998292,25.020000457763672,85986.78125,16.9189453125,0.0
2023-06-01 13:11:29.005941,25.030000686645508,85985.3984375,16.955078125,0.0
2023-06-01 13:11:29.993349,25.030000686645508,85984.90625,16.9423828125,0.0
2023-06-01 13:11:31.006337,25.030000686645508,85982.90625,16.9072265625,0.0
2023-06-01 13:11:32.000586,25.030000686645508,85984.6015625,16.919921875,0.0
2023-06-01 13:11:33.016557,25.030000686645508,85984.4375,16.8720703125,0.0
2023-06-01 13:11:34.000094,25.030000686645508,85983.2421875,16.8603515625,0.0
2023-06-01 13:11:35.007757,25.040000915527344,85983.96875,16.8369140625,0.0
2023-06-01 13:11:35.999354,25.040000915527344,85984.9609375,16.8486328125,0.0
2023-06-01 13:11:37.000052,25.040000915527344,85986.484375,16.919921875,0.0
2023-06-01 13:11:38.004818,25.040000915527344,85982.71875,16.943359375,0.0
2023-06-01 13:11:39.001673,25.040000915527344,85984.828125,16.990234375,0.0
2023-06-01 13:11:40.017629,25.049999237060547,85983.9453125,17.0380859375,0.0
2023-06-01 13:11:41.008760,25.049999237060547,85985.109375,17.109375,0.0
2023-06-01 13:11:42.007038,25.049999237060547,85986.4375,17.298828125,0.0
2023-06-01 13:11:43.021447,25.049999237060547,85984.609375,17.15625,0.0
2023-06-01 13:11:44.007608,25.040000915527344,85984.21875,16.919921875,0.0
2023-06-01 13:11:45.008927,25.049999237060547,85986.796875,16.8134765625,0.0
2023-06-01 13:11:46.014362,25.049999237060547,85986.9609375,16.908203125,0.0
2023-06-01 13:11:47.010271,25.049999237060547,85986.296875,16.908203125,0.0
2023-06-01 13:11:48.017799,25.049999237060547,85981.375,16.8369140625,0.0
2023-06-01 13:11:49.010695,25.049999237060547,85984.53125,16.7783203125,0.0
2023-06-01 13:11:50.010057,25.049999237060547,85984.53125,16.919921875,0.0
2023-06-01 13:11:51.014327,25.059999465942383,85984.5625,16.849609375,0.0
2023-06-01 13:11:52.011469,25.059999465942383,85985.25,16.8251953125,0.24285000562667847
2023-06-01 13:11:53.016988,25.049999237060547,85984.6953125,16.8251953125,0.24285000562667847
2023-06-01 13:11:54.014245,25.059999465942383,85985.75,16.919921875,0.24285000562667847
2023-06-01 13:11:55.014538,25.059999465942383,85985.21875,17.2275390625,0.08094999939203262
2023-06-01 13:11:56.023130,25.049999237060547,85983.3671875,16.9794921875,0.08094999939203262
2023-06-01 13:11:57.024586,25.049999237060547,85985.5234375,16.896484375,0.0
2023-06-01 13:11:58.021860,25.049999237060547,85985.359375,16.8251953125,0.0
2023-06-01 13:11:59.022571,25.049999237060547,85984.0,16.7900390625,0.0
2023-06-01 13:12:00.020820,25.049999237060547,85984.359375,16.8017578125,0.0
2023-06-01 13:12:01.024505,25.049999237060547,85987.515625,16.8134765625,0.0
2023-06-01 13:12:02.024733,25.059999465942383,85989.875,16.7900390625,0.0
2023-06-01 13:12:03.026837,25.049999237060547,85986.515625,16.7421875,0.0
2023-06-01 13:12:04.027095,25.049999237060547,85983.859375,16.73046875,0.0
2023-06-01 13:12:05.024597,25.059999465942383,85985.5546875,16.71875,0.0
2023-06-01 13:12:06.022958,25.049999237060547,85986.828125,16.8486328125,0.0
2023-06-01 13:12:07.027929,25.059999465942383,85986.9375,17.07421875,0.0
2023-06-01 13:12:08.027023,25.06999969482422,85984.1484375,17.46484375,0.0
2023-06-01 13:12:09.027782,25.06999969482422,85985.53125,18.412109375,0.0
2023-06-01 13:12:10.027560,25.059999465942383,85984.28125,18.5771484375,0.0
2023-06-01 13:12:11.029885,25.06999969482422,85984.484375,18.6953125,0.0
2023-06-01 13:12:12.029398,25.06999969482422,85984.53125,18.1279296875,0.0
2023-06-01 13:12:13.032265,25.06999969482422,85983.703125,17.7373046875,0.0
2023-06-01 13:12:14.029765,25.059999465942383,85984.25,17.3935546875,0.0
2023-06-01 13:12:15.037128,25.059999465942383,85981.734375,17.2041015625,0.0
2023-06-01 13:12:16.031282,25.059999465942383,85981.734375,17.0859375,0.0
2023-06-01 13:12:17.035558,25.059999465942383,85983.7578125,16.9677734375,0.0
2023-06-01 13:12:18.033651,25.059999465942383,85982.953125,16.9326171875,0.0
2023-06-01 13:12:19.034145,25.059999465942383,85984.2265625,16.931640625,0.0
2023-06-01 13:12:20.034236,25.049999237060547,85985.1953125,16.861328125,0.0
2023-06-01 13:12:21.037083,25.049999237060547,85983.640625,16.7900390625,0.08094999939203262
2023-06-01 13:12:22.036180,25.049999237060547,85983.703125,16.8134765625,0.08094999939203262
2023-06-01 13:12:23.039496,25.059999465942383,85985.21875,16.931640625,0.0
2023-06-01 13:12:24.038453,25.059999465942383,85984.1171875,17.4296875,0.0
2023-06-01 13:12:25.038579,25.059999465942383,85984.5859375,17.3701171875,0.0
2023-06-01 13:12:26.040531,25.059999465942383,85986.25,17.263671875,0.0
2023-06-01 13:12:27.042635,25.06999969482422,85982.984375,17.3349609375,0.0
2023-06-01 13:12:28.043684,25.06999969482422,85984.1796875,17.39453125,0.0
2023-06-01 13:12:29.042093,25.06999969482422,85984.484375,17.3701171875,0.0
2023-06-01 13:12:30.046333,25.06999969482422,85984.1484375,17.287109375,0.0
2023-06-01 13:12:31.044078,25.06999969482422,85986.3046875,17.263671875,0.0
2023-06-01 13:12:32.045468,25.06999969482422,85983.515625,17.2880859375,0.0
2023-06-01 13:12:33.045551,25.06999969482422,85984.1796875,17.2646484375,0.0
2023-06-01 13:12:34.047026,25.06999969482422,85983.703125,17.1572265625,0.0
2023-06-01 13:12:35.049239,25.06999969482422,85986.359375,17.5009765625,0.0
2023-06-01 13:12:36.049010,25.06999969482422,85985.234375,17.3115234375,0.0
2023-06-01 13:12:37.048737,25.06999969482422,85983.515625,17.2880859375,0.0
2023-06-01 13:12:38.050165,25.06999969482422,85983.015625,17.1337890625,0.0
2023-06-01 13:12:39.053800,25.06999969482422,85983.046875,17.05078125,0.0
2023-06-01 13:12:40.051674,25.06999969482422,85982.546875,17.0390625,0.0
2023-06-01 13:12:41.054912,25.06999969482422,85985.234375,17.0390625,0.0
2023-06-01 13:12:42.053549,25.079999923706055,85985.2578125,17.0390625,0.0
2023-06-01 13:12:43.053016,25.06999969482422,85984.875,16.9443359375,0.08094999939203262
2023-06-01 13:12:44.055442,25.06999969482422,85985.3671875,16.9443359375,0.08094999939203262
2023-06-01 13:12:45.055981,25.059999465942383,85982.796875,16.861328125,0.24285000562667847
2023-06-01 13:12:46.056294,25.059999465942383,85981.9375,16.8134765625,0.4047500193119049
2023-06-01 13:12:47.058698,25.06999969482422,85983.484375,16.849609375,0.5666499733924866
2023-06-01 13:12:48.058104,25.059999465942383,85984.25,16.7783203125,0.48570001125335693
2023-06-01 13:12:49.058785,25.049999237060547,85986.0234375,16.7666015625,0.5666499733924866
2023-06-01 13:12:50.060883,25.049999237060547,85984.6640625,16.765625,0.5666499733924866
2023-06-01 13:12:51.063293,25.049999237060547,85985.1640625,16.73046875,0.4047500193119049
2023-06-01 13:12:52.062824,25.049999237060547,85985.796875,16.71875,0.4047500193119049
2023-06-01 13:12:53.064067,25.049999237060547,85986.59375,16.73046875,0.3237999975681305
2023-06-01 13:12:54.065155,25.040000915527344,85984.078125,16.73046875,0.3237999975681305
2023-06-01 13:12:55.066830,25.040000915527344,85983.65625,16.71875,0.3237999975681305
2023-06-01 13:12:56.065751,25.040000915527344,85987.1484375,16.71875,0.24285000562667847
2023-06-01 13:12:57.065732,25.049999237060547,85983.9453125,16.7421875,0.16189999878406525
2023-06-01 13:12:58.067927,25.040000915527344,85985.375,16.7900390625,0.0
2023-06-01 13:12:59.067225,25.040000915527344,85985.7109375,16.8251953125,0.0
2023-06-01 13:13:00.070969,25.040000915527344,85988.0625,16.8369140625,0.0
2023-06-01 13:13:01.067464,25.040000915527344,85981.671875,16.80078125,0.0
2023-06-01 13:13:02.070356,25.040000915527344,85984.046875,16.765625,0.08094999939203262
2023-06-01 13:13:03.071461,25.040000915527344,85985.546875,16.8251953125,0.0
2023-06-01 13:13:04.071572,25.049999237060547,85984.7734375,16.8720703125,0.0
2023-06-01 13:13:05.073914,25.040000915527344,85982.5625,16.884765625,0.0
2023-06-01 13:13:06.076182,25.040000915527344,85985.2421875,16.884765625,0.0
2023-06-01 13:13:07.074773,25.040000915527344,85984.875,16.8720703125,0.08094999939203262
2023-06-01 13:13:08.074629,25.049999237060547,85983.609375,16.8720703125,0.0
2023-06-01 13:13:09.076026,25.049999237060547,85986.46875,16.884765625,0.0
2023-06-01 13:13:10.079233,25.049999237060547,85986.125,17.0498046875,0.0
2023-06-01 13:13:11.077068,25.049999237060547,85985.296875,17.15625,0.0
2023-06-01 13:13:12.078133,25.049999237060547,85987.4296875,17.12109375,0.0
2023-06-01 13:13:13.081653,25.040000915527344,85984.078125,17.0859375,0.0
2023-06-01 13:13:14.078990,25.049999237060547,85984.4375,17.16796875,0.0
2023-06-01 13:13:15.081585,25.049999237060547,85983.609375,17.16796875,0.0
2023-06-01 13:13:16.084979,25.049999237060547,85984.9375,17.1806640625,0.0
2023-06-01 13:13:17.081793,25.049999237060547,85983.9453125,17.15625,0.0
2023-06-01 13:13:18.086254,25.040000915527344,85985.21875,16.9912109375,0.08094999939203262
2023-06-01 13:13:19.084631,25.030000686645508,85987.09375,16.931640625,0.0
2023-06-01 13:13:20.085111,25.040000915527344,85987.6171875,16.919921875,0.0
2023-06-01 13:13:21.090225,25.030000686645508,85984.734375,16.8837890625,0.0
2023-06-01 13:13:22.089610,25.030000686645508,85987.2265625,16.8955078125,0.0
2023-06-01 13:13:23.092483,25.030000686645508,85987.0625,16.8720703125,0.0
2023-06-01 13:13:24.086767,25.030000686645508,85985.3125,16.8359375,0.0
2023-06-01 13:13:25.090392,25.030000686645508,85986.09375,16.8720703125,0.0
2023-06-01 13:13:26.094374,25.030000686645508,85986.390625,16.8955078125,0.0
2023-06-01 13:13:27.094468,25.030000686645508,85985.0703125,16.8837890625,0.08094999939203262
2023-06-01 13:13:28.105005,25.030000686645508,85984.484375,16.82421875,0.08094999939203262
2023-06-01 13:13:29.094901,25.020000457763672,85984.625,16.7890625,0.0
2023-06-01 13:13:30.099407,25.030000686645508,85984.2109375,16.9306640625,0.0
2023-06-01 13:13:31.096550,25.030000686645508,85984.046875,17.0732421875,0.0
2023-06-01 13:13:32.104025,25.030000686645508,85985.0703125,17.1796875,0.0
2023-06-01 13:13:33.096375,25.030000686645508,85983.4375,17.19140625,0.0
2023-06-01 13:13:34.095562,25.030000686645508,85984.9375,17.0966796875,0.0
2023-06-01 13:13:35.096515,25.030000686645508,85986.390625,17.0615234375,0.0
2023-06-01 13:13:36.110609,25.030000686645508,85984.046875,16.978515625,0.0
2023-06-01 13:13:37.102464,25.030000686645508,85986.140625,16.9541015625,0.0
2023-06-01 13:13:38.107664,25.020000457763672,85984.953125,16.9306640625,0.0
2023-06-01 13:13:39.104326,25.020000457763672,85984.09375,16.9423828125,0.0
2023-06-01 13:13:40.101439,25.030000686645508,85984.8125,17.0849609375,0.0
2023-06-01 13:13:41.116742,25.020000457763672,85986.78125,17.025390625,0.0
2023-06-01 13:13:42.104292,25.030000686645508,85985.703125,17.037109375,0.0
2023-06-01 13:13:43.109241,25.030000686645508,85986.734375,17.0498046875,0.0
2023-06-01 13:13:44.109544,25.030000686645508,85986.203125,17.1201171875,0.0
2023-06-01 13:13:45.113067,25.030000686645508,85983.90625,17.1083984375,0.0
2023-06-01 13:13:46.116121,25.030000686645508,85986.4765625,17.0849609375,0.0
2023-06-01 13:13:47.105492,25.030000686645508,85985.203125,17.013671875,0.0
2023-06-01 13:13:48.110218,25.020000457763672,85984.265625,16.9658203125,0.0
2023-06-01 13:13:49.120418,25.020000457763672,85982.578125,17.013671875,0.0
2023-06-01 13:13:50.113049,25.020000457763672,85984.125,17.1435546875,0.0
2023-06-01 13:13:51.114571,25.030000686645508,85987.03125,17.357421875,0.0
2023-06-01 13:13:52.113737,25.030000686645508,85984.875,17.369140625,0.0
2023-06-01 13:13:53.120291,25.030000686645508,85984.15625,17.416015625,0.0
2023-06-01 13:13:54.112106,25.030000686645508,85986.0625,17.58203125,0.0
2023-06-01 13:13:55.114441,25.030000686645508,85985.9296875,17.51171875,0.0
2023-06-01 13:13:56.119134,25.030000686645508,85984.234375,17.2861328125,0.0
2023-06-01 13:13:57.116013,25.030000686645508,85986.4765625,17.3564453125,0.0
2023-06-01 13:13:58.114018,25.030000686645508,85984.734375,17.2978515625,0.16189999878406525
2023-06-01 13:13:59.116016,25.030000686645508,85985.640625,17.23828125,0.16189999878406525
2023-06-01 13:14:00.121315,25.030000686645508,85987.890625,17.1796875,0.16189999878406525
2023-06-01 13:14:01.117818,25.040000915527344,85988.453125,17.203125,0.08094999939203262
2023-06-01 13:14:02.120484,25.040000915527344,85986.484375,17.392578125,0.0
2023-06-01 13:14:03.122340,25.040000915527344,85985.4609375,17.380859375,0.0
2023-06-01 13:14:04.122943,25.040000915527344,85986.953125,17.2509765625,0.08094999939203262
2023-06-01 13:14:05.124022,25.040000915527344,85987.6171875,17.16796875,0.08094999939203262
2023-06-01 13:14:06.119796,25.040000915527344,85987.1484375,17.15625,0.0
2023-06-01 13:14:07.124559,25.040000915527344,85986.453125,17.1328125,0.08094999939203262
2023-06-01 13:14:08.124630,25.040000915527344,85986.78125,17.14453125,0.0
2023-06-01 13:14:09.125386,25.030000686645508,85986.0625,17.0498046875,0.0
2023-06-01 13:14:10.126038,25.040000915527344,85985.625,17.12109375,0.0
2023-06-01 13:14:11.124959,25.030000686645508,85984.1015625,17.16796875,0.08094999939203262
2023-06-01 13:14:12.126948,25.040000915527344,85988.3125,17.0732421875,0.0
2023-06-01 13:14:13.127236,25.040000915527344,85987.203125,17.0859375,0.0
2023-06-01 13:14:14.135957,25.040000915527344,85986.5703125,17.2275390625,0.0
2023-06-01 13:14:15.134940,25.040000915527344,85986.40625,17.310546875,0.0
2023-06-01 13:14:16.130570,25.040000915527344,85983.1640625,17.310546875,0.0
2023-06-01 13:14:17.130459,25.040000915527344,85984.71875,17.2041015625,0.0
2023-06-01 13:14:18.132463,25.040000915527344,85985.8203125,17.2978515625,0.0
2023-06-01 13:14:19.133545,25.040000915527344,85986.875,17.5234375,0.0
2023-06-01 13:14:20.135067,25.040000915527344,85985.125,17.55859375,0.0
2023-06-01 13:14:21.134457,25.040000915527344,85985.046875,17.4765625,0.0
2023-06-01 13:14:22.133848,25.040000915527344,85985.046875,17.2509765625,0.08094999939203262
2023-06-01 13:14:23.136679,25.040000915527344,85985.046875,17.07421875,0.0
2023-06-01 13:14:24.136591,25.040000915527344,85985.046875,16.943359375,0.0
2023-06-01 13:14:25.137741,25.040000915527344,85985.875,16.8603515625,0.08094999939203262
2023-06-01 13:14:26.137819,25.040000915527344,85985.484375,16.7890625,0.08094999939203262
2023-06-01 13:14:27.138915,25.040000915527344,85985.078125,16.7421875,0.08094999939203262
2023-06-01 13:14:28.140892,25.040000915527344,85986.046875,16.71875,0.08094999939203262
2023-06-01 13:14:29.143995,25.040000915527344,85984.90625,16.73046875,0.0
2023-06-01 13:14:30.141581,25.040000915527344,85985.484375,16.73046875,0.0
2023-06-01 13:14:31.140815,25.040000915527344,85985.875,16.70703125,0.0
2023-06-01 13:14:32.142955,25.040000915527344,85983.390625,16.70703125,0.0
2023-06-01 13:14:33.143436,25.040000915527344,85983.390625,16.6953125,0.0
2023-06-01 13:14:34.144811,25.040000915527344,85983.578125,16.68359375,0.0
2023-06-01 13:14:35.145201,25.040000915527344,85982.75,16.68359375,0.0
2023-06-01 13:14:36.145041,25.040000915527344,85986.046875,16.6591796875,0.0
2023-06-01 13:14:37.148775,25.040000915527344,85983.421875,16.68359375,0.0
2023-06-01 13:14:38.148981,25.040000915527344,85986.5390625,16.75390625,0.0
2023-06-01 13:14:39.147768,25.049999237060547,85986.125,16.955078125,0.0
2023-06-01 13:14:40.148893,25.049999237060547,85984.46875,16.955078125,0.0
2023-06-01 13:14:41.151314,25.049999237060547,85986.296875,16.884765625,0.0
2023-06-01 13:14:42.150600,25.049999237060547,85987.625,16.931640625,0.0
2023-06-01 13:14:43.150990,25.049999237060547,85986.625,16.908203125,0.0
2023-06-01 13:14:44.150947,25.049999237060547,85982.953125,16.884765625,0.0
2023-06-01 13:14:45.153488,25.049999237060547,85984.9375,16.8251953125,0.0
2023-06-01 13:14:46.154151,25.049999237060547,85984.5,17.0029296875,0.0
2023-06-01 13:14:47.155395,25.059999465942383,85983.390625,17.4052734375,0.0
2023-06-01 13:14:48.157419,25.049999237060547,85984.6640625,17.4052734375,0.0
2023-06-01 13:14:49.157549,25.049999237060547,85985.328125,17.15625,0.0
2023-06-01 13:14:50.162288,25.049999237060547,85986.328125,17.0263671875,0.0
2023-06-01 13:14:51.160145,25.049999237060547,85985.1640625,16.9912109375,0.0
2023-06-01 13:14:52.161915,25.049999237060547,85984.203125,16.9560546875,0.0
2023-06-01 13:14:53.160889,25.049999237060547,85982.703125,16.9443359375,0.0
2023-06-01 13:14:54.164880,25.049999237060547,85984.5,16.908203125,0.0
2023-06-01 13:14:55.165944,25.049999237060547,85984.359375,16.919921875,0.0
2023-06-01 13:14:56.161416,25.059999465942383,85987.21875,16.908203125,0.0
2023-06-01 13:14:57.166155,25.059999465942383,85983.0625,16.9443359375,0.0
2023-06-01 13:14:58.165210,25.059999465942383,85984.921875,17.05078125,0.0
2023-06-01 13:14:59.164993,25.059999465942383,85984.953125,17.1337890625,0.0
2023-06-01 13:15:00.165275,25.059999465942383,85985.109375,17.228515625,0.0
2023-06-01 13:15:01.166606,25.06999969482422,85984.640625,17.1923828125,0.0
2023-06-01 13:15:02.168509,25.059999465942383,85983.2890625,17.0625,0.0
2023-06-01 13:15:03.169644,25.059999465942383,85982.765625,17.0263671875,0.0
2023-06-01 13:15:04.172095,25.06999969482422,85985.4765625,17.015625,0.0
2023-06-01 13:15:05.172683,25.059999465942383,85987.265625,16.9912109375,0.0
2023-06-01 13:15:06.169679,25.059999465942383,85985.609375,16.873046875,0.0
2023-06-01 13:15:07.171731,25.059999465942383,85986.0546875,16.8369140625,0.0
2023-06-01 13:15:08.172905,25.059999465942383,85985.4140625,16.884765625,0.0
2023-06-01 13:15:09.171599,25.059999465942383,85985.109375,16.9208984375,0.0
2023-06-01 13:15:10.174328,25.06999969482422,85987.1640625,16.9091796875,0.0
2023-06-01 13:15:11.175487,25.06999969482422,85984.484375,16.814453125,0.0
2023-06-01 13:15:12.176475,25.06999969482422,85986.640625,16.7900390625,0.0
2023-06-01 13:15:13.176107,25.06999969482422,85986.828125,16.791015625,0.0
2023-06-01 13:15:14.185840,25.059999465942383,85986.109375,16.7548828125,0.0
2023-06-01 13:15:15.179365,25.06999969482422,85984.34375,16.9091796875,0.0
2023-06-01 13:15:16.187364,25.06999969482422,85983.34375,17.0390625,0.0
2023-06-01 13:15:17.190371,25.06999969482422,85985.8125,17.1455078125,0.0
2023-06-01 13:15:18.181626,25.059999465942383,85985.109375,17.00390625,0.0
2023-06-01 13:15:19.183502,25.059999465942383,85985.578125,16.873046875,0.0
2023-06-01 13:15:20.191598,25.059999465942383,85986.578125,17.0263671875,0.0
2023-06-01 13:15:21.198814,25.059999465942383,85983.234375,17.0146484375,0.08094999939203262
2023-06-01 13:15:22.184259,25.059999465942383,85984.890625,17.07421875,0.08094999939203262
2023-06-01 13:15:23.185484,25.059999465942383,85986.609375,17.0859375,0.08094999939203262
2023-06-01 13:15:24.189472,25.06999969482422,85984.3125,17.05078125,0.16189999878406525
2023-06-01 13:15:25.188671,25.06999969482422,85987.1953125,17.1103515625,0.16189999878406525
2023-06-01 13:15:26.193638,25.06999969482422,85984.375,17.37109375,0.08094999939203262
2023-06-01 13:15:27.193332,25.079999923706055,85985.09375,17.80859375,0.24285000562667847
2023-06-01 13:15:28.203608,25.079999923706055,85986.6171875,18.033203125,0.16189999878406525
2023-06-01 13:15:29.190077,25.079999923706055,85986.3125,17.9033203125,0.08094999939203262
2023-06-01 13:15:30.199022,25.079999923706055,85987.78125,17.6787109375,0.0
2023-06-01 13:15:31.200429,25.079999923706055,85985.421875,17.5009765625,0.0
2023-06-01 13:15:32.198568,25.079999923706055,85986.953125,17.39453125,0.0
2023-06-01 13:15:33.194697,25.079999923706055,85987.96875,17.2763671875,0.0
2023-06-01 13:15:34.204393,25.079999923706055,85987.4765625,17.193359375,0.0
2023-06-01 13:15:35.198828,25.09000015258789,85987.703125,17.0986328125,0.0
2023-06-01 13:15:36.207238,25.079999923706055,85987.109375,17.015625,0.0
2023-06-01 13:15:37.200992,25.079999923706055,85987.8125,16.95703125,0.08094999939203262
2023-06-01 13:15:38.200199,25.079999923706055,85988.46875,16.95703125,0.0
2023-06-01 13:15:39.201694,25.079999923706055,85986.78125,16.9208984375,0.0
2023-06-01 13:15:40.203575,25.079999923706055,85986.09375,16.9921875,0.0
2023-06-01 13:15:41.216161,25.079999923706055,85986.6171875,16.9326171875,0.0
2023-06-01 13:15:42.205586,25.079999923706055,85985.953125,16.9208984375,0.0
2023-06-01 13:15:43.205651,25.079999923706055,85990.1015625,16.9208984375,0.0
2023-06-01 13:15:44.208947,25.079999923706055,85987.9453125,16.8974609375,0.0
2023-06-01 13:15:45.210641,25.06999969482422,85985.53125,16.826171875,0.0
2023-06-01 13:15:46.205969,25.06999969482422,85986.0625,16.7666015625,0.0
2023-06-01 13:15:47.213680,25.06999969482422,85986.359375,16.7314453125,0.0
2023-06-01 13:15:48.212960,25.06999969482422,85987.5546875,16.7080078125,0.0
2023-06-01 13:15:49.212500,25.06999969482422,85987.21875,16.6962890625,0.0
2023-06-01 13:15:50.208051,25.06999969482422,85986.6953125,16.826171875,0.0
2023-06-01 13:15:51.210766,25.06999969482422,85984.5625,16.98046875,0.0
2023-06-01 13:15:52.213563,25.079999923706055,85987.5859375,17.00390625,0.0
2023-06-01 13:15:53.214754,25.06999969482422,85987.6875,17.0751953125,0.0
2023-06-01 13:15:54.211790,25.06999969482422,85985.5625,17.205078125,0.0
2023-06-01 13:15:55.214134,25.06999969482422,85987.1953125,17.015625,0.08094999939203262
2023-06-01 13:15:56.219462,25.059999465942383,85984.5859375,16.8017578125,0.48570001125335693
2023-06-01 13:15:57.217723,25.049999237060547,85985.859375,16.66015625,0.5666499733924866
2023-06-01 13:15:58.218237,25.049999237060547,85985.609375,16.6005859375,0.48570001125335693
2023-06-01 13:15:59.218507,25.049999237060547,85985.265625,16.564453125,0.5666499733924866
2023-06-01 13:16:00.217777,25.040000915527344,85985.40625,16.529296875,0.647599995136261
2023-06-01 13:16:01.218564,25.040000915527344,85985.953125,16.5166015625,0.647599995136261
2023-06-01 13:16:02.222177,25.040000915527344,85984.65625,16.529296875,0.48570001125335693
2023-06-01 13:16:03.221427,25.040000915527344,85983.1328125,16.541015625,0.3237999975681305
2023-06-01 13:16:04.221245,25.040000915527344,85982.8046875,16.564453125,0.16189999878406525
2023-06-01 13:16:05.223354,25.040000915527344,85984.546875,16.576171875,0.08094999939203262
2023-06-01 13:16:06.225514,25.040000915527344,85986.3203125,16.599609375,0.0
2023-06-01 13:16:07.228833,25.040000915527344,85986.15625,16.6591796875,0.0
2023-06-01 13:16:08.224910,25.040000915527344,85983.1640625,16.599609375,0.0
2023-06-01 13:16:09.227737,25.040000915527344,85982.640625,16.587890625,0.0
2023-06-01 13:16:10.229562,24.920000076293945,85969.7890625,16.560546875,0.0
2023-06-01 13:16:11.227803,24.920000076293945,85968.328125,16.560546875,0.0
2023-06-01 13:16:12.229614,25.040000915527344,85984.46875,16.599609375,0.0
2023-06-01 13:16:13.229153,25.049999237060547,85984.9375,16.6474609375,0.08094999939203262
2023-06-01 13:16:14.229171,25.040000915527344,85983.5546875,16.6005859375,0.0
2023-06-01 13:16:15.233528,25.040000915527344,85983.96875,16.529296875,0.0
2023-06-01 13:16:16.231961,25.040000915527344,85984.4921875,16.541015625,0.0
2023-06-01 13:16:17.233458,25.049999237060547,85985.765625,16.6123046875,0.08094999939203262
2023-06-01 13:16:18.237941,25.049999237060547,85985.9375,16.68359375,0.24285000562667847
2023-06-01 13:16:19.233423,25.049999237060547,85985.296875,16.943359375,0.24285000562667847
2023-06-01 13:16:20.240354,25.049999237060547,85985.828125,17.0380859375,0.3237999975681305
2023-06-01 13:16:21.239393,25.049999237060547,85986.515625,16.9443359375,0.4047500193119049
2023-06-01 13:16:22.238286,25.049999237060547,85984.203125,16.896484375,0.5666499733924866
2023-06-01 13:16:23.239644,25.049999237060547,85986.4921875,16.8251953125,0.647599995136261
2023-06-01 13:16:24.239128,25.049999237060547,85983.4453125,16.8486328125,0.647599995136261
2023-06-01 13:16:25.239024,25.059999465942383,85985.390625,16.9560546875,0.48570001125335693
2023-06-01 13:16:26.243609,25.059999465942383,85984.390625,17.109375,0.4047500193119049
2023-06-01 13:16:27.241320,25.06999969482422,85986.640625,17.3466796875,0.4047500193119049
2023-06-01 13:16:28.244712,25.059999465942383,85987.109375,17.1337890625,0.4047500193119049
2023-06-01 13:16:29.242792,25.059999465942383,85988.2109375,16.9677734375,0.3237999975681305
2023-06-01 13:16:30.245921,25.049999237060547,85984.359375,16.9912109375,0.08094999939203262
2023-06-01 13:16:31.244740,25.059999465942383,85986.75,17.0263671875,0.0
2023-06-01 13:16:32.245715,25.059999465942383,85984.78125,16.9443359375,0.0
2023-06-01 13:16:33.247839,25.059999465942383,85984.5859375,16.896484375,0.24285000562667847
2023-06-01 13:16:34.248753,25.059999465942383,85983.7578125,16.9794921875,0.08094999939203262
2023-06-01 13:16:35.250975,25.06999969482422,85984.8125,17.05078125,0.0
2023-06-01 13:16:36.248540,25.06999969482422,85984.015625,17.1103515625,0.0
2023-06-01 13:16:37.250438,25.059999465942383,85984.78125,17.015625,0.0
2023-06-01 13:16:38.250096,25.06999969482422,85987.328125,16.9208984375,0.0
2023-06-01 13:16:39.252584,25.06999969482422,85986.8046875,16.826171875,0.0
2023-06-01 13:16:40.253436,25.059999465942383,85984.75,16.8369140625,0.0
2023-06-01 13:16:41.253151,25.06999969482422,85986.140625,17.0625,0.0
2023-06-01 13:16:42.255506,25.06999969482422,85987.828125,17.193359375,0.0
2023-06-01 13:16:43.254746,25.06999969482422,85986.890625,17.205078125,0.0
2023-06-01 13:16:44.256047,25.06999969482422,85987.1640625,17.0869140625,0.0
2023-06-01 13:16:45.257413,25.06999969482422,85988.796875,16.9326171875,0.0
2023-06-01 13:16:46.258553,25.059999465942383,85986.21875,16.73046875,0.0
2023-06-01 13:16:47.259032,25.059999465942383,85983.7265625,16.68359375,0.0
2023-06-01 13:16:48.260753,25.059999465942383,85984.28125,16.6953125,0.0
2023-06-01 13:16:49.264600,25.059999465942383,85983.2578125,16.7421875,0.0
2023-06-01 13:16:50.263730,25.059999465942383,85985.4140625,16.7421875,0.0
2023-06-01 13:16:51.263689,25.059999465942383,85984.09375,16.861328125,0.0
2023-06-01 13:16:52.262425,25.059999465942383,85986.21875,16.931640625,0.0
2023-06-01 13:16:53.263715,25.059999465942383,85985.109375,16.861328125,0.0
2023-06-01 13:16:54.265185,25.059999465942383,85984.390625,16.8017578125,0.0
2023-06-01 13:16:55.265535,25.049999237060547,85982.5390625,16.66015625,0.0
2023-06-01 13:16:56.265815,25.049999237060547,85984.828125,16.6005859375,0.0
2023-06-01 13:16:57.270890,25.049999237060547,85984.640625,16.552734375,0.0
2023-06-01 13:16:58.269056,25.040000915527344,85985.046875,16.552734375,0.0
2023-06-01 13:16:59.269707,25.049999237060547,85985.6328125,16.68359375,0.0
2023-06-01 13:17:00.272069,25.040000915527344,85986.234375,16.8486328125,0.0
2023-06-01 13:17:01.272180,25.049999237060547,85987.125,16.8251953125,0.0
2023-06-01 13:17:02.275827,25.049999237060547,85984.4375,16.7421875,0.0
2023-06-01 13:17:03.272533,25.040000915527344,85982.890625,16.7421875,0.0
2023-06-01 13:17:04.273250,25.040000915527344,85986.2109375,16.70703125,0.0
2023-06-01 13:17:05.274574,25.040000915527344,85985.2421875,16.6708984375,0.0
2023-06-01 13:17:06.275792,25.049999237060547,85985.4375,16.896484375,0.0
2023-06-01 13:17:07.275609,25.049999237060547,85986.46875,17.0263671875,0.0
2023-06-01 13:17:08.283454,25.049999237060547,85984.4375,17.0615234375,0.0
2023-06-01 13:17:09.286690,25.040000915527344,85983.71875,17.0029296875,0.0
2023-06-01 13:17:10.279803,25.040000915527344,85985.40625,16.884765625,0.0
2023-06-01 13:17:11.281061,25.040000915527344,85986.2109375,16.9794921875,0.0
2023-06-01 13:17:12.283356,25.040000915527344,85984.875,17.2041015625,0.0
2023-06-01 13:17:13.281642,25.040000915527344,85986.078125,17.2509765625,0.0
2023-06-01 13:17:14.287611,25.040000915527344,85985.078125,17.1923828125,0.0
2023-06-01 13:17:15.283014,25.040000915527344,85983.75,17.09765625,0.0
2023-06-01 13:17:16.286792,25.040000915527344,85983.0546875,17.0263671875,0.0
2023-06-01 13:17:17.286899,25.040000915527344,85989.03125,16.884765625,0.0
2023-06-01 13:17:18.284583,25.040000915527344,85984.984375,16.80078125,0.0
2023-06-01 13:17:19.287520,25.040000915527344,85986.875,16.75390625,0.0
2023-06-01 13:17:20.297314,25.040000915527344,85986.703125,16.73046875,0.0
2023-06-01 13:17:21.288545,25.040000915527344,85984.875,16.73046875,0.0
2023-06-01 13:17:22.288932,25.040000915527344,85983.8828125,16.71875,0.0
2023-06-01 13:17:23.294990,25.040000915527344,85988.4765625,16.7060546875,0.0
2023-06-01 13:17:24.292496,25.040000915527344,85985.7890625,16.6826171875,0.0
2023-06-01 13:17:25.302150,25.040000915527344,85989.46875,16.6240234375,0.0
2023-06-01 13:17:26.300005,25.040000915527344,85988.609375,16.587890625,0.0
2023-06-01 13:17:27.297291,25.030000686645508,85985.234375,16.564453125,0.0
2023-06-01 13:17:28.300759,25.030000686645508,85984.40625,16.5283203125,0.0
2023-06-01 13:17:29.295168,25.030000686645508,85989.625,16.5517578125,0.0
2023-06-01 13:17:30.298013,25.030000686645508,85988.140625,16.646484375,0.0
2023-06-01 13:17:31.306503,25.020000457763672,85984.78125,16.669921875,0.0
2023-06-01 13:17:32.303790,25.020000457763672,85982.578125,16.599609375,0.0
2023-06-01 13:17:33.309338,25.020000457763672,85983.9296875,16.5751953125,0.0
2023-06-01 13:17:34.306171,25.030000686645508,85987.3125,16.623046875,0.0
2023-06-01 13:17:35.306745,25.030000686645508,85983.8203125,16.7763671875,0.0
2023-06-01 13:17:36.307288,25.030000686645508,85985.375,16.7890625,0.0
2023-06-01 13:17:37.305454,25.030000686645508,85985.0703125,16.77734375,0.08094999939203262
2023-06-01 13:17:38.305348,25.030000686645508,85986.09375,16.73046875,0.16189999878406525
2023-06-01 13:17:39.303920,25.030000686645508,85982.9921875,16.646484375,0.16189999878406525
2023-06-01 13:17:40.305636,25.030000686645508,85985.375,16.599609375,0.3237999975681305
2023-06-01 13:17:41.307803,25.030000686645508,85985.3125,16.5634765625,0.48570001125335693
2023-06-01 13:17:42.309375,25.030000686645508,85986.234375,16.5400390625,0.4047500193119049
2023-06-01 13:17:43.312710,25.030000686645508,85984.8125,16.5166015625,0.24285000562667847
2023-06-01 13:17:44.311218,25.020000457763672,85985.59375,16.4931640625,0.08094999939203262
2023-06-01 13:17:45.310365,25.020000457763672,85984.453125,16.5517578125,0.16189999878406525
2023-06-01 13:17:46.308648,25.020000457763672,85982.765625,16.599609375,0.24285000562667847
2023-06-01 13:17:47.312322,25.020000457763672,85985.125,16.5751953125,0.48570001125335693
2023-06-01 13:17:48.312484,25.020000457763672,85984.59375,16.599609375,0.3237999975681305
2023-06-01 13:17:49.313962,25.020000457763672,85984.0625,16.5400390625,0.3237999975681305
2023-06-01 13:17:50.315450,25.020000457763672,85981.9375,16.5283203125,0.3237999975681305
2023-06-01 13:17:51.316329,25.020000457763672,85981.6328125,16.5517578125,0.3237999975681305
2023-06-01 13:17:52.315765,25.020000457763672,85982.625,16.5634765625,0.3237999975681305
2023-06-01 13:17:53.316689,25.030000686645508,85984.2109375,16.564453125,0.3237999975681305
2023-06-01 13:17:54.317655,25.030000686645508,85985.0390625,16.611328125,0.08094999939203262
2023-06-01 13:17:55.319959,25.040000915527344,85984.296875,16.978515625,0.08094999939203262
2023-06-01 13:17:56.319322,25.040000915527344,85984.625,17.2275390625,0.0
2023-06-01 13:17:57.318258,25.030000686645508,85985.9296875,17.0615234375,0.0
2023-06-01 13:17:58.322100,25.040000915527344,85983.96875,16.8837890625,0.0
2023-06-01 13:17:59.319788,25.030000686645508,85982.75,16.6943359375,0.08094999939203262
2023-06-01 13:18:00.321774,25.040000915527344,85984.296875,16.587890625,0.08094999939203262
2023-06-01 13:18:01.324546,25.030000686645508,85982.7734375,16.552734375,0.08094999939203262
2023-06-01 13:18:02.322366,25.030000686645508,85985.4296875,16.576171875,0.08094999939203262
2023-06-01 13:18:03.325353,25.030000686645508,85983.046875,16.5048828125,0.0
2023-06-01 13:18:04.326031,25.030000686645508,85984.046875,16.4814453125,0.0
2023-06-01 13:18:05.328995,25.030000686645508,85983.9375,16.4814453125,0.08094999939203262
2023-06-01 13:18:06.330170,25.030000686645508,85982.9921875,16.5166015625,0.0
2023-06-01 13:18:07.327752,25.030000686645508,85984.734375,16.4931640625,0.0
2023-06-01 13:18:08.330636,25.040000915527344,85984.796875,16.4814453125,0.0
2023-06-01 13:18:09.333313,25.030000686645508,85984.734375,16.4697265625,0.0
2023-06-01 13:18:10.331462,25.030000686645508,85983.265625,16.4580078125,0.0
2023-06-01 13:18:11.332476,25.030000686645508,85983.21875,16.4453125,0.0
2023-06-01 13:18:12.332472,25.030000686645508,85983.9375,16.576171875,0.0
2023-06-01 13:18:13.331296,25.030000686645508,85983.7421875,16.634765625,0.0
2023-06-01 13:18:14.336497,25.030000686645508,85983.90625,16.623046875,0.0
2023-06-01 13:18:15.335189,25.030000686645508,85983.078125,16.6591796875,0.0
2023-06-01 13:18:16.334113,25.030000686645508,85983.046875,16.7177734375,0.0
2023-06-01 13:18:17.337937,25.030000686645508,85982.75,16.6943359375,0.0
2023-06-01 13:18:18.336517,25.030000686645508,85984.90625,16.6591796875,0.0
2023-06-01 13:18:19.338132,25.040000915527344,85987.28125,16.6708984375,0.08094999939203262
2023-06-01 13:18:20.339173,25.040000915527344,85983.828125,16.75390625,0.0
2023-06-01 13:18:21.342807,25.040000915527344,85985.484375,16.6826171875,0.08094999939203262
2023-06-01 13:18:22.340740,25.040000915527344,85986.125,16.765625,0.0
2023-06-01 13:18:23.341634,25.040000915527344,85984.296875,16.8955078125,0.08094999939203262
2023-06-01 13:18:24.341832,25.040000915527344,85985.8203125,16.8603515625,0.0
2023-06-01 13:18:25.341766,25.040000915527344,85984.875,16.8720703125,0.08094999939203262
2023-06-01 13:18:26.344291,25.040000915527344,85984.71875,16.8017578125,0.16189999878406525
2023-06-01 13:18:27.344473,25.040000915527344,85987.375,16.68359375,0.16189999878406525
2023-06-01 13:18:28.344983,25.040000915527344,85984.625,16.6240234375,0.24285000562667847
2023-06-01 13:18:29.347406,25.040000915527344,85986.125,16.6474609375,0.08094999939203262
2023-06-01 13:18:30.347752,25.040000915527344,85988.859375,16.73046875,0.16189999878406525
2023-06-01 13:18:31.347825,25.030000686645508,85984.765625,16.6474609375,0.08094999939203262
2023-06-01 13:18:32.349302,25.040000915527344,85986.125,16.6474609375,0.08094999939203262
2023-06-01 13:18:33.351214,25.040000915527344,85987.1484375,16.6943359375,0.0
2023-06-01 13:18:34.351466,25.040000915527344,85986.984375,16.6708984375,0.0
2023-06-01 13:18:35.350440,25.030000686645508,85986.09375,16.576171875,0.0
2023-06-01 13:18:36.352677,25.040000915527344,85985.328125,16.587890625,0.08094999939203262
2023-06-01 13:18:37.353381,25.040000915527344,85986.78125,16.576171875,0.08094999939203262
2023-06-01 13:18:38.354549,25.030000686645508,85985.9296875,16.587890625,0.08094999939203262
2023-06-01 13:18:39.354110,25.040000915527344,85986.3203125,16.6240234375,0.0
2023-06-01 13:18:40.355308,25.040000915527344,85984.4921875,16.6591796875,0.0
2023-06-01 13:18:41.359413,25.040000915527344,85984.71875,16.6474609375,0.0
2023-06-01 13:18:42.359252,25.040000915527344,85985.21875,16.6474609375,0.0
2023-06-01 13:18:43.359777,25.040000915527344,85983.1640625,16.6708984375,0.0
2023-06-01 13:18:44.359631,25.040000915527344,85986.734375,17.1923828125,0.0
2023-06-01 13:18:45.360579,25.040000915527344,85985.2421875,17.109375,0.0
2023-06-01 13:18:46.360938,25.040000915527344,85985.875,16.8486328125,0.0
2023-06-01 13:18:47.365242,25.040000915527344,85986.625,16.6943359375,0.0
2023-06-01 13:18:48.362805,25.040000915527344,85984.90625,16.75390625,0.0
2023-06-01 13:18:49.363754,25.049999237060547,85984.609375,16.8603515625,0.0
2023-06-01 13:18:50.364146,25.049999237060547,85985.4375,16.908203125,0.08094999939203262
2023-06-01 13:18:51.365244,25.049999237060547,85985.4375,16.8720703125,0.3237999975681305
2023-06-01 13:18:52.365893,25.049999237060547,85983.640625,16.8017578125,0.48570001125335693
2023-06-01 13:18:53.365710,25.040000915527344,85984.90625,16.765625,0.5666499733924866
2023-06-01 13:18:54.367202,25.049999237060547,85986.296875,16.73046875,0.48570001125335693
2023-06-01 13:18:55.369958,25.049999237060547,85985.1328125,16.6591796875,0.4047500193119049
2023-06-01 13:18:56.371289,25.049999237060547,85984.3046875,16.6591796875,0.48570001125335693
2023-06-01 13:18:57.370042,25.059999465942383,85983.5625,16.6953125,0.3237999975681305
2023-06-01 13:18:58.372290,25.049999237060547,85984.53125,16.73046875,0.24285000562667847
2023-06-01 13:18:59.374111,25.059999465942383,85984.0625,16.73046875,0.16189999878406525
2023-06-01 13:19:00.374909,25.059999465942383,85987.2421875,16.6953125,0.16189999878406525
2023-06-01 13:19:01.374828,25.059999465942383,85986.4375,16.671875,0.0
2023-06-01 13:19:02.374761,25.06999969482422,85985.0625,16.66015625,0.0
2023-06-01 13:19:03.375843,25.06999969482422,85984.875,16.625,0.0
2023-06-01 13:19:04.376926,25.06999969482422,85986.03125,16.58984375,0.0
2023-06-01 13:19:05.377751,25.06999969482422,85986.46875,16.5654296875,0.0
2023-06-01 13:19:06.383790,25.06999969482422,85985.53125,16.5771484375,0.0
2023-06-01 13:19:07.393251,25.06999969482422,85984.3125,16.5654296875,0.0
2023-06-01 13:19:08.383799,25.059999465942383,85984.6171875,16.6123046875,0.0
2023-06-01 13:19:09.388011,25.059999465942383,85983.421875,16.5888671875,0.0
2023-06-01 13:19:10.386995,25.059999465942383,85984.1171875,16.5537109375,0.0
2023-06-01 13:19:11.387556,25.06999969482422,85985.96875,16.505859375,0.0
2023-06-01 13:19:12.386256,25.059999465942383,85985.28125,16.470703125,0.0
2023-06-01 13:19:13.393248,25.059999465942383,85984.390625,16.4462890625,0.0
2023-06-01 13:19:14.386781,25.06999969482422,85986.140625,16.458984375,0.0
2023-06-01 13:19:15.388524,25.059999465942383,85986.609375,16.447265625,0.0
2023-06-01 13:19:16.385469,25.059999465942383,85985.9140625,16.494140625,0.0
2023-06-01 13:19:17.389466,25.049999237060547,85985.0,16.4697265625,0.0
2023-06-01 13:19:18.392133,25.049999237060547,85986.8515625,16.505859375,0.0
2023-06-01 13:19:19.403787,25.059999465942383,85986.71875,16.6005859375,0.0
2023-06-01 13:19:20.404622,25.049999237060547,85985.5234375,16.71875,0.0
2023-06-01 13:19:21.393943,25.059999465942383,85988.40625,16.6474609375,0.0
2023-06-01 13:19:22.399463,25.059999465942383,85984.5625,16.6474609375,0.0
2023-06-01 13:19:23.394583,25.049999237060547,85986.15625,16.6591796875,0.0
2023-06-01 13:19:24.394445,25.059999465942383,85985.21875,16.8369140625,0.0
2023-06-01 13:19:25.402586,25.059999465942383,85990.0625,16.861328125,0.0
2023-06-01 13:19:26.401121,25.059999465942383,85987.2421875,16.919921875,0.0
2023-06-01 13:19:27.406987,25.059999465942383,85986.578125,16.9677734375,0.0
2023-06-01 13:19:28.404328,25.059999465942383,85986.7734375,17.205078125,0.0
2023-06-01 13:19:29.399377,25.06999969482422,85986.96875,17.3115234375,0.0
2023-06-01 13:19:30.409553,25.06999969482422,85986.828125,17.205078125,0.0
2023-06-01 13:19:31.406828,25.059999465942383,85987.578125,17.12109375,0.0
2023-06-01 13:19:32.405642,25.059999465942383,85985.578125,17.0029296875,0.0
2023-06-01 13:19:33.400790,25.059999465942383,85986.40625,17.109375,0.0
2023-06-01 13:19:34.410541,25.059999465942383,85986.25,17.12109375,0.0
2023-06-01 13:19:35.403721,25.06999969482422,85987.328125,17.1572265625,0.0
2023-06-01 13:19:36.403933,25.06999969482422,85985.890625,17.1455078125,0.0
2023-06-01 13:19:37.413305,25.06999969482422,85986.53125,17.0390625,0.0
2023-06-01 13:19:38.409659,25.06999969482422,85987.328125,16.9326171875,0.0
2023-06-01 13:19:39.405989,25.06999969482422,85986.5,17.0390625,0.0
2023-06-01 13:19:40.407029,25.079999923706055,85986.59375,17.4892578125,0.0
2023-06-01 13:19:41.411781,25.06999969482422,85984.671875,17.41796875,0.0
2023-06-01 13:19:42.406991,25.079999923706055,85985.953125,17.4296875,0.0
2023-06-01 13:19:43.410760,25.079999923706055,85986.25,17.181640625,0.0
2023-06-01 13:19:44.408856,25.06999969482422,85985.703125,17.015625,0.0
2023-06-01 13:19:45.413220,25.079999923706055,85988.75,17.0986328125,0.0
2023-06-01 13:19:46.413641,25.079999923706055,85989.5,17.2412109375,0.0
2023-06-01 13:19:47.416989,25.09000015258789,85987.03125,17.595703125,0.0
2023-06-01 13:19:48.417251,25.09000015258789,85983.8828125,17.6904296875,0.0
2023-06-01 13:19:49.417710,25.09000015258789,85984.578125,17.703125,0.0
2023-06-01 13:19:50.414826,25.09000015258789,85986.40625,17.4306640625,0.0
2023-06-01 13:19:51.415247,25.079999923706055,85987.96875,17.216796875,0.0
2023-06-01 13:19:52.416482,25.079999923706055,85987.0078125,16.95703125,0.0
2023-06-01 13:19:53.419279,25.09000015258789,85987.3984375,16.8388671875,0.0
2023-06-01 13:19:54.418284,25.09000015258789,85987.03125,16.8505859375,0.0
2023-06-01 13:19:55.419689,25.09000015258789,85986.0390625,16.802734375,0.0
2023-06-01 13:19:56.419669,25.079999923706055,85986.1796875,16.8623046875,0.0
2023-06-01 13:19:57.423330,25.09000015258789,85987.3671875,17.015625,0.0
2023-06-01 13:19:58.423822,25.09000015258789,85987.09375,17.2294921875,0.0
2023-06-01 13:19:59.421322,25.100000381469727,85988.640625,17.537109375,0.0
2023-06-01 13:20:00.424499,25.09000015258789,85986.7890625,17.5966796875,0.0
2023-06-01 13:20:01.425090,25.09000015258789,85987.953125,17.2529296875,0.0
2023-06-01 13:20:02.426703,25.09000015258789,85985.734375,17.0283203125,0.0
2023-06-01 13:20:03.426586,25.09000015258789,85986.8984375,16.8388671875,0.0
2023-06-01 13:20:04.427099,25.079999923706055,85986.453125,16.6845703125,0.08094999939203262
2023-06-01 13:20:05.428178,25.079999923706055,85986.25,16.625,0.0
2023-06-01 13:20:06.428546,25.06999969482422,85986.7265625,16.625,0.0
2023-06-01 13:20:07.429870,25.079999923706055,85982.609375,16.7080078125,0.0
2023-06-01 13:20:08.431178,25.079999923706055,85984.4296875,16.6484375,0.0
2023-06-01 13:20:09.434348,25.079999923706055,85988.4140625,16.5654296875,0.0
2023-06-01 13:20:10.440026,25.06999969482422,85986.640625,16.5185546875,0.16189999878406525
2023-06-01 13:20:11.432665,25.059999465942383,85986.578125,16.482421875,0.24285000562667847
2023-06-01 13:20:12.434116,25.059999465942383,85982.4609375,16.494140625,0.24285000562667847
2023-06-01 13:20:13.439700,25.059999465942383,85984.421875,16.470703125,0.24285000562667847
2023-06-01 13:20:14.436742,25.06999969482422,85986.640625,16.505859375,0.16189999878406525
2023-06-01 13:20:15.437204,25.06999969482422,85985.8125,16.494140625,0.0
2023-06-01 13:20:16.438276,25.059999465942383,85983.625,16.494140625,0.0
2023-06-01 13:20:17.439255,25.059999465942383,85985.9140625,16.482421875,0.0
2023-06-01 13:20:18.439203,25.059999465942383,85985.78125,16.5185546875,0.0
2023-06-01 13:20:19.438926,25.059999465942383,85983.78125,16.5185546875,0.0
2023-06-01 13:20:20.440897,25.059999465942383,85985.0625,16.529296875,0.0
2023-06-01 13:20:21.442314,25.049999237060547,85983.03125,16.541015625,0.0
2023-06-01 13:20:22.443786,25.049999237060547,85985.1328125,16.517578125,0.0
2023-06-01 13:20:23.442719,25.049999237060547,85984.859375,16.494140625,0.0
2023-06-01 13:20:24.443465,25.049999237060547,85984.96875,16.4814453125,0.0
2023-06-01 13:20:25.444668,25.049999237060547,85982.3125,16.4697265625,0.0
2023-06-01 13:20:26.446377,25.049999237060547,85984.109375,16.4697265625,0.0
2023-06-01 13:20:27.446123,25.049999237060547,85985.1328125,16.4462890625,0.0
2023-06-01 13:20:28.446313,25.040000915527344,85985.578125,16.4697265625,0.0
2023-06-01 13:20:29.447603,25.040000915527344,85982.890625,16.4697265625,0.0
2023-06-01 13:20:30.447835,25.040000915527344,85981.34375,16.4462890625,0.0
2023-06-01 13:20:31.449112,25.040000915527344,85984.46875,16.421875,0.0
2023-06-01 13:20:32.449377,25.040000915527344,85984.46875,16.4580078125,0.0
2023-06-01 13:20:33.451177,25.030000686645508,85982.3828125,16.4697265625,0.08094999939203262
2023-06-01 13:20:34.452271,25.030000686645508,85984.234375,16.4814453125,0.0
2023-06-01 13:20:35.452585,25.030000686645508,85983.546875,16.4580078125,0.08094999939203262
2023-06-01 13:20:36.455542,25.030000686645508,85984.734375,16.421875,0.0
2023-06-01 13:20:37.456837,25.040000915527344,85987.953125,16.41015625,0.0
2023-06-01 13:20:38.455446,25.030000686645508,85984.234375,16.38671875,0.0
2023-06-01 13:20:39.457704,25.030000686645508,85986.890625,16.38671875,0.0
2023-06-01 13:20:40.459020,25.030000686645508,85984.234375,16.3984375,0.0
2023-06-01 13:20:41.460483,25.030000686645508,85986.0625,16.41015625,0.0
2023-06-01 13:20:42.460096,25.030000686645508,85985.234375,16.41015625,0.0
2023-06-01 13:20:43.460179,25.030000686645508,85984.703125,16.3984375,0.0
2023-06-01 13:20:44.462551,25.030000686645508,85983.21875,16.421875,0.0
2023-06-01 13:20:45.464047,25.030000686645508,85985.1484375,16.43359375,0.0
2023-06-01 13:20:46.464148,25.030000686645508,85984.15625,16.4453125,0.0
2023-06-01 13:20:47.465347,25.030000686645508,85987.6953125,16.4697265625,0.0
2023-06-01 13:20:48.463973,25.030000686645508,85987.203125,16.5048828125,0.0
2023-06-01 13:20:49.465305,25.030000686645508,85986.53125,16.552734375,0.0
2023-06-01 13:20:50.465908,25.030000686645508,85986.4765625,16.4931640625,0.08094999939203262
2023-06-01 13:20:51.464964,25.030000686645508,85989.546875,16.5048828125,0.0
2023-06-01 13:20:52.469027,25.030000686645508,85987.859375,16.5166015625,0.0
2023-06-01 13:20:53.469195,25.030000686645508,85986.3125,16.4931640625,0.0
2023-06-01 13:20:54.468584,25.020000457763672,85986.421875,16.46875,0.08094999939203262
2023-06-01 13:20:55.471804,25.030000686645508,85986.640625,16.45703125,0.16189999878406525
2023-06-01 13:20:56.469466,25.020000457763672,85986.0859375,16.4453125,0.08094999939203262
2023-06-01 13:20:57.474506,25.030000686645508,85983.8203125,16.43359375,0.08094999939203262
2023-06-01 13:20:58.473221,25.020000457763672,85985.453125,16.4453125,0.0
2023-06-01 13:20:59.474617,25.030000686645508,85986.703125,16.4453125,0.0
2023-06-01 13:21:00.476106,25.020000457763672,85984.125,16.41015625,0.16189999878406525
2023-06-01 13:21:01.478855,25.030000686645508,85986.203125,16.41015625,0.16189999878406525
2023-06-01 13:21:02.476022,25.030000686645508,85987.3125,16.421875,0.08094999939203262
2023-06-01 13:21:03.478309,25.020000457763672,85984.625,16.41015625,0.08094999939203262
2023-06-01 13:21:04.481081,25.020000457763672,85987.546875,16.421875,0.0
2023-06-01 13:21:05.478754,25.020000457763672,85987.21875,16.421875,0.0
2023-06-01 13:21:06.482598,25.020000457763672,85989.40625,16.41015625,0.0
2023-06-01 13:21:07.484066,25.020000457763672,85986.0859375,16.421875,0.0
2023-06-01 13:21:08.479607,25.020000457763672,85986.421875,16.421875,0.0
2023-06-01 13:21:09.482026,25.020000457763672,85986.453125,16.3984375,0.16189999878406525
2023-06-01 13:21:10.485163,25.010000228881836,85985.6640625,16.3505859375,0.48570001125335693
2023-06-01 13:21:11.485698,25.010000228881836,85988.59375,16.3388671875,0.647599995136261
2023-06-01 13:21:12.483577,25.010000228881836,85990.09375,16.314453125,0.8904500007629395
2023-06-01 13:21:13.487622,25.010000228881836,85987.234375,16.314453125,0.9714000225067139
2023-06-01 13:21:14.489987,25.0,85989.859375,16.314453125,0.8095000386238098
2023-06-01 13:21:15.489978,25.010000228881836,85989.390625,16.314453125,0.7285500168800354
2023-06-01 13:21:16.494905,25.0,85985.71875,16.3740234375,0.647599995136261
2023-06-01 13:21:17.496919,25.0,85987.34375,16.3857421875,0.647599995136261
2023-06-01 13:21:18.489404,25.0,85988.203125,16.3740234375,0.4047500193119049
2023-06-01 13:21:19.502704,25.010000228881836,85988.5625,16.3974609375,0.3237999975681305
2023-06-01 13:21:20.500557,25.010000228881836,85987.90625,16.3974609375,0.08094999939203262
2023-06-01 13:21:21.492915,25.0,85988.53125,16.3974609375,0.0
2023-06-01 13:21:22.497212,25.0,85987.6796875,16.3740234375,0.0
2023-06-01 13:21:23.494333,25.0,85988.9765625,16.373046875,0.0
2023-06-01 13:21:24.495232,25.0,85986.953125,16.384765625,0.0
2023-06-01 13:21:25.497679,24.989999771118164,85986.8984375,16.4091796875,0.0
2023-06-01 13:21:26.505203,24.989999771118164,85986.765625,16.4443359375,0.08094999939203262
2023-06-01 13:21:27.497678,24.989999771118164,85988.390625,16.4443359375,0.08094999939203262
2023-06-01 13:21:28.497168,24.989999771118164,85986.265625,16.4091796875,0.16189999878406525
2023-06-01 13:21:29.500582,24.989999771118164,85987.3671875,16.4443359375,0.24285000562667847
2023-06-01 13:21:30.499289,24.989999771118164,85986.8984375,16.4443359375,0.24285000562667847
2023-06-01 13:21:31.499840,24.989999771118164,85987.7578125,16.4326171875,0.08094999939203262
2023-06-01 13:21:32.505320,24.989999771118164,85993.234375,16.4326171875,0.0
2023-06-01 13:21:33.509825,24.989999771118164,85994.203125,16.4208984375,0.0
2023-06-01 13:21:34.504128,24.989999771118164,85989.9140625,16.4208984375,0.0
2023-06-01 13:21:35.505594,25.0,85991.109375,16.4794921875,0.0
2023-06-01 13:21:36.504109,25.0,85991.46875,16.515625,0.0
2023-06-01 13:21:37.507303,25.0,85991.5234375,16.5634765625,0.0
2023-06-01 13:21:38.507627,25.0,85990.203125,16.5517578125,0.0
2023-06-01 13:21:39.506790,25.0,85987.484375,16.5625,0.0
2023-06-01 13:21:40.507468,25.0,85988.28125,16.5986328125,0.0
2023-06-01 13:21:41.508999,25.0,85986.8203125,16.705078125,0.0
2023-06-01 13:21:42.509581,25.0,85989.28125,16.6337890625,0.0
2023-06-01 13:21:43.509833,25.0,85989.5,16.5751953125,0.0
2023-06-01 13:21:44.509278,25.0,85990.6640625,16.5751953125,0.0
2023-06-01 13:21:45.512344,25.0,85986.515625,16.5390625,0.0
2023-06-01 13:21:46.515406,25.0,85988.3125,16.515625,0.0
2023-06-01 13:21:47.514234,25.0,85988.6171875,16.5390625,0.0
2023-06-01 13:21:48.512452,25.0,85991.96875,16.5625,0.0
2023-06-01 13:21:49.516356,25.0,85985.8828125,16.5517578125,0.0
2023-06-01 13:21:50.516004,25.0,85989.203125,16.5986328125,0.0
2023-06-01 13:21:51.517115,25.0,85989.3671875,16.515625,0.0
2023-06-01 13:21:52.517394,25.0,85987.3125,16.4326171875,0.0
2023-06-01 13:21:53.517511,25.0,85991.1640625,16.3974609375,0.0
2023-06-01 13:21:54.519990,25.0,85989.171875,16.4326171875,0.0
2023-06-01 13:21:55.519594,25.0,85988.453125,16.3974609375,0.0
2023-06-01 13:21:56.520596,25.0,85987.515625,16.4091796875,0.0
2023-06-01 13:21:57.522176,25.0,85988.8671875,16.4443359375,0.0
2023-06-01 13:21:58.524480,25.0,85986.1875,16.48046875,0.0
2023-06-01 13:21:59.524590,25.0,85991.1328125,16.52734375,0.0
2023-06-01 13:22:00.525023,25.0,85986.515625,16.5986328125,0.0
2023-06-01 13:22:01.527082,25.0,85990.203125,16.5986328125,0.0
2023-06-01 13:22:02.526438,25.0,85991.03125,16.5390625,0.0
2023-06-01 13:22:03.525953,25.0,85986.84375,16.48046875,0.0
2023-06-01 13:22:04.527610,25.0,85989.859375,16.4443359375,0.0
2023-06-01 13:22:05.527773,25.0,85990.171875,16.4208984375,0.0
2023-06-01 13:22:06.529672,25.010000228881836,85991.9140625,16.4453125,0.0
2023-06-01 13:22:07.531360,25.010000228881836,85991.25,16.4921875,0.0
2023-06-01 13:22:08.533199,25.010000228881836,85986.65625,16.623046875,0.0
2023-06-01 13:22:09.531710,25.020000457763672,85990.40625,16.8125,0.0
2023-06-01 13:22:10.534222,25.020000457763672,85987.1875,16.8359375,0.0
2023-06-01 13:22:11.533576,25.020000457763672,85990.234375,16.9072265625,0.0
2023-06-01 13:22:12.537132,25.020000457763672,85987.71875,16.84765625,0.0
2023-06-01 13:22:13.538274,25.020000457763672,85988.1875,16.6943359375,0.0
2023-06-01 13:22:14.535189,25.020000457763672,85987.21875,16.611328125,0.08094999939203262
2023-06-01 13:22:15.536841,25.020000457763672,85987.4453125,16.5634765625,0.0
2023-06-01 13:22:16.536750,25.020000457763672,85986.421875,16.634765625,0.08094999939203262
2023-06-01 13:22:17.540670,25.020000457763672,85987.4140625,16.5634765625,0.24285000562667847
2023-06-01 13:22:18.539073,25.030000686645508,85989.8515625,16.5166015625,0.5666499733924866
2023-06-01 13:22:19.539834,25.030000686645508,85985.375,16.4931640625,0.5666499733924866
2023-06-01 13:22:20.541108,25.030000686645508,85986.140625,16.4931640625,0.647599995136261
2023-06-01 13:22:21.541656,25.030000686645508,85986.4765625,16.4453125,0.7285500168800354
2023-06-01 13:22:22.542030,25.030000686645508,85988.6875,16.43359375,0.5666499733924866
2023-06-01 13:22:23.544449,25.030000686645508,85987.8046875,16.43359375,0.48570001125335693
2023-06-01 13:22:24.544549,25.030000686645508,85990.84375,16.421875,0.4047500193119049
2023-06-01 13:22:25.547133,25.030000686645508,85987.140625,16.43359375,0.3237999975681305
2023-06-01 13:22:26.545486,25.020000457763672,85985.453125,16.4453125,0.24285000562667847
2023-06-01 13:22:27.548229,25.020000457763672,85987.4453125,16.4931640625,0.08094999939203262
2023-06-01 13:22:28.548462,25.020000457763672,85986.390625,16.4931640625,0.08094999939203262
2023-06-01 13:22:29.549118,25.020000457763672,85986.453125,16.48046875,0.0
2023-06-01 13:22:30.548925,25.020000457763672,85987.109375,16.48046875,0.0
2023-06-01 13:22:31.550269,25.030000686645508,85988.140625,16.45703125,0.0
2023-06-01 13:22:32.551384,25.030000686645508,85992.5078125,16.4453125,0.0
2023-06-01 13:22:33.550507,25.030000686645508,85989.8828125,16.4580078125,0.0
2023-06-01 13:22:34.551353,25.030000686645508,85989.8828125,16.4453125,0.0
2023-06-01 13:22:35.552868,25.030000686645508,85989.3828125,16.4453125,0.0
2023-06-01 13:22:36.554294,25.030000686645508,85991.125,16.43359375,0.0
2023-06-01 13:22:37.555051,25.030000686645508,85987.96875,16.421875,0.0
2023-06-01 13:22:38.555332,25.020000457763672,85988.2734375,16.41015625,0.0
2023-06-01 13:22:39.557048,25.020000457763672,85986.421875,16.43359375,0.0
2023-06-01 13:22:40.557338,25.020000457763672,85988.765625,16.45703125,0.0
2023-06-01 13:22:41.559599,25.030000686645508,85989.71875,16.4814453125,0.0
2023-06-01 13:22:42.558769,25.030000686645508,85988.390625,16.4453125,0.0
2023-06-01 13:22:43.560147,25.030000686645508,85988.1953125,16.4580078125,0.0
2023-06-01 13:22:44.561437,25.030000686645508,85988.96875,16.46875,0.0
2023-06-01 13:22:45.561684,25.030000686645508,85988.6875,16.4580078125,0.0
2023-06-01 13:22:46.562345,25.020000457763672,85989.078125,16.4453125,0.0
2023-06-01 13:22:47.566649,25.030000686645508,85992.125,16.421875,0.0
2023-06-01 13:22:47.623004,0.0,0.0,0.0,0.0
2023-06-01 13:22:48.555694,25.020000457763672,85991.3984375,16.41015625,0.0
2023-06-01 13:22:49.555618,25.020000457763672,85988.2421875,16.421875,0.0
2023-06-01 13:22:50.557252,25.030000686645508,85989.625,16.4931640625,0.0
2023-06-01 13:22:51.557405,25.030000686645508,85991.703125,16.5166015625,0.0
2023-06-01 13:22:52.557356,25.030000686645508,85991.453125,16.5048828125,0.0
2023-06-01 13:22:53.558599,25.030000686645508,85989.8515625,16.4697265625,0.0
2023-06-01 13:22:54.562770,25.030000686645508,85988.859375,16.5166015625,0.0
2023-06-01 13:22:55.560912,25.030000686645508,85990.015625,16.634765625,0.0
2023-06-01 13:22:56.560904,25.030000686645508,85992.0390625,16.6474609375,0.0
2023-06-01 13:22:57.561578,25.030000686645508,85988.390625,16.576171875,0.0
2023-06-01 13:22:58.562683,25.030000686645508,85990.3515625,16.5400390625,0.0
2023-06-01 13:22:59.562662,25.030000686645508,85988.390625,16.5048828125,0.0
2023-06-01 13:23:00.564299,25.030000686645508,85989.625,16.45703125,0.0
2023-06-01 13:23:01.564796,25.030000686645508,85991.2890625,16.43359375,0.0
2023-06-01 13:23:02.565730,25.030000686645508,85993.5,16.421875,0.0
2023-06-01 13:23:03.567997,25.030000686645508,85992.203125,16.41015625,0.0
2023-06-01 13:23:04.568395,25.030000686645508,85991.2890625,16.41015625,0.0
2023-06-01 13:23:05.569670,25.030000686645508,85989.71875,16.5400390625,0.0
2023-06-01 13:23:06.573091,25.040000915527344,85987.6171875,16.6826171875,0.0
2023-06-01 13:23:07.573442,25.040000915527344,85991.515625,16.7421875,0.0
2023-06-01 13:23:08.573578,25.049999237060547,85990.28125,16.8017578125,0.0
2023-06-01 13:23:09.573357,25.049999237060547,85992.578125,16.8486328125,0.0
2023-06-01 13:23:10.571474,25.049999237060547,85990.28125,16.8017578125,0.0
2023-06-01 13:23:11.573977,25.049999237060547,85989.1484375,16.7783203125,0.0
2023-06-01 13:23:12.573782,25.049999237060547,85992.9921875,16.7900390625,0.0
2023-06-01 13:23:13.576461,25.059999465942383,85990.390625,16.6953125,0.0
2023-06-01 13:23:14.579495,25.049999237060547,85988.6796875,16.5888671875,0.08094999939203262
2023-06-01 13:23:15.582591,25.049999237060547,85989.34375,16.5537109375,0.08094999939203262
2023-06-01 13:23:16.579718,25.059999465942383,85993.078125,16.5654296875,0.0
2023-06-01 13:23:17.578023,25.06999969482422,85990.3203125,16.6015625,0.08094999939203262
2023-06-01 13:23:18.581885,25.06999969482422,85992.640625,16.5068359375,0.0
2023-06-01 13:23:19.581360,25.06999969482422,85989.8203125,16.671875,0.0
2023-06-01 13:23:20.584971,25.079999923706055,85990.734375,16.63671875,0.0
2023-06-01 13:23:21.581892,25.079999923706055,85991.625,16.63671875,0.0
2023-06-01 13:23:22.583433,25.079999923706055,85991.765625,16.7666015625,0.0
2023-06-01 13:23:23.584995,25.079999923706055,85989.46875,16.8857421875,0.0
2023-06-01 13:23:24.586709,25.09000015258789,85989.25,17.2412109375,0.0
2023-06-01 13:23:25.586818,25.100000381469727,85993.984375,17.513671875,0.0
2023-06-01 13:23:26.589469,25.100000381469727,85993.328125,17.30078125,0.0
2023-06-01 13:23:27.589830,25.09000015258789,85991.7421875,16.921875,0.08094999939203262
2023-06-01 13:23:28.587063,25.100000381469727,85989.8125,16.93359375,0.0
2023-06-01 13:23:29.596792,25.110000610351562,85991.1171875,17.064453125,0.0
2023-06-01 13:23:30.594090,25.110000610351562,85992.9140625,17.099609375,0.0
2023-06-01 13:23:31.592472,25.110000610351562,85990.6171875,16.9580078125,0.0
2023-06-01 13:23:32.600613,25.100000381469727,85993.015625,16.7919921875,0.0
2023-06-01 13:23:33.594048,25.100000381469727,85991.71875,16.7802734375,0.0
2023-06-01 13:23:34.593879,25.100000381469727,85992.71875,16.708984375,0.0
2023-06-01 13:23:35.597946,25.100000381469727,85991.359375,16.755859375,0.0
2023-06-01 13:23:36.602524,25.100000381469727,85992.4921875,16.6259765625,0.0
2023-06-01 13:23:37.594402,25.100000381469727,85992.21875,16.7919921875,0.0
2023-06-01 13:23:38.595942,25.110000610351562,85991.5859375,16.9814453125,0.0
2023-06-01 13:23:39.595107,25.100000381469727,85992.046875,16.8154296875,0.0
2023-06-01 13:23:40.596654,25.110000610351562,85992.078125,16.732421875,0.0
2023-06-01 13:23:41.599048,25.100000381469727,85991.390625,16.697265625,0.0
2023-06-01 13:23:42.599524,25.100000381469727,85990.46875,16.6142578125,0.0
2023-06-01 13:23:43.599622,25.100000381469727,85993.828125,16.6259765625,0.0
2023-06-01 13:23:44.602554,25.100000381469727,85991.6640625,16.5908203125,0.0
2023-06-01 13:23:45.602433,25.100000381469727,85993.125,16.6025390625,0.0
2023-06-01 13:23:46.600881,25.09000015258789,85991.4375,16.56640625,0.0
2023-06-01 13:23:47.603105,25.09000015258789,85991.609375,16.51953125,0.0
2023-06-01 13:23:48.604453,25.100000381469727,85993.125,16.49609375,0.0
2023-06-01 13:23:49.602601,25.100000381469727,85991.796875,16.4716796875,0.0
2023-06-01 13:23:50.604813,25.09000015258789,85991.9375,16.4833984375,0.0
2023-06-01 13:23:51.606584,25.100000381469727,85992.296875,16.54296875,0.0
2023-06-01 13:23:52.606953,25.100000381469727,85992.0234375,16.5908203125,0.0
2023-06-01 13:23:53.608531,25.100000381469727,85993.65625,16.5908203125,0.0
2023-06-01 13:23:54.612138,25.100000381469727,85992.1328125,16.578125,0.0
2023-06-01 13:23:55.610545,25.100000381469727,85994.1796875,16.54296875,0.0
2023-06-01 13:23:56.612890,25.100000381469727,85993.296875,16.51953125,0.0
2023-06-01 13:23:57.611478,25.09000015258789,85990.4453125,16.4951171875,0.0
2023-06-01 13:23:58.613623,25.09000015258789,85991.21875,16.4482421875,0.0
2023-06-01 13:23:59.613542,25.09000015258789,85992.078125,16.412109375,0.0
2023-06-01 13:24:00.613924,25.09000015258789,85992.109375,16.412109375,0.0
2023-06-01 13:24:01.615155,25.09000015258789,85993.765625,16.388671875,0.0
2023-06-01 13:24:02.617765,25.09000015258789,85993.203125,16.388671875,0.0
2023-06-01 13:24:03.617229,25.09000015258789,85994.453125,16.4013671875,0.0
2023-06-01 13:24:04.617041,25.09000015258789,85993.234375,16.388671875,0.0
2023-06-01 13:24:05.617169,25.09000015258789,85991.3828125,16.365234375,0.0
2023-06-01 13:24:06.621398,25.09000015258789,85995.5625,16.365234375,0.0
2023-06-01 13:24:07.618441,25.09000015258789,85993.875,16.388671875,0.0
2023-06-01 13:24:08.620757,25.100000381469727,85996.78125,16.4599609375,0.0
2023-06-01 13:24:09.622739,25.09000015258789,85991.765625,16.5068359375,0.0
2023-06-01 13:24:10.622633,25.09000015258789,85994.421875,16.6259765625,0.0
2023-06-01 13:24:11.624072,25.09000015258789,85995.421875,16.6728515625,0.0
2023-06-01 13:24:12.624268,25.09000015258789,85992.578125,16.6845703125,0.0
2023-06-01 13:24:13.624601,25.09000015258789,85993.375,16.58984375,0.0
2023-06-01 13:24:14.628043,25.09000015258789,85992.90625,16.53125,0.0
2023-06-01 13:24:15.628047,25.09000015258789,85994.234375,16.5068359375,0.0
2023-06-01 13:24:16.628509,25.09000015258789,85994.59375,16.4951171875,0.0
2023-06-01 13:24:17.626584,25.09000015258789,85992.90625,16.4951171875,0.0
2023-06-01 13:24:18.632707,25.09000015258789,85995.703125,16.4716796875,0.0
2023-06-01 13:24:19.629872,25.09000015258789,85994.921875,16.5068359375,0.0
2023-06-01 13:24:20.630353,25.100000381469727,85992.625,16.5078125,0.0
2023-06-01 13:24:21.631529,25.09000015258789,85993.59375,16.4365234375,0.0
2023-06-01 13:24:22.632878,25.09000015258789,85994.234375,16.400390625,0.0
2023-06-01 13:24:23.633865,25.09000015258789,85997.546875,16.376953125,0.0
2023-06-01 13:24:24.633024,25.100000381469727,85995.78125,16.376953125,0.0
2023-06-01 13:24:25.634336,25.100000381469727,85995.8125,16.4716796875,0.0
2023-06-01 13:24:26.636893,25.100000381469727,85995.953125,16.53125,0.0
2023-06-01 13:24:27.638141,25.09000015258789,85994.3984375,16.53125,0.0
2023-06-01 13:24:28.637076,25.100000381469727,85994.125,16.54296875,0.0
2023-06-01 13:24:29.637833,25.100000381469727,85997.109375,16.56640625,0.0
2023-06-01 13:24:30.639734,25.09000015258789,85996.5859375,16.53125,0.0
2023-06-01 13:24:31.639711,25.100000381469727,85994.65625,16.5078125,0.0
2023-06-01 13:24:32.643014,25.100000381469727,85996.1171875,16.51953125,0.0
2023-06-01 13:24:33.640580,25.100000381469727,85995.28125,16.4716796875,0.0
2023-06-01 13:24:34.642991,25.09000015258789,85994.234375,16.56640625,0.0
2023-06-01 13:24:35.642982,25.09000015258789,85995.59375,16.6142578125,0.0
2023-06-01 13:24:36.645926,25.09000015258789,85996.5,16.5302734375,0.0
2023-06-01 13:24:37.645819,25.09000015258789,85992.84375,16.58984375,0.0
2023-06-01 13:24:38.646840,25.09000015258789,85994.734375,16.779296875,0.0
2023-06-01 13:24:39.646996,25.09000015258789,85994.421875,16.8154296875,0.0
2023-06-01 13:24:40.646187,25.09000015258789,85994.7578125,16.732421875,0.0
2023-06-01 13:24:41.649141,25.09000015258789,85994.3984375,16.6376953125,0.0
2023-06-01 13:24:42.649123,25.09000015258789,85993.375,16.56640625,0.0
2023-06-01 13:24:43.649172,25.09000015258789,85996.359375,16.5546875,0.08094999939203262
2023-06-01 13:24:44.650853,25.09000015258789,85994.59375,16.578125,0.0
2023-06-01 13:24:45.650933,25.09000015258789,85991.546875,16.578125,0.0
2023-06-01 13:24:46.653208,25.09000015258789,85993.765625,16.6376953125,0.0
2023-06-01 13:24:47.654617,25.09000015258789,85995.09375,16.6845703125,0.0
2023-06-01 13:24:48.654974,25.09000015258789,85995.890625,16.8154296875,0.0
2023-06-01 13:24:49.654975,25.09000015258789,85994.0625,16.8388671875,0.0
2023-06-01 13:24:50.656514,25.09000015258789,85996.6640625,16.755859375,0.0
2023-06-01 13:24:51.656910,25.09000015258789,85995.203125,16.767578125,0.0
2023-06-01 13:24:52.657875,25.09000015258789,85993.84375,16.814453125,0.0
2023-06-01 13:24:53.660282,25.079999923706055,85991.984375,16.779296875,0.0
2023-06-01 13:24:54.658206,25.079999923706055,85994.28125,16.755859375,0.0
2023-06-01 13:24:55.659802,25.079999923706055,85996.7421875,16.7431640625,0.0
2023-06-01 13:24:56.659786,25.079999923706055,85994.78125,16.7314453125,0.0
2023-06-01 13:24:57.664476,25.079999923706055,85993.78125,16.744140625,0.0
2023-06-01 13:24:58.663657,25.079999923706055,85994.3125,16.767578125,0.0
2023-06-01 13:24:59.666586,25.079999923706055,85993.75,16.7666015625,0.0
2023-06-01 13:25:00.667360,25.079999923706055,85993.28125,16.779296875,0.0
2023-06-01 13:25:01.665487,25.079999923706055,85992.78125,16.767578125,0.0
2023-06-01 13:25:02.671598,25.079999923706055,85995.96875,16.744140625,0.0
2023-06-01 13:25:03.668438,25.079999923706055,85993.09375,16.7314453125,0.0
2023-06-01 13:25:04.668898,25.079999923706055,85994.25,16.849609375,0.0
2023-06-01 13:25:05.231538,0.0,0.0,0.0,0.0
2023-06-01 13:25:05.667823,25.079999923706055,85995.390625,16.779296875,0.0
2023-06-01 13:25:06.669845,25.079999923706055,85994.25,16.767578125,0.0
2023-06-01 13:25:07.672565,25.079999923706055,85994.1171875,16.791015625,0.0
2023-06-01 13:25:08.674191,25.079999923706055,85995.96875,16.779296875,0.0
2023-06-01 13:25:09.675040,25.079999923706055,85996.796875,16.7080078125,0.0
2023-06-01 13:25:10.674478,25.079999923706055,85996.109375,16.6845703125,0.0
2023-06-01 13:25:11.673445,25.079999923706055,85996.078125,16.63671875,0.0
2023-06-01 13:25:12.676568,25.06999969482422,85997.84375,16.58984375,0.0
2023-06-01 13:25:13.682734,25.06999969482422,85992.78125,16.6005859375,0.0
2023-06-01 13:25:14.679326,25.06999969482422,85995.9921875,16.671875,0.0
2023-06-01 13:25:15.692230,25.06999969482422,85997.15625,16.7548828125,0.0
2023-06-01 13:25:16.678923,25.06999969482422,85995.46875,16.814453125,0.0
2023-06-01 13:25:17.684291,25.06999969482422,85997.09375,16.8017578125,0.0
2023-06-01 13:25:18.691440,25.06999969482422,85997.09375,16.7197265625,0.0
2023-06-01 13:25:19.681530,25.059999465942383,85996.875,16.671875,0.0
2023-06-01 13:25:20.684318,25.059999465942383,85997.5,16.66015625,0.0
2023-06-01 13:25:21.681648,25.059999465942383,85994.21875,16.6474609375,0.0
2023-06-01 13:25:22.687678,25.059999465942383,85999.1640625,16.6474609375,0.0
2023-06-01 13:25:23.692026,25.059999465942383,85996.234375,16.63671875,0.0
2023-06-01 13:25:24.685421,25.049999237060547,85999.4375,16.6953125,0.0
2023-06-01 13:25:25.687994,25.049999237060547,85997.453125,16.73046875,0.0
2023-06-01 13:25:26.692526,25.049999237060547,85997.3125,16.8134765625,0.0
2023-06-01 13:25:27.689165,25.059999465942383,85999.5,16.8369140625,0.0
2023-06-01 13:25:28.691467,25.059999465942383,86000.15625,16.8369140625,0.0
2023-06-01 13:25:29.689402,25.049999237060547,85998.640625,16.8369140625,0.0
2023-06-01 13:25:30.693384,25.059999465942383,85998.171875,16.884765625,0.0
2023-06-01 13:25:31.689149,25.059999465942383,85996.84375,17.0263671875,0.0
2023-06-01 13:25:32.690332,25.059999465942383,85998.359375,17.2158203125,0.0
2023-06-01 13:25:33.691278,25.049999237060547,85996.484375,17.0263671875,0.0
2023-06-01 13:25:34.692809,25.049999237060547,85995.625,16.896484375,0.0
2023-06-01 13:25:35.692355,25.059999465942383,85999.328125,16.884765625,0.0
2023-06-01 13:25:36.694004,25.049999237060547,86000.1015625,16.8720703125,0.0
2023-06-01 13:25:37.694100,25.049999237060547,85998.90625,16.8486328125,0.0
2023-06-01 13:25:38.694877,25.049999237060547,86000.9296875,16.8486328125,0.0
2023-06-01 13:25:39.697463,25.049999237060547,85995.921875,16.8603515625,0.0
2023-06-01 13:25:40.697750,25.049999237060547,85995.953125,16.8720703125,0.0
2023-06-01 13:25:41.697453,25.049999237060547,85998.546875,16.8720703125,0.0
2023-06-01 13:25:42.700440,25.049999237060547,85997.71875,16.884765625,0.0
2023-06-01 13:25:43.699039,25.049999237060547,85996.890625,16.896484375,0.0
2023-06-01 13:25:44.701131,25.049999237060547,85999.21875,16.966796875,0.0
2023-06-01 13:25:45.702291,25.049999237060547,85997.71875,17.0263671875,0.0
2023-06-01 13:25:46.699771,25.040000915527344,86000.15625,17.07421875,0.0
2023-06-01 13:25:47.703936,25.040000915527344,85998.40625,17.109375,0.0
2023-06-01 13:25:48.701566,25.040000915527344,86000.734375,17.109375,0.0
2023-06-01 13:25:49.702577,25.040000915527344,85998.234375,17.1328125,0.0
2023-06-01 13:25:50.707243,25.030000686645508,86000.140625,17.14453125,0.0
2023-06-01 13:25:51.705140,25.030000686645508,85994.0,17.0849609375,0.0
2023-06-01 13:25:52.709930,25.030000686645508,85998.09375,17.048828125,0.0
2023-06-01 13:25:53.707913,25.020000457763672,85996.84375,16.990234375,0.0
2023-06-01 13:25:54.708636,25.020000457763672,85999.171875,16.9658203125,0.0
2023-06-01 13:25:55.709690,25.020000457763672,85997.671875,16.9423828125,0.0
2023-06-01 13:25:56.710802,25.020000457763672,85999.3046875,16.9306640625,0.0
2023-06-01 13:25:57.713882,25.020000457763672,85999.140625,16.9306640625,0.0
2023-06-01 13:25:58.711196,25.010000228881836,85998.9375,16.9306640625,0.0
2023-06-01 13:25:59.712594,25.010000228881836,86002.0625,16.9423828125,0.0
2023-06-01 13:26:00.717981,25.010000228881836,85997.5625,16.9423828125,0.0
2023-06-01 13:26:01.714807,25.010000228881836,85998.9140625,16.9306640625,0.0
2023-06-01 13:26:02.715771,25.010000228881836,85995.0703125,16.9423828125,0.0
2023-06-01 13:26:03.718819,25.010000228881836,85998.359375,16.9541015625,0.0
2023-06-01 13:26:04.717239,25.0,85999.984375,16.9775390625,0.0
2023-06-01 13:26:05.720144,25.0,86000.484375,17.0244140625,0.0
2023-06-01 13:26:06.719192,25.0,85998.0,17.048828125,0.0
2023-06-01 13:26:07.718356,25.0,85998.46875,17.048828125,0.0
2023-06-01 13:26:08.719590,25.0,86001.09375,16.9892578125,0.0
2023-06-01 13:26:09.719762,25.0,85997.25,16.96484375,0.0
2023-06-01 13:26:10.721996,25.0,85998.40625,16.94140625,0.0
2023-06-01 13:26:11.724115,24.479999542236328,85925.875,17.134765625,0.0
2023-06-01 13:26:12.723011,24.959999084472656,85993.375,17.47265625,0.0
2023-06-01 13:26:13.723761,24.700000762939453,85957.40625,17.498046875,0.0
2023-06-01 13:26:14.724948,24.989999771118164,85998.046875,17.30859375,0.0
2023-06-01 13:26:15.726153,24.959999084472656,85994.953125,17.236328125,0.0
2023-06-01 13:26:16.725842,24.780000686645508,85969.15625,17.169921875,0.0
2023-06-01 13:26:17.728445,24.969999313354492,85999.078125,17.1416015625,0.0
2023-06-01 13:26:18.729867,24.899999618530273,85986.78125,17.2451171875,0.0
2023-06-01 13:26:19.728814,24.979999542236328,85997.734375,17.3203125,0.0
2023-06-01 13:26:20.731925,24.979999542236328,85999.671875,17.2841796875,0.0
2023-06-01 13:26:21.730865,24.979999542236328,85999.890625,17.2607421875,0.0
2023-06-01 13:26:22.731557,24.969999313354492,85997.484375,17.224609375,0.0
2023-06-01 13:26:23.731647,24.979999542236328,85999.671875,17.212890625,0.0
2023-06-01 13:26:24.733006,24.979999542236328,85999.0,17.248046875,0.0
2023-06-01 13:26:25.735264,24.969999313354492,85997.921875,17.3076171875,0.0
2023-06-01 13:26:26.735263,24.969999313354492,85999.25,17.3779296875,0.0
2023-06-01 13:26:27.734566,24.6299991607666,85951.6328125,17.4482421875,0.0
2023-06-01 13:26:28.736215,24.829999923706055,85982.9765625,17.57421875,0.0
2023-06-01 13:26:29.737312,24.969999313354492,86000.2734375,17.603515625,0.0
2023-06-01 13:26:30.738799,24.969999313354492,85999.7734375,17.650390625,0.0
2023-06-01 13:26:31.739759,24.969999313354492,86000.4375,17.662109375,0.0
2023-06-01 13:26:32.740451,24.969999313354492,86002.4296875,17.603515625,0.0
2023-06-01 13:26:33.742286,24.969999313354492,85998.5546875,17.5673828125,0.0
2023-06-01 13:26:34.743277,24.969999313354492,85999.609375,17.5205078125,0.0
2023-06-01 13:26:35.742961,24.979999542236328,86001.328125,17.5556640625,0.0
2023-06-01 13:26:36.743361,24.959999084472656,85997.6953125,17.626953125,0.0
2023-06-01 13:26:37.745708,24.959999084472656,86000.515625,17.7451171875,0.0
2023-06-01 13:26:38.744742,24.969999313354492,85998.75,17.828125,0.0
2023-06-01 13:26:39.747213,24.969999313354492,86000.4375,17.9814453125,0.0
2023-06-01 13:26:40.746432,24.969999313354492,86002.203125,17.9814453125,0.0
2023-06-01 13:26:41.752762,24.969999313354492,86003.2578125,17.9697265625,0.0
2023-06-01 13:26:42.750428,24.969999313354492,86001.765625,17.9814453125,0.0
2023-06-01 13:26:43.749783,24.979999542236328,86002.015625,18.4912109375,0.0
2023-06-01 13:26:44.751046,24.969999313354492,86003.09375,18.23046875,0.0
2023-06-01 13:26:45.750782,24.969999313354492,86001.9296875,18.30078125,0.0
2023-06-01 13:26:46.753083,24.969999313354492,85999.75,18.30078125,0.0
2023-06-01 13:26:47.752716,24.969999313354492,86004.9453125,18.23046875,0.0
2023-06-01 13:26:48.754510,24.969999313354492,85998.609375,18.21875,0.0
2023-06-01 13:26:49.754184,24.979999542236328,86001.6875,18.62109375,0.0
2023-06-01 13:26:50.754692,24.979999542236328,86001.546875,18.763671875,0.0
2023-06-01 13:26:51.756638,24.989999771118164,86000.9453125,18.822265625,0.0
2023-06-01 13:26:52.758822,24.989999771118164,85999.8125,19.1181640625,0.0
2023-06-01 13:26:53.758390,24.979999542236328,86001.578125,18.9287109375,0.0
2023-06-01 13:26:54.763359,24.979999542236328,86000.390625,18.763671875,0.0
2023-06-01 13:26:55.761390,24.989999771118164,86001.3046875,19.7685546875,0.0
2023-06-01 13:26:56.759940,25.0,86001.953125,20.833984375,0.0
2023-06-01 13:26:57.761118,25.0,86000.3203125,22.6064453125,0.0
2023-06-01 13:26:58.763932,25.010000228881836,86001.90625,22.630859375,0.0
2023-06-01 13:26:59.765562,25.010000228881836,86001.84375,21.5078125,0.0
2023-06-01 13:27:00.766475,25.010000228881836,86001.6015625,20.751953125,0.0
2023-06-01 13:27:01.777435,25.010000228881836,86001.6015625,20.6806640625,0.0
2023-06-01 13:27:02.775056,25.020000457763672,85999.859375,22.2646484375,0.0
2023-06-01 13:27:03.772474,25.020000457763672,86002.546875,22.6904296875,0.0
2023-06-01 13:27:04.767801,25.030000686645508,86000.96875,22.4189453125,0.0
2023-06-01 13:27:05.769251,25.030000686645508,85999.921875,22.169921875,0.0
2023-06-01 13:27:06.767537,25.030000686645508,86001.640625,21.7568359375,0.0
2023-06-01 13:27:07.784101,25.030000686645508,85998.3125,20.9296875,0.0
2023-06-01 13:27:08.776198,25.030000686645508,86004.8203125,20.46875,0.0
2023-06-01 13:27:09.777105,25.040000915527344,86001.7265625,20.220703125,0.0
2023-06-01 13:27:10.778078,25.030000686645508,86001.859375,19.865234375,0.0
2023-06-01 13:27:11.780995,25.030000686645508,86000.203125,19.451171875,0.0
2023-06-01 13:27:12.775325,25.040000915527344,86001.5625,19.0732421875,0.0
2023-06-01 13:27:13.779481,25.040000915527344,86003.96875,19.0615234375,0.0
2023-06-01 13:27:14.778156,25.040000915527344,86001.015625,19.322265625,0.0
2023-06-01 13:27:15.782458,25.049999237060547,86004.1875,19.2509765625,0.0
2023-06-01 13:27:16.780440,25.049999237060547,86002.421875,19.2861328125,0.0
2023-06-01 13:27:17.778708,25.049999237060547,86002.09375,19.2978515625,0.0
2023-06-01 13:27:18.782514,25.06999969482422,85997.8125,22.08984375,0.0
2023-06-01 13:27:19.786923,25.06999969482422,86003.765625,22.0546875,0.0
2023-06-01 13:27:20.786310,25.06999969482422,86002.90625,22.0068359375,0.0
2023-06-01 13:27:21.791582,25.06999969482422,86004.65625,22.48046875,0.0
2023-06-01 13:27:22.788722,25.06999969482422,86003.265625,21.4873046875,0.0
2023-06-01 13:27:23.782111,25.06999969482422,85999.4765625,20.8369140625,0.0
2023-06-01 13:27:24.783177,25.06999969482422,86002.265625,20.75390625,0.0
2023-06-01 13:27:25.784940,25.06999969482422,86004.625,20.564453125,0.0
2023-06-01 13:27:26.784881,25.06999969482422,86001.0,20.2578125,0.0
2023-06-01 13:27:27.787970,25.06999969482422,86002.4375,19.689453125,0.0
2023-06-01 13:27:28.788799,25.06999969482422,86003.984375,19.275390625,0.0
2023-06-01 13:27:29.790925,25.06999969482422,86003.734375,19.0146484375,0.0
2023-06-01 13:27:30.789393,25.059999465942383,86003.5390625,18.7431640625,0.0
2023-06-01 13:27:31.788990,25.06999969482422,86004.921875,18.58984375,0.0
2023-06-01 13:27:32.793850,25.06999969482422,86000.9375,18.5302734375,0.0
2023-06-01 13:27:33.793328,25.059999465942383,86003.875,18.423828125,0.0
2023-06-01 13:27:34.792332,25.059999465942383,86003.5078125,18.3876953125,0.0
2023-06-01 13:27:35.790904,25.059999465942383,86004.0078125,18.3046875,0.0
2023-06-01 13:27:36.792220,25.059999465942383,86002.7109375,18.234375,0.0
2023-06-01 13:27:37.794910,25.059999465942383,86003.3125,18.1865234375,0.0
2023-06-01 13:27:38.796216,25.059999465942383,86004.3671875,18.1630859375,0.0
2023-06-01 13:27:39.793894,25.059999465942383,86002.875,18.26953125,0.0
2023-06-01 13:27:40.797453,25.059999465942383,86004.3671875,18.1748046875,0.0
2023-06-01 13:27:41.797013,25.049999237060547,86003.453125,18.056640625,0.0
2023-06-01 13:27:42.799217,25.049999237060547,86002.59375,17.9853515625,0.0
2023-06-01 13:27:43.799255,25.059999465942383,86005.46875,17.92578125,0.0
2023-06-01 13:27:44.798955,25.049999237060547,86005.25,18.0556640625,0.0
2023-06-01 13:27:45.801155,25.049999237060547,86004.421875,18.2333984375,0.0
2023-06-01 13:27:46.799377,25.049999237060547,86001.765625,18.2451171875,0.0
2023-06-01 13:27:47.804629,25.049999237060547,86001.625,19.8544921875,0.0
2023-06-01 13:27:48.802165,25.049999237060547,86003.953125,19.4287109375,0.0
2023-06-01 13:27:49.806434,25.049999237060547,86004.1875,18.75390625,0.0
2023-06-01 13:27:50.807200,25.040000915527344,86003.46875,18.4462890625,0.0
2023-06-01 13:27:51.806108,25.040000915527344,86002.0546875,18.1025390625,0.0
2023-06-01 13:27:52.810419,25.040000915527344,86005.375,17.984375,0.0
2023-06-01 13:27:53.806607,25.030000686645508,86003.0,17.9013671875,0.0
2023-06-01 13:27:54.806546,25.030000686645508,86004.40625,17.7236328125,0.0
2023-06-01 13:27:55.809238,25.020000457763672,86004.484375,17.7001953125,0.0
2023-06-01 13:27:56.809114,25.020000457763672,86003.6484375,17.7001953125,0.0
2023-06-01 13:27:57.812186,25.020000457763672,86002.625,17.6767578125,0.0
2023-06-01 13:27:58.812143,25.020000457763672,86001.9921875,17.818359375,0.0
2023-06-01 13:27:59.812625,25.020000457763672,86002.71875,18.1025390625,0.0
2023-06-01 13:28:00.812412,25.020000457763672,86001.8828125,18.255859375,0.0
2023-06-01 13:28:01.812578,25.020000457763672,86002.484375,18.3271484375,0.0
2023-06-01 13:28:02.815334,25.020000457763672,86001.9921875,17.9365234375,0.0
2023-06-01 13:28:03.814004,25.020000457763672,86003.2890625,17.8896484375,0.0
2023-06-01 13:28:04.816626,25.020000457763672,86003.6484375,17.9716796875,0.0
2023-06-01 13:28:05.817090,25.020000457763672,86001.828125,18.1611328125,0.0
2023-06-01 13:28:06.819123,25.020000457763672,86002.046875,18.1611328125,0.0
2023-06-01 13:28:07.818758,25.020000457763672,86004.015625,18.1494140625,0.0
2023-06-01 13:28:08.818263,25.020000457763672,86002.21875,18.197265625,0.0
2023-06-01 13:28:09.818405,25.020000457763672,86001.515625,18.3154296875,0.0
2023-06-01 13:28:10.821962,25.020000457763672,86001.0234375,18.3388671875,0.0
2023-06-01 13:28:11.823456,25.020000457763672,86001.859375,18.3388671875,0.0
2023-06-01 13:28:12.821547,25.020000457763672,85998.8046875,18.3623046875,0.0
2023-06-01 13:28:13.824111,25.020000457763672,86000.140625,18.232421875,0.0
2023-06-01 13:28:14.824621,25.020000457763672,86003.015625,18.1376953125,0.0
2023-06-01 13:28:15.825096,25.020000457763672,86003.8125,18.078125,0.0
2023-06-01 13:28:16.824192,25.010000228881836,86002.4296875,17.8896484375,0.0
2023-06-01 13:28:17.827550,25.010000228881836,86002.8984375,17.7587890625,0.0
2023-06-01 13:28:18.828194,25.020000457763672,86002.7890625,17.7587890625,0.0
2023-06-01 13:28:19.829864,25.010000228881836,86004.25,17.806640625,0.0
2023-06-01 13:28:20.830685,25.010000228881836,86005.71875,17.7939453125,0.0
2023-06-01 13:28:21.829899,25.020000457763672,86003.953125,17.7001953125,0.0
2023-06-01 13:28:22.832415,25.010000228881836,86005.0859375,17.65234375,0.0
2023-06-01 13:28:23.831835,25.020000457763672,86005.609375,18.01953125,0.0
2023-06-01 13:28:24.831785,25.020000457763672,86002.296875,18.7529296875,0.0
2023-06-01 13:28:25.833076,25.010000228881836,86002.59375,18.48046875,0.0
2023-06-01 13:28:26.834262,25.010000228881836,86001.703125,17.9599609375,0.0
2023-06-01 13:28:27.835257,25.010000228881836,86004.7265625,17.7236328125,0.0
2023-06-01 13:28:28.840188,25.020000457763672,86003.6484375,17.5224609375,0.0
2023-06-01 13:28:29.837213,25.010000228881836,86004.390625,17.3564453125,0.0
2023-06-01 13:28:30.845223,25.010000228881836,86003.0,17.2138671875,0.0
2023-06-01 13:28:31.839938,25.010000228881836,86004.421875,17.4755859375,0.0
2023-06-01 13:28:32.840367,25.0,86003.78125,17.26171875,0.0
2023-06-01 13:28:33.838722,24.989999771118164,86002.328125,17.095703125,0.0
2023-06-01 13:28:34.850079,24.989999771118164,86004.984375,17.0126953125,0.0
2023-06-01 13:28:35.842213,24.989999771118164,86004.265625,16.953125,0.0
2023-06-01 13:28:36.842441,24.979999542236328,86004.703125,16.9052734375,0.0
2023-06-01 13:28:37.846429,24.979999542236328,86005.734375,16.8701171875,0.0
2023-06-01 13:28:38.844223,24.979999542236328,86003.34375,16.822265625,0.0
2023-06-01 13:28:39.844606,24.969999313354492,86004.25,16.7626953125,0.08094999939203262
2023-06-01 13:28:40.847239,24.969999313354492,86004.5625,16.7509765625,0.0
2023-06-01 13:28:41.848081,24.969999313354492,86005.390625,16.787109375,0.0
2023-06-01 13:28:42.848560,24.969999313354492,86005.21875,16.822265625,0.0
2023-06-01 13:28:43.849763,24.969999313354492,86004.359375,16.857421875,0.0
2023-06-01 13:28:44.849723,24.959999084472656,86002.28125,16.833984375,0.0
2023-06-01 13:28:45.852419,24.959999084472656,86002.671875,16.822265625,0.0
2023-06-01 13:28:46.851546,24.969999313354492,86003.3671875,16.822265625,0.0
2023-06-01 13:28:47.852024,24.969999313354492,86003.703125,16.822265625,0.0
2023-06-01 13:28:48.852951,24.959999084472656,86003.34375,16.787109375,0.0
2023-06-01 13:28:49.857007,24.959999084472656,86003.171875,16.810546875,0.0
2023-06-01 13:28:50.859192,24.959999084472656,86003.0078125,16.8935546875,0.0
2023-06-01 13:28:51.855756,24.959999084472656,86003.0078125,17.189453125,0.0
2023-06-01 13:28:52.857094,24.969999313354492,86002.0390625,17.212890625,0.0
2023-06-01 13:28:53.857677,24.959999084472656,86004.4140625,17.05859375,0.0
2023-06-01 13:28:54.858243,24.959999084472656,86003.421875,16.9638671875,0.0
2023-06-01 13:28:55.866000,24.950000762939453,86004.6875,16.892578125,0.0
2023-06-01 13:28:56.860423,24.959999084472656,86004.8828125,16.869140625,0.0
2023-06-01 13:28:57.866403,24.950000762939453,86003.6875,16.857421875,0.0
2023-06-01 13:28:58.867133,24.950000762939453,86003.5,16.9873046875,0.0
2023-06-01 13:28:59.862789,24.950000762939453,86004.4921875,17.1767578125,0.0
2023-06-01 13:29:00.862936,24.950000762939453,86003.6328125,16.904296875,0.0
2023-06-01 13:29:01.866405,24.940000534057617,86004.90625,16.7744140625,0.0
2023-06-01 13:29:02.871143,24.940000534057617,86004.703125,16.703125,0.0
2023-06-01 13:29:03.868430,24.940000534057617,86003.734375,16.66796875,0.0
2023-06-01 13:29:04.865259,24.940000534057617,86004.40625,16.66796875,0.0
2023-06-01 13:29:05.873190,24.940000534057617,86004.046875,16.66796875,0.0
2023-06-01 13:29:06.873898,24.940000534057617,86005.203125,16.6435546875,0.0
2023-06-01 13:29:07.875279,24.940000534057617,86005.671875,16.6201171875,0.0
2023-06-01 13:29:08.872102,24.940000534057617,86004.375,16.6201171875,0.0
2023-06-01 13:29:09.874861,24.940000534057617,86004.84375,16.703125,0.0
2023-06-01 13:29:10.877806,24.93000030517578,86003.7578125,16.76171875,0.0
2023-06-01 13:29:11.873159,24.93000030517578,86004.453125,16.78515625,0.0
2023-06-01 13:29:12.874726,24.93000030517578,86004.984375,16.8095703125,0.0
2023-06-01 13:29:13.883689,24.93000030517578,86007.078125,16.9150390625,0.0
2023-06-01 13:29:14.878688,24.93000030517578,86006.546875,17.009765625,0.0
2023-06-01 13:29:15.880588,24.93000030517578,86004.28125,17.2470703125,0.0
2023-06-01 13:29:16.879144,24.420000076293945,85932.1875,17.408203125,0.0
2023-06-01 13:29:17.881604,24.93000030517578,86007.078125,17.353515625,0.0
2023-06-01 13:29:18.880464,24.93000030517578,86004.421875,17.22265625,0.0
2023-06-01 13:29:19.884691,24.93000030517578,86005.28125,17.0927734375,0.0
2023-06-01 13:29:20.882834,24.93000030517578,86005.9765625,16.962890625,0.0
2023-06-01 13:29:21.882773,24.93000030517578,86003.890625,16.9033203125,0.0
2023-06-01 13:29:22.881822,24.93000030517578,86003.7578125,16.8916015625,0.0
2023-06-01 13:29:23.885374,24.93000030517578,86007.25,16.8916015625,0.0
2023-06-01 13:29:24.889827,24.93000030517578,86006.140625,16.8798828125,0.0
2023-06-01 13:29:25.890040,24.93000030517578,86003.7890625,16.8564453125,0.0
2023-06-01 13:29:26.882967,24.93000030517578,86005.390625,16.8564453125,0.0
2023-06-01 13:29:27.889615,24.920000076293945,86004.1953125,16.83203125,0.0
2023-06-01 13:29:28.884459,24.920000076293945,86001.484375,16.84375,0.0
2023-06-01 13:29:29.893591,24.920000076293945,86002.875,16.8203125,0.0
2023-06-01 13:29:30.886194,24.920000076293945,86004.3359375,16.796875,0.0
2023-06-01 13:29:31.892220,24.920000076293945,86005.359375,16.78515625,0.0
2023-06-01 13:29:32.888347,24.920000076293945,86004.96875,16.83203125,0.0
2023-06-01 13:29:33.888922,24.920000076293945,86006.296875,16.796875,0.0
2023-06-01 13:29:34.892821,24.90999984741211,86005.2421875,16.796875,0.0
2023-06-01 13:29:35.892966,24.90999984741211,86005.515625,16.796875,0.0
2023-06-01 13:29:36.895136,24.90999984741211,86003.859375,16.8203125,0.0
2023-06-01 13:29:37.893296,24.90999984741211,86009.828125,16.8203125,0.0
2023-06-01 13:29:38.891742,24.899999618530273,86007.4453125,16.7958984375,0.0
2023-06-01 13:29:39.896492,24.899999618530273,86006.09375,16.7724609375,0.0
2023-06-01 13:29:40.894020,24.899999618530273,86004.5390625,16.736328125,0.0
2023-06-01 13:29:41.894700,24.899999618530273,86007.359375,16.701171875,0.0
2023-06-01 13:29:42.896118,24.889999389648438,86005.171875,16.701171875,0.0
2023-06-01 13:29:43.896079,24.889999389648438,86006.46875,16.736328125,0.0
2023-06-01 13:29:44.898557,24.889999389648438,86007.6328125,16.7607421875,0.0
2023-06-01 13:29:45.903396,24.889999389648438,86006.3359375,16.736328125,0.0
2023-06-01 13:29:46.901580,24.889999389648438,86007.46875,16.689453125,0.0
2023-06-01 13:29:47.901124,24.889999389648438,86007.578125,16.654296875,0.0
2023-06-01 13:29:48.907564,24.889999389648438,86006.4375,16.6416015625,0.0
2023-06-01 13:29:49.904586,24.8799991607666,86007.7109375,16.6181640625,0.0
2023-06-01 13:29:50.903152,24.8799991607666,86007.921875,16.60546875,0.0
2023-06-01 13:29:51.903022,24.8700008392334,86009.2265625,16.59375,0.0
2023-06-01 13:29:52.904605,24.8700008392334,86005.6796875,16.60546875,0.0
2023-06-01 13:29:53.905706,24.8700008392334,86007.5078125,16.60546875,0.0
2023-06-01 13:29:54.907583,24.8700008392334,86006.84375,16.6171875,0.0
2023-06-01 13:29:55.909225,24.8700008392334,86007.3125,16.65234375,0.0
2023-06-01 13:29:56.908904,24.860000610351562,86008.609375,16.6767578125,0.0
2023-06-01 13:29:57.909170,24.860000610351562,86006.234375,16.65234375,0.0
2023-06-01 13:29:58.912260,24.860000610351562,86005.421875,16.65234375,0.0
2023-06-01 13:29:59.914409,24.860000610351562,86008.4140625,16.7001953125,0.0
2023-06-01 13:30:00.912296,24.860000610351562,86007.578125,16.7236328125,0.0
2023-06-01 13:30:01.913729,24.860000610351562,86006.421875,16.7236328125,0.0
2023-06-01 13:30:02.913450,24.860000610351562,86007.28125,16.7236328125,0.0
2023-06-01 13:30:03.914293,24.860000610351562,86008.21875,16.6875,0.0
2023-06-01 13:30:04.916747,24.860000610351562,86007.4453125,16.6884765625,0.0
2023-06-01 13:30:05.917258,24.860000610351562,86008.4375,16.7353515625,0.0
2023-06-01 13:30:06.917328,24.860000610351562,86009.25,16.7236328125,0.0
2023-06-01 13:30:07.918102,24.860000610351562,86008.75,16.7119140625,0.0
2023-06-01 13:30:08.918334,24.8700008392334,86008.640625,16.7236328125,0.0
2023-06-01 13:30:09.919371,24.860000610351562,86009.765625,16.759765625,0.0
2023-06-01 13:30:10.919019,24.860000610351562,86007.75,16.818359375,0.0
2023-06-01 13:30:11.920443,24.860000610351562,86006.390625,16.865234375,0.0
2023-06-01 13:30:12.921953,24.860000610351562,86008.21875,16.876953125,0.0
2023-06-01 13:30:13.922441,24.860000610351562,86009.25,16.853515625,0.0
2023-06-01 13:30:14.923706,24.860000610351562,86011.171875,16.7587890625,0.0
2023-06-01 13:30:15.923516,24.860000610351562,86007.359375,16.7470703125,0.0
2023-06-01 13:30:16.926932,24.860000610351562,86010.375,16.7470703125,0.0
2023-06-01 13:30:17.927991,24.860000610351562,86008.359375,16.7470703125,0.0
2023-06-01 13:30:18.928097,24.860000610351562,86007.75,16.7470703125,0.0
2023-06-01 13:30:19.926672,24.860000610351562,86007.28125,16.7470703125,0.0
2023-06-01 13:30:20.928357,24.860000610351562,86009.875,16.7353515625,0.0
2023-06-01 13:30:21.928264,24.860000610351562,86007.75,16.7236328125,0.0
2023-06-01 13:30:22.929903,24.860000610351562,86009.109375,16.7236328125,0.0
2023-06-01 13:30:23.930420,24.860000610351562,86006.78125,16.7236328125,0.0
2023-06-01 13:30:24.931600,24.860000610351562,86009.4375,16.7470703125,0.0
2023-06-01 13:30:25.933257,24.860000610351562,86011.59375,16.7470703125,0.0
2023-06-01 13:30:26.933718,24.860000610351562,86010.234375,16.759765625,0.0
2023-06-01 13:30:27.936844,24.860000610351562,86008.078125,16.771484375,0.0
2023-06-01 13:30:28.934800,24.860000610351562,86009.25,16.771484375,0.0
2023-06-01 13:30:29.936197,24.860000610351562,86007.578125,16.771484375,0.0
2023-06-01 13:30:30.938166,24.860000610351562,86004.703125,16.794921875,0.0
2023-06-01 13:30:31.939427,24.860000610351562,86008.046875,16.841796875,0.0
2023-06-01 13:30:32.938048,24.860000610351562,86007.890625,16.865234375,0.0
2023-06-01 13:30:33.944281,24.860000610351562,86007.390625,16.888671875,0.0
2023-06-01 13:30:34.940242,24.860000610351562,86008.75,16.9248046875,0.0
2023-06-01 13:30:35.945063,24.860000610351562,86009.40625,16.9365234375,0.0
2023-06-01 13:30:36.945084,24.860000610351562,86008.390625,16.9248046875,0.0
2023-06-01 13:30:37.951491,24.860000610351562,86007.5546875,16.9130859375,0.0
2023-06-01 13:30:38.947581,24.860000610351562,86009.9375,16.9599609375,0.0
2023-06-01 13:30:39.945519,24.860000610351562,86009.109375,16.9599609375,0.0
2023-06-01 13:30:40.944087,24.860000610351562,86008.109375,16.9482421875,0.0
2023-06-01 13:30:41.946427,24.8700008392334,86007.9765625,16.9599609375,0.0
2023-06-01 13:30:42.948459,24.8700008392334,86008.53125,16.97265625,0.0
2023-06-01 13:30:43.950612,24.8700008392334,86006.8125,16.99609375,0.0
2023-06-01 13:30:44.948583,24.8700008392334,86010.1875,16.99609375,0.0
2023-06-01 13:30:45.947735,24.8700008392334,86008.671875,17.0908203125,0.0
2023-06-01 13:30:46.951574,24.8700008392334,86007.203125,17.1259765625,0.0
2023-06-01 13:30:47.953411,24.8700008392334,86007.5078125,17.1494140625,0.0
2023-06-01 13:30:48.954251,24.8700008392334,86003.5234375,17.1376953125,0.0
2023-06-01 13:30:49.961878,24.8700008392334,86008.859375,17.01953125,0.0
2023-06-01 13:30:50.955233,24.8700008392334,86008.96875,16.984375,0.0
2023-06-01 13:30:51.955285,24.8700008392334,86008.0,16.9365234375,0.0
2023-06-01 13:30:52.969446,24.8700008392334,86008.96875,16.9482421875,0.0
2023-06-01 13:30:53.962824,24.8700008392334,86007.34375,16.9130859375,0.0
2023-06-01 13:30:54.959061,24.8700008392334,86006.1484375,16.9248046875,0.0
2023-06-01 13:30:55.966719,24.8799991607666,86008.421875,16.94921875,0.0
2023-06-01 13:30:56.976030,24.8700008392334,86007.34375,17.01953125,0.0
2023-06-01 13:30:57.967838,24.8700008392334,86007.375,17.3154296875,0.0
2023-06-01 13:30:58.969328,24.8700008392334,86009.0625,17.4697265625,0.0
2023-06-01 13:30:59.973554,24.8799991607666,86007.765625,17.623046875,0.0
2023-06-01 13:31:00.962880,24.8799991607666,86007.765625,17.599609375,0.0
2023-06-01 13:31:01.968211,24.8799991607666,86009.9765625,17.4580078125,0.0
2023-06-01 13:31:02.964160,24.8799991607666,86009.28125,17.38671875,0.0
2023-06-01 13:31:03.966687,24.8700008392334,86008.234375,17.2685546875,0.0
2023-06-01 13:31:04.968829,24.8799991607666,86009.5859375,17.197265625,0.0
2023-06-01 13:31:05.969574,24.8799991607666,86012.078125,17.0673828125,0.0
2023-06-01 13:31:06.972140,24.8700008392334,86008.890625,16.97265625,0.0
2023-06-01 13:31:07.966147,24.8700008392334,86010.1875,16.9130859375,0.0
2023-06-01 13:31:08.967580,24.8700008392334,86008.390625,16.9013671875,0.0
2023-06-01 13:31:09.968053,24.8799991607666,86010.140625,16.8779296875,0.0
2023-06-01 13:31:10.973406,24.8700008392334,86010.0546875,16.8310546875,0.0
2023-06-01 13:31:11.970265,24.8799991607666,86008.59375,16.759765625,0.0
2023-06-01 13:31:12.974668,24.8799991607666,86010.109375,16.8310546875,0.0
2023-06-01 13:31:13.975258,24.8799991607666,86010.140625,16.8896484375,0.0
2023-06-01 13:31:14.976061,24.8799991607666,86012.109375,16.92578125,0.0
2023-06-01 13:31:15.974239,24.8799991607666,86008.15625,16.9140625,0.0
2023-06-01 13:31:16.976740,24.8799991607666,86010.6953125,16.90234375,0.0
2023-06-01 13:31:17.974731,24.889999389648438,86011.890625,16.8671875,0.0
2023-06-01 13:31:18.975518,24.889999389648438,86010.7265625,16.8310546875,0.0
2023-06-01 13:31:19.978721,24.889999389648438,86008.5703125,16.8076171875,0.0
2023-06-01 13:31:20.984787,24.8799991607666,86007.8203125,16.7958984375,0.0
2023-06-01 13:31:21.977852,24.8799991607666,86008.703125,16.7958984375,0.0
2023-06-01 13:31:22.981382,24.8799991607666,86008.046875,16.783203125,0.0
2023-06-01 13:31:23.984491,24.8799991607666,86008.5390625,16.759765625,0.0
2023-06-01 13:31:24.983116,24.8799991607666,86007.984375,16.748046875,0.0
2023-06-01 13:31:25.984303,24.8799991607666,86009.9453125,16.748046875,0.0
2023-06-01 13:31:26.982353,24.8799991607666,86008.421875,16.748046875,0.0
2023-06-01 13:31:27.984264,24.8799991607666,86006.9609375,16.748046875,0.0
2023-06-01 13:31:28.985204,24.8799991607666,86012.296875,16.736328125,0.0
2023-06-01 13:31:29.986974,24.8799991607666,86008.59375,16.7119140625,0.0
2023-06-01 13:31:30.985567,24.8799991607666,86006.15625,16.701171875,0.0
2023-06-01 13:31:31.990150,24.8799991607666,86009.1171875,16.6884765625,0.0
2023-06-01 13:31:32.987438,24.8799991607666,86010.140625,16.6650390625,0.0
2023-06-01 13:31:33.991618,24.8799991607666,86011.40625,16.6533203125,0.0
2023-06-01 13:31:34.987794,24.8799991607666,86008.2890625,16.6533203125,0.0
2023-06-01 13:31:35.993751,24.8799991607666,86007.09375,16.6416015625,0.0
2023-06-01 13:31:36.992951,24.8700008392334,86009.0625,16.6298828125,0.0
2023-06-01 13:31:37.989855,24.8700008392334,86010.0546875,16.6416015625,0.0
2023-06-01 13:31:38.990676,24.8700008392334,86006.375,16.65234375,0.0
2023-06-01 13:31:39.992179,24.8700008392334,86009.6875,16.7470703125,0.0
2023-06-01 13:31:40.992342,24.8799991607666,86007.296875,16.8779296875,0.0
2023-06-01 13:31:41.995683,24.8799991607666,86011.796875,16.9140625,0.0
2023-06-01 13:31:42.996786,24.8799991607666,86011.578125,16.9013671875,0.0
2023-06-01 13:31:43.995960,24.8700008392334,86008.390625,16.748046875,0.0
2023-06-01 13:31:44.999565,24.8700008392334,86009.1640625,16.640625,0.08094999939203262
2023-06-01 13:31:46.002248,24.8700008392334,86006.5390625,16.59375,0.08094999939203262
2023-06-01 13:31:47.000160,24.8700008392334,86007.671875,16.62890625,0.08094999939203262
2023-06-01 13:31:48.000486,24.8799991607666,86005.609375,16.6650390625,0.0
2023-06-01 13:31:49.002426,24.8700008392334,86008.859375,16.6650390625,0.0
2023-06-01 13:31:50.002330,24.8700008392334,86007.8984375,16.6767578125,0.0
2023-06-01 13:31:51.002259,24.8799991607666,86005.765625,16.736328125,0.0
2023-06-01 13:31:52.004506,24.8799991607666,86010.9140625,16.6298828125,0.0
2023-06-01 13:31:53.003534,24.8700008392334,86005.21875,16.60546875,0.0
2023-06-01 13:31:54.005036,24.8799991607666,86008.921875,16.6416015625,0.0
2023-06-01 13:31:55.003799,24.8799991607666,86006.796875,16.8544921875,0.0
2023-06-01 13:31:56.007171,24.8799991607666,86007.15625,16.8662109375,0.0
2023-06-01 13:31:57.007771,24.8799991607666,86007.984375,16.8310546875,0.0
2023-06-01 13:31:58.012778,24.8799991607666,86006.296875,16.794921875,0.0
2023-06-01 13:31:59.010395,24.8799991607666,86006.46875,16.6767578125,0.0
2023-06-01 13:32:00.009757,24.8799991607666,86009.53125,16.6064453125,0.0
2023-06-01 13:32:01.012284,24.8799991607666,86008.046875,16.6416015625,0.0
2023-06-01 13:32:02.013784,24.889999389648438,86009.59375,16.8310546875,0.0
2023-06-01 13:32:03.012340,24.8799991607666,86009.0390625,17.0556640625,0.0
2023-06-01 13:32:04.013992,24.8799991607666,86008.375,16.8896484375,0.0
2023-06-01 13:32:05.020234,24.8799991607666,86008.203125,16.783203125,0.0
2023-06-01 13:32:06.018181,24.889999389648438,86008.0703125,16.748046875,0.0
2023-06-01 13:32:07.015433,24.889999389648438,86008.796875,16.724609375,0.0
2023-06-01 13:32:08.014483,24.889999389648438,86008.9296875,16.701171875,0.0
2023-06-01 13:32:09.017102,24.889999389648438,86010.09375,16.736328125,0.0
2023-06-01 13:32:10.018031,24.889999389648438,86010.7578125,16.736328125,0.0
2023-06-01 13:32:11.019349,24.8799991607666,86006.546875,16.6533203125,0.0
2023-06-01 13:32:12.022183,24.889999389648438,86008.4609375,16.6064453125,0.0
2023-06-01 13:32:13.018447,24.889999389648438,86007.5,16.5947265625,0.0
2023-06-01 13:32:14.021268,24.889999389648438,86009.65625,16.5947265625,0.0
2023-06-01 13:32:15.021448,24.899999618530273,86009.1875,16.5830078125,0.0
2023-06-01 13:32:16.022410,24.889999389648438,86006.828125,16.5830078125,0.0
2023-06-01 13:32:17.025299,24.889999389648438,86008.65625,16.6298828125,0.0
2023-06-01 13:32:18.025301,24.889999389648438,86008.1328125,16.6181640625,0.0
2023-06-01 13:32:19.023413,24.889999389648438,86008.90625,16.546875,0.0
2023-06-01 13:32:20.027516,24.889999389648438,86006.25,16.51171875,0.0
2023-06-01 13:32:21.027658,24.889999389648438,86008.734375,16.51171875,0.08094999939203262
2023-06-01 13:32:22.028987,24.8799991607666,86008.5390625,16.4755859375,0.0
2023-06-01 13:32:23.033967,24.889999389648438,86009.8984375,16.453125,0.0
2023-06-01 13:32:24.031716,24.889999389648438,86007.90625,16.46484375,0.0
2023-06-01 13:32:25.036757,24.889999389648438,86010.7578125,16.46484375,0.08094999939203262
2023-06-01 13:32:26.033320,24.889999389648438,86008.734375,16.46484375,0.0
2023-06-01 13:32:27.032962,24.700000762939453,85982.9453125,16.4453125,0.08094999939203262
2023-06-01 13:32:28.037123,24.84000015258789,86004.0625,16.4150390625,0.16189999878406525
2023-06-01 13:32:29.034470,24.719999313354492,85989.8203125,16.3994140625,0.4047500193119049
2023-06-01 13:32:30.036946,24.829999923706055,86007.3671875,16.37890625,0.5666499733924866
2023-06-01 13:32:31.040138,24.850000381469727,86007.46875,16.3681640625,0.5666499733924866
2023-06-01 13:32:32.037678,24.850000381469727,86007.46875,16.3681640625,0.48570001125335693
2023-06-01 13:32:33.037838,24.850000381469727,86011.421875,16.3681640625,0.48570001125335693
2023-06-01 13:32:34.038414,24.850000381469727,86011.453125,16.3798828125,0.7285500168800354
2023-06-01 13:32:35.040952,24.850000381469727,86009.734375,16.3798828125,0.7285500168800354
2023-06-01 13:32:36.048897,24.84000015258789,86011.46875,16.3798828125,0.5666499733924866
2023-06-01 13:32:37.041772,24.84000015258789,86008.1484375,16.3798828125,0.48570001125335693
2023-06-01 13:32:38.044696,24.84000015258789,86011.140625,16.3916015625,0.5666499733924866
2023-06-01 13:32:39.042931,24.84000015258789,86012.15625,16.3916015625,0.48570001125335693
2023-06-01 13:32:40.046196,24.389999389648438,85946.671875,16.41015625,0.4047500193119049
2023-06-01 13:32:41.047925,24.799999237060547,86004.5,16.3779296875,0.24285000562667847
2023-06-01 13:32:42.047424,24.6200008392334,85978.984375,16.37109375,0.4047500193119049
2023-06-01 13:32:43.049151,24.829999923706055,86011.3203125,16.3671875,0.4047500193119049
2023-06-01 13:32:44.050693,24.81999969482422,86009.765625,16.37890625,0.48570001125335693
2023-06-01 13:32:45.053305,24.81999969482422,86008.40625,16.390625,0.5666499733924866
2023-06-01 13:32:46.065833,24.81999969482422,86009.375,16.390625,0.4047500193119049
2023-06-01 13:32:47.052473,24.81999969482422,86010.4296875,16.4140625,0.3237999975681305
2023-06-01 13:32:48.056058,24.610000610351562,85982.25,16.4423828125,0.16189999878406525
2023-06-01 13:32:49.055051,24.81999969482422,86010.046875,16.4140625,0.08094999939203262
2023-06-01 13:32:50.056910,24.809999465942383,86008.515625,16.390625,0.0
2023-06-01 13:32:51.061385,24.770000457763672,86005.3671875,16.388671875,0.0
2023-06-01 13:32:52.054773,24.809999465942383,86011.9140625,16.390625,0.08094999939203262
2023-06-01 13:32:53.056803,24.799999237060547,86009.53125,16.390625,0.0
2023-06-01 13:32:54.066391,24.799999237060547,86011.1640625,16.40234375,0.0
2023-06-01 13:32:55.067067,24.799999237060547,86009.53125,16.4140625,0.08094999939203262
2023-06-01 13:32:56.059653,24.799999237060547,86010.359375,16.4140625,0.0
2023-06-01 13:32:57.062347,24.799999237060547,86009.8125,16.4375,0.0
2023-06-01 13:32:58.074103,24.790000915527344,86009.578125,16.484375,0.0
2023-06-01 13:32:59.061402,24.790000915527344,86011.546875,16.49609375,0.0
2023-06-01 13:33:00.070551,24.790000915527344,86009.0546875,16.5078125,0.0
2023-06-01 13:33:01.070015,24.790000915527344,86007.734375,16.49609375,0.0
2023-06-01 13:33:02.066441,24.790000915527344,86007.734375,16.5078125,0.0
2023-06-01 13:33:03.068023,24.709999084472656,85999.125,16.4931640625,0.0
2023-06-01 13:33:04.077155,24.790000915527344,86008.6171875,16.484375,0.0
2023-06-01 13:33:05.074474,24.790000915527344,86009.9375,16.49609375,0.0
2023-06-01 13:33:06.075980,24.790000915527344,86008.0625,16.49609375,0.0
2023-06-01 13:33:07.074233,24.790000915527344,86009.859375,16.49609375,0.0
2023-06-01 13:33:08.070593,24.780000686645508,86008.5,16.49609375,0.0
2023-06-01 13:33:09.071008,24.790000915527344,86007.0078125,16.5078125,0.0
2023-06-01 13:33:10.078303,24.780000686645508,86009.0,16.5078125,0.0
2023-06-01 13:33:11.074526,24.780000686645508,86010.5625,16.51953125,0.0
2023-06-01 13:33:12.076119,24.770000457763672,86011.53125,16.54296875,0.08094999939203262
2023-06-01 13:33:13.077261,24.780000686645508,86012.0625,16.5546875,0.0
2023-06-01 13:33:14.077992,24.780000686645508,86011.890625,16.56640625,0.08094999939203262
2023-06-01 13:33:15.085510,24.770000457763672,86009.15625,16.578125,0.0
2023-06-01 13:33:16.079010,24.770000457763672,86011.609375,16.578125,0.0
2023-06-01 13:33:17.080722,24.770000457763672,86010.1171875,16.578125,0.0
2023-06-01 13:33:18.078802,24.770000457763672,86011.8046875,16.578125,0.0
2023-06-01 13:33:19.083473,24.760000228881836,86014.40625,16.56640625,0.0
2023-06-01 13:33:20.080955,24.760000228881836,86012.078125,16.5537109375,0.0
2023-06-01 13:33:21.090859,24.760000228881836,86009.5625,16.5537109375,0.0
2023-06-01 13:33:22.086946,24.760000228881836,86011.578125,16.5537109375,0.0
2023-06-01 13:33:23.088153,24.770000457763672,86010.484375,16.578125,0.0
2023-06-01 13:33:24.088092,24.760000228881836,86012.40625,16.61328125,0.0
2023-06-01 13:33:25.086497,24.770000457763672,86010.6171875,16.6376953125,0.0
2023-06-01 13:33:26.086597,24.760000228881836,86008.765625,16.63671875,0.0
2023-06-01 13:33:27.089203,24.760000228881836,86011.390625,16.61328125,0.0
2023-06-01 13:33:28.090648,24.760000228881836,86013.375,16.61328125,0.0
2023-06-01 13:33:29.090452,24.760000228881836,86010.0,16.63671875,0.0
2023-06-01 13:33:30.090655,24.75,86011.6015625,16.671875,0.0
2023-06-01 13:33:31.092196,24.75,86007.78125,16.66015625,0.0
2023-06-01 13:33:32.096613,24.75,86009.609375,16.6484375,0.0
2023-06-01 13:33:33.092784,24.760000228881836,86012.6875,16.6484375,0.0
2023-06-01 13:33:34.097371,24.75,86009.4140625,16.671875,0.0
2023-06-01 13:33:35.094428,24.739999771118164,86008.65625,16.68359375,0.0
2023-06-01 13:33:36.095950,24.739999771118164,86010.6796875,16.66015625,0.0
2023-06-01 13:33:37.096943,24.729999542236328,86007.90625,16.6357421875,0.0
2023-06-01 13:33:38.097603,24.729999542236328,86009.875,16.6357421875,0.0
2023-06-01 13:33:39.099691,24.729999542236328,86010.671875,16.6240234375,0.0
2023-06-01 13:33:40.100382,24.719999313354492,86009.2265625,16.6357421875,0.16189999878406525
2023-06-01 13:33:41.100342,24.719999313354492,86009.7265625,16.6357421875,0.16189999878406525
2023-06-01 13:33:42.100755,24.719999313354492,86010.5234375,16.611328125,0.3237999975681305
2023-06-01 13:33:43.105047,24.719999313354492,86010.03125,16.623046875,0.3237999975681305
2023-06-01 13:33:44.103626,24.719999313354492,86008.3984375,16.6005859375,0.24285000562667847
2023-06-01 13:33:45.106326,24.719999313354492,86012.3515625,16.576171875,0.0
2023-06-01 13:33:46.105256,24.709999084472656,86013.78125,16.576171875,0.0
2023-06-01 13:33:47.108423,24.709999084472656,86012.125,16.576171875,0.08094999939203262
2023-06-01 13:33:48.108839,24.719999313354492,86010.828125,16.587890625,0.0
2023-06-01 13:33:49.107071,24.709999084472656,86011.4609375,16.576171875,0.0
2023-06-01 13:33:50.107328,24.709999084472656,86007.921875,16.587890625,0.0
2023-06-01 13:33:51.110714,24.700000762939453,86011.34375,16.5517578125,0.0
2023-06-01 13:33:52.109244,24.709999084472656,86014.359375,16.5283203125,0.0
2023-06-01 13:33:53.111700,24.700000762939453,86013.828125,16.5400390625,0.08094999939203262
2023-06-01 13:33:54.113597,24.700000762939453,86011.28125,16.5517578125,0.0
2023-06-01 13:33:55.113417,24.700000762939453,86012.78125,16.5166015625,0.0
2023-06-01 13:33:56.117636,24.690000534057617,86010.171875,16.5517578125,0.08094999939203262
2023-06-01 13:33:57.117699,24.690000534057617,86013.7890625,16.5986328125,0.08094999939203262
2023-06-01 13:33:58.118157,24.68000030517578,86010.359375,16.55078125,0.08094999939203262
2023-06-01 13:33:59.119387,24.670000076293945,86009.0,16.5390625,0.0
2023-06-01 13:34:00.120477,24.670000076293945,86009.1328125,16.52734375,0.08094999939203262
2023-06-01 13:34:01.118805,24.670000076293945,86011.15625,16.52734375,0.08094999939203262
2023-06-01 13:34:02.121611,24.65999984741211,86012.171875,16.5146484375,0.08094999939203262
2023-06-01 13:34:03.121451,24.670000076293945,86010.0703125,16.4912109375,0.08094999939203262
2023-06-01 13:34:04.124050,24.65999984741211,86011.28125,16.4794921875,0.08094999939203262
2023-06-01 13:34:05.122189,24.639999389648438,86012.921875,16.478515625,0.0
2023-06-01 13:34:06.123153,24.6299991607666,86010.484375,16.478515625,0.08094999939203262
2023-06-01 13:34:07.124571,24.6200008392334,86011.2265625,16.478515625,0.0
2023-06-01 13:34:08.126325,24.610000610351562,86008.453125,16.4892578125,0.0
2023-06-01 13:34:09.126973,24.610000610351562,86011.3828125,16.5126953125,0.0
2023-06-01 13:34:10.128440,24.610000610351562,86011.8515625,16.5244140625,0.0
2023-06-01 13:34:11.126549,24.59000015258789,86008.65625,16.5361328125,0.0
2023-06-01 13:34:12.128331,24.579999923706055,86008.765625,16.5361328125,0.0
2023-06-01 13:34:13.132299,24.579999923706055,86011.15625,16.5361328125,0.0
2023-06-01 13:34:14.130262,24.559999465942383,86010.65625,16.53515625,0.0
2023-06-01 13:34:15.131612,24.559999465942383,86011.890625,16.5224609375,0.0
2023-06-01 13:34:16.133369,24.549999237060547,86010.640625,16.5224609375,0.08094999939203262
2023-06-01 13:34:17.133399,24.540000915527344,86012.515625,16.5224609375,0.08094999939203262
2023-06-01 13:34:18.135181,24.530000686645508,86010.9296875,16.521484375,0.24285000562667847
2023-06-01 13:34:19.136130,24.530000686645508,86008.75,16.521484375,0.24285000562667847
2023-06-01 13:34:20.139465,24.520000457763672,86007.46875,16.521484375,0.08094999939203262
2023-06-01 13:34:21.138296,24.510000228881836,86011.890625,16.509765625,0.0
2023-06-01 13:34:22.140933,24.5,86012.921875,16.5087890625,0.08094999939203262
2023-06-01 13:34:23.140249,24.5,86013.921875,16.5087890625,0.08094999939203262
2023-06-01 13:34:24.142755,24.5,86012.375,16.5087890625,0.08094999939203262
2023-06-01 13:34:25.141686,24.489999771118164,86010.515625,16.5205078125,0.16189999878406525
2023-06-01 13:34:26.145708,24.489999771118164,86010.890625,16.5322265625,0.08094999939203262
2023-06-01 13:34:27.142611,24.479999542236328,86008.984375,16.53125,0.08094999939203262
2023-06-01 13:34:28.148900,24.479999542236328,86012.265625,16.53125,0.08094999939203262
2023-06-01 13:34:29.144903,24.469999313354492,86008.734375,16.5556640625,0.0
2023-06-01 13:34:30.146551,24.469999313354492,86012.3125,16.5791015625,0.0
2023-06-01 13:34:31.145458,24.459999084472656,86011.3984375,16.58984375,0.0
2023-06-01 13:34:32.149053,24.450000762939453,86012.0,16.6259765625,0.0
2023-06-01 13:34:33.151510,24.450000762939453,86009.59375,16.6494140625,0.0
2023-06-01 13:34:34.152409,24.450000762939453,86011.4453125,16.6611328125,0.0
2023-06-01 13:34:35.149211,24.440000534057617,86013.203125,16.7431640625,0.0
2023-06-01 13:34:36.151661,24.440000534057617,86013.1796875,16.861328125,0.0
2023-06-01 13:34:37.153915,24.43000030517578,86010.6796875,17.109375,0.08094999939203262
2023-06-01 13:34:38.153820,24.40999984741211,86011.359375,17.2861328125,0.0
2023-06-01 13:34:39.157895,24.40999984741211,86011.578125,17.3095703125,0.0
2023-06-01 13:34:40.154945,24.40999984741211,86014.421875,17.1318359375,0.0
2023-06-01 13:34:41.156411,24.399999618530273,86011.84375,17.0849609375,0.0
2023-06-01 13:34:42.155731,24.3799991607666,86011.75,17.35546875,0.0
2023-06-01 13:34:43.158213,24.3700008392334,86013.1171875,17.4853515625,0.0
2023-06-01 13:34:44.157727,24.360000610351562,86012.6953125,17.484375,0.0
2023-06-01 13:34:45.159107,24.329999923706055,86010.484375,17.6962890625,0.0
2023-06-01 13:34:46.165745,24.31999969482422,86015.1171875,17.884765625,0.08094999939203262
2023-06-01 13:34:47.160908,24.309999465942383,86015.328125,18.0263671875,0.0
2023-06-01 13:34:48.163433,24.309999465942383,86012.671875,18.0498046875,0.0
2023-06-01 13:34:49.162829,24.309999465942383,86015.328125,17.955078125,0.08094999939203262
2023-06-01 13:34:50.165365,24.290000915527344,86016.109375,17.990234375,0.0
2023-06-01 13:34:51.180296,24.280000686645508,86014.171875,17.9423828125,0.0
2023-06-01 13:34:52.168830,24.270000457763672,86013.0859375,17.9423828125,0.0
2023-06-01 13:34:53.181452,24.260000228881836,86012.140625,17.8828125,0.0
2023-06-01 13:34:54.166719,24.239999771118164,86013.6875,17.8701171875,0.0
2023-06-01 13:34:55.176868,24.209999084472656,86015.21875,17.939453125,0.0
2023-06-01 13:34:56.168670,24.219999313354492,86012.65625,17.9287109375,0.08094999939203262
2023-06-01 13:34:57.169794,24.219999313354492,86014.9453125,17.951171875,0.08094999939203262
2023-06-01 13:34:58.173954,24.209999084472656,86012.3984375,17.951171875,0.0
2023-06-01 13:34:59.177911,24.219999313354492,86014.25,17.9638671875,0.0
2023-06-01 13:35:00.172193,24.209999084472656,86015.7890625,17.9638671875,0.0
2023-06-01 13:35:01.182316,24.190000534057617,86015.140625,17.939453125,0.0
2023-06-01 13:35:02.186972,24.200000762939453,86015.8359375,17.939453125,0.0
2023-06-01 13:35:03.184237,24.18000030517578,86013.46875,17.9384765625,0.0
2023-06-01 13:35:04.183358,24.170000076293945,86012.1640625,17.9619140625,0.0
2023-06-01 13:35:05.186911,24.149999618530273,86013.8046875,17.99609375,0.08094999939203262
2023-06-01 13:35:06.183155,24.149999618530273,86014.609375,18.0439453125,0.0
2023-06-01 13:35:07.180795,24.139999389648438,86014.484375,18.0908203125,0.0
2023-06-01 13:35:08.178693,24.1299991607666,86014.3359375,18.1494140625,0.08094999939203262
2023-06-01 13:35:09.181260,24.1200008392334,86015.046875,18.171875,0.08094999939203262
2023-06-01 13:35:10.184666,24.110000610351562,86016.9375,18.1005859375,0.08094999939203262
2023-06-01 13:35:11.186034,24.100000381469727,86014.828125,18.0537109375,0.08094999939203262
2023-06-01 13:35:12.184600,24.09000015258789,86015.015625,18.029296875,0.08094999939203262
2023-06-01 13:35:13.190499,24.079999923706055,86012.140625,18.029296875,0.0
2023-06-01 13:35:14.188763,24.059999465942383,86012.6953125,18.0400390625,0.08094999939203262
2023-06-01 13:35:15.186622,24.049999237060547,86012.7109375,18.0400390625,0.08094999939203262
2023-06-01 13:35:16.190357,24.049999237060547,86014.5,18.0390625,0.08094999939203262
2023-06-01 13:35:17.192121,24.040000915527344,86012.625,18.02734375,0.0
2023-06-01 13:35:18.192577,24.010000228881836,86016.2421875,18.0263671875,0.0
2023-06-01 13:35:19.190994,24.0,86010.125,18.0380859375,0.0
2023-06-01 13:35:20.190375,23.989999771118164,86015.3359375,18.048828125,0.0
2023-06-01 13:35:21.190165,23.989999771118164,86011.765625,18.037109375,0.0
2023-06-01 13:35:22.192227,23.979999542236328,86012.3984375,18.0244140625,0.0
2023-06-01 13:35:23.192247,23.979999542236328,86012.640625,18.0244140625,0.0
2023-06-01 13:35:24.195494,23.969999313354492,86013.4375,18.0244140625,0.0
2023-06-01 13:35:25.198022,23.959999084472656,86012.921875,18.0478515625,0.0
2023-06-01 13:35:26.194374,23.950000762939453,86012.8046875,18.0595703125,0.0
2023-06-01 13:35:27.196862,23.93000030517578,86014.1171875,18.08203125,0.0
2023-06-01 13:35:28.196854,23.93000030517578,86014.359375,18.10546875,0.0
2023-06-01 13:35:29.198858,23.93000030517578,86012.4296875,18.1171875,0.0
2023-06-01 13:35:30.199156,23.920000076293945,86012.9375,18.1640625,0.0
2023-06-01 13:35:31.201908,23.90999984741211,86015.53125,18.17578125,0.0
2023-06-01 13:35:32.203988,23.90999984741211,86012.65625,18.17578125,0.0
2023-06-01 13:35:33.200295,23.90999984741211,86013.625,18.1982421875,0.0
2023-06-01 13:35:34.202579,23.889999389648438,86013.796875,18.24609375,0.0
2023-06-01 13:35:35.205820,23.889999389648438,86016.453125,18.26953125,0.0
2023-06-01 13:35:36.204724,23.8799991607666,86013.8125,18.33984375,0.0
2023-06-01 13:35:37.206423,23.8700008392334,86014.6875,18.46875,0.0
2023-06-01 13:35:38.205822,23.860000610351562,86014.8671875,18.50390625,0.0
2023-06-01 13:35:39.206343,23.850000381469727,86014.859375,18.4912109375,0.0
2023-06-01 13:35:40.208381,23.81999969482422,86012.921875,18.6435546875,0.0
2023-06-01 13:35:41.212403,23.809999465942383,86016.578125,18.7373046875,0.0
2023-06-01 13:35:42.211076,23.809999465942383,86016.8828125,18.76171875,0.0
2023-06-01 13:35:43.211247,23.790000915527344,86015.8125,18.7138671875,0.0
2023-06-01 13:35:44.212423,23.770000457763672,86015.796875,18.701171875,0.0
2023-06-01 13:35:45.211606,23.770000457763672,86014.578125,18.5830078125,0.0
2023-06-01 13:35:46.213953,23.760000228881836,86014.3203125,18.5234375,0.0
2023-06-01 13:35:47.214302,23.75,86013.671875,18.4873046875,0.0
2023-06-01 13:35:48.215670,23.739999771118164,86015.34375,18.60546875,0.0
2023-06-01 13:35:49.215678,23.729999542236328,86016.109375,18.6640625,0.0
2023-06-01 13:35:50.219537,23.719999313354492,86017.1796875,18.6513671875,0.0
2023-06-01 13:35:51.218414,23.709999084472656,86014.015625,18.7685546875,0.0
2023-06-01 13:35:52.219878,23.700000762939453,86011.4375,18.8154296875,0.0
2023-06-01 13:35:53.220252,23.690000534057617,86017.578125,18.7451171875,0.0
2023-06-01 13:35:54.222974,23.68000030517578,86017.296875,18.708984375,0.0
2023-06-01 13:35:55.224075,23.670000076293945,86016.15625,18.849609375,0.0
2023-06-01 13:35:56.221942,23.65999984741211,86016.0625,18.884765625,0.0
2023-06-01 13:35:57.224604,23.65999984741211,86015.3671875,18.908203125,0.0
2023-06-01 13:35:58.224457,23.649999618530273,86016.46875,18.919921875,0.0
2023-06-01 13:35:59.225665,23.639999389648438,86016.703125,18.9306640625,0.0
2023-06-01 13:36:00.224643,23.6299991607666,86015.2578125,19.037109375,0.0
2023-06-01 13:36:01.228124,23.6299991607666,86014.0390625,19.083984375,0.0
2023-06-01 13:36:02.226859,23.610000610351562,86014.15625,18.94140625,0.0
2023-06-01 13:36:03.229025,23.610000610351562,86011.671875,18.8828125,0.0
2023-06-01 13:36:04.230918,23.600000381469727,86013.84375,18.8466796875,0.0
2023-06-01 13:36:05.230582,23.59000015258789,86012.390625,18.8466796875,0.0
2023-06-01 13:36:06.233156,23.59000015258789,86013.5,18.8466796875,0.0
2023-06-01 13:36:07.230850,23.59000015258789,86015.015625,18.8466796875,0.0
2023-06-01 13:36:08.233170,23.59000015258789,86017.03125,18.8583984375,0.0
2023-06-01 13:36:09.233228,23.56999969482422,86015.4375,18.904296875,0.0
2023-06-01 13:36:10.234636,23.559999465942383,86013.515625,18.962890625,0.0
2023-06-01 13:36:11.234696,23.549999237060547,86015.546875,18.951171875,0.0
2023-06-01 13:36:12.236692,23.540000915527344,86016.953125,18.9384765625,0.0
2023-06-01 13:36:13.237676,23.540000915527344,86016.09375,18.8681640625,0.0
2023-06-01 13:36:14.238261,23.530000686645508,86016.6328125,18.8681640625,0.0
2023-06-01 13:36:15.239555,23.520000457763672,86014.03125,18.890625,0.0
2023-06-01 13:36:16.243756,23.520000457763672,86013.3046875,18.94921875,0.0
2023-06-01 13:36:17.244860,23.520000457763672,86013.140625,18.9609375,0.0
2023-06-01 13:36:18.241716,23.520000457763672,86013.9375,18.9609375,0.0
2023-06-01 13:36:19.244656,23.510000228881836,86013.7421875,18.94921875,0.0
2023-06-01 13:36:20.250682,23.5,86011.9609375,18.9609375,0.0
2023-06-01 13:36:21.245043,23.5,86013.09375,18.9140625,0.0
2023-06-01 13:36:22.246574,23.5,86013.359375,18.9365234375,0.0
2023-06-01 13:36:23.253838,23.489999771118164,86012.96875,19.0068359375,0.0
2023-06-01 13:36:24.255247,23.489999771118164,86014.296875,19.11328125,0.0
2023-06-01 13:36:25.247923,23.479999542236328,86010.2265625,19.18359375,0.0
2023-06-01 13:36:26.257012,23.479999542236328,86013.203125,19.2080078125,0.0
2023-06-01 13:36:27.249907,23.479999542236328,86014.640625,19.18359375,0.0
2023-06-01 13:36:28.255958,23.469999313354492,86013.9140625,19.18359375,0.0
2023-06-01 13:36:29.256783,23.479999542236328,86014.2734375,19.18359375,0.0
2023-06-01 13:36:30.252882,23.469999313354492,86015.8125,19.1708984375,0.0
2023-06-01 13:36:31.282432,23.459999084472656,86013.921875,19.1708984375,0.0
2023-06-01 13:36:32.256809,23.459999084472656,86014.953125,19.1474609375,0.0
2023-06-01 13:36:33.254773,23.459999084472656,86015.1875,19.1826171875,0.0
2023-06-01 13:36:34.255726,23.459999084472656,86014.6640625,19.1826171875,0.0
2023-06-01 13:36:35.268851,23.450000762939453,86014.296875,19.1591796875,0.0
2023-06-01 13:36:36.274800,23.450000762939453,86012.75,19.1591796875,0.0
2023-06-01 13:36:37.286180,23.450000762939453,86012.453125,19.1474609375,0.0
2023-06-01 13:36:38.190974,0.0,0.0,0.0,0.0
2023-06-01 13:36:38.286347,23.450000762939453,86016.921875,19.1357421875,0.0
2023-06-01 13:36:39.259264,23.450000762939453,86015.40625,19.099609375,0.0
2023-06-01 13:36:40.267997,23.440000534057617,86012.9296875,19.0869140625,0.0
2023-06-01 13:36:41.289297,23.440000534057617,86013.15625,19.087890625,0.0
2023-06-01 13:36:42.266301,23.440000534057617,86017.328125,19.064453125,0.0
2023-06-01 13:36:43.270568,23.440000534057617,86016.734375,19.0400390625,0.0
2023-06-01 13:36:44.265495,23.43000030517578,86016.046875,19.0048828125,0.0
2023-06-01 13:36:45.275635,23.440000534057617,86015.609375,18.9931640625,0.0
2023-06-01 13:36:46.270639,23.43000030517578,86014.5234375,18.9931640625,0.0
2023-06-01 13:36:47.288072,23.43000030517578,86018.03125,18.9931640625,0.0
2023-06-01 13:36:48.287214,23.440000534057617,86014.921875,19.0283203125,0.0
2023-06-01 13:36:49.272108,23.43000030517578,86016.484375,19.169921875,0.0
2023-06-01 13:36:50.277920,23.43000030517578,86013.328125,19.228515625,0.0
2023-06-01 13:36:51.283664,23.43000030517578,86013.203125,19.2646484375,0.0
2023-06-01 13:36:52.272625,23.43000030517578,86016.703125,19.2880859375,0.0
2023-06-01 13:36:53.277507,23.43000030517578,86015.6875,19.2880859375,0.0
2023-06-01 13:36:54.284610,23.43000030517578,86014.21875,19.2763671875,0.0
2023-06-01 13:36:55.279087,23.43000030517578,86015.484375,19.240234375,0.0
2023-06-01 13:36:56.287778,23.43000030517578,86014.953125,19.193359375,0.0
2023-06-01 13:36:57.286727,23.43000030517578,86018.796875,19.169921875,0.0
2023-06-01 13:36:57.296314,0.0,0.0,0.0,0.0
2023-06-01 13:36:57.601140,0.0,0.0,0.0,0.0
2023-06-01 13:36:58.070482,0.0,0.0,0.0,0.0
2023-06-01 13:36:58.085326,0.0,0.0,0.0,0.0
2023-06-01 13:36:58.279536,23.43000030517578,86015.546875,19.158203125,0.0
2023-06-01 13:36:59.279263,23.43000030517578,86016.046875,19.146484375,0.0
2023-06-01 13:37:00.282657,23.440000534057617,86016.90625,19.099609375,0.0
2023-06-01 13:37:01.296267,23.43000030517578,86015.015625,19.0751953125,0.0
2023-06-01 13:37:02.287755,23.43000030517578,86016.640625,19.0517578125,0.0
2023-06-01 13:37:03.300516,23.43000030517578,86015.84375,19.0283203125,0.0
2023-06-01 13:37:04.288375,23.43000030517578,86015.2890625,19.0048828125,0.0
2023-06-01 13:37:05.286548,23.420000076293945,86013.109375,18.9931640625,0.0
2023-06-01 13:37:06.287970,23.43000030517578,86013.5,18.9931640625,0.0
2023-06-01 13:37:07.288057,23.43000030517578,86014.890625,18.9931640625,0.0
2023-06-01 13:37:08.285737,23.43000030517578,86015.15625,19.0048828125,0.0
2023-06-01 13:37:09.297089,23.43000030517578,86016.9453125,19.0400390625,0.0
2023-06-01 13:37:10.292682,23.420000076293945,86014.0703125,19.0517578125,0.0
2023-06-01 13:37:11.293453,23.420000076293945,86015.7578125,19.0400390625,0.0
2023-06-01 13:37:12.291323,23.40999984741211,86015.296875,19.015625,0.0
2023-06-01 13:37:13.294590,23.40999984741211,86014.8046875,18.9921875,0.0
2023-06-01 13:37:14.293764,23.40999984741211,86015.2734375,18.96875,0.0
2023-06-01 13:37:15.291590,23.399999618530273,86014.3828125,18.96875,0.0
2023-06-01 13:37:16.294751,23.399999618530273,86014.546875,19.015625,0.0
2023-06-01 13:37:17.294222,23.389999389648438,86017.90625,19.14453125,0.0
2023-06-01 13:37:18.295987,23.389999389648438,86015.0625,19.3095703125,0.0
2023-06-01 13:37:19.295515,23.3799991607666,86016.453125,19.650390625,0.0
2023-06-01 13:37:20.295142,23.3700008392334,86014.8125,19.7451171875,0.0
2023-06-01 13:37:21.303059,23.360000610351562,86016.9765625,19.802734375,0.0
2023-06-01 13:37:22.306940,23.360000610351562,86012.28125,19.779296875,0.0
2023-06-01 13:37:23.299541,23.350000381469727,86012.6875,19.791015625,0.0
2023-06-01 13:37:24.303291,23.350000381469727,86014.96875,19.791015625,0.0
2023-06-01 13:37:25.301555,23.329999923706055,86013.328125,19.7197265625,0.0
2023-06-01 13:37:26.302975,23.31999969482422,86015.1875,19.68359375,0.0
2023-06-01 13:37:27.302619,23.31999969482422,86014.859375,19.6015625,0.0
2023-06-01 13:37:28.303122,23.31999969482422,86015.03125,19.5302734375,0.0
2023-06-01 13:37:29.304121,23.31999969482422,86018.109375,19.447265625,0.0
2023-06-01 13:37:30.304408,23.31999969482422,86016.296875,19.353515625,0.0
2023-06-01 13:37:31.307977,23.31999969482422,86016.921875,19.2705078125,0.0
2023-06-01 13:37:32.312722,23.309999465942383,86015.5078125,19.2119140625,0.0
2023-06-01 13:37:33.307203,23.299999237060547,86016.1875,19.2109375,0.0
2023-06-01 13:37:34.310888,23.299999237060547,86015.0,19.2705078125,0.0
2023-06-01 13:37:35.310076,23.290000915527344,86014.734375,19.3173828125,0.0
2023-06-01 13:37:36.314187,23.290000915527344,86015.125,19.1640625,0.0
2023-06-01 13:37:37.313621,23.290000915527344,86015.53125,19.0693359375,0.0
2023-06-01 13:37:38.315186,23.290000915527344,86014.734375,19.1640625,0.0
2023-06-01 13:37:39.315101,23.290000915527344,86017.71875,19.1640625,0.0
2023-06-01 13:37:40.315536,23.290000915527344,86015.03125,19.28125,0.0
2023-06-01 13:37:41.316366,23.280000686645508,86015.2734375,19.2333984375,0.0
2023-06-01 13:37:42.319587,23.280000686645508,86014.78125,19.2216796875,0.0
2023-06-01 13:37:43.318306,23.270000457763672,86017.3046875,19.2333984375,0.0
2023-06-01 13:37:44.318238,23.270000457763672,86017.5,19.328125,0.0
2023-06-01 13:37:45.319101,23.260000228881836,86015.6171875,19.43359375,0.0
2023-06-01 13:37:46.319332,23.260000228881836,86014.0625,19.48046875,0.0
2023-06-01 13:37:47.321163,23.260000228881836,86013.9609375,19.45703125,0.0
2023-06-01 13:37:48.324261,23.260000228881836,86016.1875,19.43359375,0.0
2023-06-01 13:37:49.322918,23.260000228881836,86012.609375,19.41015625,0.0
2023-06-01 13:37:50.324359,23.260000228881836,86013.875,19.3974609375,0.0
2023-06-01 13:37:51.324617,23.25,86018.46875,19.4453125,0.0
2023-06-01 13:37:52.325694,23.25,86015.765625,19.48046875,0.0
2023-06-01 13:37:53.328663,23.25,86018.7109375,19.515625,0.0
2023-06-01 13:37:54.328810,23.239999771118164,86015.703125,19.57421875,0.0
2023-06-01 13:37:55.330655,23.239999771118164,86017.359375,19.64453125,0.0
2023-06-01 13:37:56.332013,23.239999771118164,86016.328125,19.7509765625,0.0
2023-06-01 13:37:57.329271,23.229999542236328,86016.703125,19.8681640625,0.0
2023-06-01 13:37:58.331459,23.219999313354492,86015.234375,19.9150390625,0.0
2023-06-01 13:37:59.332185,23.219999313354492,86016.5,19.890625,0.0
2023-06-01 13:38:00.332235,23.219999313354492,86017.484375,19.7734375,0.0
2023-06-01 13:38:01.333589,23.209999084472656,86016.4375,19.7607421875,0.0
2023-06-01 13:38:02.333804,23.200000762939453,86016.640625,19.7138671875,0.0
2023-06-01 13:38:03.334087,23.200000762939453,86012.203125,19.7373046875,0.0
2023-06-01 13:38:04.333849,23.200000762939453,86016.96875,19.6904296875,0.0
2023-06-01 13:38:05.336514,23.200000762939453,86018.984375,19.583984375,0.0
2023-06-01 13:38:06.337376,23.200000762939453,86017.5,19.501953125,0.0
2023-06-01 13:38:07.340905,23.200000762939453,86017.078125,19.4189453125,0.0
2023-06-01 13:38:08.338532,23.200000762939453,86015.3125,19.3955078125,0.0
2023-06-01 13:38:09.344134,23.209999084472656,86014.390625,19.3720703125,0.0
2023-06-01 13:38:10.340670,23.209999084472656,86016.53125,19.3134765625,0.0
2023-06-01 13:38:11.340132,23.209999084472656,86015.90625,19.18359375,0.0
2023-06-01 13:38:12.344252,23.200000762939453,86016.4375,19.30078125,0.0
2023-06-01 13:38:13.345579,23.200000762939453,86015.28125,19.3837890625,0.0
2023-06-01 13:38:14.346357,23.190000534057617,86015.359375,19.4658203125,0.0
2023-06-01 13:38:15.350338,23.190000534057617,86014.140625,19.5244140625,0.0
2023-06-01 13:38:16.346059,23.18000030517578,86014.609375,19.5244140625,0.0
2023-06-01 13:38:17.346361,23.190000534057617,86014.5,19.5361328125,0.0
2023-06-01 13:38:18.347812,23.190000534057617,86018.171875,19.359375,0.0
2023-06-01 13:38:19.350299,23.190000534057617,86013.046875,19.1708984375,0.0
2023-06-01 13:38:20.350570,23.190000534057617,86014.3671875,19.0302734375,0.0
2023-06-01 13:38:21.351776,23.190000534057617,86015.0625,19.0185546875,0.0
2023-06-01 13:38:22.355952,23.190000534057617,86013.875,19.1591796875,0.0
2023-06-01 13:38:23.351750,23.190000534057617,86013.640625,19.3125,0.0
2023-06-01 13:38:24.354297,23.18000030517578,86014.703125,19.48828125,0.0
2023-06-01 13:38:25.357409,23.18000030517578,86019.015625,19.5361328125,0.0
2023-06-01 13:38:26.365281,23.170000076293945,86016.109375,19.5234375,0.0
2023-06-01 13:38:27.355295,23.170000076293945,86017.125,19.51171875,0.0
2023-06-01 13:38:28.356885,23.170000076293945,86014.28125,19.5830078125,0.0
2023-06-01 13:38:29.357228,23.170000076293945,86016.734375,19.736328125,0.0
2023-06-01 13:38:30.359065,23.170000076293945,86014.453125,19.794921875,0.0
2023-06-01 13:38:31.361928,23.18000030517578,86012.6875,19.748046875,0.0
2023-06-01 13:38:32.360902,23.170000076293945,86014.1484375,19.6767578125,0.0
2023-06-01 13:38:33.362593,23.18000030517578,86015.4296875,19.4775390625,0.0
2023-06-01 13:38:34.378396,23.18000030517578,86012.859375,19.359375,0.0
2023-06-01 13:38:35.362844,23.18000030517578,86012.6875,19.2646484375,0.0
2023-06-01 13:38:36.379103,23.170000076293945,86016.765625,19.2529296875,0.0
2023-06-01 13:38:37.367227,23.18000030517578,86014.2109375,19.5361328125,0.0
2023-06-01 13:38:38.369827,23.170000076293945,86014.21875,19.5,0.0
2023-06-01 13:38:39.371544,23.15999984741211,86013.2734375,19.134765625,0.0
2023-06-01 13:38:40.370156,23.15999984741211,86014.15625,18.8642578125,0.0
2023-06-01 13:38:41.371225,23.15999984741211,86015.84375,18.7578125,0.0
2023-06-01 13:38:42.370765,23.15999984741211,86017.796875,18.74609375,0.0
2023-06-01 13:38:43.370241,23.15999984741211,86016.78125,18.74609375,0.0
2023-06-01 13:38:44.374271,23.149999618530273,86015.890625,18.6982421875,0.0
2023-06-01 13:38:45.374463,23.149999618530273,86014.0390625,18.533203125,0.0
2023-06-01 13:38:46.374456,23.149999618530273,86015.71875,18.462890625,0.0
2023-06-01 13:38:47.378656,23.149999618530273,86013.046875,18.439453125,0.0
2023-06-01 13:38:48.378701,23.15999984741211,86013.9375,18.451171875,0.0
2023-06-01 13:38:49.373647,23.15999984741211,86013.109375,18.451171875,0.0
2023-06-01 13:38:50.388035,23.15999984741211,86015.625,18.498046875,0.0
2023-06-01 13:38:51.377042,23.15999984741211,86016.1484375,18.5107421875,0.0
2023-06-01 13:38:52.380738,23.15999984741211,86016.1171875,18.486328125,0.0
2023-06-01 13:38:53.384546,23.149999618530273,86018.0390625,18.498046875,0.0
2023-06-01 13:38:54.385977,23.149999618530273,86013.1796875,18.544921875,0.0
2023-06-01 13:38:55.382820,23.149999618530273,86014.703125,18.544921875,0.0
2023-06-01 13:38:56.383048,23.149999618530273,86014.703125,18.556640625,0.0
2023-06-01 13:38:57.383809,23.149999618530273,86013.90625,18.6279296875,0.0
2023-06-01 13:38:58.382346,23.149999618530273,86017.2109375,18.6982421875,0.0
2023-06-01 13:38:59.383219,23.149999618530273,86018.0078125,18.7333984375,0.0
2023-06-01 13:39:00.384790,23.149999618530273,86015.890625,18.7333984375,0.0
2023-06-01 13:39:01.388295,23.149999618530273,86016.84375,18.7099609375,0.0
2023-06-01 13:39:02.391725,23.149999618530273,86017.375,18.615234375,0.0
2023-06-01 13:39:03.392158,23.149999618530273,86015.0625,18.568359375,0.0
2023-06-01 13:39:04.388725,23.149999618530273,86016.359375,18.533203125,0.0
2023-06-01 13:39:05.389381,23.149999618530273,86015.9921875,18.521484375,0.0
2023-06-01 13:39:06.394982,23.149999618530273,86016.984375,18.439453125,0.0
2023-06-01 13:39:07.392125,23.149999618530273,86015.5,18.4033203125,0.0
2023-06-01 13:39:08.392347,23.149999618530273,86013.640625,18.451171875,0.0
2023-06-01 13:39:09.401352,23.149999618530273,86016.125,18.6513671875,0.0
2023-06-01 13:39:10.396310,23.139999389648438,86016.5625,18.615234375,0.0
2023-06-01 13:39:11.394655,23.139999389648438,86013.921875,18.4033203125,0.0
2023-06-01 13:39:11.456367,0.0,0.0,0.0,0.0
2023-06-01 13:39:12.399948,23.149999618530273,86016.296875,18.3564453125,0.0
2023-06-01 13:39:13.395633,23.139999389648438,86015.5703125,18.439453125,0.0
2023-06-01 13:39:14.404511,23.139999389648438,86016.8671875,18.451171875,0.0
2023-06-01 13:39:15.400950,23.149999618530273,86014.46875,18.2744140625,0.0
2023-06-01 13:39:16.399644,23.139999389648438,86017.1953125,18.1796875,0.0
2023-06-01 13:39:17.401482,23.149999618530273,86016.453125,18.16796875,0.0
2023-06-01 13:39:18.398906,23.149999618530273,86015.03125,18.1328125,0.0
2023-06-01 13:39:19.408591,23.149999618530273,86014.140625,18.109375,0.0
2023-06-01 13:39:20.405510,23.139999389648438,86013.75,18.0859375,0.0
2023-06-01 13:39:21.406359,23.149999618530273,86016.15625,18.07421875,0.0
2023-06-01 13:39:22.402078,23.149999618530273,86016.1875,18.0859375,0.0
2023-06-01 13:39:23.404624,23.149999618530273,86017.375,18.14453125,0.0
2023-06-01 13:39:24.405099,23.149999618530273,86016.359375,18.2626953125,0.0
2023-06-01 13:39:25.405339,23.149999618530273,86016.484375,18.23828125,0.0
2023-06-01 13:39:26.407168,23.149999618530273,86015.1640625,18.203125,0.0
2023-06-01 13:39:27.408141,23.15999984741211,86015.2578125,18.2158203125,0.0
2023-06-01 13:39:28.407993,23.15999984741211,86013.796875,18.1923828125,0.0
2023-06-01 13:39:29.414640,23.149999618530273,86013.734375,18.2626953125,0.08094999939203262
2023-06-01 13:39:30.410813,23.149999618530273,86015.390625,18.15625,0.08094999939203262
2023-06-01 13:39:31.412284,23.149999618530273,86017.484375,18.0859375,0.08094999939203262
2023-06-01 13:39:32.412649,23.149999618530273,86014.5625,18.0498046875,0.16189999878406525
2023-06-01 13:39:33.414693,23.149999618530273,86011.390625,18.09765625,0.08094999939203262
2023-06-01 13:39:34.415654,23.149999618530273,86015.859375,18.1796875,0.08094999939203262
2023-06-01 13:39:35.418861,23.149999618530273,86014.3359375,18.203125,0.0
2023-06-01 13:39:36.419383,23.149999618530273,86014.53125,18.19140625,0.0
2023-06-01 13:39:37.417794,23.149999618530273,86013.671875,18.15625,0.0
2023-06-01 13:39:38.419765,23.149999618530273,86014.8671875,18.09765625,0.0
2023-06-01 13:39:39.420629,23.149999618530273,86013.8125,18.203125,0.08094999939203262
2023-06-01 13:39:40.418941,23.149999618530273,86016.65625,18.2861328125,0.0
2023-06-01 13:39:41.419963,23.139999389648438,86015.2421875,18.2861328125,0.0
2023-06-01 13:39:42.420459,23.139999389648438,86012.421875,18.3564453125,0.0
2023-06-01 13:39:43.425969,23.139999389648438,86014.578125,18.3916015625,0.0
2023-06-01 13:39:44.423748,23.1299991607666,86014.65625,18.4853515625,0.08094999939203262
2023-06-01 13:39:45.425322,23.1299991607666,86014.78125,18.5322265625,0.08094999939203262
2023-06-01 13:39:46.425699,23.1299991607666,86014.15625,18.568359375,0.16189999878406525
2023-06-01 13:39:47.426920,23.1299991607666,86015.21875,18.591796875,0.0
2023-06-01 13:39:48.426925,23.1299991607666,86012.2421875,18.5439453125,0.0
2023-06-01 13:39:49.429506,23.1299991607666,86015.21875,18.5556640625,0.0
2023-06-01 13:39:50.430770,23.1200008392334,86014.0,18.5556640625,0.0
2023-06-01 13:39:51.435728,23.1299991607666,86014.890625,18.3916015625,0.0
2023-06-01 13:39:52.432017,23.1299991607666,86015.9453125,18.4267578125,0.0
2023-06-01 13:39:53.432507,23.1299991607666,86013.296875,18.23828125,0.0
2023-06-01 13:39:54.431336,23.1299991607666,86013.65625,18.2265625,0.0
2023-06-01 13:39:55.433315,23.139999389648438,86015.5390625,18.2265625,0.0
2023-06-01 13:39:56.433699,23.139999389648438,86015.34375,18.23828125,0.0
2023-06-01 13:39:57.436065,23.139999389648438,86014.25,18.2978515625,0.0
2023-06-01 13:39:58.435933,23.149999618530273,86016.7890625,18.3212890625,0.0
2023-06-01 13:39:59.437321,23.149999618530273,86016.8203125,18.2978515625,0.08094999939203262
2023-06-01 13:40:00.435797,23.149999618530273,86015.0,18.23828125,0.08094999939203262
2023-06-01 13:40:01.439642,23.149999618530273,86016.515625,18.14453125,0.0
2023-06-01 13:40:02.440843,23.149999618530273,86017.6171875,18.0380859375,0.0
2023-06-01 13:40:03.442352,23.139999389648438,86014.875,17.9912109375,0.16189999878406525
2023-06-01 13:40:04.445183,23.149999618530273,86016.625,17.9677734375,0.3237999975681305
2023-06-01 13:40:05.440482,23.139999389648438,86015.34375,18.203125,0.3237999975681305
2023-06-01 13:40:06.444662,23.1200008392334,86016.34375,18.4619140625,0.24285000562667847
2023-06-01 13:40:07.440746,23.1299991607666,86017.203125,18.4736328125,0.3237999975681305
2023-06-01 13:40:08.445040,23.1200008392334,86018.5,18.650390625,0.16189999878406525
2023-06-01 13:40:09.451548,23.1200008392334,86018.5,18.8388671875,0.16189999878406525
2023-06-01 13:40:10.446418,23.1200008392334,86015.09375,18.9443359375,0.16189999878406525
2023-06-01 13:40:11.447279,23.110000610351562,86017.3828125,18.767578125,0.0
2023-06-01 13:40:12.448022,23.110000610351562,86014.671875,18.720703125,0.0
2023-06-01 13:40:13.448088,23.110000610351562,86015.03125,18.6376953125,0.0
2023-06-01 13:40:14.454884,23.110000610351562,86014.078125,18.5087890625,0.0
2023-06-01 13:40:15.450988,23.110000610351562,86017.65625,18.47265625,0.0
2023-06-01 13:40:16.452840,23.110000610351562,86015.96875,18.44921875,0.0
2023-06-01 13:40:17.451347,23.110000610351562,86016.296875,18.4140625,0.0
2023-06-01 13:40:18.455040,23.110000610351562,86016.1328125,18.2724609375,0.0
2023-06-01 13:40:19.456551,23.110000610351562,86013.84375,18.2138671875,0.0
2023-06-01 13:40:20.458329,23.110000610351562,86016.1328125,18.3076171875,0.0
2023-06-01 13:40:21.459652,23.110000610351562,86015.796875,18.44921875,0.08094999939203262
2023-06-01 13:40:22.456894,23.100000381469727,86013.71875,18.54296875,0.0
2023-06-01 13:40:23.457933,23.09000015258789,86015.125,18.6962890625,0.0
2023-06-01 13:40:24.469385,23.09000015258789,86014.65625,18.51953125,0.08094999939203262
2023-06-01 13:40:25.460444,23.100000381469727,86015.046875,18.3544921875,0.08094999939203262
2023-06-01 13:40:26.470929,23.100000381469727,86016.703125,18.248046875,0.08094999939203262
2023-06-01 13:40:27.488822,23.100000381469727,86015.2109375,18.3076171875,0.16189999878406525
2023-06-01 13:40:28.476244,23.100000381469727,86014.078125,18.3662109375,0.08094999939203262
2023-06-01 13:40:29.470400,23.100000381469727,86013.921875,18.3779296875,0.0
2023-06-01 13:40:30.463278,23.100000381469727,86016.265625,18.4130859375,0.0
2023-06-01 13:40:31.464435,23.100000381469727,86017.390625,18.4013671875,0.0
2023-06-01 13:40:32.466253,23.110000610351562,86014.375,18.5322265625,0.0
2023-06-01 13:40:33.468340,23.110000610351562,86017.125,18.5556640625,0.08094999939203262
2023-06-01 13:40:34.468209,23.100000381469727,86015.578125,18.5546875,0.0
2023-06-01 13:40:35.467758,23.100000381469727,86014.515625,18.5546875,0.0
2023-06-01 13:40:36.472876,23.09000015258789,86013.1328125,18.4716796875,0.08094999939203262
2023-06-01 13:40:37.477436,23.100000381469727,86019.9765625,18.4130859375,0.08094999939203262
2023-06-01 13:40:38.469070,23.09000015258789,86016.640625,18.3427734375,0.0
2023-06-01 13:40:39.491066,23.100000381469727,86013.71875,18.3076171875,0.08094999939203262
2023-06-01 13:40:40.484157,23.100000381469727,86015.375,18.3662109375,0.0
2023-06-01 13:40:41.486163,23.100000381469727,86017.0625,18.2490234375,0.0
2023-06-01 13:40:42.478707,23.100000381469727,86014.25,18.166015625,0.0
2023-06-01 13:40:43.474214,23.100000381469727,86015.734375,18.2373046875,0.0
2023-06-01 13:40:44.481361,23.100000381469727,86015.546875,18.294921875,0.0
2023-06-01 13:40:45.479066,23.100000381469727,86011.078125,18.4365234375,0.08094999939203262
2023-06-01 13:40:46.478516,23.110000610351562,86016.4609375,18.5556640625,0.0
2023-06-01 13:40:47.476381,23.110000610351562,86016.1875,18.390625,0.0
2023-06-01 13:40:48.478689,23.110000610351562,86013.7109375,18.4375,0.0
2023-06-01 13:40:49.480305,23.110000610351562,86015.3046875,18.4375,0.0
2023-06-01 13:40:50.487686,23.100000381469727,86016.53125,18.259765625,0.0
2023-06-01 13:40:51.491134,23.100000381469727,86013.2890625,18.142578125,0.0
2023-06-01 13:40:52.481746,23.100000381469727,86013.2890625,18.119140625,0.08094999939203262
2023-06-01 13:40:53.487741,23.100000381469727,86014.78125,18.166015625,0.0
2023-06-01 13:40:54.488393,23.100000381469727,86013.03125,18.236328125,0.08094999939203262
2023-06-01 13:40:55.489163,23.100000381469727,86015.2421875,18.2607421875,0.0
2023-06-01 13:40:56.445421,0.0,0.0,0.0,0.0
2023-06-01 13:40:56.488386,23.100000381469727,86016.265625,18.3662109375,0.0
2023-06-01 13:40:57.485297,23.100000381469727,86012.1015625,18.201171875,0.0
2023-06-01 13:40:58.489684,23.100000381469727,86014.25,18.130859375,0.0
2023-06-01 13:40:58.808136,0.0,0.0,0.0,0.0
2023-06-01 13:40:59.486779,23.100000381469727,86014.90625,18.166015625,0.0
2023-06-01 13:40:59.577723,0.0,0.0,0.0,0.0
2023-06-01 13:41:00.089877,0.0,0.0,0.0,0.0
2023-06-01 13:41:00.401054,0.0,0.0,0.0,0.0
2023-06-01 13:41:00.448985,0.0,0.0,0.0,0.0
2023-06-01 13:41:00.494322,23.110000610351562,86015.96875,18.1552734375,0.0
2023-06-01 13:41:00.543917,0.0,0.0,0.0,0.0
2023-06-01 13:41:01.120360,0.0,0.0,0.0,0.0
2023-06-01 13:41:01.490760,23.110000610351562,86015.3046875,18.2373046875,0.0
2023-06-01 13:41:01.606136,0.0,0.0,0.0,0.0
2023-06-01 13:41:01.778481,0.0,0.0,0.0,0.0
2023-06-01 13:41:02.494629,23.100000381469727,86013.453125,18.2724609375,0.0
2023-06-01 13:41:03.492709,23.100000381469727,86014.390625,18.283203125,0.0
2023-06-01 13:41:04.494796,23.100000381469727,86014.359375,18.3779296875,0.0
2023-06-01 13:41:04.665561,0.0,0.0,0.0,0.0
2023-06-01 13:41:05.496615,23.09000015258789,86017.2421875,18.56640625,0.0
2023-06-01 13:41:06.503630,23.079999923706055,86013.34375,18.6484375,0.08094999939203262
2023-06-01 13:41:07.083257,0.0,0.0,0.0,0.0
2023-06-01 13:41:07.494982,23.079999923706055,86013.0390625,18.58984375,0.0
2023-06-01 13:41:07.583099,0.0,0.0,0.0,0.0
2023-06-01 13:41:08.495958,23.079999923706055,86013.375,18.5185546875,0.0
2023-06-01 13:41:09.017156,0.0,0.0,0.0,0.0
2023-06-01 13:41:09.500213,23.079999923706055,86013.3125,18.4833984375,0.0
2023-06-01 13:41:09.509673,0.0,0.0,0.0,0.0
2023-06-01 13:41:10.025364,0.0,0.0,0.0,0.0
2023-06-01 13:41:10.501115,23.06999969482422,86013.4140625,18.5302734375,0.0
2023-06-01 13:41:10.716169,0.0,0.0,0.0,0.0
2023-06-01 13:41:11.501998,23.06999969482422,86013.7109375,18.6591796875,0.0
2023-06-01 13:41:12.242473,0.0,0.0,0.0,0.0
2023-06-01 13:41:12.255803,0.0,0.0,0.0,0.0
2023-06-01 13:41:12.506885,23.06999969482422,86013.515625,18.6826171875,0.0
2023-06-01 13:41:13.507519,23.059999465942383,86015.4140625,18.70703125,0.0
2023-06-01 13:41:13.576483,0.0,0.0,0.0,0.0
2023-06-01 13:41:13.781317,0.0,0.0,0.0,0.0
2023-06-01 13:41:14.499763,23.059999465942383,86015.25,18.70703125,0.0
2023-06-01 13:41:15.506544,23.059999465942383,86014.1875,18.6357421875,0.0
2023-06-01 13:41:16.222707,0.0,0.0,0.0,0.0
2023-06-01 13:41:16.435498,0.0,0.0,0.0,0.0
2023-06-01 13:41:16.506964,23.059999465942383,86011.046875,18.6357421875,0.0
2023-06-01 13:41:16.531785,0.0,0.0,0.0,0.0
2023-06-01 13:41:16.902475,0.0,0.0,0.0,0.0
2023-06-01 13:41:17.114611,0.0,0.0,0.0,0.0
2023-06-01 13:41:17.505490,23.059999465942383,86016.375,18.6591796875,0.0
2023-06-01 13:41:18.121945,0.0,0.0,0.0,0.0
2023-06-01 13:41:18.443105,0.0,0.0,0.0,0.0
2023-06-01 13:41:18.508018,23.049999237060547,86015.890625,18.6943359375,0.0
2023-06-01 13:41:18.787087,0.0,0.0,0.0,0.0
2023-06-01 13:41:19.208263,0.0,0.0,0.0,0.0
2023-06-01 13:41:19.508181,23.040000915527344,86016.8203125,18.7412109375,0.0
2023-06-01 13:41:20.504863,23.040000915527344,86013.28125,18.7880859375,0.0
2023-06-01 13:41:20.591261,0.0,0.0,0.0,0.0
2023-06-01 13:41:21.506335,23.040000915527344,86013.28125,18.7880859375,0.0
2023-06-01 13:41:21.867801,0.0,0.0,0.0,0.0
2023-06-01 13:41:22.323907,0.0,0.0,0.0,0.0
2023-06-01 13:41:22.506401,23.040000915527344,86014.3359375,18.7294921875,0.0
