timestamp,temperature(C),pressure(Pa),humidity(%),wind speed(m/s)
2023-06-01 12:08:55.058225,26.059999465942383,85958.3125,15.92578125,0.0
2023-06-01 12:08:56.058741,26.059999465942383,85958.8125,15.9140625,0.0
2023-06-01 12:08:57.058960,26.059999465942383,85957.78125,15.90234375,0.0
2023-06-01 12:08:58.061813,26.059999465942383,85957.78125,15.890625,0.0
2023-06-01 12:08:59.060511,26.049999237060547,85956.921875,15.8896484375,0.0
2023-06-01 12:09:00.062373,26.059999465942383,85957.78125,15.8779296875,0.0
2023-06-01 12:09:01.062692,26.059999465942383,85956.2890625,15.8779296875,0.0
2023-06-01 12:09:02.064520,26.059999465942383,85954.125,15.8779296875,0.0
2023-06-01 12:09:03.064759,26.059999465942383,85958.140625,15.8779296875,0.0
2023-06-01 12:09:04.069858,26.059999465942383,85957.9765625,15.890625,0.0
2023-06-01 12:09:05.067394,26.059999465942383,85957.3125,15.90234375,0.08094999939203262
2023-06-01 12:09:06.069317,26.059999465942383,85956.453125,15.8662109375,0.0
2023-06-01 12:09:07.070830,26.049999237060547,85957.59375,15.8779296875,0.08094999939203262
2023-06-01 12:09:08.069209,26.049999237060547,85957.09375,15.8896484375,0.0
2023-06-01 12:09:09.070895,26.059999465942383,85959.171875,15.87890625,0.0
2023-06-01 12:09:10.071973,26.059999465942383,85957.8125,15.8662109375,0.08094999939203262
2023-06-01 12:09:11.073592,26.049999237060547,85955.421875,15.8779296875,0.3237999975681305
2023-06-01 12:09:12.075306,26.059999465942383,85958.96875,15.8662109375,0.3237999975681305
2023-06-01 12:09:13.076082,26.059999465942383,85954.625,15.8662109375,0.48570001125335693
2023-06-01 12:09:14.075963,26.059999465942383,85956.125,15.8662109375,0.7285500168800354
2023-06-01 12:09:15.075824,26.049999237060547,85953.59375,15.8662109375,1.1332999467849731
2023-06-01 12:09:16.075829,26.049999237060547,85957.09375,15.8662109375,0.8904500007629395
2023-06-01 12:09:17.078485,26.059999465942383,85956.625,15.8779296875,0.5666499733924866
2023-06-01 12:09:18.082040,26.059999465942383,85954.125,15.8662109375,0.4047500193119049
2023-06-01 12:09:19.078464,26.059999465942383,85955.453125,15.8779296875,0.16189999878406525
2023-06-01 12:09:20.079846,26.059999465942383,85954.453125,15.8779296875,0.3237999975681305
2023-06-01 12:09:21.082643,26.059999465942383,85955.84375,15.87890625,0.48570001125335693
2023-06-01 12:09:22.089121,26.059999465942383,85955.65625,15.8662109375,0.5666499733924866
2023-06-01 12:09:23.082060,26.049999237060547,85959.25,15.8662109375,0.4047500193119049
2023-06-01 12:09:24.085046,26.049999237060547,85956.3984375,15.8544921875,0.3237999975681305
2023-06-01 12:09:25.083831,26.049999237060547,85956.890625,15.8427734375,0.24285000562667847
2023-06-01 12:09:26.084564,26.049999237060547,85957.5625,15.8662109375,0.4047500193119049
2023-06-01 12:09:27.086205,26.059999465942383,85957.125,15.8662109375,0.48570001125335693
2023-06-01 12:09:28.086066,26.049999237060547,85956.421875,15.8779296875,0.48570001125335693
2023-06-01 12:09:29.086725,26.059999465942383,85959.109375,15.8662109375,0.24285000562667847
2023-06-01 12:09:33.635496,26.049999237060547,85960.1640625,15.8544921875,2.995149850845337
2023-06-01 12:10:09.551595,26.040000915527344,85959.8046875,15.806640625,35.37514877319336
2023-06-01 12:10:10.552966,26.040000915527344,85958.609375,15.8662109375,0.24285000562667847
2023-06-01 12:10:11.551193,26.040000915527344,85956.6171875,15.841796875,0.16189999878406525
2023-06-01 12:10:12.553138,26.040000915527344,85958.578125,15.841796875,0.3237999975681305
2023-06-01 12:10:13.554382,26.030000686645508,85956.3359375,15.830078125,0.48570001125335693
2023-06-01 12:10:14.563760,26.030000686645508,85958.1953125,15.818359375,0.5666499733924866
2023-06-01 12:10:15.558922,26.040000915527344,85961.9375,15.830078125,0.5666499733924866
2023-06-01 12:10:16.562091,26.030000686645508,85959.359375,15.841796875,0.5666499733924866
2023-06-01 12:10:17.560025,26.030000686645508,85960.328125,15.865234375,0.7285500168800354
2023-06-01 12:10:18.562533,26.030000686645508,85960.1328125,15.865234375,0.7285500168800354
2023-06-01 12:10:19.570791,26.030000686645508,85959.46875,15.865234375,0.4047500193119049
2023-06-01 12:10:20.569456,26.030000686645508,85960.65625,15.865234375,0.48570001125335693
2023-06-01 12:10:21.561764,26.020000457763672,85960.2734375,15.853515625,0.7285500168800354
2023-06-01 12:10:22.561093,26.020000457763672,85961.9375,15.865234375,0.7285500168800354
2023-06-01 12:10:23.562341,26.030000686645508,85959.0,15.876953125,0.7285500168800354
2023-06-01 12:10:24.562669,26.020000457763672,85961.4375,15.865234375,0.7285500168800354
2023-06-01 12:10:25.564127,26.020000457763672,85959.90625,15.865234375,1.0523500442504883
2023-06-01 12:10:26.572021,26.020000457763672,85959.546875,15.853515625,1.1332999467849731
2023-06-01 12:10:27.572702,26.020000457763672,85956.6953125,15.853515625,1.1332999467849731
2023-06-01 12:10:28.566855,26.020000457763672,85959.5234375,15.8408203125,0.7285500168800354
2023-06-01 12:10:29.572629,26.020000457763672,85960.7109375,15.865234375,0.5666499733924866
2023-06-01 12:10:30.573020,26.020000457763672,85962.875,15.865234375,0.48570001125335693
2023-06-01 12:10:31.569728,26.020000457763672,85959.046875,15.853515625,0.24285000562667847
2023-06-01 12:10:32.573820,26.020000457763672,85960.015625,15.865234375,0.16189999878406525
2023-06-01 12:10:33.571942,26.010000228881836,85957.0,15.865234375,0.08094999939203262
2023-06-01 12:10:38.163088,26.010000228881836,85957.46875,15.900390625,0.08094999939203262
2023-06-01 12:10:39.172613,26.0,85958.71875,15.900390625,0.4047500193119049
2023-06-01 12:10:40.167241,26.0,85956.71875,15.888671875,0.8095000386238098
2023-06-01 12:10:41.170816,26.010000228881836,85964.78125,15.888671875,0.5666499733924866
2023-06-01 12:10:42.172369,26.010000228881836,85959.796875,15.900390625,0.48570001125335693
2023-06-01 12:10:43.181770,26.010000228881836,85960.625,15.912109375,0.4047500193119049
2023-06-01 12:10:44.167597,26.010000228881836,85958.328125,15.923828125,0.4047500193119049
2023-06-01 12:10:45.173754,26.010000228881836,85959.296875,15.9482421875,0.4047500193119049
2023-06-01 12:10:46.171018,26.010000228881836,85959.4375,15.9951171875,0.5666499733924866
2023-06-01 12:10:47.176163,26.0,85958.71875,15.9951171875,0.7285500168800354
2023-06-01 12:10:48.172507,26.010000228881836,85957.109375,16.0068359375,0.5666499733924866
2023-06-01 12:10:49.173498,26.010000228881836,85958.578125,16.0068359375,0.48570001125335693
2023-06-01 12:10:50.172969,26.0,85959.21875,15.9951171875,0.48570001125335693
2023-06-01 12:10:51.173059,26.010000228881836,85958.2734375,15.9833984375,0.48570001125335693
2023-06-01 12:10:52.176367,26.010000228881836,85959.4375,15.9833984375,0.3237999975681305
2023-06-01 12:10:53.174037,26.010000228881836,85956.578125,15.9833984375,0.48570001125335693
2023-06-01 12:10:54.185819,26.010000228881836,85957.828125,15.9833984375,0.5666499733924866
2023-06-01 12:10:55.177985,26.010000228881836,85956.609375,15.9716796875,0.5666499733924866
2023-06-01 12:10:56.178081,26.010000228881836,85960.234375,15.9716796875,0.3237999975681305
2023-06-01 12:10:57.184431,26.010000228881836,85959.1015625,15.9716796875,0.24285000562667847
2023-06-01 12:10:58.179421,26.010000228881836,85960.234375,15.9482421875,0.08094999939203262
2023-06-01 12:10:59.182684,26.010000228881836,85958.109375,15.9365234375,0.08094999939203262
2023-06-01 12:11:00.187208,26.010000228881836,85959.734375,15.9482421875,0.0
2023-06-01 12:11:01.182891,26.0,85958.21875,15.912109375,0.24285000562667847
2023-06-01 12:11:02.182998,26.0,85959.875,15.935546875,0.647599995136261
2023-06-01 12:11:03.184920,26.010000228881836,85957.9140625,15.923828125,0.9714000225067139
2023-06-01 12:11:04.184004,26.0,85959.3515625,15.935546875,0.647599995136261
2023-06-01 12:11:05.195232,26.0,85959.6875,15.935546875,0.5666499733924866
2023-06-01 12:11:07.884310,26.010000228881836,85960.734375,15.9951171875,1.0523500442504883
2023-06-01 12:11:08.883610,26.0,85960.546875,15.947265625,0.16189999878406525
2023-06-01 12:11:09.887012,26.010000228881836,85958.578125,15.9482421875,0.24285000562667847
2023-06-01 12:11:10.886646,26.010000228881836,85959.90625,15.9482421875,0.16189999878406525
2023-06-01 12:11:11.889564,26.0,85961.375,15.935546875,0.3237999975681305
2023-06-01 12:11:12.887239,26.0,85960.7109375,15.935546875,0.48570001125335693
2023-06-01 12:11:13.888267,26.0,85961.515625,15.935546875,0.3237999975681305
2023-06-01 12:11:14.891621,26.0,85958.6328125,15.958984375,0.3237999975681305
2023-06-01 12:11:15.891145,25.989999771118164,85959.234375,15.970703125,0.7285500168800354
2023-06-01 12:11:16.891324,25.979999542236328,85957.46875,15.982421875,0.8904500007629395
2023-06-01 12:11:17.892073,25.979999542236328,85956.078125,15.994140625,1.0523500442504883
2023-06-01 12:11:18.894610,25.979999542236328,85959.046875,16.005859375,1.1332999467849731
2023-06-01 12:11:19.895736,25.969999313354492,85957.1875,16.005859375,0.9714000225067139
2023-06-01 12:11:20.894480,25.969999313354492,85954.5,16.017578125,0.8904500007629395
2023-06-01 12:11:21.896188,25.969999313354492,85958.015625,16.017578125,0.647599995136261
2023-06-01 12:11:22.896241,25.979999542236328,85961.3984375,16.017578125,0.8095000386238098
2023-06-01 12:11:23.897586,25.979999542236328,85958.875,16.017578125,0.8904500007629395
2023-06-01 12:11:24.899801,25.969999313354492,85961.34375,16.017578125,0.647599995136261
2023-06-01 12:11:25.899252,25.979999542236328,85962.03125,16.017578125,0.48570001125335693
2023-06-01 12:11:26.899228,25.969999313354492,85959.15625,16.029296875,0.3237999975681305
2023-06-01 12:11:27.901792,25.969999313354492,85962.3125,16.029296875,0.24285000562667847
2023-06-01 12:11:28.901099,25.969999313354492,85960.625,16.041015625,0.3237999975681305
2023-06-01 12:11:29.903757,25.969999313354492,85961.28125,16.041015625,0.3237999975681305
2023-06-01 12:11:30.903034,25.959999084472656,85958.734375,16.052734375,0.24285000562667847
2023-06-01 12:11:31.904150,25.969999313354492,85961.421875,16.064453125,0.48570001125335693
2023-06-01 12:11:32.904138,25.959999084472656,85962.3046875,16.064453125,0.8095000386238098
2023-06-01 12:11:33.906637,25.950000762939453,85957.09375,16.052734375,0.647599995136261
2023-06-01 12:11:34.905861,25.950000762939453,85958.5625,16.052734375,0.647599995136261
2023-06-01 12:11:35.909027,25.950000762939453,85960.6953125,16.0517578125,0.48570001125335693
2023-06-01 12:11:36.907546,25.950000762939453,85956.703125,16.0517578125,0.5666499733924866
2023-06-01 12:11:37.912739,25.950000762939453,85957.375,16.076171875,0.5666499733924866
2023-06-01 12:11:38.909007,25.940000534057617,85959.5078125,16.087890625,0.647599995136261
2023-06-01 12:11:39.910467,25.940000534057617,85959.0078125,16.099609375,0.647599995136261
2023-06-01 12:11:40.910870,25.940000534057617,85958.6171875,16.099609375,0.5666499733924866
2023-06-01 12:11:41.913669,25.940000534057617,85961.078125,16.111328125,0.5666499733924866
2023-06-01 12:11:42.913535,25.940000534057617,85957.7578125,16.123046875,0.4047500193119049
2023-06-01 12:11:43.915129,25.93000030517578,85959.0625,16.134765625,0.4047500193119049
2023-06-01 12:11:44.916048,25.940000534057617,85959.921875,16.158203125,0.4047500193119049
2023-06-01 12:11:45.916187,25.940000534057617,85959.609375,16.1826171875,0.3237999975681305
2023-06-01 12:11:46.918033,25.940000534057617,85958.2578125,16.158203125,0.4047500193119049
2023-06-01 12:11:47.920107,25.940000534057617,85958.09375,16.134765625,0.3237999975681305
2023-06-01 12:11:48.923087,25.93000030517578,85960.03125,16.123046875,0.4047500193119049
2023-06-01 12:11:49.919803,25.93000030517578,85958.2265625,16.123046875,0.4047500193119049
2023-06-01 12:11:50.920919,25.93000030517578,85959.890625,16.146484375,0.24285000562667847
2023-06-01 12:11:51.921463,25.93000030517578,85956.234375,16.158203125,0.24285000562667847
2023-06-01 12:11:52.922678,25.940000534057617,85959.25,16.158203125,0.16189999878406525
2023-06-01 12:11:53.924307,25.940000534057617,85958.2578125,16.158203125,0.24285000562667847
2023-06-01 12:11:54.924161,25.940000534057617,85959.5859375,16.1708984375,0.16189999878406525
2023-06-01 12:11:57.107610,25.940000534057617,85958.3125,16.1591796875,0.4047500193119049
2023-06-01 12:11:58.110315,25.940000534057617,85958.8125,16.1591796875,0.0
2023-06-01 12:12:00.444427,25.93000030517578,85958.5625,16.146484375,0.0
2023-06-01 12:12:01.443807,25.93000030517578,85959.2265625,16.158203125,0.0
2023-06-01 12:12:02.447117,25.940000534057617,85957.78125,16.1708984375,0.0
2023-06-01 12:12:03.446143,25.93000030517578,85956.015625,16.1826171875,0.0
2023-06-01 12:12:04.446894,25.93000030517578,85959.03125,16.1943359375,0.0
2023-06-01 12:12:05.447520,25.93000030517578,85958.703125,16.2177734375,0.0
2023-06-01 12:12:06.458302,25.93000030517578,85957.671875,16.2421875,0.0
2023-06-01 12:12:07.448703,25.93000030517578,85956.984375,16.265625,0.0
2023-06-01 12:12:08.451827,25.93000030517578,85960.0625,16.30078125,0.0
2023-06-01 12:12:09.451511,25.93000030517578,85956.703125,16.265625,0.0
2023-06-01 12:12:10.453809,25.93000030517578,85958.0625,16.25390625,0.0
2023-06-01 12:12:11.454856,25.93000030517578,85956.734375,16.27734375,0.0
2023-06-01 12:12:12.454659,25.93000030517578,85954.2109375,16.30078125,0.0
2023-06-01 12:12:13.456016,25.93000030517578,85955.1796875,16.3720703125,0.0
2023-06-01 12:12:14.456107,25.93000030517578,85955.203125,16.3720703125,0.0
2023-06-01 12:12:15.457384,25.93000030517578,85954.5703125,16.3251953125,0.24285000562667847
2023-06-01 12:12:16.457795,25.93000030517578,85954.40625,16.25390625,0.5666499733924866
2023-06-01 12:12:17.458693,25.940000534057617,85957.953125,16.2294921875,0.8095000386238098
2023-06-01 12:12:18.467988,25.940000534057617,85957.625,16.2294921875,0.9714000225067139
2023-06-01 12:12:19.464737,25.940000534057617,85956.2890625,16.146484375,0.7285500168800354
2023-06-01 12:12:20.461656,25.93000030517578,85957.0625,16.111328125,0.5666499733924866
2023-06-01 12:12:21.471520,25.940000534057617,85955.796875,16.123046875,0.4047500193119049
2023-06-01 12:12:22.464234,25.940000534057617,85956.953125,16.123046875,0.24285000562667847
2023-06-01 12:12:23.470741,25.940000534057617,85954.4609375,16.146484375,0.16189999878406525
2023-06-01 12:12:24.464571,25.940000534057617,85959.34375,16.1591796875,0.16189999878406525
2023-06-01 12:12:25.466997,25.940000534057617,85958.78125,16.146484375,0.0
2023-06-01 12:12:26.466930,25.940000534057617,85956.7890625,16.146484375,0.0
2023-06-01 12:12:27.475612,25.940000534057617,85956.15625,16.134765625,0.0
2023-06-01 12:12:28.469363,25.940000534057617,85957.34375,16.134765625,0.0
2023-06-01 12:12:29.474584,25.940000534057617,85956.65625,16.123046875,0.16189999878406525
2023-06-01 12:12:30.473685,25.950000762939453,85957.203125,16.111328125,0.4047500193119049
2023-06-01 12:12:31.475920,25.950000762939453,85957.234375,16.099609375,0.48570001125335693
2023-06-01 12:12:32.474781,25.950000762939453,85956.046875,16.123046875,0.48570001125335693
2023-06-01 12:12:33.471636,25.950000762939453,85957.5625,16.1240234375,0.4047500193119049
2023-06-01 12:12:34.474369,25.950000762939453,85958.7890625,16.0888671875,0.24285000562667847
2023-06-01 12:12:35.473452,25.950000762939453,85958.234375,16.076171875,0.16189999878406525
2023-06-01 12:12:36.482318,25.950000762939453,85956.546875,16.076171875,0.08094999939203262
2023-06-01 12:12:37.482124,25.950000762939453,85957.734375,16.052734375,0.0
2023-06-01 12:12:38.475417,25.940000534057617,85961.171875,16.0400390625,0.0
2023-06-01 12:12:39.481363,25.940000534057617,85958.5078125,16.0400390625,0.0
2023-06-01 12:12:41.298257,25.950000762939453,85959.125,16.041015625,0.0
2023-06-01 12:12:42.298998,25.950000762939453,85959.7578125,16.099609375,0.0
2023-06-01 12:12:43.298561,25.950000762939453,85956.734375,16.1357421875,0.0
2023-06-01 12:12:44.298519,25.950000762939453,85956.953125,16.1591796875,0.0
2023-06-01 12:12:45.301142,25.950000762939453,85959.28125,16.20703125,0.24285000562667847
2023-06-01 12:12:46.299952,25.959999084472656,85962.0625,16.171875,0.8904500007629395
2023-06-01 12:12:47.301652,25.959999084472656,85958.40625,16.1474609375,0.7285500168800354
2023-06-01 12:12:48.301805,25.959999084472656,85959.671875,16.171875,0.8095000386238098
2023-06-01 12:12:49.302039,25.959999084472656,85958.515625,16.18359375,0.8904500007629395
2023-06-01 12:12:50.303722,25.959999084472656,85959.875,16.18359375,0.8904500007629395
2023-06-01 12:12:51.303483,25.959999084472656,85959.484375,16.1474609375,0.7285500168800354
2023-06-01 12:12:52.304820,25.950000762939453,85959.453125,16.1240234375,0.48570001125335693
2023-06-01 12:12:53.305847,25.959999084472656,85958.6484375,16.1123046875,0.3237999975681305
2023-06-01 12:12:54.307782,25.959999084472656,85960.8671875,16.1240234375,0.24285000562667847
2023-06-01 12:12:55.307801,25.969999313354492,85958.765625,16.1240234375,0.08094999939203262
2023-06-01 12:12:56.308085,25.959999084472656,85957.515625,16.0888671875,0.0
2023-06-01 12:12:57.309958,25.959999084472656,85957.234375,16.076171875,0.0
2023-06-01 12:12:58.309734,25.959999084472656,85959.0625,16.076171875,0.0
2023-06-01 12:12:59.313284,25.959999084472656,85959.0390625,16.041015625,0.0
2023-06-01 12:13:00.314111,25.959999084472656,85959.375,16.029296875,0.08094999939203262
2023-06-01 12:13:01.312501,25.959999084472656,85961.203125,16.052734375,0.16189999878406525
2023-06-01 12:13:02.313757,25.959999084472656,85959.015625,16.1005859375,0.16189999878406525
2023-06-01 12:13:03.315302,25.959999084472656,85960.3671875,16.1123046875,0.08094999939203262
2023-06-01 12:13:04.314830,25.959999084472656,85958.234375,16.1123046875,0.08094999939203262
2023-06-01 12:13:05.316545,25.969999313354492,85958.125,16.16015625,0.0
2023-06-01 12:13:06.316863,25.969999313354492,85958.4296875,16.171875,0.24285000562667847
2023-06-01 12:13:07.317652,25.969999313354492,85958.625,16.171875,0.0
2023-06-01 12:13:08.320559,25.969999313354492,85958.84375,16.1484375,0.08094999939203262
2023-06-01 12:13:09.321960,25.969999313354492,85960.625,16.1240234375,0.16189999878406525
2023-06-01 12:13:10.320610,25.969999313354492,85957.59375,16.1357421875,0.16189999878406525
2023-06-01 12:13:11.321689,25.969999313354492,85958.296875,16.16015625,0.16189999878406525
2023-06-01 12:13:12.323509,25.969999313354492,85957.9296875,16.1005859375,0.5666499733924866
2023-06-01 12:13:13.322576,25.969999313354492,85956.796875,16.0654296875,0.7285500168800354
2023-06-01 12:13:14.324243,25.969999313354492,85958.484375,16.052734375,0.647599995136261
2023-06-01 12:13:15.324049,25.969999313354492,85961.1484375,16.041015625,0.7285500168800354
2023-06-01 12:13:16.326094,25.969999313354492,85960.984375,16.029296875,1.0523500442504883
2023-06-01 12:13:17.327945,25.969999313354492,85962.4765625,16.029296875,0.8904500007629395
2023-06-01 12:13:18.329551,25.969999313354492,85962.0078125,16.029296875,0.48570001125335693
2023-06-01 12:13:19.328452,25.979999542236328,85963.1953125,16.0419921875,0.3237999975681305
2023-06-01 12:13:20.329402,25.979999542236328,85965.078125,16.0419921875,0.24285000562667847
2023-06-01 12:13:21.333752,25.979999542236328,85961.7578125,16.0419921875,0.16189999878406525
2023-06-01 12:13:22.330445,25.979999542236328,85963.1953125,16.0419921875,0.0
2023-06-01 12:13:23.331660,25.979999542236328,85963.453125,16.0654296875,0.08094999939203262
2023-06-01 12:13:24.331800,25.979999542236328,85962.390625,16.017578125,0.0
2023-06-01 12:13:25.333376,25.979999542236328,85962.28125,16.0185546875,0.08094999939203262
2023-06-01 12:13:26.338406,25.979999542236328,85961.78125,16.0419921875,0.0
2023-06-01 12:13:27.338935,25.989999771118164,85959.2109375,16.0654296875,0.0
2023-06-01 12:13:28.335621,25.989999771118164,85963.890625,16.08984375,0.16189999878406525
2023-06-01 12:13:29.338763,26.0,85963.640625,16.078125,0.16189999878406525
2023-06-01 12:13:30.336911,26.0,85962.671875,16.08984375,0.24285000562667847
2023-06-01 12:13:31.338364,26.0,85965.03125,16.06640625,0.24285000562667847
2023-06-01 12:13:32.338406,26.0,85963.953125,16.0419921875,0.16189999878406525
2023-06-01 12:13:33.339641,26.0,85961.8125,16.0419921875,0.08094999939203262
2023-06-01 12:13:34.347049,26.0,85962.6171875,16.0185546875,0.08094999939203262
2023-06-01 12:13:35.341521,26.0,85962.6171875,16.0302734375,0.08094999939203262
2023-06-01 12:13:36.342737,26.0,85962.953125,16.0068359375,0.0
2023-06-01 12:13:37.346249,26.0,85959.7109375,16.0185546875,0.0
2023-06-01 12:13:38.344525,26.0,85961.34375,16.0068359375,0.0
2023-06-01 12:13:39.345882,26.0,85961.15625,16.0068359375,0.0
2023-06-01 12:13:40.346298,26.0,85959.9609375,16.0185546875,0.0
2023-06-01 12:13:41.346720,26.0,85960.34375,16.0185546875,0.0
2023-06-01 12:13:42.347538,26.0,85960.3203125,16.078125,0.0
2023-06-01 12:13:43.347952,26.0,85961.34375,16.1015625,0.16189999878406525
2023-06-01 12:13:44.353033,26.010000228881836,85964.7265625,16.1025390625,0.3237999975681305
2023-06-01 12:13:46.501935,26.0,85960.34375,16.078125,1.0523500442504883
2023-06-01 12:13:47.505926,26.0,85959.84375,16.0546875,1.1332999467849731
2023-06-01 12:13:48.502396,26.0,85958.0234375,16.0546875,1.6190000772476196
2023-06-01 12:13:49.502845,26.010000228881836,85961.265625,16.0546875,1.5380500555038452
2023-06-01 12:13:50.506225,26.010000228881836,85960.9609375,16.0546875,1.295199990272522
2023-06-01 12:13:51.510904,26.020000457763672,85963.671875,16.0546875,0.8904500007629395
2023-06-01 12:13:52.505598,26.030000686645508,85962.3203125,17.1591796875,0.647599995136261
2023-06-01 12:13:53.506080,26.020000457763672,85960.9375,16.7197265625,0.5666499733924866
2023-06-01 12:13:54.509919,26.030000686645508,85962.2109375,16.4951171875,0.3237999975681305
2023-06-01 12:13:55.509413,26.030000686645508,85961.296875,16.33984375,0.16189999878406525
2023-06-01 12:13:56.508745,26.040000915527344,85962.1015625,16.3046875,0.0
2023-06-01 12:13:57.509456,26.049999237060547,85965.15625,16.3408203125,0.0
2023-06-01 12:13:58.512692,26.040000915527344,85963.765625,16.2333984375,0.0
2023-06-01 12:13:59.513294,26.040000915527344,85960.609375,16.1982421875,0.0
2023-06-01 12:14:00.511638,26.040000915527344,85962.1015625,16.1748046875,0.0
2023-06-01 12:14:01.512945,26.040000915527344,85960.46875,16.162109375,0.08094999939203262
2023-06-01 12:14:02.513627,26.040000915527344,85963.9296875,16.126953125,0.16189999878406525
2023-06-01 12:14:03.514864,26.040000915527344,85960.640625,16.115234375,0.16189999878406525
2023-06-01 12:14:04.515028,26.040000915527344,85962.4609375,16.091796875,0.0
2023-06-01 12:14:05.518557,26.040000915527344,85964.40625,16.103515625,0.0
2023-06-01 12:14:06.516716,26.040000915527344,85963.59375,16.1982421875,0.0
2023-06-01 12:14:07.518505,26.030000686645508,85959.328125,16.185546875,0.0
2023-06-01 12:14:08.520310,26.040000915527344,85961.2421875,16.150390625,0.0
2023-06-01 12:14:09.519550,26.040000915527344,85962.578125,16.126953125,0.0
2023-06-01 12:14:10.519727,26.049999237060547,85963.1875,16.103515625,0.08094999939203262
2023-06-01 12:14:12.921263,26.049999237060547,85959.0625,16.0556640625,0.0
2023-06-01 12:14:13.922001,26.049999237060547,85962.71875,16.115234375,0.0
2023-06-01 12:14:14.922697,26.059999465942383,85961.9375,16.115234375,0.0
2023-06-01 12:14:15.923483,26.049999237060547,85962.7421875,16.068359375,0.0
2023-06-01 12:14:16.290841,0.0,0.0,0.0,0.0
2023-06-01 12:14:16.297886,0.0,0.0,0.0,0.0
2023-06-01 12:14:16.309164,0.0,0.0,0.0,0.0
2023-06-01 12:14:16.320057,0.0,0.0,0.0,0.0
2023-06-01 12:14:20.843698,0.0,0.0,0.0,0.0
2023-06-01 12:14:20.865109,0.0,0.0,0.0,0.0
2023-06-01 12:14:20.874384,0.0,0.0,0.0,0.0
2023-06-01 12:14:20.886304,0.0,0.0,0.0,0.0
2023-06-01 12:14:20.894085,0.0,0.0,0.0,0.0
2023-06-01 12:14:20.901252,0.0,0.0,0.0,0.0
2023-06-01 12:14:20.909915,0.0,0.0,0.0,0.0
2023-06-01 12:14:20.920667,0.0,0.0,0.0,0.0
2023-06-01 12:14:20.927585,0.0,0.0,0.0,0.0
2023-06-01 12:14:20.935043,0.0,0.0,0.0,0.0
2023-06-01 12:14:20.946312,0.0,0.0,0.0,0.0
2023-06-01 12:14:20.957532,0.0,0.0,0.0,0.0
2023-06-01 12:14:20.968357,0.0,0.0,0.0,0.0
2023-06-01 12:14:20.975232,0.0,0.0,0.0,0.0
2023-06-01 12:14:20.987472,0.0,0.0,0.0,0.0
2023-06-01 12:14:20.996310,0.0,0.0,0.0,0.0
2023-06-01 12:14:21.007581,0.0,0.0,0.0,0.0
2023-06-01 12:14:21.015536,0.0,0.0,0.0,0.0
2023-06-01 12:14:21.025490,0.0,0.0,0.0,0.0
2023-06-01 12:14:21.035336,0.0,0.0,0.0,0.0
2023-06-01 12:14:21.045916,0.0,0.0,0.0,0.0
2023-06-01 12:14:21.057539,0.0,0.0,0.0,0.0
2023-06-01 12:14:21.067745,0.0,0.0,0.0,0.0
2023-06-01 12:14:21.076627,0.0,0.0,0.0,0.0
2023-06-01 12:14:21.090934,0.0,0.0,0.0,0.0
2023-06-01 12:14:21.102288,0.0,0.0,0.0,0.0
2023-06-01 12:14:21.111894,0.0,0.0,0.0,0.0
2023-06-01 12:14:21.119934,0.0,0.0,0.0,0.0
2023-06-01 12:14:21.126474,0.0,0.0,0.0,0.0
2023-06-01 12:14:21.135517,0.0,0.0,0.0,0.0
2023-06-01 12:14:21.147385,0.0,0.0,0.0,0.0
2023-06-01 12:14:21.157522,0.0,0.0,0.0,0.0
2023-06-01 12:14:21.167733,0.0,0.0,0.0,0.0
2023-06-01 12:14:21.180193,0.0,0.0,0.0,0.0
2023-06-01 12:14:21.193483,0.0,0.0,0.0,0.0
2023-06-01 12:14:21.203205,0.0,0.0,0.0,0.0
2023-06-01 12:14:21.213479,0.0,0.0,0.0,0.0
2023-06-01 12:14:21.221432,0.0,0.0,0.0,0.0
2023-06-01 12:14:21.228934,0.0,0.0,0.0,0.0
2023-06-01 12:14:21.236965,0.0,0.0,0.0,0.0
2023-06-01 12:14:21.248012,0.0,0.0,0.0,0.0
2023-06-01 12:14:21.258302,0.0,0.0,0.0,0.0
2023-06-01 12:14:21.268315,0.0,0.0,0.0,0.0
2023-06-01 12:14:21.278525,0.0,0.0,0.0,0.0
2023-06-01 12:14:21.287329,0.0,0.0,0.0,0.0
2023-06-01 12:14:21.296740,0.0,0.0,0.0,0.0
2023-06-01 12:14:21.308551,0.0,0.0,0.0,0.0
2023-06-01 12:14:21.316351,0.0,0.0,0.0,0.0
2023-06-01 12:14:21.325317,0.0,0.0,0.0,0.0
2023-06-01 12:14:21.335419,0.0,0.0,0.0,0.0
2023-06-01 12:14:21.346540,0.0,0.0,0.0,0.0
2023-06-01 12:14:21.357814,0.0,0.0,0.0,0.0
2023-06-01 12:14:21.367759,0.0,0.0,0.0,0.0
2023-06-01 12:14:21.378250,0.0,0.0,0.0,0.0
2023-06-01 12:14:21.387265,0.0,0.0,0.0,0.0
2023-06-01 12:14:21.398720,0.0,0.0,0.0,0.0
2023-06-01 12:14:21.409291,0.0,0.0,0.0,0.0
2023-06-01 12:14:21.417097,0.0,0.0,0.0,0.0
2023-06-01 12:14:21.426099,0.0,0.0,0.0,0.0
2023-06-01 12:14:21.436226,0.0,0.0,0.0,0.0
2023-06-01 12:14:21.446526,0.0,0.0,0.0,0.0
2023-06-01 12:14:21.458057,0.0,0.0,0.0,0.0
2023-06-01 12:14:21.466220,0.0,0.0,0.0,0.0
2023-06-01 12:14:21.485409,0.0,0.0,0.0,0.0
2023-06-01 12:14:21.492602,0.0,0.0,0.0,0.0
2023-06-01 12:14:21.499607,0.0,0.0,0.0,0.0
2023-06-01 12:14:21.506515,0.0,0.0,0.0,0.0
2023-06-01 12:14:21.515000,0.0,0.0,0.0,0.0
2023-06-01 12:14:21.525330,0.0,0.0,0.0,0.0
2023-06-01 12:14:21.535447,0.0,0.0,0.0,0.0
2023-06-01 12:14:21.545929,0.0,0.0,0.0,0.0
2023-06-01 12:14:21.556934,0.0,0.0,0.0,0.0
2023-06-01 12:14:21.566641,0.0,0.0,0.0,0.0
2023-06-01 12:14:21.579781,0.0,0.0,0.0,0.0
2023-06-01 12:14:21.597457,0.0,0.0,0.0,0.0
2023-06-01 12:14:21.605449,0.0,0.0,0.0,0.0
2023-06-01 12:14:21.615036,0.0,0.0,0.0,0.0
2023-06-01 12:14:21.625260,0.0,0.0,0.0,0.0
2023-06-01 12:14:21.635251,0.0,0.0,0.0,0.0
2023-06-01 12:14:21.645993,0.0,0.0,0.0,0.0
2023-06-01 12:14:21.657570,0.0,0.0,0.0,0.0
2023-06-01 12:14:21.666698,0.0,0.0,0.0,0.0
2023-06-01 12:14:21.678901,0.0,0.0,0.0,0.0
2023-06-01 12:14:21.686917,0.0,0.0,0.0,0.0
2023-06-01 12:14:21.696744,0.0,0.0,0.0,0.0
2023-06-01 12:14:21.705884,0.0,0.0,0.0,0.0
2023-06-01 12:14:21.714987,0.0,0.0,0.0,0.0
2023-06-01 12:14:21.725155,0.0,0.0,0.0,0.0
2023-06-01 12:14:21.735164,0.0,0.0,0.0,0.0
2023-06-01 12:14:21.745819,0.0,0.0,0.0,0.0
2023-06-01 12:14:21.760063,0.0,0.0,0.0,0.0
2023-06-01 12:14:21.770632,0.0,0.0,0.0,0.0
2023-06-01 12:14:21.778564,0.0,0.0,0.0,0.0
2023-06-01 12:14:21.786583,0.0,0.0,0.0,0.0
2023-06-01 12:14:21.796415,0.0,0.0,0.0,0.0
2023-06-01 12:14:21.807337,0.0,0.0,0.0,0.0
2023-06-01 12:14:21.815301,0.0,0.0,0.0,0.0
2023-06-01 12:14:21.825403,0.0,0.0,0.0,0.0
2023-06-01 12:14:21.835736,0.0,0.0,0.0,0.0
2023-06-01 12:14:21.846163,0.0,0.0,0.0,0.0
2023-06-01 12:14:21.858465,0.0,0.0,0.0,0.0
2023-06-01 12:14:21.867511,0.0,0.0,0.0,0.0
2023-06-01 12:14:21.877010,0.0,0.0,0.0,0.0
2023-06-01 12:14:21.886379,0.0,0.0,0.0,0.0
2023-06-01 12:14:21.896632,0.0,0.0,0.0,0.0
2023-06-01 12:14:21.906248,0.0,0.0,0.0,0.0
2023-06-01 12:14:21.915960,0.0,0.0,0.0,0.0
2023-06-01 12:14:21.925596,0.0,0.0,0.0,0.0
2023-06-01 12:14:21.935319,0.0,0.0,0.0,0.0
2023-06-01 12:14:21.946194,0.0,0.0,0.0,0.0
2023-06-01 12:14:21.969938,0.0,0.0,0.0,0.0
2023-06-01 12:14:21.994286,0.0,0.0,0.0,0.0
2023-06-01 12:14:22.006546,0.0,0.0,0.0,0.0
2023-06-01 12:14:22.016830,0.0,0.0,0.0,0.0
2023-06-01 12:14:22.026626,0.0,0.0,0.0,0.0
2023-06-01 12:14:22.043303,0.0,0.0,0.0,0.0
2023-06-01 12:14:22.050622,0.0,0.0,0.0,0.0
2023-06-01 12:14:22.057647,0.0,0.0,0.0,0.0
2023-06-01 12:14:22.065735,0.0,0.0,0.0,0.0
2023-06-01 12:14:22.076612,0.0,0.0,0.0,0.0
2023-06-01 12:14:22.088324,0.0,0.0,0.0,0.0
2023-06-01 12:14:22.097034,0.0,0.0,0.0,0.0
2023-06-01 12:14:22.107465,0.0,0.0,0.0,0.0
2023-06-01 12:14:22.118015,0.0,0.0,0.0,0.0
2023-06-01 12:14:22.126682,0.0,0.0,0.0,0.0
2023-06-01 12:14:22.136821,0.0,0.0,0.0,0.0
2023-06-01 12:14:22.152690,0.0,0.0,0.0,0.0
2023-06-01 12:14:22.160644,0.0,0.0,0.0,0.0
2023-06-01 12:14:22.168722,0.0,0.0,0.0,0.0
2023-06-01 12:14:22.176684,0.0,0.0,0.0,0.0
2023-06-01 12:14:22.187027,0.0,0.0,0.0,0.0
2023-06-01 12:14:22.202220,0.0,0.0,0.0,0.0
2023-06-01 12:14:22.214242,0.0,0.0,0.0,0.0
2023-06-01 12:14:22.228100,0.0,0.0,0.0,0.0
2023-06-01 12:14:22.238602,0.0,0.0,0.0,0.0
2023-06-01 12:14:22.247695,0.0,0.0,0.0,0.0
2023-06-01 12:14:22.257149,0.0,0.0,0.0,0.0
2023-06-01 12:14:22.273729,0.0,0.0,0.0,0.0
2023-06-01 12:14:22.281959,0.0,0.0,0.0,0.0
2023-06-01 12:14:22.288992,0.0,0.0,0.0,0.0
2023-06-01 12:14:22.297319,0.0,0.0,0.0,0.0
2023-06-01 12:14:22.305764,0.0,0.0,0.0,0.0
2023-06-01 12:14:22.314867,0.0,0.0,0.0,0.0
2023-06-01 12:14:22.325113,0.0,0.0,0.0,0.0
2023-06-01 12:14:22.335297,0.0,0.0,0.0,0.0
2023-06-01 12:14:22.346002,0.0,0.0,0.0,0.0
2023-06-01 12:14:22.358106,0.0,0.0,0.0,0.0
2023-06-01 12:14:22.366468,0.0,0.0,0.0,0.0
2023-06-01 12:14:22.377849,0.0,0.0,0.0,0.0
2023-06-01 12:14:22.400211,0.0,0.0,0.0,0.0
2023-06-01 12:14:22.416718,0.0,0.0,0.0,0.0
2023-06-01 12:14:22.423783,0.0,0.0,0.0,0.0
2023-06-01 12:14:22.430559,0.0,0.0,0.0,0.0
2023-06-01 12:14:22.436728,0.0,0.0,0.0,0.0
2023-06-01 12:14:22.445838,0.0,0.0,0.0,0.0
2023-06-01 12:14:22.456766,0.0,0.0,0.0,0.0
2023-06-01 12:14:22.476636,0.0,0.0,0.0,0.0
2023-06-01 12:14:22.486016,0.0,0.0,0.0,0.0
2023-06-01 12:14:22.496255,0.0,0.0,0.0,0.0
2023-06-01 12:14:22.515480,0.0,0.0,0.0,0.0
2023-06-01 12:14:22.535317,0.0,0.0,0.0,0.0
2023-06-01 12:14:22.555305,0.0,0.0,0.0,0.0
2023-06-01 12:14:22.577931,0.0,0.0,0.0,0.0
2023-06-01 12:14:22.599153,0.0,0.0,0.0,0.0
2023-06-01 12:14:22.609026,0.0,0.0,0.0,0.0
2023-06-01 12:14:22.614717,0.0,0.0,0.0,0.0
2023-06-01 12:14:22.625268,0.0,0.0,0.0,0.0
2023-06-01 12:14:22.635578,0.0,0.0,0.0,0.0
2023-06-01 12:14:22.645941,0.0,0.0,0.0,0.0
2023-06-01 12:14:22.657084,0.0,0.0,0.0,0.0
2023-06-01 12:14:22.673932,0.0,0.0,0.0,0.0
2023-06-01 12:14:22.682642,0.0,0.0,0.0,0.0
2023-06-01 12:14:22.691531,0.0,0.0,0.0,0.0
2023-06-01 12:14:22.700053,0.0,0.0,0.0,0.0
2023-06-01 12:14:22.706884,0.0,0.0,0.0,0.0
2023-06-01 12:14:22.715163,0.0,0.0,0.0,0.0
2023-06-01 12:14:22.725158,0.0,0.0,0.0,0.0
2023-06-01 12:14:22.735484,0.0,0.0,0.0,0.0
2023-06-01 12:14:22.746710,0.0,0.0,0.0,0.0
2023-06-01 12:14:22.757161,0.0,0.0,0.0,0.0
2023-06-01 12:14:22.778686,0.0,0.0,0.0,0.0
2023-06-01 12:14:22.787505,0.0,0.0,0.0,0.0
2023-06-01 12:14:22.802680,0.0,0.0,0.0,0.0
2023-06-01 12:14:22.811281,0.0,0.0,0.0,0.0
2023-06-01 12:14:22.819737,0.0,0.0,0.0,0.0
2023-06-01 12:14:22.829251,0.0,0.0,0.0,0.0
2023-06-01 12:14:22.838915,0.0,0.0,0.0,0.0
2023-06-01 12:14:22.847608,0.0,0.0,0.0,0.0
2023-06-01 12:14:22.858487,0.0,0.0,0.0,0.0
2023-06-01 12:14:22.867298,0.0,0.0,0.0,0.0
2023-06-01 12:14:22.877313,0.0,0.0,0.0,0.0
2023-06-01 12:14:22.887136,0.0,0.0,0.0,0.0
2023-06-01 12:14:22.898563,0.0,0.0,0.0,0.0
2023-06-01 12:14:22.904793,0.0,0.0,0.0,0.0
2023-06-01 12:14:22.917194,0.0,0.0,0.0,0.0
2023-06-01 12:14:22.926579,0.0,0.0,0.0,0.0
2023-06-01 12:14:22.936758,0.0,0.0,0.0,0.0
2023-06-01 12:14:22.946652,0.0,0.0,0.0,0.0
2023-06-01 12:14:22.957970,0.0,0.0,0.0,0.0
2023-06-01 12:14:22.967976,0.0,0.0,0.0,0.0
2023-06-01 12:14:22.977238,0.0,0.0,0.0,0.0
2023-06-01 12:14:22.987649,0.0,0.0,0.0,0.0
2023-06-01 12:14:22.997278,0.0,0.0,0.0,0.0
2023-06-01 12:14:23.007752,0.0,0.0,0.0,0.0
2023-06-01 12:14:23.016684,0.0,0.0,0.0,0.0
2023-06-01 12:14:23.026039,0.0,0.0,0.0,0.0
2023-06-01 12:14:23.034795,0.0,0.0,0.0,0.0
2023-06-01 12:14:23.045048,0.0,0.0,0.0,0.0
2023-06-01 12:14:23.056157,0.0,0.0,0.0,0.0
2023-06-01 12:14:23.066960,0.0,0.0,0.0,0.0
2023-06-01 12:14:23.076682,0.0,0.0,0.0,0.0
2023-06-01 12:14:23.085602,0.0,0.0,0.0,0.0
2023-06-01 12:14:23.096302,0.0,0.0,0.0,0.0
2023-06-01 12:14:23.104923,0.0,0.0,0.0,0.0
2023-06-01 12:14:23.114987,0.0,0.0,0.0,0.0
2023-06-01 12:14:23.124959,0.0,0.0,0.0,0.0
2023-06-01 12:14:23.134971,0.0,0.0,0.0,0.0
2023-06-01 12:14:23.145773,0.0,0.0,0.0,0.0
2023-06-01 12:14:23.157600,0.0,0.0,0.0,0.0
2023-06-01 12:14:23.175052,0.0,0.0,0.0,0.0
2023-06-01 12:14:23.187478,0.0,0.0,0.0,0.0
2023-06-01 12:14:23.196766,0.0,0.0,0.0,0.0
2023-06-01 12:14:23.208970,0.0,0.0,0.0,0.0
2023-06-01 12:14:23.218340,0.0,0.0,0.0,0.0
2023-06-01 12:14:23.227441,0.0,0.0,0.0,0.0
2023-06-01 12:14:23.238800,0.0,0.0,0.0,0.0
2023-06-01 12:14:23.247545,0.0,0.0,0.0,0.0
2023-06-01 12:14:23.258327,0.0,0.0,0.0,0.0
2023-06-01 12:14:23.269844,0.0,0.0,0.0,0.0
2023-06-01 12:14:23.279432,0.0,0.0,0.0,0.0
2023-06-01 12:14:23.289944,0.0,0.0,0.0,0.0
2023-06-01 12:14:23.301344,0.0,0.0,0.0,0.0
2023-06-01 12:14:23.310846,0.0,0.0,0.0,0.0
2023-06-01 12:14:23.320018,0.0,0.0,0.0,0.0
2023-06-01 12:14:23.329219,0.0,0.0,0.0,0.0
2023-06-01 12:14:23.337677,0.0,0.0,0.0,0.0
2023-06-01 12:14:23.346964,0.0,0.0,0.0,0.0
2023-06-01 12:14:23.357065,0.0,0.0,0.0,0.0
2023-06-01 12:14:23.367518,0.0,0.0,0.0,0.0
2023-06-01 12:14:23.377640,0.0,0.0,0.0,0.0
2023-06-01 12:14:23.386841,0.0,0.0,0.0,0.0
2023-06-01 12:14:23.396723,0.0,0.0,0.0,0.0
2023-06-01 12:14:23.406828,0.0,0.0,0.0,0.0
2023-06-01 12:14:23.416653,0.0,0.0,0.0,0.0
2023-06-01 12:14:23.426641,0.0,0.0,0.0,0.0
2023-06-01 12:14:23.436663,0.0,0.0,0.0,0.0
2023-06-01 12:14:23.446942,0.0,0.0,0.0,0.0
2023-06-01 12:14:23.458512,0.0,0.0,0.0,0.0
2023-06-01 12:14:23.467317,0.0,0.0,0.0,0.0
2023-06-01 12:14:23.476971,0.0,0.0,0.0,0.0
2023-06-01 12:14:23.490410,0.0,0.0,0.0,0.0
2023-06-01 12:14:23.500623,0.0,0.0,0.0,0.0
2023-06-01 12:14:23.509841,0.0,0.0,0.0,0.0
2023-06-01 12:14:23.518824,0.0,0.0,0.0,0.0
2023-06-01 12:14:23.527539,0.0,0.0,0.0,0.0
2023-06-01 12:14:23.536374,0.0,0.0,0.0,0.0
2023-06-01 12:14:23.547268,0.0,0.0,0.0,0.0
2023-06-01 12:14:23.557244,0.0,0.0,0.0,0.0
2023-06-01 12:14:23.567622,0.0,0.0,0.0,0.0
2023-06-01 12:14:23.580125,0.0,0.0,0.0,0.0
2023-06-01 12:14:23.586541,0.0,0.0,0.0,0.0
2023-06-01 12:14:23.597521,0.0,0.0,0.0,0.0
2023-06-01 12:14:23.607213,0.0,0.0,0.0,0.0
2023-06-01 12:14:23.618964,0.0,0.0,0.0,0.0
2023-06-01 12:14:23.628024,0.0,0.0,0.0,0.0
2023-06-01 12:14:23.637228,0.0,0.0,0.0,0.0
2023-06-01 12:14:23.646862,0.0,0.0,0.0,0.0
2023-06-01 12:14:23.657320,0.0,0.0,0.0,0.0
2023-06-01 12:14:23.670344,0.0,0.0,0.0,0.0
2023-06-01 12:14:23.685281,0.0,0.0,0.0,0.0
2023-06-01 12:14:23.693904,0.0,0.0,0.0,0.0
2023-06-01 12:14:23.702348,0.0,0.0,0.0,0.0
2023-06-01 12:14:23.710989,0.0,0.0,0.0,0.0
2023-06-01 12:14:23.719392,0.0,0.0,0.0,0.0
2023-06-01 12:14:23.728008,0.0,0.0,0.0,0.0
2023-06-01 12:14:23.736800,0.0,0.0,0.0,0.0
2023-06-01 12:14:23.747096,0.0,0.0,0.0,0.0
2023-06-01 12:14:23.757125,0.0,0.0,0.0,0.0
2023-06-01 12:14:23.767970,0.0,0.0,0.0,0.0
2023-06-01 12:14:23.777136,0.0,0.0,0.0,0.0
2023-06-01 12:14:23.789754,0.0,0.0,0.0,0.0
2023-06-01 12:14:23.795930,0.0,0.0,0.0,0.0
2023-06-01 12:14:23.804958,0.0,0.0,0.0,0.0
2023-06-01 12:14:23.817285,0.0,0.0,0.0,0.0
2023-06-01 12:14:23.826853,0.0,0.0,0.0,0.0
2023-06-01 12:14:23.837224,0.0,0.0,0.0,0.0
2023-06-01 12:14:23.847037,0.0,0.0,0.0,0.0
2023-06-01 12:14:23.856649,0.0,0.0,0.0,0.0
2023-06-01 12:14:23.869188,0.0,0.0,0.0,0.0
2023-06-01 12:14:23.876291,0.0,0.0,0.0,0.0
2023-06-01 12:14:23.885053,0.0,0.0,0.0,0.0
2023-06-01 12:14:23.895204,0.0,0.0,0.0,0.0
2023-06-01 12:14:23.907223,0.0,0.0,0.0,0.0
2023-06-01 12:14:23.916558,0.0,0.0,0.0,0.0
2023-06-01 12:14:23.926891,0.0,0.0,0.0,0.0
2023-06-01 12:14:23.936375,0.0,0.0,0.0,0.0
2023-06-01 12:14:23.946752,0.0,0.0,0.0,0.0
2023-06-01 12:14:23.962909,0.0,0.0,0.0,0.0
2023-06-01 12:14:23.972203,0.0,0.0,0.0,0.0
2023-06-01 12:14:23.981347,0.0,0.0,0.0,0.0
2023-06-01 12:14:23.987649,0.0,0.0,0.0,0.0
2023-06-01 12:14:23.996890,0.0,0.0,0.0,0.0
2023-06-01 12:14:24.006758,0.0,0.0,0.0,0.0
2023-06-01 12:14:24.016697,0.0,0.0,0.0,0.0
2023-06-01 12:14:24.026642,0.0,0.0,0.0,0.0
2023-06-01 12:14:24.036520,0.0,0.0,0.0,0.0
2023-06-01 12:14:24.046682,0.0,0.0,0.0,0.0
2023-06-01 12:14:24.056633,0.0,0.0,0.0,0.0
2023-06-01 12:14:24.066134,0.0,0.0,0.0,0.0
2023-06-01 12:14:24.076079,0.0,0.0,0.0,0.0
2023-06-01 12:14:24.088214,0.0,0.0,0.0,0.0
2023-06-01 12:14:24.097430,0.0,0.0,0.0,0.0
2023-06-01 12:14:24.106485,0.0,0.0,0.0,0.0
2023-06-01 12:14:24.116571,0.0,0.0,0.0,0.0
2023-06-01 12:14:24.126771,0.0,0.0,0.0,0.0
2023-06-01 12:14:24.136807,0.0,0.0,0.0,0.0
2023-06-01 12:14:24.146810,0.0,0.0,0.0,0.0
2023-06-01 12:14:24.157080,0.0,0.0,0.0,0.0
2023-06-01 12:14:24.173184,0.0,0.0,0.0,0.0
2023-06-01 12:14:24.180169,0.0,0.0,0.0,0.0
2023-06-01 12:14:24.187270,0.0,0.0,0.0,0.0
2023-06-01 12:14:24.195106,0.0,0.0,0.0,0.0
2023-06-01 12:14:24.206800,0.0,0.0,0.0,0.0
2023-06-01 12:14:24.216627,0.0,0.0,0.0,0.0
2023-06-01 12:18:11.517628,0.0,0.0,0.0,0.0
2023-06-01 12:18:13.696758,0.0,0.0,0.0,0.0
2023-06-01 12:18:14.168308,26.020000457763672,85962.046875,15.9599609375,0.0
2023-06-01 12:18:15.165418,26.020000457763672,85963.015625,15.9599609375,0.0
2023-06-01 12:18:16.165641,26.020000457763672,85962.34375,15.9482421875,0.0
2023-06-01 12:18:17.168093,26.020000457763672,85959.546875,15.9482421875,0.0
2023-06-01 12:18:18.166868,26.020000457763672,85963.703125,15.9599609375,0.0
2023-06-01 12:18:19.170817,26.020000457763672,85962.015625,15.9716796875,0.0
2023-06-01 12:18:20.178926,26.020000457763672,85962.6796875,15.9716796875,0.0
2023-06-01 12:18:21.181201,26.020000457763672,85965.34375,15.9599609375,0.0
2023-06-01 12:18:22.172945,26.020000457763672,85963.984375,15.9599609375,0.0
2023-06-01 12:18:23.182466,26.010000228881836,85964.2578125,15.9599609375,0.0
2023-06-01 12:18:25.521557,26.020000457763672,85968.0,15.9716796875,0.0
2023-06-01 12:18:26.522992,26.010000228881836,85967.109375,15.9716796875,0.0
2023-06-01 12:19:03.236530,26.020000457763672,85964.671875,16.1259765625,0.0
2023-06-01 12:19:04.233236,26.020000457763672,85965.8359375,16.244140625,0.0
2023-06-01 12:19:05.236696,26.020000457763672,85965.671875,16.244140625,0.0
2023-06-01 12:19:06.238063,26.020000457763672,85966.671875,16.185546875,0.0
2023-06-01 12:19:07.235580,26.020000457763672,85967.21875,16.1142578125,0.0
2023-06-01 12:19:08.236508,26.020000457763672,85966.03125,16.0908203125,0.0
2023-06-01 12:19:09.237081,26.020000457763672,85969.75,16.1142578125,0.0
2023-06-01 12:19:10.238284,26.020000457763672,85970.8515625,16.1025390625,0.0
2023-06-01 12:19:11.238777,26.010000228881836,85965.8125,16.078125,0.0
2023-06-01 12:19:11.902597,0.0,0.0,0.0,0.0
2023-06-01 12:19:12.240061,26.010000228881836,85967.140625,16.0546875,0.0
2023-06-01 12:19:13.243831,26.020000457763672,85968.1953125,16.0546875,0.0
2023-06-01 12:19:14.242055,26.010000228881836,85963.734375,16.04296875,0.0
2023-06-01 12:19:14.476097,0.0,0.0,0.0,0.0
2023-06-01 12:19:15.243033,26.010000228881836,85966.71875,16.01953125,0.0
2023-06-01 12:19:16.247847,26.0,85965.640625,16.0302734375,0.0
2023-06-01 12:19:17.247181,26.0,85966.328125,16.0302734375,0.0
2023-06-01 12:19:18.246685,26.0,85966.671875,16.04296875,0.0
2023-06-01 12:19:19.249365,26.0,85967.1875,16.04296875,0.0
2023-06-01 12:19:20.249890,26.0,85965.140625,16.0419921875,0.0
2023-06-01 12:19:21.250420,25.989999771118164,85965.75,16.0419921875,0.0
2023-06-01 12:19:22.251855,25.979999542236328,85965.78125,16.0068359375,0.0
2023-06-01 12:19:23.251996,25.979999542236328,85965.71875,15.982421875,0.0
2023-06-01 12:19:24.252340,25.969999313354492,85964.640625,15.982421875,0.0
2023-06-01 12:19:27.083856,25.969999313354492,85965.9921875,15.994140625,0.0
2023-06-01 12:19:28.082439,25.969999313354492,85965.2421875,16.005859375,0.0
2023-06-01 12:19:29.084409,25.969999313354492,85966.078125,16.017578125,0.0
2023-06-01 12:19:30.088877,25.959999084472656,85964.0546875,16.017578125,0.0
2023-06-01 12:19:31.085453,25.959999084472656,85965.328125,16.005859375,0.0
2023-06-01 12:19:32.088157,25.950000762939453,85969.09375,15.9931640625,0.0
2023-06-01 12:19:33.088089,25.950000762939453,85964.609375,16.005859375,0.0
2023-06-01 12:19:34.087495,25.950000762939453,85965.546875,15.9931640625,0.0
2023-06-01 12:19:35.087436,25.950000762939453,85966.375,15.9931640625,0.0
2023-06-01 12:19:36.094081,25.950000762939453,85966.375,16.0048828125,0.0
2023-06-01 12:19:37.088723,25.950000762939453,85967.875,15.9931640625,0.0
2023-06-01 12:19:38.092353,25.940000534057617,85965.4609375,16.0166015625,0.0
2023-06-01 12:19:39.090930,25.940000534057617,85965.8203125,16.0048828125,0.0
2023-06-01 12:19:40.093158,25.940000534057617,85964.6015625,16.0283203125,0.0
2023-06-01 12:19:41.094528,25.940000534057617,85964.578125,16.0283203125,0.0
2023-06-01 12:19:42.099608,25.940000534057617,85964.40625,16.0400390625,0.0
2023-06-01 12:19:43.095972,25.93000030517578,85964.875,16.0283203125,0.0
2023-06-01 12:19:44.095602,25.93000030517578,85965.046875,16.0283203125,0.0
2023-06-01 12:19:45.098505,25.93000030517578,85964.015625,16.0283203125,0.0
2023-06-01 12:19:46.098439,25.93000030517578,85963.984375,16.0517578125,0.0
2023-06-01 12:19:47.099650,25.93000030517578,85965.296875,16.0517578125,0.0
2023-06-01 12:19:48.102274,25.920000076293945,85963.2109375,16.05078125,0.0
2023-06-01 12:19:49.100583,25.920000076293945,85966.8984375,16.0634765625,0.0
2023-06-01 12:19:50.100451,25.920000076293945,85964.0703125,16.0751953125,0.0
2023-06-01 12:19:50.176077,0.0,0.0,0.0,0.0
2023-06-01 12:19:51.102887,25.920000076293945,85967.203125,16.0751953125,0.0
2023-06-01 12:19:52.104638,25.920000076293945,85969.03125,16.0634765625,0.0
2023-06-01 12:19:53.103253,25.90999984741211,85963.234375,16.05078125,0.0
2023-06-01 12:19:54.105233,25.90999984741211,85966.359375,16.05078125,0.0
2023-06-01 12:19:55.105394,25.90999984741211,85967.3125,16.05078125,0.0
2023-06-01 12:19:56.106420,25.90999984741211,85967.4765625,16.0625,0.0
2023-06-01 12:19:57.106836,25.90999984741211,85965.78125,16.05078125,0.0
2023-06-01 12:19:58.108887,25.90999984741211,85966.203125,16.0625,0.0
2023-06-01 12:19:59.108418,25.90999984741211,85966.7265625,16.05078125,0.0
2023-06-01 12:20:00.110993,25.899999618530273,85965.453125,16.02734375,0.0
2023-06-01 12:20:01.110861,25.899999618530273,85964.453125,16.02734375,0.0
2023-06-01 12:20:02.113105,25.899999618530273,85967.46875,16.02734375,0.0
2023-06-01 12:20:03.114199,25.889999389648438,85965.5625,16.0380859375,0.0
2023-06-01 12:20:04.113375,25.889999389648438,85965.671875,16.0380859375,0.0
2023-06-01 12:20:05.114329,25.889999389648438,85964.859375,16.0380859375,0.0
2023-06-01 12:20:06.115511,25.8799991607666,85967.796875,16.0380859375,0.0
2023-06-01 12:20:07.119752,25.8799991607666,85967.109375,16.0380859375,0.0
2023-06-01 12:20:08.120847,25.8799991607666,85967.140625,16.0380859375,0.0
2023-06-01 12:20:09.120841,25.8799991607666,85963.59375,16.0498046875,0.0
2023-06-01 12:20:10.122311,25.8799991607666,85964.5625,16.0615234375,0.0
2023-06-01 12:20:11.120580,25.8700008392334,85965.03125,16.0615234375,0.0
2023-06-01 12:20:12.125985,25.8700008392334,85965.171875,16.0498046875,0.0
2023-06-01 12:20:13.122006,25.8700008392334,85965.6640625,16.0498046875,0.0
2023-06-01 12:20:14.122522,25.8700008392334,85967.328125,16.0615234375,0.0
2023-06-01 12:20:15.123810,25.860000610351562,85963.921875,16.048828125,0.0
2023-06-01 12:20:16.124094,25.8700008392334,85966.609375,16.0498046875,0.0
2023-06-01 12:20:17.125897,25.860000610351562,85966.875,16.037109375,0.0
2023-06-01 12:20:18.125656,25.860000610351562,85965.6875,16.060546875,0.0
2023-06-01 12:20:19.126746,25.850000381469727,85966.1328125,16.048828125,0.0
2023-06-01 12:20:20.128094,25.850000381469727,85966.1328125,16.060546875,0.0
2023-06-01 12:20:21.128377,25.860000610351562,85967.6875,16.060546875,0.0
2023-06-01 12:20:22.131502,25.860000610351562,85967.984375,16.048828125,0.0
2023-06-01 12:20:23.130415,25.860000610351562,85968.484375,16.048828125,0.0
2023-06-01 12:20:24.131603,25.860000610351562,85966.984375,16.048828125,0.0
2023-06-01 12:20:25.132651,25.850000381469727,85970.28125,16.048828125,0.0
2023-06-01 12:20:26.133194,25.850000381469727,85966.765625,16.060546875,0.0
2023-06-01 12:20:27.133173,25.850000381469727,85966.046875,16.048828125,0.0
2023-06-01 12:20:28.138420,25.850000381469727,85967.703125,16.072265625,0.0
2023-06-01 12:20:29.134984,25.84000015258789,85965.6875,16.072265625,0.0
2023-06-01 12:20:30.136090,25.850000381469727,85967.265625,16.060546875,0.0
2023-06-01 12:20:31.136437,25.84000015258789,85965.15625,16.048828125,0.0
2023-06-01 12:20:32.141267,25.84000015258789,85967.65625,16.048828125,0.0
2023-06-01 12:20:33.141518,25.84000015258789,85968.84375,16.048828125,0.0
2023-06-01 12:20:34.139817,25.84000015258789,85966.015625,16.060546875,0.0
2023-06-01 12:20:35.145785,25.84000015258789,85966.484375,16.048828125,0.0
2023-06-01 12:20:36.141198,25.84000015258789,85965.625,16.048828125,0.0
2023-06-01 12:20:37.142649,25.829999923706055,85964.90625,16.060546875,0.0
2023-06-01 12:20:38.142991,25.84000015258789,85966.265625,16.072265625,0.0
2023-06-01 12:20:39.144328,25.84000015258789,85966.765625,16.095703125,0.0
2023-06-01 12:20:40.145071,25.829999923706055,85963.984375,16.119140625,0.0
2023-06-01 12:20:41.146412,25.829999923706055,85969.5625,16.119140625,0.0
2023-06-01 12:20:42.146720,25.829999923706055,85966.2890625,16.095703125,0.0
2023-06-01 12:20:42.282525,0.0,0.0,0.0,0.0
2023-06-01 12:20:43.147844,25.81999969482422,85966.203125,16.0595703125,0.0
2023-06-01 12:20:44.149720,25.81999969482422,85968.3359375,16.0595703125,0.0
2023-06-01 12:20:45.151260,25.809999465942383,85967.96875,16.0712890625,0.0
2023-06-01 12:20:46.161075,25.81999969482422,85968.203125,16.0595703125,0.0
2023-06-01 12:20:47.153964,25.809999465942383,85966.8125,16.0478515625,0.0
2023-06-01 12:20:48.154084,25.809999465942383,85965.265625,16.03515625,0.0
2023-06-01 12:20:49.154434,25.809999465942383,85968.140625,16.0361328125,0.0
2023-06-01 12:20:50.157127,25.81999969482422,85966.84375,16.0361328125,0.0
2023-06-01 12:20:51.164256,25.809999465942383,85968.140625,16.0361328125,0.0
2023-06-01 12:20:52.169197,25.809999465942383,85965.59375,16.03515625,0.0
2023-06-01 12:20:53.164487,25.809999465942383,85967.0859375,16.03515625,0.0
2023-06-01 12:20:54.170128,25.799999237060547,85966.203125,16.03515625,0.0
2023-06-01 12:20:55.163202,25.809999465942383,85968.890625,16.03515625,0.0
2023-06-01 12:20:56.174093,25.809999465942383,85968.25,16.03515625,0.0
2023-06-01 12:20:57.164832,25.809999465942383,85969.71875,16.03515625,0.0
2023-06-01 12:20:58.166887,25.799999237060547,85967.1953125,16.0947265625,0.0
2023-06-01 12:20:59.164404,25.799999237060547,85967.1953125,16.0712890625,0.0
2023-06-01 12:21:00.167116,25.799999237060547,85970.6875,16.0712890625,0.0
2023-06-01 12:21:01.168360,25.799999237060547,85968.359375,16.0712890625,0.0
2023-06-01 12:21:02.173818,25.799999237060547,85967.671875,16.0595703125,0.0
2023-06-01 12:21:03.172848,25.790000915527344,85967.1875,16.08203125,0.0
2023-06-01 12:21:04.172350,25.790000915527344,85968.1875,16.05859375,0.0
2023-06-01 12:21:05.177481,25.790000915527344,85969.078125,16.0703125,0.0
2023-06-01 12:21:06.175856,25.790000915527344,85965.0625,16.05859375,0.0
2023-06-01 12:21:07.170741,25.790000915527344,85963.234375,16.05859375,0.0
2023-06-01 12:21:08.175584,25.780000686645508,85966.140625,16.05859375,0.0
2023-06-01 12:21:09.178029,25.790000915527344,85963.3671875,16.0703125,0.0
2023-06-01 12:21:10.175119,25.790000915527344,85965.359375,16.0703125,0.0
2023-06-01 12:21:11.176893,25.790000915527344,85965.859375,16.0703125,0.0
2023-06-01 12:21:12.182919,25.780000686645508,85967.2734375,16.0703125,0.0
2023-06-01 12:21:13.175742,25.780000686645508,85968.625,16.0703125,0.0
2023-06-01 12:21:14.176846,25.780000686645508,85969.4609375,16.0703125,0.0
2023-06-01 12:21:15.179378,25.780000686645508,85966.75,16.0703125,0.0
2023-06-01 12:21:16.177910,25.780000686645508,85967.296875,16.05859375,0.0
2023-06-01 12:21:17.180045,25.780000686645508,85968.40625,16.0703125,0.0
2023-06-01 12:21:18.183160,25.780000686645508,85969.234375,16.05859375,0.0
2023-06-01 12:21:19.182089,25.780000686645508,85967.71875,16.0703125,0.0
2023-06-01 12:21:20.182643,25.770000457763672,85966.6875,16.0703125,0.0
2023-06-01 12:21:21.181854,25.770000457763672,85966.65625,16.0703125,0.0
2023-06-01 12:21:22.183520,25.770000457763672,85971.5078125,16.0703125,0.0
2023-06-01 12:21:23.184103,25.770000457763672,85968.3515625,16.0703125,0.0
2023-06-01 12:21:24.189564,25.770000457763672,85969.953125,16.08203125,0.0
2023-06-01 12:21:25.186625,25.770000457763672,85969.15625,16.09375,0.0
2023-06-01 12:21:26.186929,25.770000457763672,85970.671875,16.10546875,0.0
2023-06-01 12:21:27.197870,25.770000457763672,85969.15625,16.09375,0.0
2023-06-01 12:21:28.189887,25.770000457763672,85973.46875,16.09375,0.0
2023-06-01 12:21:29.203523,25.770000457763672,85970.953125,16.09375,0.0
2023-06-01 12:21:30.191139,25.770000457763672,85968.953125,16.09375,0.0
2023-06-01 12:21:31.192205,25.770000457763672,85968.8203125,16.09375,0.0
2023-06-01 12:21:32.192758,25.770000457763672,85970.953125,16.10546875,0.0
2023-06-01 12:21:33.195914,25.770000457763672,85969.7578125,16.0927734375,0.0
2023-06-01 12:21:34.194826,25.770000457763672,85970.421875,16.0927734375,0.0
2023-06-01 12:21:35.197834,25.770000457763672,85969.453125,16.08203125,0.0
2023-06-01 12:21:36.195846,25.760000228881836,85967.234375,16.0810546875,0.0
2023-06-01 12:21:37.196451,25.770000457763672,85968.265625,16.10546875,0.0
2023-06-01 12:21:38.199648,25.770000457763672,85965.828125,16.09375,0.0
2023-06-01 12:21:39.198607,25.770000457763672,85967.125,16.09375,0.0
2023-06-01 12:21:40.199660,25.770000457763672,85968.4375,16.0927734375,0.0
2023-06-01 12:21:41.199497,25.760000228881836,85966.40625,16.0927734375,0.0
2023-06-01 12:21:42.201380,25.760000228881836,85969.5390625,16.0927734375,0.0
2023-06-01 12:21:43.201374,25.760000228881836,85971.140625,16.0693359375,0.0
2023-06-01 12:21:44.202919,25.75,85968.734375,16.0693359375,0.0
2023-06-01 12:21:45.203112,25.75,85968.8984375,16.0693359375,0.0
2023-06-01 12:21:46.204042,25.739999771118164,85969.3125,16.0927734375,0.0
2023-06-01 12:21:47.208969,25.739999771118164,85970.5,16.0810546875,0.0
2023-06-01 12:21:48.209270,25.739999771118164,85967.984375,16.0693359375,0.0
2023-06-01 12:21:49.206281,25.739999771118164,85966.296875,16.068359375,0.0
2023-06-01 12:21:50.208334,25.739999771118164,85965.09375,16.056640625,0.0
2023-06-01 12:21:51.209167,25.729999542236328,85968.2265625,16.056640625,0.0
2023-06-01 12:21:52.209477,25.739999771118164,85964.265625,16.056640625,0.0
2023-06-01 12:21:53.211389,25.729999542236328,85964.90625,16.056640625,0.0
2023-06-01 12:21:54.211984,25.729999542236328,85965.703125,16.068359375,0.0
2023-06-01 12:21:55.216259,25.729999542236328,85967.203125,16.068359375,0.0
2023-06-01 12:21:56.213461,25.729999542236328,85966.6484375,16.080078125,0.0
2023-06-01 12:21:57.214204,25.719999313354492,85965.09375,16.080078125,0.0
2023-06-01 12:21:58.220137,25.719999313354492,85965.0625,16.080078125,0.0
2023-06-01 12:21:59.215933,25.729999542236328,85964.34375,16.080078125,0.0
2023-06-01 12:22:00.221167,25.729999542236328,85965.8125,16.068359375,0.0
2023-06-01 12:22:01.218037,25.719999313354492,85965.453125,16.068359375,0.0
2023-06-01 12:22:02.219208,25.719999313354492,85967.28125,16.068359375,0.0
2023-06-01 12:22:03.220099,25.719999313354492,85965.125,16.068359375,0.0
2023-06-01 12:22:04.227808,25.719999313354492,85966.5625,16.0556640625,0.0
2023-06-01 12:22:05.222459,25.719999313354492,85963.375,16.068359375,0.0
2023-06-01 12:22:06.224738,25.719999313354492,85963.375,16.080078125,0.0
2023-06-01 12:22:07.225262,25.709999084472656,85963.1875,16.080078125,0.0
2023-06-01 12:22:08.224941,25.719999313354492,85965.53125,16.080078125,0.0
2023-06-01 12:22:09.226407,25.719999313354492,85965.53125,16.091796875,0.0
2023-06-01 12:22:10.226840,25.719999313354492,85965.53125,16.126953125,0.0
2023-06-01 12:22:11.228936,25.709999084472656,85963.0625,16.150390625,0.0
2023-06-01 12:22:12.227955,25.709999084472656,85965.7265625,16.138671875,0.0
2023-06-01 12:22:13.230742,25.709999084472656,85963.0625,16.1142578125,0.0
2023-06-01 12:22:14.229773,25.709999084472656,85963.59375,16.115234375,0.0
2023-06-01 12:22:15.230123,25.709999084472656,85963.09375,16.115234375,0.0
2023-06-01 12:22:16.232019,25.709999084472656,85966.5,16.138671875,0.0
2023-06-01 12:22:17.235457,25.709999084472656,85963.8984375,16.1142578125,0.0
2023-06-01 12:22:18.233329,25.709999084472656,85965.5625,16.0908203125,0.0
2023-06-01 12:22:19.235112,25.709999084472656,85962.3515625,16.091796875,0.0
2023-06-01 12:22:20.235698,25.719999313354492,85967.2265625,16.091796875,0.0
2023-06-01 12:22:21.237581,25.719999313354492,85965.734375,16.103515625,0.0
2023-06-01 12:22:22.240048,25.719999313354492,85968.890625,16.115234375,0.0
2023-06-01 12:22:23.238297,25.719999313354492,85968.75,16.115234375,0.0
2023-06-01 12:22:24.238241,25.719999313354492,85966.0625,16.115234375,0.0
2023-06-01 12:22:25.242509,25.709999084472656,85965.3125,16.115234375,0.0
2023-06-01 12:22:26.239909,25.709999084472656,85966.0078125,16.103515625,0.0
2023-06-01 12:22:27.242610,25.719999313354492,85968.53125,16.091796875,0.0
2023-06-01 12:22:28.245159,25.719999313354492,85967.5859375,16.091796875,0.0
2023-06-01 12:22:29.245369,25.719999313354492,85968.0859375,16.091796875,0.0
2023-06-01 12:22:30.245577,25.719999313354492,85970.078125,16.091796875,0.0
2023-06-01 12:22:31.246396,25.719999313354492,85968.921875,16.1279296875,0.0
2023-06-01 12:22:32.247300,25.729999542236328,85967.4765625,16.1396484375,0.0
2023-06-01 12:22:33.246977,25.729999542236328,85965.6796875,16.1513671875,0.0
2023-06-01 12:22:34.248813,25.729999542236328,85968.46875,16.1513671875,0.0
2023-06-01 12:22:35.250880,25.719999313354492,85967.953125,16.1630859375,0.0
2023-06-01 12:22:36.253516,25.729999542236328,85967.1484375,16.1513671875,0.0
2023-06-01 12:22:37.258179,25.729999542236328,85966.0390625,16.1279296875,0.0
2023-06-01 12:22:38.258923,25.729999542236328,85965.234375,16.1279296875,0.0
2023-06-01 12:22:39.254457,25.739999771118164,85966.7890625,16.1396484375,0.0
2023-06-01 12:22:40.256034,25.739999771118164,85966.7890625,16.1396484375,0.0
2023-06-01 12:22:41.261091,25.739999771118164,85968.3125,16.15234375,0.0
2023-06-01 12:22:42.257119,25.739999771118164,85967.84375,16.1396484375,0.0
2023-06-01 12:22:43.261131,25.739999771118164,85966.484375,16.1279296875,0.0
2023-06-01 12:22:44.259207,25.75,85968.3984375,16.12890625,0.0
2023-06-01 12:22:45.261843,25.75,85967.5625,16.12890625,0.0
2023-06-01 12:22:46.263293,25.75,85969.0625,16.12890625,0.0
2023-06-01 12:22:47.263441,25.75,85965.40625,16.12890625,0.0
2023-06-01 12:22:48.263275,25.75,85965.90625,16.140625,0.0
2023-06-01 12:22:49.262584,25.760000228881836,85967.65625,16.140625,0.0
2023-06-01 12:22:50.264980,25.75,85966.078125,16.1640625,0.0
2023-06-01 12:22:51.270998,25.760000228881836,85968.484375,16.1640625,0.0
2023-06-01 12:22:52.277396,25.75,85969.0625,16.1875,0.0
2023-06-01 12:22:53.270659,25.75,85967.734375,16.1640625,0.0
2023-06-01 12:22:54.274163,25.75,85967.875,16.15234375,0.0
2023-06-01 12:22:55.274925,25.75,85967.5625,16.140625,0.0
2023-06-01 12:22:56.281294,25.75,85966.5703125,16.17578125,0.0
2023-06-01 12:22:57.275908,25.75,85967.375,16.17578125,0.0
2023-06-01 12:22:58.278607,25.739999771118164,85968.34375,16.1875,0.0
2023-06-01 12:22:59.275385,25.739999771118164,85968.5078125,16.19921875,0.0
2023-06-01 12:23:00.273500,25.75,85967.203125,16.2119140625,0.0
2023-06-01 12:23:01.274288,25.739999771118164,85965.984375,16.22265625,0.0
2023-06-01 12:23:02.278403,25.739999771118164,85965.9296875,16.22265625,0.0
2023-06-01 12:23:03.273928,25.739999771118164,85965.296875,16.234375,0.0
2023-06-01 12:23:04.278463,25.739999771118164,85965.765625,16.22265625,0.0
2023-06-01 12:23:05.277728,25.739999771118164,85966.296875,16.234375,0.0
2023-06-01 12:23:06.279294,25.729999542236328,85967.0625,16.234375,0.0
2023-06-01 12:23:07.280732,25.729999542236328,85967.8671875,16.234375,0.0
2023-06-01 12:23:08.278807,25.729999542236328,85967.0625,16.22265625,0.0
2023-06-01 12:23:09.279874,25.729999542236328,85964.7109375,16.2109375,0.0
2023-06-01 12:23:10.279856,25.729999542236328,85967.734375,16.2109375,0.0
2023-06-01 12:23:11.284231,25.739999771118164,85971.9140625,16.2109375,0.0
2023-06-01 12:23:12.288710,25.729999542236328,85966.734375,16.2109375,0.0
2023-06-01 12:23:13.291292,25.729999542236328,85968.859375,16.2109375,0.0
2023-06-01 12:23:14.285315,25.729999542236328,85969.859375,16.2109375,0.0
2023-06-01 12:23:15.286583,25.729999542236328,85968.3359375,16.2109375,0.0
2023-06-01 12:23:16.285815,25.719999313354492,85969.4140625,16.2109375,0.0
2023-06-01 12:23:17.290623,25.719999313354492,85968.0859375,16.2109375,0.0
2023-06-01 12:23:18.286842,25.719999313354492,85969.8828125,16.1982421875,0.0
2023-06-01 12:23:19.291497,25.719999313354492,85970.7734375,16.2109375,0.0
2023-06-01 12:23:20.289096,25.729999542236328,85970.1640625,16.22265625,0.0
2023-06-01 12:23:21.294451,25.719999313354492,85968.578125,16.234375,0.0
2023-06-01 12:23:22.294453,25.719999313354492,85965.3984375,16.234375,0.0
2023-06-01 12:23:23.292501,25.709999084472656,85967.421875,16.2216796875,0.0
2023-06-01 12:23:24.297214,25.700000762939453,85965.53125,16.197265625,0.0
2023-06-01 12:23:25.294332,25.709999084472656,85965.0625,16.162109375,0.0
2023-06-01 12:23:26.295059,25.709999084472656,85963.0625,16.162109375,0.0
2023-06-01 12:23:27.294668,25.700000762939453,85961.984375,16.138671875,0.0
2023-06-01 12:23:28.296804,25.709999084472656,85966.5625,16.150390625,0.0
2023-06-01 12:23:29.296717,25.709999084472656,85965.0625,16.150390625,0.0
2023-06-01 12:23:30.298213,25.709999084472656,85969.578125,16.150390625,0.0
2023-06-01 12:23:31.300873,25.709999084472656,85967.140625,16.150390625,0.0
2023-06-01 12:23:32.303729,25.709999084472656,85967.828125,16.1513671875,0.0
2023-06-01 12:23:33.302971,25.709999084472656,85964.671875,16.1630859375,0.0
2023-06-01 12:23:34.307048,25.709999084472656,85965.015625,16.1865234375,0.0
2023-06-01 12:23:35.302911,25.709999084472656,85966.96875,16.1982421875,0.0
2023-06-01 12:23:36.303310,25.709999084472656,85963.3203125,16.2099609375,0.0
2023-06-01 12:23:37.304612,25.709999084472656,85965.640625,16.2333984375,0.0
2023-06-01 12:23:38.307609,25.709999084472656,85963.5625,16.2568359375,0.0
2023-06-01 12:23:39.308359,25.709999084472656,85965.59375,16.2568359375,0.0
2023-06-01 12:23:40.306384,25.709999084472656,85962.234375,16.2451171875,0.0
2023-06-01 12:23:41.308297,25.709999084472656,85965.8125,16.2333984375,0.0
2023-06-01 12:23:42.308064,25.700000762939453,85962.8125,16.2099609375,0.0
2023-06-01 12:23:43.310166,25.700000762939453,85964.5078125,16.185546875,0.0
2023-06-01 12:23:44.309937,25.690000534057617,85964.6953125,16.162109375,0.0
2023-06-01 12:23:45.313702,25.690000534057617,85962.3671875,16.162109375,0.0
2023-06-01 12:23:46.311364,25.690000534057617,85964.75,16.173828125,0.0
2023-06-01 12:23:47.313693,25.700000762939453,85961.84375,16.162109375,0.0
2023-06-01 12:23:48.316440,25.700000762939453,85963.671875,16.162109375,0.0
2023-06-01 12:23:49.315515,25.709999084472656,85964.234375,16.162109375,0.0
2023-06-01 12:23:50.316933,25.700000762939453,85965.203125,16.150390625,0.0
2023-06-01 12:23:51.320183,25.700000762939453,85960.8828125,16.150390625,0.0
2023-06-01 12:23:52.317731,25.700000762939453,85962.984375,16.138671875,0.0
2023-06-01 12:23:53.317596,25.690000534057617,85962.0625,16.1259765625,0.0
2023-06-01 12:23:54.318762,25.690000534057617,85963.03125,16.1142578125,0.0
2023-06-01 12:23:55.323209,25.690000534057617,85961.9296875,16.126953125,0.0
2023-06-01 12:23:56.323943,25.700000762939453,85963.84375,16.126953125,0.0
2023-06-01 12:23:57.321366,25.700000762939453,85962.625,16.126953125,1.3761500120162964
2023-06-01 12:23:58.321675,25.690000534057617,85962.921875,16.126953125,1.295199990272522
2023-06-01 12:23:59.322025,25.700000762939453,85962.15625,16.126953125,1.0523500442504883
2023-06-01 12:24:00.324422,25.700000762939453,85962.125,16.126953125,0.8095000386238098
2023-06-01 12:24:01.325162,25.700000762939453,85963.953125,16.1142578125,0.8095000386238098
2023-06-01 12:24:02.325251,25.700000762939453,85963.671875,16.1142578125,0.7285500168800354
2023-06-01 12:24:03.326816,25.700000762939453,85962.375,16.126953125,0.5666499733924866
2023-06-01 12:24:04.326745,25.700000762939453,85963.1796875,16.138671875,0.48570001125335693
2023-06-01 12:24:05.327852,25.700000762939453,85964.703125,16.150390625,0.24285000562667847
2023-06-01 12:24:06.328274,25.709999084472656,85964.734375,16.150390625,0.4047500193119049
2023-06-01 12:24:07.330665,25.709999084472656,85962.59375,16.150390625,0.0
2023-06-01 12:24:08.331008,25.709999084472656,85960.40625,16.138671875,4.452250003814697
2023-06-01 12:24:09.332661,25.709999084472656,85963.4296875,16.115234375,0.0
2023-06-01 12:24:10.332398,25.709999084472656,85965.59375,16.103515625,0.0
2023-06-01 12:24:11.333555,25.709999084472656,85963.984375,16.115234375,0.0
2023-06-01 12:24:12.333975,25.709999084472656,85964.984375,16.115234375,0.08094999939203262
2023-06-01 12:24:13.335088,25.719999313354492,85965.203125,16.126953125,0.0
2023-06-01 12:24:14.336166,25.719999313354492,85965.53125,16.126953125,0.0
2023-06-01 12:24:15.336265,25.709999084472656,85968.640625,16.115234375,0.0
2023-06-01 12:24:16.338772,25.709999084472656,85967.0,16.138671875,0.0
2023-06-01 12:24:17.338128,25.719999313354492,85968.359375,16.1513671875,0.0
2023-06-01 12:24:18.339376,25.709999084472656,85968.078125,16.126953125,0.0
2023-06-01 12:24:19.346679,25.709999084472656,85967.21875,16.1025390625,0.3237999975681305
2023-06-01 12:24:20.344389,25.709999084472656,85966.75,16.103515625,0.4047500193119049
2023-06-01 12:24:21.342236,25.709999084472656,85964.421875,16.103515625,0.3237999975681305
2023-06-01 12:24:22.345359,25.709999084472656,85967.390625,16.1025390625,0.24285000562667847
2023-06-01 12:24:23.347030,25.709999084472656,85965.890625,16.0908203125,0.08094999939203262
2023-06-01 12:24:24.346720,25.709999084472656,85966.25,16.091796875,0.0
2023-06-01 12:24:25.347936,25.709999084472656,85965.09375,16.091796875,0.0
2023-06-01 12:24:26.354578,25.709999084472656,85967.21875,16.0908203125,0.0
2023-06-01 12:24:27.349621,25.709999084472656,85967.96875,16.091796875,0.16189999878406525
2023-06-01 12:24:28.350614,25.709999084472656,85968.3046875,16.091796875,0.48570001125335693
2023-06-01 12:24:29.349053,25.709999084472656,85965.7578125,16.091796875,0.48570001125335693
2023-06-01 12:24:30.349705,25.709999084472656,85965.921875,16.103515625,0.8095000386238098
2023-06-01 12:24:31.354334,25.709999084472656,85966.5625,16.1025390625,0.16189999878406525
2023-06-01 12:24:32.351787,25.700000762939453,85965.03125,16.1142578125,0.08094999939203262
2023-06-01 12:24:33.357544,25.700000762939453,85963.515625,16.1025390625,0.0
2023-06-01 12:24:34.355190,25.709999084472656,85967.5546875,16.1025390625,0.0
2023-06-01 12:24:35.354711,25.700000762939453,85967.03125,16.126953125,0.0
2023-06-01 12:24:36.356421,25.709999084472656,85969.21875,16.1142578125,0.0
2023-06-01 12:24:37.361351,25.709999084472656,85967.9140625,16.103515625,0.0
2023-06-01 12:24:38.358613,25.700000762939453,85966.53125,16.1025390625,0.0
2023-06-01 12:24:39.368678,25.700000762939453,85966.359375,16.1025390625,0.0
2023-06-01 12:24:40.362871,25.700000762939453,85967.03125,16.1025390625,0.0
2023-06-01 12:24:41.366713,25.700000762939453,85969.15625,16.1025390625,0.0
2023-06-01 12:24:42.366309,25.700000762939453,85967.0,16.1142578125,0.0
2023-06-01 12:24:43.366506,25.700000762939453,85967.53125,16.126953125,0.0
2023-06-01 12:24:44.371021,25.700000762939453,85968.0234375,16.1142578125,0.0
2023-06-01 12:24:45.367402,25.700000762939453,85965.140625,16.1142578125,0.0
2023-06-01 12:24:45.872710,0.0,0.0,0.0,0.0
2023-06-01 12:24:46.369071,25.700000762939453,85964.8125,16.1025390625,0.0
2023-06-01 12:24:47.371670,25.690000534057617,85966.25,16.0908203125,0.0
2023-06-01 12:24:48.370826,25.700000762939453,85964.1171875,16.1142578125,0.0
2023-06-01 12:24:49.376529,25.690000534057617,85967.90625,16.1142578125,0.0
2023-06-01 12:24:50.373038,25.700000762939453,85968.6015625,16.1142578125,0.0
2023-06-01 12:24:51.374109,25.700000762939453,85966.8046875,16.126953125,0.0
2023-06-01 12:24:52.374359,25.700000762939453,85968.4375,16.1142578125,0.0
2023-06-01 12:24:53.371422,25.700000762939453,85965.78125,16.1142578125,0.0
2023-06-01 12:24:54.371681,25.690000534057617,85964.921875,16.1142578125,0.0
2023-06-01 12:24:55.373768,25.700000762939453,85966.0,16.126953125,0.08094999939203262
2023-06-01 12:24:56.379902,25.700000762939453,85970.484375,16.126953125,0.0
2023-06-01 12:24:57.375897,25.700000762939453,85965.96875,16.126953125,0.0
2023-06-01 12:24:58.375391,25.700000762939453,85967.859375,16.126953125,0.0
2023-06-01 12:24:59.381141,25.700000762939453,85967.53125,16.126953125,0.0
2023-06-01 12:25:00.376555,25.700000762939453,85967.359375,16.1142578125,0.0
2023-06-01 12:25:01.377978,25.709999084472656,85966.890625,16.126953125,0.0
2023-06-01 12:25:02.380595,25.709999084472656,85965.7578125,16.115234375,0.16189999878406525
2023-06-01 12:25:03.379736,25.709999084472656,85968.21875,16.1142578125,0.3237999975681305
2023-06-01 12:25:04.381905,25.700000762939453,85964.0390625,16.1025390625,0.24285000562667847
2023-06-01 12:25:05.384592,25.709999084472656,85966.71875,16.1142578125,0.0
2023-06-01 12:25:06.390232,25.709999084472656,85967.9140625,16.115234375,0.08094999939203262
2023-06-01 12:25:07.385608,25.709999084472656,85964.6484375,16.126953125,0.0
2023-06-01 12:25:08.386969,25.709999084472656,85967.9140625,16.138671875,0.0
2023-06-01 12:25:09.384846,25.700000762939453,85965.859375,16.126953125,0.0
2023-06-01 12:25:10.386567,25.700000762939453,85965.9453125,16.126953125,0.0
2023-06-01 12:25:11.388766,25.700000762939453,85967.2734375,16.126953125,0.0
2023-06-01 12:25:12.392410,25.690000534057617,85964.75,16.138671875,0.0
2023-06-01 12:25:13.390525,25.700000762939453,85969.4375,16.126953125,0.16189999878406525
2023-06-01 12:25:14.389178,25.690000534057617,85966.078125,16.126953125,0.4047500193119049
2023-06-01 12:25:15.391861,25.690000534057617,85967.078125,16.126953125,0.5666499733924866
2023-06-01 12:25:16.394620,25.690000534057617,85965.21875,16.1259765625,0.48570001125335693
2023-06-01 12:25:17.394683,25.700000762939453,85965.78125,16.126953125,0.4047500193119049
2023-06-01 12:25:18.394047,25.700000762939453,85966.03125,16.126953125,0.4047500193119049
2023-06-01 12:25:19.395822,25.700000762939453,85964.3125,16.138671875,0.3237999975681305
2023-06-01 12:25:20.395721,25.700000762939453,85964.3671875,16.126953125,0.3237999975681305
2023-06-01 12:25:21.396294,25.700000762939453,85965.46875,16.1142578125,0.3237999975681305
2023-06-01 12:25:22.396713,25.700000762939453,85964.671875,16.1142578125,0.08094999939203262
2023-06-01 12:25:23.397985,25.700000762939453,85966.3046875,16.1142578125,0.08094999939203262
2023-06-01 12:25:24.401660,25.690000534057617,85965.75,16.126953125,0.0
2023-06-01 12:25:25.401572,25.690000534057617,85963.2578125,16.138671875,0.0
2023-06-01 12:25:26.400039,25.700000762939453,85964.78125,16.162109375,0.0
2023-06-01 12:25:27.401441,25.700000762939453,85967.7734375,16.185546875,0.0
2023-06-01 12:25:28.403935,25.700000762939453,85965.4453125,16.150390625,0.0
2023-06-01 12:25:29.402972,25.700000762939453,85965.8359375,16.126953125,0.0
2023-06-01 12:25:30.403319,25.700000762939453,85966.140625,16.138671875,0.0
2023-06-01 12:25:31.404765,25.690000534057617,85965.421875,16.138671875,0.0
2023-06-01 12:25:32.405927,25.700000762939453,85963.6484375,16.138671875,0.08094999939203262
2023-06-01 12:25:33.409243,25.700000762939453,85966.6953125,16.126953125,0.24285000562667847
2023-06-01 12:25:34.407569,25.709999084472656,85965.0625,16.138671875,0.08094999939203262
2023-06-01 12:25:35.410228,25.709999084472656,85968.75,16.126953125,0.0
2023-06-01 12:25:36.410430,25.709999084472656,85967.46875,16.115234375,0.0
2023-06-01 12:25:37.409879,25.700000762939453,85969.515625,16.126953125,0.0
2023-06-01 12:25:38.412216,25.709999084472656,85969.9921875,16.103515625,0.0
2023-06-01 12:25:39.411702,25.709999084472656,85966.921875,16.115234375,0.0
2023-06-01 12:25:40.412449,25.709999084472656,85968.078125,16.115234375,0.0
2023-06-01 12:25:41.413227,25.709999084472656,85966.890625,16.1142578125,0.0
2023-06-01 12:25:42.414349,25.709999084472656,85964.921875,16.115234375,0.0
2023-06-01 12:25:43.414870,25.700000762939453,85964.8671875,16.1142578125,0.16189999878406525
2023-06-01 12:25:44.415848,25.709999084472656,85969.2421875,16.126953125,0.24285000562667847
2023-06-01 12:25:45.417316,25.719999313354492,85969.0546875,16.1513671875,0.647599995136261
2023-06-01 12:25:46.417682,25.709999084472656,85970.46875,16.162109375,0.9714000225067139
2023-06-01 12:25:47.418922,25.709999084472656,85969.2421875,16.173828125,1.1332999467849731
2023-06-01 12:25:48.419443,25.709999084472656,85971.734375,16.173828125,0.7285500168800354
2023-06-01 12:25:49.422197,25.709999084472656,85972.125,16.150390625,0.5666499733924866
2023-06-01 12:25:50.422722,25.709999084472656,85966.671875,16.1513671875,0.3237999975681305
2023-06-01 12:25:51.424534,25.719999313354492,85968.5546875,16.126953125,0.48570001125335693
2023-06-01 12:25:52.425791,25.709999084472656,85968.828125,16.126953125,0.4047500193119049
2023-06-01 12:25:53.424149,25.709999084472656,85969.296875,16.126953125,0.24285000562667847
2023-06-01 12:25:54.424439,25.709999084472656,85965.9765625,16.126953125,0.16189999878406525
2023-06-01 12:25:55.426909,25.719999313354492,85969.859375,16.126953125,0.08094999939203262
2023-06-01 12:25:56.427180,25.719999313354492,85968.6875,16.138671875,0.16189999878406525
2023-06-01 12:25:57.428364,25.719999313354492,85970.359375,16.138671875,0.0
2023-06-01 12:25:58.429887,25.719999313354492,85969.5546875,16.138671875,0.0
2023-06-01 12:25:59.429950,25.719999313354492,85971.375,16.1513671875,0.08094999939203262
2023-06-01 12:26:00.431876,25.719999313354492,85971.90625,16.1630859375,0.0
2023-06-01 12:26:01.431590,25.719999313354492,85971.875,16.1748046875,0.0
2023-06-01 12:26:02.433189,25.719999313354492,85972.015625,16.1748046875,0.16189999878406525
2023-06-01 12:26:03.433433,25.719999313354492,85970.0234375,16.1630859375,0.08094999939203262
2023-06-01 12:26:04.434793,25.709999084472656,85972.7890625,16.150390625,0.08094999939203262
2023-06-01 12:26:05.434943,25.709999084472656,85969.3515625,16.126953125,0.3237999975681305
2023-06-01 12:26:06.436175,25.700000762939453,85970.984375,16.162109375,0.9714000225067139
2023-06-01 12:26:07.436723,25.709999084472656,85974.53125,16.162109375,0.8095000386238098
2023-06-01 12:26:08.442160,25.709999084472656,85969.578125,16.173828125,0.7285500168800354
2023-06-01 12:26:09.440831,25.709999084472656,85969.546875,16.173828125,0.5666499733924866
2023-06-01 12:26:10.439678,25.709999084472656,85971.734375,16.173828125,0.5666499733924866
2023-06-01 12:26:11.444599,25.700000762939453,85969.984375,16.173828125,0.48570001125335693
2023-06-01 12:26:12.441773,25.700000762939453,85968.4375,16.185546875,0.24285000562667847
2023-06-01 12:26:13.442535,25.700000762939453,85966.609375,16.185546875,0.24285000562667847
2023-06-01 12:26:14.442802,25.700000762939453,85967.4375,16.185546875,0.08094999939203262
2023-06-01 12:26:15.444295,25.700000762939453,85970.625,16.197265625,0.24285000562667847
2023-06-01 12:26:16.444572,25.700000762939453,85972.671875,16.197265625,0.24285000562667847
2023-06-01 12:26:17.446342,25.700000762939453,85970.296875,16.185546875,0.16189999878406525
2023-06-01 12:26:18.446580,25.700000762939453,85968.765625,16.197265625,0.16189999878406525
2023-06-01 12:26:19.447920,25.700000762939453,85973.1484375,16.185546875,0.08094999939203262
2023-06-01 12:26:20.447940,25.700000762939453,85971.09375,16.197265625,0.0
2023-06-01 12:26:21.451602,25.690000534057617,85971.8671875,16.197265625,0.08094999939203262
2023-06-01 12:26:22.451140,25.690000534057617,85969.234375,16.197265625,0.16189999878406525
2023-06-01 12:26:23.451402,25.700000762939453,85970.59375,16.197265625,0.3237999975681305
2023-06-01 12:26:24.459161,25.700000762939453,85970.265625,16.197265625,0.647599995136261
2023-06-01 12:26:25.457653,25.700000762939453,85968.6015625,16.185546875,0.8904500007629395
2023-06-01 12:26:26.456018,25.690000534057617,85970.40625,16.185546875,1.295199990272522
2023-06-01 12:26:27.460991,25.690000534057617,85969.375,16.173828125,1.1332999467849731
2023-06-01 12:26:28.457510,25.690000534057617,85967.828125,16.197265625,0.7285500168800354
2023-06-01 12:26:29.464913,25.690000534057617,85968.40625,16.185546875,0.48570001125335693
2023-06-01 12:26:30.465714,25.700000762939453,85965.78125,16.185546875,0.3237999975681305
2023-06-01 12:26:31.458038,25.690000534057617,85966.078125,16.185546875,0.24285000562667847
2023-06-01 12:26:32.463437,25.700000762939453,85968.4921875,16.185546875,0.08094999939203262
2023-06-01 12:26:33.462098,25.700000762939453,85965.703125,16.173828125,0.0
2023-06-01 12:26:34.466784,25.709999084472656,85967.5546875,16.173828125,0.08094999939203262
2023-06-01 12:26:35.462827,25.709999084472656,85968.0546875,16.173828125,0.16189999878406525
2023-06-01 12:26:36.464614,25.709999084472656,85965.671875,16.1865234375,0.24285000562667847
2023-06-01 12:26:37.470603,25.709999084472656,85966.0078125,16.1748046875,0.24285000562667847
2023-06-01 12:26:38.217454,0.0,0.0,0.0,0.0
2023-06-01 12:26:38.465912,25.709999084472656,85965.421875,16.162109375,0.0
2023-06-01 12:26:39.467197,25.709999084472656,85963.8125,16.162109375,0.0
2023-06-01 12:26:40.467389,25.709999084472656,85963.6796875,16.1630859375,0.0
2023-06-01 12:26:41.471254,25.709999084472656,85966.0078125,16.1513671875,0.08094999939203262
2023-06-01 12:26:42.470392,25.719999313354492,85966.53125,16.138671875,0.24285000562667847
2023-06-01 12:26:43.470104,25.719999313354492,85967.71875,16.138671875,0.16189999878406525
2023-06-01 12:26:44.471828,25.719999313354492,85968.0625,16.138671875,0.08094999939203262
2023-06-01 12:26:45.472789,25.709999084472656,85967.5,16.126953125,0.0
2023-06-01 12:26:46.473349,25.700000762939453,85966.671875,16.126953125,0.4047500193119049
2023-06-01 12:26:47.476997,25.709999084472656,85964.5625,16.1142578125,1.0523500442504883
2023-06-01 12:26:48.473597,25.709999084472656,85965.8125,16.103515625,1.295199990272522
2023-06-01 12:26:49.475853,25.709999084472656,85965.421875,16.115234375,1.0523500442504883
2023-06-01 12:26:50.483070,25.719999313354492,85964.375,16.115234375,1.0523500442504883
2023-06-01 12:26:51.476732,25.709999084472656,85964.84375,16.115234375,0.8904500007629395
2023-06-01 12:26:52.480229,25.719999313354492,85965.53125,16.115234375,0.8095000386238098
2023-06-01 12:26:53.478238,25.709999084472656,85966.0078125,16.115234375,0.9714000225067139
2023-06-01 12:26:54.479352,25.709999084472656,85966.640625,16.115234375,0.9714000225067139
2023-06-01 12:26:55.479732,25.709999084472656,85969.296875,16.115234375,0.7285500168800354
2023-06-01 12:26:56.484417,25.709999084472656,85966.4765625,16.115234375,0.48570001125335693
2023-06-01 12:26:57.484690,25.709999084472656,85966.3125,16.103515625,0.4047500193119049
2023-06-01 12:26:58.489100,25.709999084472656,85967.5,16.103515625,0.3237999975681305
2023-06-01 12:26:59.484906,25.709999084472656,85969.40625,16.103515625,0.3237999975681305
2023-06-01 12:27:00.484380,25.709999084472656,85967.5,16.091796875,0.24285000562667847
2023-06-01 12:27:01.485361,25.709999084472656,85965.0625,16.1025390625,0.08094999939203262
2023-06-01 12:27:02.486601,25.709999084472656,85968.0546875,16.1025390625,0.08094999939203262
2023-06-01 12:27:03.487439,25.700000762939453,85966.828125,16.1142578125,0.08094999939203262
2023-06-01 12:27:04.487872,25.700000762939453,85965.3359375,16.1142578125,0.4047500193119049
2023-06-01 12:27:05.491136,25.700000762939453,85967.859375,16.1142578125,0.4047500193119049
2023-06-01 12:27:06.490205,25.709999084472656,85966.890625,16.1025390625,0.3237999975681305
2023-06-01 12:27:07.491497,25.700000762939453,85970.8203125,16.1025390625,0.16189999878406525
2023-06-01 12:27:08.492536,25.700000762939453,85967.640625,16.126953125,0.08094999939203262
2023-06-01 12:27:09.492677,25.700000762939453,85965.359375,16.126953125,0.0
2023-06-01 12:27:10.496248,25.700000762939453,85965.8359375,16.1142578125,0.0
2023-06-01 12:27:11.494363,25.700000762939453,85965.9453125,16.138671875,0.0
2023-06-01 12:27:12.498875,25.690000534057617,85966.0546875,16.1376953125,0.0
2023-06-01 12:27:13.497751,25.68000030517578,85966.296875,16.1494140625,0.3237999975681305
2023-06-01 12:27:14.497798,25.690000534057617,85965.75,16.138671875,1.0523500442504883
2023-06-01 12:27:15.500295,25.690000534057617,85965.578125,16.150390625,1.295199990272522
2023-06-01 12:27:16.506072,25.700000762939453,85966.609375,16.162109375,0.8095000386238098
2023-06-01 12:27:17.502025,25.700000762939453,85970.625,16.150390625,0.5666499733924866
2023-06-01 12:27:18.501729,25.700000762939453,85967.6640625,16.150390625,0.3237999975681305
2023-06-01 12:27:19.502184,25.690000534057617,85969.234375,16.150390625,0.5666499733924866
2023-06-01 12:27:20.505517,25.700000762939453,85970.9296875,16.150390625,1.2142499685287476
2023-06-01 12:27:21.503361,25.700000762939453,85972.75,16.126953125,1.5380500555038452
2023-06-01 12:27:22.504995,25.700000762939453,85969.9609375,16.138671875,1.0523500442504883
2023-06-01 12:27:23.505790,25.700000762939453,85968.4375,16.138671875,0.8095000386238098
2023-06-01 12:27:24.506727,25.700000762939453,85971.7578125,16.138671875,0.8095000386238098
2023-06-01 12:27:25.506780,25.690000534057617,85969.015625,16.1376953125,0.9714000225067139
2023-06-01 12:27:26.508083,25.690000534057617,85967.328125,16.1494140625,0.8095000386238098
2023-06-01 12:27:27.508549,25.690000534057617,85967.71875,16.150390625,0.647599995136261
2023-06-01 12:27:28.512432,25.690000534057617,85967.71875,16.150390625,1.2142499685287476
2023-06-01 12:27:29.511196,25.690000534057617,85970.34375,16.162109375,1.3761500120162964
2023-06-01 12:27:30.512301,25.690000534057617,85969.15625,16.1494140625,0.9714000225067139
2023-06-01 12:27:31.513461,25.690000534057617,85967.6875,16.162109375,0.48570001125335693
2023-06-01 12:27:32.513194,25.690000534057617,85967.828125,16.1611328125,0.16189999878406525
2023-06-01 12:27:33.518990,25.68000030517578,85965.75,16.1728515625,0.08094999939203262
2023-06-01 12:27:34.514850,25.690000534057617,85967.65625,16.185546875,0.0
2023-06-01 12:27:35.516174,25.68000030517578,85969.953125,16.197265625,0.0
2023-06-01 12:27:36.523082,25.690000534057617,85966.6640625,16.185546875,0.0
2023-06-01 12:27:37.518379,25.690000534057617,85970.3125,16.197265625,0.0
2023-06-01 12:27:38.519597,25.690000534057617,85969.6796875,16.173828125,0.0
2023-06-01 12:27:39.519511,25.68000030517578,85968.296875,16.185546875,0.0
2023-06-01 12:27:40.519691,25.68000030517578,85969.625,16.185546875,0.0
2023-06-01 12:27:41.524609,25.690000534057617,85969.8203125,16.197265625,0.0
2023-06-01 12:27:42.525785,25.690000534057617,85970.015625,16.185546875,0.0
2023-06-01 12:27:43.523789,25.690000534057617,85969.515625,16.185546875,0.0
2023-06-01 12:27:44.523949,25.690000534057617,85969.34375,16.185546875,0.0
2023-06-01 12:27:45.524382,25.690000534057617,85967.1875,16.173828125,0.0
2023-06-01 12:27:46.526430,25.690000534057617,85970.5390625,16.173828125,0.08094999939203262
2023-06-01 12:27:47.526391,25.690000534057617,85968.90625,16.185546875,0.0
2023-06-01 12:27:48.527552,25.690000534057617,85972.234375,16.185546875,0.0
2023-06-01 12:27:49.527793,25.690000534057617,85972.3984375,16.185546875,0.0
2023-06-01 12:27:50.529127,25.690000534057617,85972.5625,16.2099609375,0.0
2023-06-01 12:27:51.529442,25.700000762939453,85975.4453125,16.2216796875,0.0
2023-06-01 12:27:52.530857,25.690000534057617,85970.5703125,16.2216796875,0.0
2023-06-01 12:27:53.532042,25.700000762939453,85971.59375,16.2333984375,0.0
2023-06-01 12:27:54.533407,25.690000534057617,85971.0625,16.2216796875,0.0
2023-06-01 12:27:55.536092,25.700000762939453,85973.25,16.2216796875,0.0
2023-06-01 12:27:56.535090,25.690000534057617,85969.7109375,16.220703125,0.24285000562667847
2023-06-01 12:27:57.536721,25.700000762939453,85971.59375,16.2216796875,0.4047500193119049
2023-06-01 12:27:58.536959,25.700000762939453,85970.125,16.2333984375,0.5666499733924866
2023-06-01 12:27:59.538435,25.690000534057617,85972.0625,16.2099609375,0.7285500168800354
2023-06-01 12:28:00.538358,25.690000534057617,85970.046875,16.208984375,0.647599995136261
2023-06-01 12:28:01.539779,25.690000534057617,85971.171875,16.197265625,0.5666499733924866
2023-06-01 12:28:02.540237,25.700000762939453,85972.59375,16.2099609375,0.647599995136261
2023-06-01 12:28:03.541366,25.700000762939453,85975.78125,16.2099609375,0.8095000386238098
2023-06-01 12:28:04.542016,25.690000534057617,85972.3671875,16.173828125,0.8904500007629395
2023-06-01 12:28:05.546009,25.68000030517578,85968.4375,16.1728515625,0.8904500007629395
2023-06-01 12:28:06.543711,25.690000534057617,85969.984375,16.1728515625,0.7285500168800354
2023-06-01 12:28:07.544678,25.690000534057617,85969.015625,16.197265625,0.647599995136261
2023-06-01 12:28:08.546881,25.68000030517578,85970.7890625,16.185546875,0.647599995136261
2023-06-01 12:28:09.546991,25.690000534057617,85970.3125,16.197265625,0.5666499733924866
2023-06-01 12:28:10.548339,25.690000534057617,85972.0,16.197265625,0.48570001125335693
2023-06-01 12:28:11.548677,25.690000534057617,85971.6484375,16.197265625,0.48570001125335693
2023-06-01 12:28:12.549963,25.68000030517578,85970.7578125,16.197265625,0.5666499733924866
2023-06-01 12:28:13.552850,25.690000534057617,85974.640625,16.197265625,0.4047500193119049
2023-06-01 12:28:14.551795,25.690000534057617,85973.140625,16.197265625,0.4047500193119049
2023-06-01 12:28:15.553012,25.690000534057617,85971.0078125,16.185546875,0.3237999975681305
2023-06-01 12:28:16.553383,25.68000030517578,85973.109375,16.197265625,0.08094999939203262
2023-06-01 12:28:17.559878,25.68000030517578,85971.0625,16.220703125,0.0
2023-06-01 12:28:18.556088,25.690000534057617,85972.140625,16.208984375,0.0
2023-06-01 12:28:19.563718,25.690000534057617,85973.171875,16.220703125,0.08094999939203262
2023-06-01 12:28:20.556942,25.690000534057617,85972.203125,16.220703125,0.08094999939203262
2023-06-01 12:28:21.558719,25.700000762939453,85974.421875,16.2216796875,0.08094999939203262
2023-06-01 12:28:22.558950,25.700000762939453,85974.421875,16.2099609375,0.16189999878406525
2023-06-01 12:28:23.560011,25.690000534057617,85971.671875,16.197265625,0.0
2023-06-01 12:28:24.570659,25.690000534057617,85970.84375,16.173828125,0.0
2023-06-01 12:28:25.572827,25.690000534057617,85972.640625,16.185546875,0.16189999878406525
2023-06-01 12:28:26.571698,25.68000030517578,85973.109375,16.1728515625,0.5666499733924866
2023-06-01 12:28:27.572078,25.68000030517578,85974.109375,16.185546875,1.2142499685287476
2023-06-01 12:28:28.577760,25.68000030517578,85972.9453125,16.185546875,0.9714000225067139
2023-06-01 12:28:29.572443,25.690000534057617,85970.3125,16.1728515625,0.9714000225067139
2023-06-01 12:28:30.566152,25.68000030517578,85970.59375,16.1728515625,0.7285500168800354
2023-06-01 12:28:31.566839,25.68000030517578,85971.703125,16.1728515625,0.7285500168800354
2023-06-01 12:28:32.575956,25.68000030517578,85972.5625,16.1845703125,0.7285500168800354
2023-06-01 12:28:33.573013,25.68000030517578,85975.078125,16.197265625,0.48570001125335693
2023-06-01 12:28:34.574241,25.68000030517578,85974.28125,16.185546875,0.3237999975681305
2023-06-01 12:28:35.579582,25.670000076293945,85971.4453125,16.1845703125,0.3237999975681305
2023-06-01 12:28:36.575587,25.670000076293945,85971.609375,16.1728515625,0.4047500193119049
2023-06-01 12:28:37.580490,25.670000076293945,85972.0546875,16.1728515625,0.647599995136261
2023-06-01 12:28:38.573656,25.670000076293945,85969.7265625,16.1728515625,0.647599995136261
2023-06-01 12:28:39.575124,25.670000076293945,85970.453125,16.1728515625,0.5666499733924866
2023-06-01 12:28:40.579279,25.68000030517578,85973.359375,16.1845703125,0.4047500193119049
2023-06-01 12:28:41.575534,25.670000076293945,85973.078125,16.1962890625,0.647599995136261
2023-06-01 12:28:42.581383,25.670000076293945,85975.984375,16.208984375,0.8095000386238098
2023-06-01 12:28:43.592582,25.670000076293945,85973.046875,16.1962890625,0.8904500007629395
2023-06-01 12:28:44.578988,25.670000076293945,85974.109375,16.1962890625,0.8904500007629395
2023-06-01 12:28:45.579161,25.670000076293945,85975.234375,16.1962890625,1.295199990272522
2023-06-01 12:28:46.586844,25.670000076293945,85973.25,16.1962890625,1.9428000450134277
2023-06-01 12:28:47.587766,25.670000076293945,85972.609375,16.1962890625,1.8618501424789429
2023-06-01 12:28:48.583125,25.670000076293945,85975.828125,16.1845703125,1.699950098991394
2023-06-01 12:28:49.583273,25.670000076293945,85972.9140625,16.1962890625,1.4571000337600708
2023-06-01 12:28:50.588292,25.65999984741211,85971.1953125,16.1845703125,1.1332999467849731
2023-06-01 12:28:51.588835,25.65999984741211,85970.5,16.1845703125,0.9714000225067139
2023-06-01 12:28:52.586714,25.65999984741211,85969.78125,16.1962890625,0.647599995136261
2023-06-01 12:28:53.592022,25.649999618530273,85972.046875,16.1953125,0.48570001125335693
2023-06-01 12:28:54.592318,25.649999618530273,85968.53125,16.2080078125,0.7285500168800354
2023-06-01 12:28:55.592323,25.65999984741211,85970.03125,16.2080078125,0.7285500168800354
2023-06-01 12:28:56.588522,25.670000076293945,85971.75,16.208984375,0.8904500007629395
2023-06-01 12:28:57.590426,25.65999984741211,85971.859375,16.2080078125,0.9714000225067139
2023-06-01 12:28:58.593128,25.65999984741211,85972.1875,16.1962890625,0.8904500007629395
2023-06-01 12:28:59.592669,25.65999984741211,85972.03125,16.1962890625,0.7285500168800354
2023-06-01 12:29:00.592820,25.65999984741211,85973.4921875,16.1962890625,0.48570001125335693
2023-06-01 12:29:01.593844,25.649999618530273,85973.578125,16.18359375,0.4047500193119049
2023-06-01 12:29:02.597788,25.65999984741211,85974.328125,16.1728515625,0.4047500193119049
2023-06-01 12:29:03.595162,25.65999984741211,85969.78125,16.1728515625,0.4047500193119049
2023-06-01 12:29:04.597716,25.65999984741211,85969.453125,16.16015625,0.24285000562667847
2023-06-01 12:29:05.596542,25.65999984741211,85970.671875,16.1611328125,0.3237999975681305
2023-06-01 12:29:06.598163,25.65999984741211,85970.78125,16.16015625,0.4047500193119049
2023-06-01 12:29:07.599145,25.65999984741211,85972.5,16.2080078125,0.4047500193119049
2023-06-01 12:29:08.599720,25.65999984741211,85974.015625,16.2080078125,0.4047500193119049
2023-06-01 12:29:09.601514,25.65999984741211,85973.296875,16.1962890625,0.4047500193119049
2023-06-01 12:29:10.602187,25.65999984741211,85972.796875,16.1728515625,0.24285000562667847
2023-06-01 12:29:11.604975,25.65999984741211,85973.984375,16.1962890625,0.24285000562667847
2023-06-01 12:29:12.605278,25.65999984741211,85971.6953125,16.1962890625,0.0
2023-06-01 12:29:13.605844,25.65999984741211,85971.6953125,16.2080078125,0.0
2023-06-01 12:29:14.605480,25.670000076293945,85970.421875,16.220703125,0.16189999878406525
2023-06-01 12:29:15.607298,25.670000076293945,85972.71875,16.2197265625,0.16189999878406525
2023-06-01 12:29:16.607022,25.670000076293945,85973.046875,16.1962890625,0.16189999878406525
2023-06-01 12:29:17.610013,25.65999984741211,85972.0,16.1962890625,0.16189999878406525
2023-06-01 12:29:18.609970,25.65999984741211,85972.1875,16.1962890625,0.08094999939203262
2023-06-01 12:29:19.610305,25.649999618530273,85970.8828125,16.2080078125,0.0
2023-06-01 12:29:20.610394,25.65999984741211,85974.484375,16.2080078125,0.08094999939203262
2023-06-01 12:29:21.611849,25.65999984741211,85973.0234375,16.2197265625,0.7285500168800354
2023-06-01 12:29:22.612306,25.65999984741211,85972.359375,16.1962890625,0.8904500007629395
2023-06-01 12:29:23.614631,25.65999984741211,85972.328125,16.1845703125,0.7285500168800354
2023-06-01 12:29:24.613559,25.65999984741211,85972.7734375,16.1728515625,0.647599995136261
2023-06-01 12:29:25.617709,25.649999618530273,85971.6875,16.18359375,0.4047500193119049
2023-06-01 12:29:26.616531,25.65999984741211,85974.765625,16.1728515625,0.3237999975681305
2023-06-01 12:29:27.616767,25.65999984741211,85970.4453125,16.1728515625,0.16189999878406525
2023-06-01 12:29:28.618374,25.670000076293945,85972.5546875,16.1728515625,0.08094999939203262
2023-06-01 12:29:29.618604,25.65999984741211,85969.203125,16.1728515625,0.0
2023-06-01 12:29:30.620968,25.649999618530273,85970.21875,16.171875,0.0
2023-06-01 12:29:31.623891,25.649999618530273,85971.078125,16.171875,0.0
2023-06-01 12:29:32.621647,25.65999984741211,85971.7734375,16.1728515625,0.0
2023-06-01 12:29:33.621793,25.649999618530273,85970.53125,16.18359375,0.0
2023-06-01 12:29:34.622930,25.65999984741211,85971.96875,16.1728515625,0.16189999878406525
2023-06-01 12:29:35.623390,25.65999984741211,85969.8359375,16.1728515625,0.5666499733924866
2023-06-01 12:29:36.624710,25.670000076293945,85969.0625,16.1845703125,0.8095000386238098
2023-06-01 12:29:37.625103,25.670000076293945,85972.109375,16.1962890625,0.647599995136261
2023-06-01 12:29:38.626402,25.670000076293945,85972.4453125,16.1962890625,0.48570001125335693
2023-06-01 12:29:39.627796,25.670000076293945,85972.828125,16.1962890625,0.4047500193119049
2023-06-01 12:29:40.628016,25.670000076293945,85971.78125,16.1728515625,0.4047500193119049
2023-06-01 12:29:41.635457,25.670000076293945,85971.921875,16.1728515625,0.24285000562667847
2023-06-01 12:29:42.629857,25.670000076293945,85969.78125,16.1728515625,0.16189999878406525
2023-06-01 12:29:43.633364,25.68000030517578,85972.1953125,16.1845703125,0.24285000562667847
2023-06-01 12:29:44.632671,25.670000076293945,85975.328125,16.1611328125,0.08094999939203262
2023-06-01 12:29:45.633007,25.670000076293945,85971.9453125,16.1611328125,0.16189999878406525
2023-06-01 12:29:46.633115,25.670000076293945,85970.75,16.1611328125,0.08094999939203262
2023-06-01 12:29:47.634470,25.670000076293945,85973.0,16.1494140625,0.0
2023-06-01 12:29:48.635972,25.670000076293945,85972.328125,16.1494140625,0.0
2023-06-01 12:29:49.636275,25.670000076293945,85974.828125,16.1494140625,0.0
2023-06-01 12:29:50.637467,25.670000076293945,85973.90625,16.1611328125,0.08094999939203262
2023-06-01 12:29:51.638971,25.65999984741211,85973.359375,16.1494140625,0.08094999939203262
2023-06-01 12:29:52.643471,25.65999984741211,85973.359375,16.1494140625,0.3237999975681305
2023-06-01 12:29:53.650349,25.65999984741211,85973.359375,16.1494140625,0.8095000386238098
2023-06-01 12:29:54.641775,25.670000076293945,85974.7421875,16.1494140625,1.4571000337600708
2023-06-01 12:29:55.642134,25.670000076293945,85973.9375,16.1611328125,1.6190000772476196
2023-06-01 12:29:56.647466,25.670000076293945,85972.078125,16.1494140625,1.9428000450134277
2023-06-01 12:29:57.644060,25.670000076293945,85975.6015625,16.1494140625,2.1047000885009766
2023-06-01 12:29:58.645038,25.670000076293945,85975.234375,16.1376953125,1.780900001525879
2023-06-01 12:29:59.645764,25.670000076293945,85974.7109375,16.1494140625,1.295199990272522
2023-06-01 12:30:00.646667,25.670000076293945,85975.375,16.1611328125,1.1332999467849731
2023-06-01 12:30:01.648135,25.65999984741211,85975.015625,16.1494140625,0.8095000386238098
2023-06-01 12:30:02.648870,25.65999984741211,85974.015625,16.1494140625,0.647599995136261
2023-06-01 12:30:03.649051,25.65999984741211,85975.3203125,16.1494140625,0.7285500168800354
2023-06-01 12:30:04.657884,25.65999984741211,85972.5,16.1494140625,0.5666499733924866
2023-06-01 12:30:05.651873,25.65999984741211,85972.5234375,16.1494140625,0.4047500193119049
2023-06-01 12:30:06.653061,25.65999984741211,85973.1875,16.13671875,0.16189999878406525
2023-06-01 12:30:07.654202,25.65999984741211,85973.0234375,16.13671875,0.08094999939203262
2023-06-01 12:30:08.654792,25.65999984741211,85974.15625,16.125,0.0
2023-06-01 12:30:09.664348,25.65999984741211,85971.0,16.125,0.0
2023-06-01 12:30:10.662696,25.65999984741211,85973.828125,16.13671875,0.0
2023-06-01 12:30:11.659211,25.670000076293945,85971.890625,16.13671875,0.08094999939203262
2023-06-01 12:30:12.665153,25.670000076293945,85968.8984375,16.1494140625,0.08094999939203262
2023-06-01 12:30:13.666626,25.65999984741211,85971.6953125,16.1611328125,0.16189999878406525
2023-06-01 12:30:14.661104,25.670000076293945,85971.5859375,16.1611328125,0.3237999975681305
2023-06-01 12:30:15.663023,25.670000076293945,85971.5859375,16.1611328125,0.5666499733924866
2023-06-01 12:30:16.660841,25.65999984741211,85970.96875,16.16015625,0.647599995136261
2023-06-01 12:30:17.662181,25.670000076293945,85972.5546875,16.1728515625,0.647599995136261
2023-06-01 12:30:18.664147,25.670000076293945,85976.0703125,16.1611328125,0.48570001125335693
2023-06-01 12:30:19.666914,25.65999984741211,85975.6796875,16.1611328125,0.8904500007629395
2023-06-01 12:30:20.664388,25.649999618530273,85971.359375,16.1484375,1.1332999467849731
2023-06-01 12:30:21.667071,25.649999618530273,85972.65625,16.1484375,1.1332999467849731
2023-06-01 12:30:22.670591,25.649999618530273,85972.828125,16.1484375,0.8095000386238098
2023-06-01 12:30:23.667073,25.649999618530273,85972.984375,16.16015625,0.7285500168800354
2023-06-01 12:30:24.670585,25.65999984741211,85973.46875,16.16015625,0.647599995136261
2023-06-01 12:30:25.669186,25.65999984741211,85973.625,16.16015625,0.647599995136261
2023-06-01 12:30:26.671295,25.65999984741211,85973.4375,16.1728515625,0.8095000386238098
2023-06-01 12:30:27.671954,25.65999984741211,85973.1015625,16.16015625,0.7285500168800354
2023-06-01 12:30:28.671621,25.65999984741211,85973.65625,16.1611328125,0.647599995136261
2023-06-01 12:30:29.673392,25.649999618530273,85970.75,16.16015625,0.48570001125335693
2023-06-01 12:30:30.674534,25.65999984741211,85975.453125,16.16015625,0.647599995136261
2023-06-01 12:30:31.675410,25.65999984741211,85974.296875,16.1484375,0.647599995136261
2023-06-01 12:30:32.677040,25.65999984741211,85974.265625,16.16015625,1.0523500442504883
2023-06-01 12:30:33.679953,25.65999984741211,85974.09375,16.16015625,1.3761500120162964
2023-06-01 12:30:34.677345,25.65999984741211,85977.421875,16.16015625,1.9428000450134277
2023-06-01 12:30:35.678884,25.65999984741211,85977.140625,16.1611328125,2.023750066757202
2023-06-01 12:30:36.679361,25.65999984741211,85976.515625,16.1611328125,1.780900001525879
2023-06-01 12:30:37.680320,25.670000076293945,85976.8984375,16.1611328125,1.295199990272522
2023-06-01 12:30:38.680950,25.65999984741211,85976.984375,16.1611328125,1.0523500442504883
2023-06-01 12:30:39.689066,25.65999984741211,85977.0078125,16.1728515625,0.8095000386238098
2023-06-01 12:30:40.682285,25.65999984741211,85978.140625,16.1728515625,0.647599995136261
2023-06-01 12:30:41.686776,25.65999984741211,85975.453125,16.1728515625,0.48570001125335693
2023-06-01 12:30:42.683848,25.649999618530273,85971.21875,16.18359375,0.3237999975681305
2023-06-01 12:30:43.689478,25.649999618530273,85973.8203125,16.1953125,0.3237999975681305
2023-06-01 12:30:44.692524,25.65999984741211,85975.484375,16.2197265625,0.16189999878406525
2023-06-01 12:30:45.687669,25.65999984741211,85974.484375,16.1962890625,0.24285000562667847
2023-06-01 12:30:46.688549,25.65999984741211,85973.984375,16.1962890625,0.5666499733924866
2023-06-01 12:30:47.691477,25.649999618530273,85973.2109375,16.1953125,0.8904500007629395
2023-06-01 12:30:48.690188,25.649999618530273,85972.578125,16.2197265625,0.9714000225067139
2023-06-01 12:30:49.690872,25.649999618530273,85971.3828125,16.2314453125,0.9714000225067139
2023-06-01 12:30:50.692814,25.639999389648438,85971.296875,16.2314453125,0.8904500007629395
2023-06-01 12:30:51.691952,25.649999618530273,85971.328125,16.2314453125,1.3761500120162964
2023-06-01 12:30:52.693574,25.639999389648438,85973.265625,16.2314453125,1.295199990272522
2023-06-01 12:30:53.693901,25.639999389648438,85974.171875,16.2421875,1.0523500442504883
2023-06-01 12:30:54.695105,25.6299991607666,85973.421875,16.27734375,0.8904500007629395
2023-06-01 12:30:55.698165,25.6200008392334,85971.5078125,16.2900390625,0.8904500007629395
2023-06-01 12:30:56.696605,25.6200008392334,85973.03125,16.3134765625,0.7285500168800354
2023-06-01 12:30:57.698322,25.6299991607666,85973.59375,16.3251953125,0.5666499733924866
2023-06-01 12:30:58.698776,25.6299991607666,85974.0078125,16.3251953125,0.4047500193119049
2023-06-01 12:30:59.700173,25.6299991607666,85974.8125,16.3251953125,0.4047500193119049
2023-06-01 12:31:00.702748,25.639999389648438,85972.546875,16.326171875,0.4047500193119049
2023-06-01 12:31:01.701752,25.639999389648438,85974.421875,16.314453125,0.4047500193119049
2023-06-01 12:31:02.704085,25.639999389648438,85971.7109375,16.326171875,0.16189999878406525
2023-06-01 12:31:03.703037,25.639999389648438,85972.734375,16.326171875,0.08094999939203262
2023-06-01 12:31:04.704071,25.639999389648438,85972.90625,16.326171875,0.24285000562667847
2023-06-01 12:31:05.704986,25.649999618530273,85976.640625,16.326171875,0.48570001125335693
2023-06-01 12:31:06.335187,0.0,0.0,0.0,0.0
2023-06-01 12:31:06.704951,25.639999389648438,85974.2578125,16.337890625,0.8904500007629395
2023-06-01 12:31:07.706344,25.639999389648438,85974.203125,16.314453125,0.8904500007629395
2023-06-01 12:31:08.707561,25.6299991607666,85972.984375,16.3251953125,0.9714000225067139
2023-06-01 12:31:09.709058,25.639999389648438,85971.875,16.314453125,1.0523500442504883
2023-06-01 12:31:10.710333,25.6299991607666,85973.1796875,16.3369140625,0.8095000386238098
2023-06-01 12:31:11.713082,25.6200008392334,85973.890625,16.3486328125,0.7285500168800354
2023-06-01 12:31:12.713671,25.6200008392334,85973.0625,16.3486328125,0.7285500168800354
2023-06-01 12:31:13.712256,25.6299991607666,85973.1796875,16.349609375,0.7285500168800354
2023-06-01 12:31:14.719389,25.6299991607666,85973.59375,16.3486328125,0.8095000386238098
2023-06-01 12:31:15.713880,25.6200008392334,85974.3359375,16.3603515625,1.0523500442504883
2023-06-01 12:31:16.718212,25.6200008392334,85972.8671875,16.373046875,0.9714000225067139
2023-06-01 12:31:17.717100,25.6200008392334,85975.1953125,16.3603515625,0.9714000225067139
2023-06-01 12:31:18.717240,25.6200008392334,85975.859375,16.384765625,0.9714000225067139
2023-06-01 12:31:19.719596,25.6200008392334,85976.546875,16.408203125,1.0523500442504883
2023-06-01 12:31:20.719358,25.6200008392334,85974.859375,16.396484375,0.9714000225067139
2023-06-01 12:31:21.719616,25.6299991607666,85974.75,16.408203125,0.9714000225067139
2023-06-01 12:31:22.720794,25.6299991607666,85974.28125,16.408203125,0.7285500168800354
2023-06-01 12:31:23.724147,25.6200008392334,85974.6953125,16.419921875,0.9714000225067139
2023-06-01 12:31:24.728420,25.6200008392334,85978.515625,16.431640625,0.8904500007629395
2023-06-01 12:31:25.723395,25.610000610351562,85976.765625,16.443359375,0.647599995136261
2023-06-01 12:31:26.726301,25.6200008392334,85976.1640625,16.4560546875,0.8095000386238098
2023-06-01 12:31:27.727283,25.610000610351562,85975.140625,16.443359375,0.9714000225067139
2023-06-01 12:31:28.725450,25.610000610351562,85976.4375,16.443359375,1.3761500120162964
2023-06-01 12:31:29.731326,25.610000610351562,85974.578125,16.443359375,1.3761500120162964
2023-06-01 12:31:30.729906,25.610000610351562,85973.390625,16.431640625,1.295199990272522
2023-06-01 12:31:31.728372,25.610000610351562,85975.609375,16.431640625,1.3761500120162964
2023-06-01 12:31:32.728844,25.610000610351562,85974.25,16.443359375,1.2142499685287476
2023-06-01 12:31:33.730300,25.600000381469727,85972.671875,16.431640625,1.1332999467849731
2023-06-01 12:31:34.730538,25.59000015258789,85974.90625,16.4189453125,0.9714000225067139
2023-06-01 12:31:35.731883,25.59000015258789,85973.9140625,16.4189453125,0.7285500168800354
2023-06-01 12:31:36.733111,25.600000381469727,85970.8125,16.4189453125,0.7285500168800354
2023-06-01 12:31:37.733446,25.600000381469727,85975.0234375,16.443359375,0.7285500168800354
2023-06-01 12:31:38.734737,25.600000381469727,85973.8046875,16.466796875,0.9714000225067139
2023-06-01 12:31:39.735151,25.600000381469727,85974.03125,16.466796875,1.1332999467849731
2023-06-01 12:31:40.739145,25.610000610351562,85975.21875,16.431640625,1.2142499685287476
2023-06-01 12:31:41.738226,25.610000610351562,85976.546875,16.408203125,0.9714000225067139
2023-06-01 12:31:42.738149,25.59000015258789,85977.84375,16.4072265625,0.647599995136261
2023-06-01 12:31:43.738381,25.59000015258789,85975.3515625,16.3720703125,0.4047500193119049
2023-06-01 12:31:44.739791,25.59000015258789,85973.9921875,16.3837890625,0.7285500168800354
2023-06-01 12:31:45.740140,25.59000015258789,85971.859375,16.3720703125,0.647599995136261
2023-06-01 12:31:46.741389,25.59000015258789,85974.2421875,16.3720703125,0.4047500193119049
2023-06-01 12:31:47.748141,25.59000015258789,85975.015625,16.359375,0.24285000562667847
2023-06-01 12:31:48.744085,25.579999923706055,85972.609375,16.359375,0.48570001125335693
2023-06-01 12:31:49.746056,25.59000015258789,85971.46875,16.3837890625,1.3761500120162964
2023-06-01 12:31:50.746180,25.59000015258789,85972.6328125,16.3720703125,1.2142499685287476
2023-06-01 12:31:51.747340,25.579999923706055,85973.2421875,16.359375,0.9714000225067139
2023-06-01 12:31:52.747959,25.579999923706055,85973.734375,16.34765625,0.8095000386238098
2023-06-01 12:31:53.749345,25.579999923706055,85975.234375,16.359375,0.7285500168800354
2023-06-01 12:31:54.749073,25.579999923706055,85975.703125,16.359375,0.5666499733924866
2023-06-01 12:31:55.750897,25.579999923706055,85976.203125,16.34765625,0.3237999975681305
2023-06-01 12:31:56.751178,25.56999969482422,85975.3125,16.3349609375,0.16189999878406525
2023-06-01 12:31:57.752416,25.559999465942383,85968.359375,16.3349609375,0.16189999878406525
2023-06-01 12:31:58.756182,25.559999465942383,85971.3515625,16.3349609375,0.24285000562667847
2023-06-01 12:31:59.754482,25.559999465942383,85972.484375,16.3349609375,0.3237999975681305
2023-06-01 12:32:00.757367,25.549999237060547,85972.265625,16.3349609375,0.16189999878406525
2023-06-01 12:32:01.763910,25.559999465942383,85972.125,16.3349609375,0.24285000562667847
2023-06-01 12:32:02.760958,25.559999465942383,85972.65625,16.3349609375,0.24285000562667847
2023-06-01 12:32:03.761966,25.559999465942383,85974.78125,16.3349609375,0.16189999878406525
2023-06-01 12:32:04.760210,25.549999237060547,85972.4296875,16.3349609375,0.08094999939203262
2023-06-01 12:32:05.759700,25.559999465942383,85974.3125,16.3349609375,0.0
2023-06-01 12:32:06.761205,25.559999465942383,85976.671875,16.3349609375,0.16189999878406525
2023-06-01 12:32:07.762863,25.559999465942383,85975.96875,16.3349609375,0.3237999975681305
2023-06-01 12:32:08.765711,25.56999969482422,85975.7265625,16.3349609375,0.3237999975681305
2023-06-01 12:32:09.762506,25.56999969482422,85977.21875,16.3349609375,0.3237999975681305
2023-06-01 12:32:10.766024,25.559999465942383,85975.0,16.3232421875,0.24285000562667847
2023-06-01 12:32:11.764332,25.559999465942383,85975.53125,16.3232421875,0.48570001125335693
2023-06-01 12:32:12.766619,25.559999465942383,85974.34375,16.3232421875,0.5666499733924866
2023-06-01 12:32:13.769092,25.559999465942383,85972.984375,16.3232421875,0.8904500007629395
2023-06-01 12:32:14.770053,25.559999465942383,85974.171875,16.3115234375,0.8095000386238098
2023-06-01 12:32:15.774833,25.559999465942383,85974.0078125,16.2998046875,1.2142499685287476
2023-06-01 12:32:16.769377,25.559999465942383,85974.375,16.2998046875,1.6190000772476196
2023-06-01 12:32:17.770759,25.559999465942383,85972.2109375,16.2998046875,1.699950098991394
2023-06-01 12:32:18.771308,25.56999969482422,85973.9296875,16.3115234375,1.5380500555038452
2023-06-01 12:32:19.772586,25.56999969482422,85972.296875,16.3232421875,1.2142499685287476
2023-06-01 12:32:20.772271,25.559999465942383,85971.7109375,16.3232421875,0.7285500168800354
2023-06-01 12:32:21.773612,25.56999969482422,85975.234375,16.2998046875,0.647599995136261
2023-06-01 12:32:22.777169,25.56999969482422,85971.078125,16.2998046875,0.4047500193119049
2023-06-01 12:32:23.774886,25.56999969482422,85972.4375,16.2880859375,0.5666499733924866
2023-06-01 12:32:24.776824,25.56999969482422,85972.078125,16.275390625,0.647599995136261
2023-06-01 12:32:25.776555,25.56999969482422,85972.9375,16.275390625,0.48570001125335693
2023-06-01 12:32:26.778009,25.56999969482422,85972.40625,16.275390625,0.5666499733924866
2023-06-01 12:32:27.781317,25.56999969482422,85975.2890625,16.2880859375,0.647599995136261
2023-06-01 12:32:28.781044,25.56999969482422,85973.796875,16.263671875,0.7285500168800354
2023-06-01 12:32:29.781845,25.56999969482422,85974.7890625,16.263671875,0.7285500168800354
2023-06-01 12:32:30.783538,25.56999969482422,85975.0625,16.251953125,0.8095000386238098
2023-06-01 12:32:31.783160,25.559999465942383,85972.875,16.240234375,1.0523500442504883
2023-06-01 12:32:32.786353,25.559999465942383,85973.046875,16.251953125,0.8904500007629395
2023-06-01 12:32:33.784722,25.559999465942383,85972.875,16.251953125,0.8095000386238098
2023-06-01 12:32:34.788840,25.559999465942383,85970.15625,16.251953125,0.647599995136261
2023-06-01 12:32:35.786759,25.559999465942383,85972.34375,16.251953125,0.48570001125335693
2023-06-01 12:32:36.791116,25.559999465942383,85971.7109375,16.251953125,0.5666499733924866
2023-06-01 12:32:37.788259,25.56999969482422,85971.796875,16.251953125,0.5666499733924866
2023-06-01 12:32:38.789607,25.56999969482422,85978.078125,16.263671875,0.48570001125335693
2023-06-01 12:32:39.790550,25.56999969482422,85974.234375,16.240234375,0.4047500193119049
2023-06-01 12:32:40.791146,25.559999465942383,85972.1875,16.228515625,0.48570001125335693
2023-06-01 12:32:41.792386,25.559999465942383,85973.3125,16.228515625,0.48570001125335693
2023-06-01 12:32:42.792810,25.559999465942383,85973.6484375,16.240234375,0.4047500193119049
2023-06-01 12:32:43.794069,25.559999465942383,85973.953125,16.240234375,0.4047500193119049
2023-06-01 12:32:44.795600,25.559999465942383,85974.5078125,16.228515625,0.4047500193119049
2023-06-01 12:32:45.797280,25.56999969482422,85972.40625,16.216796875,0.24285000562667847
2023-06-01 12:32:46.795906,25.56999969482422,85973.5703125,16.228515625,0.08094999939203262
2023-06-01 12:32:47.800918,25.56999969482422,85974.0625,16.216796875,0.0
2023-06-01 12:32:48.798839,25.559999465942383,85974.5390625,16.216796875,0.0
2023-06-01 12:32:49.798770,25.559999465942383,85976.359375,16.216796875,0.0
2023-06-01 12:32:50.799311,25.56999969482422,85977.578125,16.228515625,0.0
2023-06-01 12:32:51.801773,25.56999969482422,85975.390625,16.228515625,0.0
2023-06-01 12:32:52.801124,25.56999969482422,85974.921875,16.228515625,0.08094999939203262
2023-06-01 12:32:53.802369,25.56999969482422,85973.234375,16.216796875,0.08094999939203262
2023-06-01 12:32:54.803642,25.56999969482422,85977.25,16.228515625,0.08094999939203262
2023-06-01 12:32:55.803672,25.56999969482422,85973.765625,16.240234375,0.08094999939203262
2023-06-01 12:32:56.805115,25.56999969482422,85973.984375,16.240234375,0.0
2023-06-01 12:32:57.808535,25.579999923706055,85977.53125,16.228515625,0.0
2023-06-01 12:32:58.806713,25.579999923706055,85976.7578125,16.2529296875,0.0
2023-06-01 12:32:59.807037,25.579999923706055,85974.046875,16.240234375,0.08094999939203262
2023-06-01 12:33:00.808295,25.579999923706055,85975.84375,16.228515625,0.0
2023-06-01 12:33:01.808874,25.579999923706055,85977.3671875,16.228515625,0.0
2023-06-01 12:33:02.812920,25.579999923706055,85977.3671875,16.216796875,0.08094999939203262
2023-06-01 12:33:03.810501,25.579999923706055,85976.703125,16.205078125,0.0
2023-06-01 12:33:04.811673,25.579999923706055,85975.1796875,16.216796875,0.24285000562667847
2023-06-01 12:33:05.813143,25.579999923706055,85976.671875,16.216796875,0.4047500193119049
2023-06-01 12:33:06.814632,25.579999923706055,85976.0390625,16.216796875,0.647599995136261
2023-06-01 12:33:07.818072,25.56999969482422,85978.640625,16.228515625,1.1332999467849731
2023-06-01 12:33:08.816033,25.56999969482422,85974.921875,16.228515625,1.1332999467849731
2023-06-01 12:33:09.818900,25.56999969482422,85976.890625,16.240234375,1.1332999467849731
2023-06-01 12:33:10.817868,25.56999969482422,85976.140625,16.251953125,0.9714000225067139
2023-06-01 12:33:11.819532,25.56999969482422,85978.4453125,16.251953125,1.1332999467849731
2023-06-01 12:33:12.819632,25.56999969482422,85976.640625,16.251953125,0.8904500007629395
2023-06-01 12:33:13.821344,25.56999969482422,85978.640625,16.228515625,0.9714000225067139
2023-06-01 12:33:14.821628,25.579999923706055,85977.0,16.228515625,0.8904500007629395
2023-06-01 12:33:15.822838,25.579999923706055,85978.5859375,16.2294921875,0.8095000386238098
2023-06-01 12:33:16.823143,25.579999923706055,85977.859375,16.228515625,0.7285500168800354
2023-06-01 12:33:17.826070,25.56999969482422,85974.296875,16.240234375,0.647599995136261
2023-06-01 12:33:18.824373,25.579999923706055,85976.0078125,16.228515625,0.8095000386238098
2023-06-01 12:33:19.825705,25.56999969482422,85978.8046875,16.240234375,0.8904500007629395
2023-06-01 12:33:20.827570,25.579999923706055,85977.203125,16.240234375,0.8095000386238098
2023-06-01 12:33:21.832058,25.579999923706055,85977.3671875,16.251953125,0.5666499733924866
2023-06-01 12:33:22.831792,25.56999969482422,85977.8125,16.2646484375,0.3237999975681305
2023-06-01 12:33:23.832292,25.579999923706055,85977.5,16.2646484375,0.3237999975681305
2023-06-01 12:33:24.833600,25.579999923706055,85977.171875,16.2646484375,0.3237999975681305
2023-06-01 12:33:25.833637,25.56999969482422,85976.9765625,16.2646484375,0.3237999975681305
2023-06-01 12:33:26.832755,25.56999969482422,85977.28125,16.2880859375,0.24285000562667847
2023-06-01 12:33:27.832779,25.56999969482422,85976.75,16.275390625,0.16189999878406525
2023-06-01 12:33:28.834767,25.56999969482422,85976.421875,16.275390625,0.0
2023-06-01 12:33:29.834304,25.56999969482422,85976.421875,16.275390625,0.0
2023-06-01 12:33:30.836243,25.559999465942383,85974.671875,16.275390625,0.0
2023-06-01 12:33:31.835889,25.559999465942383,85975.671875,16.275390625,0.0
2023-06-01 12:33:32.837308,25.559999465942383,85976.203125,16.2880859375,0.0
2023-06-01 12:33:33.838640,25.56999969482422,85975.390625,16.275390625,0.0
2023-06-01 12:33:34.838919,25.56999969482422,85976.390625,16.275390625,0.08094999939203262
2023-06-01 12:33:35.840317,25.559999465942383,85976.53125,16.263671875,0.0
2023-06-01 12:33:36.840649,25.559999465942383,85974.703125,16.263671875,0.08094999939203262
2023-06-01 12:33:37.842003,25.559999465942383,85976.28125,16.287109375,0.08094999939203262
2023-06-01 12:33:38.842423,25.559999465942383,85975.4765625,16.287109375,0.08094999939203262
2023-06-01 12:33:39.843504,25.559999465942383,85973.34375,16.2880859375,0.16189999878406525
2023-06-01 12:33:40.844178,25.559999465942383,85976.03125,16.2880859375,0.3237999975681305
2023-06-01 12:33:41.849187,25.559999465942383,85973.984375,16.287109375,0.48570001125335693
2023-06-01 12:33:42.846064,25.559999465942383,85976.3359375,16.2880859375,0.24285000562667847
2023-06-01 12:33:43.846924,25.559999465942383,85976.140625,16.298828125,0.24285000562667847
2023-06-01 12:33:44.848778,25.559999465942383,85976.140625,16.298828125,0.08094999939203262
2023-06-01 12:33:45.849888,25.56999969482422,85977.421875,16.3115234375,0.08094999939203262
2023-06-01 12:33:46.856020,25.56999969482422,85973.265625,16.3115234375,0.0
2023-06-01 12:33:47.853150,25.56999969482422,85978.109375,16.2998046875,0.0
2023-06-01 12:33:48.856352,25.56999969482422,85975.984375,16.2880859375,0.0
2023-06-01 12:33:49.856877,25.579999923706055,85979.1640625,16.2998046875,0.08094999939203262
2023-06-01 12:33:50.857599,25.579999923706055,85973.875,16.2998046875,0.16189999878406525
2023-06-01 12:33:51.855689,25.579999923706055,85977.59375,16.2998046875,0.08094999939203262
2023-06-01 12:33:52.863929,25.59000015258789,85976.125,16.2890625,0.0
2023-06-01 12:33:53.857006,25.59000015258789,85977.3125,16.30078125,0.08094999939203262
2023-06-01 12:33:54.858491,25.579999923706055,85978.921875,16.2880859375,0.24285000562667847
2023-06-01 12:33:55.859950,25.59000015258789,85974.796875,16.30078125,0.7285500168800354
2023-06-01 12:33:56.861105,25.59000015258789,85974.796875,16.30078125,1.2142499685287476
2023-06-01 12:33:57.860142,25.59000015258789,85977.6171875,16.3125,1.1332999467849731
2023-06-01 12:33:58.861662,25.59000015258789,85977.3125,16.3125,0.8095000386238098
2023-06-01 12:33:59.865381,25.59000015258789,85978.0625,16.30078125,0.5666499733924866
2023-06-01 12:34:00.863184,25.600000381469727,85979.75,16.30078125,0.4047500193119049
2023-06-01 12:34:01.865492,25.600000381469727,85978.59375,16.2890625,0.24285000562667847
2023-06-01 12:34:02.866749,25.610000610351562,85979.8671875,16.2890625,0.24285000562667847
2023-06-01 12:34:03.867642,25.600000381469727,85978.015625,16.2890625,0.08094999939203262
2023-06-01 12:34:04.866354,25.600000381469727,85974.828125,16.2890625,0.0
2023-06-01 12:34:05.871731,25.600000381469727,85977.3203125,16.3125,0.0
2023-06-01 12:34:06.871491,25.600000381469727,85979.671875,16.3359375,0.08094999939203262
2023-06-01 12:34:07.869793,25.600000381469727,85980.171875,16.3359375,0.0
2023-06-01 12:34:08.871991,25.600000381469727,85976.984375,16.3486328125,0.08094999939203262
2023-06-01 12:34:09.871378,25.610000610351562,85978.234375,16.3603515625,0.0
2023-06-01 12:34:10.871399,25.610000610351562,85978.0703125,16.3603515625,0.0
2023-06-01 12:34:11.875317,25.610000610351562,85977.2109375,16.3720703125,0.16189999878406525
2023-06-01 12:34:12.874184,25.610000610351562,85976.9375,16.3603515625,0.16189999878406525
2023-06-01 12:34:13.881878,25.610000610351562,85979.125,16.373046875,0.3237999975681305
2023-06-01 12:34:14.877479,25.610000610351562,85978.59375,16.3837890625,0.5666499733924866
2023-06-01 12:34:15.877637,25.610000610351562,85976.7421875,16.419921875,0.647599995136261
2023-06-01 12:34:16.877142,25.610000610351562,85976.1328125,16.4677734375,0.647599995136261
2023-06-01 12:34:17.883034,25.6200008392334,85979.15625,16.4677734375,0.48570001125335693
2023-06-01 12:34:18.878773,25.6200008392334,85978.1875,16.4677734375,0.3237999975681305
2023-06-01 12:34:19.879193,25.6200008392334,85978.046875,16.431640625,0.08094999939203262
2023-06-01 12:34:20.880671,25.6200008392334,85977.828125,16.3603515625,0.08094999939203262
2023-06-01 12:34:21.887569,25.6200008392334,85976.1875,16.3486328125,0.08094999939203262
2023-06-01 12:34:22.884620,25.6200008392334,85974.203125,16.3251953125,0.0
2023-06-01 12:34:23.883967,25.6299991607666,85975.46875,16.3369140625,0.16189999878406525
2023-06-01 12:34:24.885321,25.6299991607666,85976.25,16.3369140625,0.4047500193119049
2023-06-01 12:34:25.888756,25.6299991607666,85975.421875,16.3369140625,0.647599995136261
2023-06-01 12:34:26.886992,25.6299991607666,85975.609375,16.349609375,0.7285500168800354
2023-06-01 12:34:27.889059,25.6200008392334,85975.859375,16.3134765625,0.9714000225067139
2023-06-01 12:34:28.888015,25.6200008392334,85977.328125,16.3017578125,1.2142499685287476
2023-06-01 12:34:29.889838,25.6299991607666,85977.578125,16.2900390625,1.0523500442504883
2023-06-01 12:34:30.890284,25.610000610351562,85974.109375,16.27734375,0.7285500168800354
2023-06-01 12:34:31.891416,25.610000610351562,85975.7734375,16.27734375,0.647599995136261
2023-06-01 12:34:32.891774,25.610000610351562,85976.96875,16.265625,0.647599995136261
2023-06-01 12:34:33.895060,25.6200008392334,85977.1875,16.27734375,0.48570001125335693
2023-06-01 12:34:34.894107,25.6299991607666,85978.2421875,16.265625,0.7285500168800354
2023-06-01 12:34:35.894908,25.6299991607666,85978.796875,16.2783203125,0.7285500168800354
2023-06-01 12:34:36.894894,25.6299991607666,85980.296875,16.2783203125,0.5666499733924866
2023-06-01 12:34:37.902807,25.639999389648438,85981.6796875,16.2783203125,0.3237999975681305
2023-06-01 12:34:38.898584,25.639999389648438,85979.015625,16.2783203125,0.3237999975681305
2023-06-01 12:34:39.901923,25.6299991607666,85977.4375,16.2666015625,0.3237999975681305
2023-06-01 12:34:40.899993,25.6299991607666,85978.4375,16.2666015625,0.16189999878406525
2023-06-01 12:34:41.899807,25.6299991607666,85976.828125,16.2900390625,0.0
2023-06-01 12:34:42.901401,25.6299991607666,85976.8046875,16.2900390625,0.0
2023-06-01 12:34:43.901459,25.6299991607666,85979.484375,16.2900390625,0.0
2023-06-01 12:34:44.905667,25.6299991607666,85978.1640625,16.2900390625,0.0
2023-06-01 12:34:45.902961,25.6299991607666,85978.578125,16.25390625,0.0
2023-06-01 12:34:46.905977,25.6299991607666,85978.90625,16.2421875,0.0
2023-06-01 12:34:47.905085,25.6299991607666,85977.109375,16.23046875,0.0
2023-06-01 12:34:48.906043,25.6299991607666,85978.109375,16.23046875,0.0
2023-06-01 12:34:49.906351,25.6299991607666,85978.90625,16.23046875,0.0
2023-06-01 12:34:50.907595,25.6299991607666,85977.578125,16.2421875,0.0
2023-06-01 12:34:51.909362,25.6299991607666,85977.9375,16.25390625,0.0
2023-06-01 12:34:52.909450,25.6299991607666,85978.46875,16.2783203125,0.0
2023-06-01 12:34:53.910705,25.6299991607666,85975.640625,16.2900390625,0.08094999939203262
2023-06-01 12:34:54.911036,25.6299991607666,85976.109375,16.2783203125,0.08094999939203262
2023-06-01 12:34:55.912537,25.6299991607666,85976.609375,16.2783203125,0.0
2023-06-01 12:34:56.915305,25.6299991607666,85977.3046875,16.3017578125,0.0
2023-06-01 12:34:57.915827,25.6299991607666,85977.2734375,16.3134765625,0.0
2023-06-01 12:34:58.914296,25.6299991607666,85976.3046875,16.3369140625,0.08094999939203262
2023-06-01 12:34:59.915715,25.6299991607666,85977.3046875,16.3369140625,0.0
2023-06-01 12:35:00.915892,25.6299991607666,85978.109375,16.3251953125,0.0
2023-06-01 12:35:01.917384,25.6299991607666,85977.078125,16.3369140625,0.0
2023-06-01 12:35:02.918717,25.6200008392334,85975.390625,16.3369140625,0.0
2023-06-01 12:35:03.923078,25.6200008392334,85978.8203125,16.3369140625,0.0
2023-06-01 12:35:04.921892,25.610000610351562,85977.625,16.3251953125,0.0
2023-06-01 12:35:05.921809,25.610000610351562,85978.625,16.3251953125,0.0
2023-06-01 12:35:06.923361,25.610000610351562,85977.40625,16.3251953125,0.0
2023-06-01 12:35:07.924529,25.610000610351562,85979.296875,16.3251953125,0.0
2023-06-01 12:35:08.924896,25.6200008392334,85979.6484375,16.3251953125,0.0
2023-06-01 12:35:09.927253,25.610000610351562,85978.734375,16.3125,0.0
2023-06-01 12:35:10.928823,25.610000610351562,85973.8125,16.3134765625,0.0
2023-06-01 12:35:11.926889,25.1299991607666,85906.421875,16.3310546875,0.08094999939203262
2023-06-01 12:35:12.930062,25.25,85923.921875,16.3232421875,0.0
2023-06-01 12:35:13.932026,25.6200008392334,85978.21875,16.2900390625,0.08094999939203262
2023-06-01 12:35:14.929808,25.6200008392334,85974.5,16.2900390625,0.3237999975681305
2023-06-01 12:35:15.930124,25.6200008392334,85976.546875,16.27734375,0.48570001125335693
2023-06-01 12:35:16.931483,25.6299991607666,85976.578125,16.27734375,0.48570001125335693
2023-06-01 12:35:17.932812,25.6299991607666,85978.109375,16.2666015625,0.3237999975681305
2023-06-01 12:35:18.933109,25.549999237060547,85966.53125,16.2744140625,0.24285000562667847
2023-06-01 12:35:19.934709,25.3799991607666,85943.515625,16.26953125,0.16189999878406525
2023-06-01 12:35:20.935184,25.6299991607666,85977.3046875,16.2666015625,0.16189999878406525
2023-06-01 12:35:21.936365,25.6299991607666,85977.6640625,16.25390625,0.16189999878406525
2023-06-01 12:35:22.937639,25.6299991607666,85978.109375,16.25390625,0.3237999975681305
2023-06-01 12:35:23.937737,25.639999389648438,85979.015625,16.2548828125,0.7285500168800354
2023-06-01 12:35:24.940033,25.6299991607666,85977.6640625,16.2783203125,0.8904500007629395
2023-06-01 12:35:25.940942,25.639999389648438,85976.421875,16.2666015625,0.7285500168800354
2023-06-01 12:35:26.939633,25.639999389648438,85978.3828125,16.2666015625,0.48570001125335693
2023-06-01 12:35:27.941212,25.6299991607666,85977.1640625,16.2783203125,0.3237999975681305
2023-06-01 12:35:28.941787,25.639999389648438,85975.0625,16.2900390625,0.24285000562667847
2023-06-01 12:35:29.942996,25.639999389648438,85977.28125,16.291015625,0.08094999939203262
2023-06-01 12:35:30.945263,25.579999923706055,85969.421875,16.2763671875,0.0
2023-06-01 12:35:31.945267,25.65999984741211,85978.640625,16.279296875,0.0
2023-06-01 12:35:32.946236,25.65999984741211,85978.0859375,16.291015625,0.0
2023-06-01 12:35:33.946344,25.65999984741211,85980.3046875,16.267578125,0.08094999939203262
2023-06-01 12:35:34.947497,25.65999984741211,85979.9453125,16.2548828125,0.0
2023-06-01 12:35:35.948211,25.65999984741211,85978.5,16.244140625,0.0
2023-06-01 12:35:36.949602,25.670000076293945,85975.375,16.232421875,0.0
2023-06-01 12:35:37.950376,25.360000610351562,85936.671875,16.232421875,0.0
2023-06-01 12:35:38.952422,25.299999237060547,85926.6875,16.2431640625,0.0
2023-06-01 12:35:39.951526,25.559999465942383,85963.734375,16.216796875,0.08094999939203262
2023-06-01 12:35:40.956087,25.670000076293945,85977.890625,16.208984375,0.5666499733924866
2023-06-01 12:35:41.957213,25.670000076293945,85979.03125,16.1962890625,0.647599995136261
2023-06-01 12:35:42.960957,25.65999984741211,85976.84375,16.1962890625,0.5666499733924866
2023-06-01 12:35:43.959081,25.65999984741211,85978.96875,16.1962890625,0.9714000225067139
2023-06-01 12:35:44.961789,25.65999984741211,85978.96875,16.1962890625,1.6190000772476196
2023-06-01 12:35:45.961250,25.649999618530273,85975.703125,16.1953125,1.5380500555038452
2023-06-01 12:35:46.971903,25.65999984741211,85974.4375,16.1962890625,1.6190000772476196
2023-06-01 12:35:47.971625,25.65999984741211,85978.609375,16.2314453125,1.295199990272522
2023-06-01 12:35:48.966477,25.43000030517578,85944.28125,16.248046875,0.9714000225067139
2023-06-01 12:35:49.962347,25.40999984741211,85940.734375,16.2470703125,1.1332999467849731
2023-06-01 12:35:50.962690,25.670000076293945,85975.546875,16.232421875,0.9714000225067139
2023-06-01 12:35:51.969011,25.65999984741211,85979.0,16.232421875,1.295199990272522
2023-06-01 12:35:52.965538,25.65999984741211,85979.28125,16.2197265625,1.2142499685287476
2023-06-01 12:35:53.966044,25.420000076293945,85941.265625,16.2470703125,1.295199990272522
2023-06-01 12:35:54.968331,25.649999618530273,85976.734375,16.2548828125,1.780900001525879
2023-06-01 12:35:55.967547,25.649999618530273,85973.484375,16.2548828125,2.1047000885009766
2023-06-01 12:35:56.968717,25.450000762939453,85949.6328125,16.2626953125,2.1047000885009766
2023-06-01 12:35:57.973167,25.579999923706055,85966.875,16.2646484375,2.185650110244751
2023-06-01 12:35:58.972676,25.649999618530273,85977.7265625,16.2666015625,2.185650110244751
2023-06-01 12:35:59.973359,25.649999618530273,85978.671875,16.291015625,2.1047000885009766
2023-06-01 12:36:00.973763,25.639999389648438,85978.71875,16.314453125,1.6190000772476196
2023-06-01 12:36:01.972318,25.639999389648438,85975.703125,16.3017578125,1.4571000337600708
2023-06-01 12:36:02.973336,25.6299991607666,85977.328125,16.349609375,1.1332999467849731
2023-06-01 12:36:03.975593,25.639999389648438,85979.375,16.337890625,1.0523500442504883
2023-06-01 12:36:04.977057,25.350000381469727,85935.3125,16.3388671875,0.8904500007629395
2023-06-01 12:36:05.975362,25.649999618530273,85977.171875,16.314453125,0.647599995136261
2023-06-01 12:36:06.976978,25.649999618530273,85980.359375,16.302734375,0.48570001125335693
2023-06-01 12:36:07.977232,25.649999618530273,85978.171875,16.302734375,0.3237999975681305
2023-06-01 12:36:08.985165,25.649999618530273,85974.984375,16.291015625,0.0
2023-06-01 12:36:09.979293,25.43000030517578,85948.4375,16.294921875,0.24285000562667847
2023-06-01 12:36:10.980253,25.579999923706055,85966.90625,16.2998046875,0.24285000562667847
2023-06-01 12:36:11.981569,25.299999237060547,85928.8125,16.3017578125,0.4047500193119049
2023-06-01 12:36:12.981394,25.290000915527344,85924.90625,16.3134765625,0.3237999975681305
2023-06-01 12:36:13.985006,25.65999984741211,85978.9453125,16.279296875,0.4047500193119049
2023-06-01 12:36:14.983023,25.65999984741211,85979.171875,16.291015625,0.48570001125335693
2023-06-01 12:36:15.985124,25.670000076293945,85976.5390625,16.279296875,0.647599995136261
2023-06-01 12:36:16.985909,25.670000076293945,85979.6953125,16.267578125,0.48570001125335693
2023-06-01 12:36:17.989852,25.65999984741211,85981.328125,16.279296875,0.48570001125335693
2023-06-01 12:36:18.989174,25.670000076293945,85977.703125,16.279296875,0.5666499733924866
2023-06-01 12:36:19.987674,25.65999984741211,85976.484375,16.255859375,0.48570001125335693
2023-06-01 12:36:20.992415,25.649999618530273,85974.40625,16.2314453125,0.48570001125335693
2023-06-01 12:36:21.991640,25.649999618530273,85976.84375,16.2314453125,0.4047500193119049
2023-06-01 12:36:22.992075,25.649999618530273,85977.03125,16.2314453125,0.3237999975681305
2023-06-01 12:36:23.992653,25.649999618530273,85977.171875,16.2314453125,0.4047500193119049
2023-06-01 12:36:24.994530,25.65999984741211,85978.28125,16.2314453125,0.16189999878406525
2023-06-01 12:36:25.993960,25.65999984741211,85979.0,16.244140625,0.0
2023-06-01 12:36:26.996167,25.65999984741211,85979.3359375,16.2548828125,0.08094999939203262
2023-06-01 12:36:27.999234,25.65999984741211,85979.171875,16.267578125,0.4047500193119049
2023-06-01 12:36:28.997093,25.65999984741211,85979.28125,16.2431640625,0.3237999975681305
2023-06-01 12:36:29.997420,25.65999984741211,85977.484375,16.255859375,0.16189999878406525
2023-06-01 12:36:30.998998,25.65999984741211,85979.421875,16.326171875,0.0
2023-06-01 12:36:31.999079,25.65999984741211,85976.015625,16.3271484375,0.16189999878406525
2023-06-01 12:36:33.003362,25.65999984741211,85976.1796875,16.302734375,0.3237999975681305
2023-06-01 12:36:34.001173,25.670000076293945,85978.8671875,16.291015625,0.3237999975681305
2023-06-01 12:36:35.002143,25.670000076293945,85976.5703125,16.267578125,0.3237999975681305
2023-06-01 12:36:36.005921,25.670000076293945,85980.5625,16.232421875,0.4047500193119049
2023-06-01 12:36:37.004735,25.65999984741211,85981.578125,16.2314453125,0.647599995136261
2023-06-01 12:36:38.005714,25.670000076293945,85981.390625,16.232421875,0.8904500007629395
2023-06-01 12:36:39.007773,25.670000076293945,85979.0625,16.232421875,0.8904500007629395
2023-06-01 12:36:40.006990,25.670000076293945,85979.2265625,16.232421875,0.7285500168800354
2023-06-01 12:36:41.006819,25.65999984741211,85980.140625,16.2197265625,0.5666499733924866
2023-06-01 12:36:41.025822,0.0,0.0,0.0,0.0
2023-06-01 12:36:42.009989,25.65999984741211,85981.078125,16.2080078125,0.48570001125335693
2023-06-01 12:36:43.008364,25.639999389648438,85980.4375,16.1953125,0.3237999975681305
2023-06-01 12:36:44.009793,25.65999984741211,85980.25,16.1845703125,0.3237999975681305
2023-06-01 12:36:45.011333,25.65999984741211,85979.5,16.2080078125,0.4047500193119049
2023-06-01 12:36:46.010981,25.670000076293945,85982.359375,16.2080078125,0.8904500007629395
2023-06-01 12:36:47.011386,25.670000076293945,85982.21875,16.232421875,0.647599995136261
2023-06-01 12:36:48.012584,25.670000076293945,85980.21875,16.244140625,0.4047500193119049
2023-06-01 12:36:49.015573,25.670000076293945,85982.8828125,16.244140625,0.3237999975681305
2023-06-01 12:36:50.016679,25.65999984741211,85982.328125,16.232421875,0.24285000562667847
2023-06-01 12:36:51.018955,25.65999984741211,85978.96875,16.232421875,0.3237999975681305
2023-06-01 12:36:52.015543,25.65999984741211,85980.46875,16.2197265625,0.4047500193119049
2023-06-01 12:36:53.016694,25.65999984741211,85978.25,16.2080078125,0.5666499733924866
2023-06-01 12:36:54.017472,25.649999618530273,85979.359375,16.2197265625,0.48570001125335693
2023-06-01 12:36:55.020344,25.649999618530273,85977.8359375,16.2314453125,0.3237999975681305
2023-06-01 12:36:56.018627,25.649999618530273,85979.6328125,16.2314453125,0.24285000562667847
2023-06-01 12:36:57.019801,25.639999389648438,85977.0859375,16.2548828125,0.5666499733924866
2023-06-01 12:36:58.022876,25.649999618530273,85977.3359375,16.2548828125,0.8095000386238098
2023-06-01 12:36:59.025111,25.65999984741211,85977.1171875,16.267578125,0.7285500168800354
2023-06-01 12:37:00.024867,25.65999984741211,85977.25,16.2548828125,0.8095000386238098
2023-06-01 12:37:01.026197,25.649999618530273,85979.1875,16.2431640625,0.8904500007629395
2023-06-01 12:37:02.026811,25.65999984741211,85978.453125,16.2431640625,0.9714000225067139
2023-06-01 12:37:03.025518,25.65999984741211,85979.3125,16.244140625,0.8904500007629395
2023-06-01 12:37:04.028374,25.65999984741211,85975.125,16.2431640625,0.9714000225067139
2023-06-01 12:37:05.026982,25.670000076293945,85979.203125,16.255859375,1.0523500442504883
2023-06-01 12:37:06.028248,25.670000076293945,85978.703125,16.255859375,1.2142499685287476
2023-06-01 12:37:07.028599,25.65999984741211,85979.96875,16.279296875,1.1332999467849731
2023-06-01 12:37:08.030649,25.65999984741211,85976.84375,16.279296875,0.8904500007629395
2023-06-01 12:37:09.033812,25.649999618530273,85979.1640625,16.2666015625,0.8904500007629395
2023-06-01 12:37:10.031154,25.649999618530273,85975.8125,16.2666015625,0.7285500168800354
2023-06-01 12:37:11.031653,25.649999618530273,85976.84375,16.314453125,0.7285500168800354
2023-06-01 12:37:12.032985,25.649999618530273,85979.328125,16.302734375,0.48570001125335693
2023-06-01 12:37:13.033126,25.639999389648438,85979.375,16.302734375,0.3237999975681305
2023-06-01 12:37:14.034383,25.639999389648438,85979.875,16.2900390625,0.3237999975681305
2023-06-01 12:37:15.035470,25.639999389648438,85980.40625,16.326171875,0.08094999939203262
2023-06-01 12:37:16.036944,25.639999389648438,85973.5390625,16.314453125,0.3237999975681305
2023-06-01 12:37:17.038827,25.639999389648438,85975.921875,16.314453125,0.647599995136261
2023-06-01 12:37:18.039921,25.639999389648438,85975.2578125,16.326171875,0.647599995136261
2023-06-01 12:37:19.038727,25.639999389648438,85978.0546875,16.337890625,0.8904500007629395
2023-06-01 12:37:20.038678,25.639999389648438,85978.3828125,16.314453125,0.7285500168800354
2023-06-01 12:37:21.040213,25.639999389648438,85975.7265625,16.314453125,0.5666499733924866
2023-06-01 12:37:22.041519,25.639999389648438,85976.359375,16.314453125,0.3237999975681305
2023-06-01 12:37:23.049775,25.639999389648438,85976.6953125,16.314453125,0.24285000562667847
2023-06-01 12:37:24.044732,25.639999389648438,85979.046875,16.314453125,0.08094999939203262
2023-06-01 12:37:25.043217,25.639999389648438,85978.578125,16.302734375,0.16189999878406525
2023-06-01 12:37:26.043349,25.639999389648438,85976.859375,16.3017578125,0.3237999975681305
2023-06-01 12:37:27.044814,25.639999389648438,85979.4375,16.291015625,0.48570001125335693
2023-06-01 12:37:28.045743,25.639999389648438,85978.078125,16.291015625,0.48570001125335693
2023-06-01 12:37:29.046242,25.639999389648438,85977.421875,16.291015625,0.8904500007629395
2023-06-01 12:37:30.047917,25.639999389648438,85980.4375,16.2783203125,1.1332999467849731
2023-06-01 12:37:31.051199,25.649999618530273,85979.1328125,16.2783203125,1.1332999467849731
2023-06-01 12:37:32.049198,25.649999618530273,85977.640625,16.2783203125,0.8904500007629395
2023-06-01 12:37:33.049698,25.649999618530273,85977.359375,16.302734375,0.7285500168800354
2023-06-01 12:37:34.052610,25.65999984741211,85978.921875,16.302734375,0.5666499733924866
2023-06-01 12:37:35.051096,25.649999618530273,85974.1796875,16.2548828125,0.647599995136261
2023-06-01 12:37:36.052052,25.649999618530273,85980.546875,16.291015625,1.1332999467849731
2023-06-01 12:37:37.052384,25.649999618530273,85978.859375,16.2783203125,1.3761500120162964
2023-06-01 12:37:38.053959,25.649999618530273,85976.234375,16.2548828125,1.1332999467849731
2023-06-01 12:37:39.054751,25.649999618530273,85975.5625,16.2197265625,1.0523500442504883
2023-06-01 12:37:40.056252,25.649999618530273,85976.734375,16.2080078125,0.8904500007629395
2023-06-01 12:37:41.062295,25.649999618530273,85977.703125,16.2080078125,0.7285500168800354
2023-06-01 12:37:42.059180,25.649999618530273,85975.84375,16.1953125,0.48570001125335693
2023-06-01 12:37:43.065113,25.649999618530273,85977.46875,16.171875,0.4047500193119049
2023-06-01 12:37:44.062502,25.649999618530273,85976.734375,16.18359375,0.7285500168800354
2023-06-01 12:37:45.063443,25.649999618530273,85978.0,16.1953125,1.6190000772476196
2023-06-01 12:37:46.061971,25.649999618530273,85976.890625,16.18359375,1.3761500120162964
2023-06-01 12:37:47.063720,25.649999618530273,85976.8671875,16.171875,1.1332999467849731
2023-06-01 12:37:48.062238,25.649999618530273,85978.5,16.1953125,1.0523500442504883
2023-06-01 12:37:49.063477,25.649999618530273,85975.1484375,16.1953125,0.8095000386238098
2023-06-01 12:37:50.064270,25.649999618530273,85973.515625,16.1953125,0.647599995136261
2023-06-01 12:37:51.064970,25.649999618530273,85976.390625,16.2314453125,0.647599995136261
2023-06-01 12:37:52.067382,25.65999984741211,85976.2578125,16.267578125,0.4047500193119049
2023-06-01 12:37:53.068720,25.65999984741211,85975.453125,16.291015625,0.3237999975681305
2023-06-01 12:37:54.070376,25.65999984741211,85980.828125,16.279296875,0.16189999878406525
2023-06-01 12:37:55.067654,25.65999984741211,85976.15625,16.291015625,0.08094999939203262
2023-06-01 12:37:56.071492,25.670000076293945,85978.203125,16.291015625,0.08094999939203262
2023-06-01 12:37:57.072509,25.670000076293945,85978.0625,16.3037109375,0.08094999939203262
2023-06-01 12:37:58.071365,25.670000076293945,85978.7578125,16.279296875,0.08094999939203262
2023-06-01 12:37:59.072804,25.670000076293945,85979.203125,16.267578125,0.16189999878406525
2023-06-01 12:38:00.072845,25.670000076293945,85976.59375,16.244140625,0.16189999878406525
2023-06-01 12:38:01.074453,25.670000076293945,85976.8984375,16.208984375,0.08094999939203262
2023-06-01 12:38:02.073943,25.670000076293945,85978.390625,16.208984375,0.08094999939203262
2023-06-01 12:38:03.073826,25.670000076293945,85980.21875,16.1962890625,0.0
2023-06-01 12:38:04.075024,25.670000076293945,85980.3125,16.1962890625,0.0
2023-06-01 12:38:05.075610,25.670000076293945,85980.0859375,16.1845703125,0.0
2023-06-01 12:38:06.071395,25.670000076293945,0.0,0.0,0.0
2023-06-01 12:38:06.077435,0.0,0.0,0.0,0.0
2023-06-01 12:38:06.085407,0.0,0.0,0.0,0.0
2023-06-01 12:38:07.078012,25.670000076293945,85979.640625,16.267578125,0.0
2023-06-01 12:38:08.078300,25.68000030517578,85979.84375,16.3037109375,0.08094999939203262
2023-06-01 12:38:09.082036,25.68000030517578,85976.7109375,16.3271484375,0.3237999975681305
2023-06-01 12:38:10.082474,25.68000030517578,85980.53125,16.244140625,1.1332999467849731
2023-06-01 12:38:11.080697,25.68000030517578,85979.34375,16.220703125,1.3761500120162964
2023-06-01 12:38:12.082641,25.68000030517578,85980.3671875,16.220703125,1.1332999467849731
2023-06-01 12:38:13.082493,25.68000030517578,85981.0,16.1962890625,1.2142499685287476
2023-06-01 12:38:14.082871,25.68000030517578,85976.375,16.208984375,1.3761500120162964
2023-06-01 12:38:15.088115,25.68000030517578,85977.6796875,16.1611328125,1.4571000337600708
2023-06-01 12:38:16.090967,25.68000030517578,85979.34375,16.1494140625,1.2142499685287476
2023-06-01 12:38:17.085557,25.670000076293945,85979.4765625,16.1259765625,1.0523500442504883
2023-06-01 12:38:18.091577,25.68000030517578,85978.203125,16.1376953125,1.1332999467849731
2023-06-01 12:38:19.089780,25.670000076293945,85978.640625,16.1728515625,0.9714000225067139
2023-06-01 12:38:20.090976,25.670000076293945,85977.3203125,16.1728515625,0.7285500168800354
2023-06-01 12:38:21.091240,25.68000030517578,85977.015625,16.1376953125,0.647599995136261
2023-06-01 12:38:22.095793,25.68000030517578,85978.5390625,16.1376953125,0.5666499733924866
2023-06-01 12:38:23.094424,25.670000076293945,85976.984375,16.1376953125,0.5666499733924866
2023-06-01 12:38:24.092175,25.670000076293945,85977.984375,16.1376953125,0.48570001125335693
2023-06-01 12:38:25.092324,25.68000030517578,85977.6796875,16.1611328125,0.24285000562667847
2023-06-01 12:38:26.093374,25.68000030517578,85976.375,16.1962890625,0.24285000562667847
2023-06-01 12:38:27.095637,25.670000076293945,85980.25,16.1962890625,0.24285000562667847
2023-06-01 12:38:28.094858,25.68000030517578,85978.34375,16.232421875,0.3237999975681305
2023-06-01 12:38:29.096585,25.68000030517578,85977.84375,16.244140625,0.4047500193119049
2023-06-01 12:38:30.098704,25.670000076293945,85978.8125,16.220703125,0.48570001125335693
2023-06-01 12:38:31.096834,25.68000030517578,85978.5625,16.185546875,0.5666499733924866
2023-06-01 12:38:32.099475,25.68000030517578,85978.734375,16.1728515625,0.8095000386238098
2023-06-01 12:38:33.099297,25.68000030517578,85978.5390625,16.1494140625,0.9714000225067139
2023-06-01 12:38:34.100535,25.68000030517578,85976.40625,16.1376953125,1.3761500120162964
2023-06-01 12:38:35.100889,25.68000030517578,85978.5625,16.1376953125,1.6190000772476196
2023-06-01 12:38:36.102085,25.68000030517578,85979.09375,16.1494140625,1.8618501424789429
2023-06-01 12:38:37.103366,25.68000030517578,85978.765625,16.1376953125,1.5380500555038452
2023-06-01 12:38:38.104103,25.68000030517578,85979.390625,16.1494140625,1.295199990272522
2023-06-01 12:38:39.103687,25.690000534057617,85981.140625,16.162109375,1.295199990272522
2023-06-01 12:38:40.106038,25.690000534057617,85977.4609375,16.1611328125,1.295199990272522
2023-06-01 12:38:41.105261,25.690000534057617,85978.953125,16.1611328125,1.295199990272522
2023-06-01 12:38:42.105473,25.68000030517578,85976.6015625,16.1611328125,1.295199990272522
2023-06-01 12:38:43.108445,25.68000030517578,85976.1015625,16.1494140625,1.2142499685287476
2023-06-01 12:38:44.107026,25.690000534057617,85980.78125,16.1376953125,1.2142499685287476
2023-06-01 12:38:45.108849,25.690000534057617,85979.3125,16.1259765625,1.0523500442504883
2023-06-01 12:38:46.109699,25.690000534057617,85976.71875,16.126953125,1.1332999467849731
2023-06-01 12:38:47.113060,25.690000534057617,85978.1875,16.1259765625,1.1332999467849731
2023-06-01 12:38:48.111095,25.700000762939453,85976.7734375,16.126953125,0.9714000225067139
2023-06-01 12:38:49.111232,25.700000762939453,85978.734375,16.150390625,1.1332999467849731
2023-06-01 12:38:50.112588,25.700000762939453,85979.265625,16.150390625,1.1332999467849731
2023-06-01 12:38:51.113228,25.690000534057617,85976.6875,16.1259765625,1.1332999467849731
2023-06-01 12:38:52.114774,25.700000762939453,85980.0625,16.126953125,1.295199990272522
2023-06-01 12:38:53.114512,25.690000534057617,85978.015625,16.1259765625,1.0523500442504883
2023-06-01 12:38:54.116218,25.690000534057617,85976.546875,16.1142578125,0.8904500007629395
2023-06-01 12:38:55.115949,25.690000534057617,85976.3828125,16.1142578125,0.8095000386238098
2023-06-01 12:38:56.118246,25.700000762939453,85979.8984375,16.1142578125,0.48570001125335693
2023-06-01 12:38:57.118736,25.700000762939453,85980.734375,16.150390625,0.4047500193119049
2023-06-01 12:38:58.119876,25.700000762939453,85979.484375,16.1142578125,0.3237999975681305
2023-06-01 12:38:59.122931,25.700000762939453,85978.15625,16.0908203125,0.24285000562667847
2023-06-01 12:39:00.123460,25.709999084472656,85982.671875,16.1025390625,0.16189999878406525
2023-06-01 12:39:01.122533,25.709999084472656,85978.3828125,16.126953125,0.647599995136261
2023-06-01 12:39:02.122703,25.709999084472656,85977.859375,16.138671875,0.9714000225067139
2023-06-01 12:39:03.125567,25.709999084472656,85976.53125,16.1025390625,0.9714000225067139
2023-06-01 12:39:04.124261,25.709999084472656,85979.546875,16.103515625,0.7285500168800354
2023-06-01 12:39:05.127045,25.709999084472656,85979.046875,16.091796875,0.647599995136261
2023-06-01 12:39:06.125835,25.709999084472656,85978.046875,16.0791015625,0.7285500168800354
2023-06-01 12:39:07.127132,25.719999313354492,85980.328125,16.080078125,0.4047500193119049
2023-06-01 12:39:08.127609,25.709999084472656,85977.9375,16.0673828125,0.4047500193119049
2023-06-01 12:39:09.128986,25.709999084472656,85981.625,16.115234375,0.24285000562667847
2023-06-01 12:39:10.129037,25.709999084472656,85979.796875,16.1513671875,0.16189999878406525
2023-06-01 12:39:11.130204,25.719999313354492,85980.828125,16.115234375,0.0
2023-06-01 12:39:12.132972,25.709999084472656,85978.46875,16.091796875,0.0
2023-06-01 12:39:13.131936,25.719999313354492,85982.515625,16.080078125,0.0
2023-06-01 12:39:14.135011,25.709999084472656,85977.8828125,16.0791015625,0.0
2023-06-01 12:39:15.133542,25.700000762939453,85978.078125,16.0673828125,0.0
2023-06-01 12:39:16.134615,25.700000762939453,85979.265625,16.0908203125,0.0
2023-06-01 12:39:17.134719,25.700000762939453,85977.96875,16.1025390625,0.0
2023-06-01 12:39:18.137391,25.709999084472656,85977.71875,16.103515625,0.08094999939203262
2023-06-01 12:39:19.136568,25.709999084472656,85978.1875,16.1025390625,0.0
2023-06-01 12:39:20.140056,25.709999084472656,85981.046875,16.150390625,0.0
2023-06-01 12:39:21.138006,25.709999084472656,85978.8515625,16.150390625,0.0
2023-06-01 12:39:22.141818,25.709999084472656,85980.2109375,16.150390625,0.0
2023-06-01 12:39:22.607533,0.0,0.0,0.0,0.0
2023-06-01 12:39:23.139620,25.700000762939453,85979.328125,16.138671875,0.0
2023-06-01 12:39:24.144446,25.700000762939453,85977.828125,16.138671875,0.0
2023-06-01 12:39:25.148544,25.700000762939453,85979.125,16.126953125,0.08094999939203262
2023-06-01 12:39:26.144246,25.700000762939453,85977.828125,16.1142578125,0.0
2023-06-01 12:39:27.148225,25.709999084472656,85976.359375,16.126953125,0.0
2023-06-01 12:39:28.144582,25.709999084472656,85981.203125,16.162109375,0.08094999939203262
2023-06-01 12:39:29.145248,25.709999084472656,85977.3828125,16.150390625,0.24285000562667847
2023-06-01 12:39:30.147895,25.709999084472656,85978.515625,16.138671875,0.16189999878406525
2023-06-01 12:39:31.146958,25.709999084472656,85978.046875,16.1025390625,0.0
2023-06-01 12:39:32.148183,25.700000762939453,85977.1640625,16.0791015625,0.08094999939203262
2023-06-01 12:39:33.153481,25.709999084472656,85976.359375,16.0439453125,0.08094999939203262
2023-06-01 12:39:34.148645,25.700000762939453,85978.125,16.0078125,0.9714000225067139
2023-06-01 12:39:35.150651,25.709999084472656,85979.015625,16.0078125,1.295199990272522
2023-06-01 12:39:36.154596,25.709999084472656,85977.0546875,16.0205078125,1.4571000337600708
2023-06-01 12:39:37.152719,25.709999084472656,85978.21875,16.0087890625,1.2142499685287476
2023-06-01 12:39:38.154248,25.709999084472656,85976.6875,15.984375,1.0523500442504883
2023-06-01 12:39:39.154212,25.709999084472656,85979.875,15.99609375,0.7285500168800354
2023-06-01 12:39:40.155404,25.709999084472656,85978.875,15.99609375,0.5666499733924866
2023-06-01 12:39:41.155271,25.709999084472656,85977.71875,15.984375,0.3237999975681305
2023-06-01 12:39:42.158029,25.719999313354492,85979.1875,15.9970703125,0.3237999975681305
2023-06-01 12:39:43.157369,25.719999313354492,85979.359375,16.0322265625,0.4047500193119049
2023-06-01 12:39:44.160973,25.719999313354492,85977.0625,16.0205078125,0.48570001125335693
2023-06-01 12:39:45.158484,25.719999313354492,85979.1875,16.0087890625,0.4047500193119049
2023-06-01 12:39:46.162070,25.719999313354492,85978.75,15.9970703125,0.24285000562667847
2023-06-01 12:39:47.161923,25.729999542236328,85978.9375,15.9853515625,0.16189999878406525
2023-06-01 12:39:48.162884,25.729999542236328,85976.953125,15.9736328125,0.08094999939203262
2023-06-01 12:39:49.170777,25.729999542236328,85979.140625,15.9736328125,0.0
2023-06-01 12:39:50.163303,25.729999542236328,85979.46875,16.0087890625,0.08094999939203262
2023-06-01 12:39:51.166513,25.729999542236328,85980.1640625,15.9970703125,0.3237999975681305
2023-06-01 12:39:52.164449,25.729999542236328,85980.328125,15.9853515625,0.3237999975681305
2023-06-01 12:39:53.167188,25.739999771118164,85981.078125,15.9853515625,0.3237999975681305
2023-06-01 12:39:54.165871,25.739999771118164,85977.5625,15.9853515625,0.4047500193119049
2023-06-01 12:39:55.169847,25.739999771118164,85982.7421875,15.9853515625,0.3237999975681305
2023-06-01 12:39:56.167301,25.739999771118164,85980.578125,15.9853515625,0.16189999878406525
2023-06-01 12:39:57.169158,25.739999771118164,85980.109375,15.998046875,0.08094999939203262
2023-06-01 12:39:58.169198,25.739999771118164,85980.46875,16.009765625,0.0
2023-06-01 12:39:59.174041,25.739999771118164,85979.46875,15.998046875,0.0
2023-06-01 12:40:00.171331,25.75,85978.84375,15.986328125,0.08094999939203262
2023-06-01 12:40:01.172311,25.739999771118164,85979.8125,15.9736328125,0.08094999939203262
